PERSON_ID,PERSON_TYPE,CRASH_RECORD_ID,RD_NO_x,VEHICLE_ID,CRASH_DATE_x,CITY,STATE,ZIPCODE,SEX,AGE,SAFETY_EQUIPMENT,AIRBAG_DEPLOYED,EJECTION,INJURY_CLASSIFICATION,DRIVER_ACTION,DRIVER_VISION,PHYSICAL_CONDITION,BAC_RESULT,CRASH_YEAR_x,RD_NO_y,CRASH_DATE_y,POSTED_SPEED_LIMIT,TRAFFIC_CONTROL_DEVICE,DEVICE_CONDITION,WEATHER_CONDITION,LIGHTING_CONDITION,FIRST_CRASH_TYPE,TRAFFICWAY_TYPE,ALIGNMENT,ROADWAY_SURFACE_COND,ROAD_DEFECT,REPORT_TYPE,CRASH_TYPE,INTERSECTION_RELATED_I,HIT_AND_RUN_I,DAMAGE,DATE_POLICE_NOTIFIED,PRIM_CONTRIBUTORY_CAUSE,SEC_CONTRIBUTORY_CAUSE,STREET_NO,STREET_DIRECTION,STREET_NAME,BEAT_OF_OCCURRENCE,NUM_UNITS,MOST_SEVERE_INJURY,INJURIES_TOTAL,INJURIES_FATAL,INJURIES_INCAPACITATING,INJURIES_NON_INCAPACITATING,INJURIES_REPORTED_NOT_EVIDENT,INJURIES_NO_INDICATION,INJURIES_UNKNOWN,CRASH_HOUR,CRASH_DAY_OF_WEEK,CRASH_MONTH,LATITUDE,LONGITUDE,LOCATION,CRASH_YEAR_y,TIME
O1180321,DRIVER,70f41b9e582b155a10a5bbff2221226fdd4cedd3e597fc635d7dd69050a93e91f18b116105b0191188f6d5cf40504b78bc4df8fcc69cd9634aa6465b87249019,JE367832,1119790.0,09/09/2021 09:26:00 PM,CHICAGO,IL,60649,F,41.0,SAFETY BELT USED,DID NOT DEPLOY,NONE,NONINCAPACITATING INJURY,NONE,NOT OBSCURED,NORMAL,TEST NOT OFFERED,2021,JE367832,09/09/2021 09:26:00 PM,30,TRAFFIC SIGNAL,FUNCTIONING PROPERLY,CLEAR,"DARKNESS, LIGHTED ROAD",REAR END,Y-INTERSECTION,STRAIGHT AND LEVEL,DRY,NO DEFECTS,ON SCENE,INJURY AND / OR TOW DUE TO CRASH,Y,Y,"OVER $1,500",09/09/2021 11:30:00 PM,DISREGARDING TRAFFIC SIGNALS,IMPROPER LANE USAGE,7059,S,SOUTH SHORE DR,334.0,2,NONINCAPACITATING INJURY,1.0,0.0,0.0,1.0,0.0,2.0,0.0,21,5,9,41.766603022,-87.566323723,POINT (-87.566323722736 41.766603022169),2021,1286
O1255616,DRIVER,9ff81d6407427d675582bdf0202738ceadaad0c36c31e6d8a9849a98a9b93008d90d2db019c102665a1e877d9b3631b0c0b06b214c072fa063b980332cbde6cc,JE494466,1191871.0,12/31/2021 11:30:00 PM,CHICAGO,IL,60609,M,30.0,SAFETY BELT USED,"DEPLOYED, FRONT",NONE,NONINCAPACITATING INJURY,NONE,NOT OBSCURED,NORMAL,TEST NOT OFFERED,2021,JE494466,12/31/2021 11:30:00 PM,30,TRAFFIC SIGNAL,FUNCTIONING PROPERLY,RAIN,"DARKNESS, LIGHTED ROAD",TURNING,NOT DIVIDED,STRAIGHT AND LEVEL,WET,NO DEFECTS,ON SCENE,INJURY AND / OR TOW DUE TO CRASH,Y,Y,"OVER $1,500",01/01/2022 12:05:00 AM,UNABLE TO DETERMINE,NOT APPLICABLE,3000,S,ASHLAND AVE,912.0,2,NONINCAPACITATING INJURY,1.0,0.0,0.0,1.0,0.0,1.0,0.0,23,6,12,41.839299957,-87.665935242,POINT (-87.665935241919 41.839299957339),2021,1410
O1235067,DRIVER,e42c6f4b09027898c0c945bacce62b07a9b8da4aedc909b8b25df560084e6eb9e52f2a8b2c28daf758c2bea4165f75d0ebe342649c05692e6aa6139949aa27bc,JE458075,1172166.0,11/27/2021 06:30:00 AM,CHICAGO,IL,60629,F,25.0,SAFETY BELT USED,"DEPLOYED, COMBINATION",NONE,NONINCAPACITATING INJURY,UNKNOWN,UNKNOWN,UNKNOWN,TEST NOT OFFERED,2021,JE458075,11/27/2021 06:30:00 AM,35,TRAFFIC SIGNAL,FUNCTIONING PROPERLY,CLEAR,DAWN,ANGLE,FOUR WAY,STRAIGHT AND LEVEL,DRY,NO DEFECTS,ON SCENE,INJURY AND / OR TOW DUE TO CRASH,Y,Y,"OVER $1,500",11/27/2021 07:59:00 AM,UNABLE TO DETERMINE,UNABLE TO DETERMINE,5900,S,PULASKI RD,813.0,2,NONINCAPACITATING INJURY,1.0,0.0,0.0,1.0,0.0,1.0,0.0,6,7,11,41.785888494,-87.723106591,POINT (-87.72310659145 41.785888494434),2021,390
O1211721,DRIVER,3291bc41c5c4b4cab4abfc433c44c1c1a71087c82f96b222d7f186c2c9f23d5e96b6dfb04f53f19208fa70b35e5cce98d1226358a8dbf55230fbee0391ec0bd1,JE420485,1149755.0,10/24/2021 04:43:00 AM,CHICAGO,IL,60640,M,28.0,SAFETY BELT USED,DID NOT DEPLOY,NONE,NO INDICATION OF INJURY,NONE,NOT OBSCURED,NORMAL,TEST NOT OFFERED,2021,JE420485,10/24/2021 04:43:00 AM,30,TRAFFIC SIGNAL,FUNCTIONING PROPERLY,CLEAR,"DARKNESS, LIGHTED ROAD",REAR END,FOUR WAY,STRAIGHT AND LEVEL,DRY,NO DEFECTS,ON SCENE,NO INJURY / DRIVE AWAY,Y,Y,"OVER $1,500",10/24/2021 04:44:00 AM,UNABLE TO DETERMINE,UNABLE TO DETERMINE,1600,W,LAWRENCE AVE,2032.0,2,NO INDICATION OF INJURY,0.0,0.0,0.0,0.0,0.0,2.0,0.0,4,1,10,41.968987457,-87.66951630700001,POINT (-87.669516306549 41.968987456546),2021,283
O1027598,DRIVER,f361f7362d783dc327e5e6b7d2d9bc4bd942284391ad36aece0e148e902f8611e523c5e7bd64352280ce371c8d318f81dab8cd8914da3c08f7036e3de530c0a9,JE118233,973955.0,01/20/2021 03:20:00 PM,CHICAGO,IL,60636,M,52.0,SAFETY BELT USED,DID NOT DEPLOY,NONE,NO INDICATION OF INJURY,NONE,NOT OBSCURED,NORMAL,TEST NOT OFFERED,2021,JE118233,01/20/2021 03:20:00 PM,30,STOP SIGN/FLASHER,NO CONTROLS,CLOUDY/OVERCAST,DAYLIGHT,ANGLE,NOT DIVIDED,STRAIGHT AND LEVEL,WET,NO DEFECTS,ON SCENE,INJURY AND / OR TOW DUE TO CRASH,Y,N,"OVER $1,500",01/20/2021 03:24:00 PM,FAILING TO YIELD RIGHT-OF-WAY,DRIVING SKILLS/KNOWLEDGE/EXPERIENCE,5000,S,WESTERN AVE,923.0,3,NO INDICATION OF INJURY,0.0,0.0,0.0,0.0,0.0,4.0,0.0,15,4,1,41.802870817,-87.684416342,POINT (-87.684416341899 41.802870816721),2021,920
O1240331,DRIVER,54e482cbdc1d5e6b3f821bd88d71dbc8fe45599c4e28ff0972d4b560f8144250621ba0a394eb55f2bfdb110711bd942dcd1d530401150771f0dc8abd85775f13,JE467202,1177202.0,12/05/2021 06:18:00 PM,CHICAGO,IL,60613,F,26.0,SAFETY BELT USED,"DEPLOYED, FRONT",NONE,NONINCAPACITATING INJURY,NONE,NOT OBSCURED,NORMAL,TEST NOT OFFERED,2021,JE467202,12/05/2021 06:18:00 PM,30,STOP SIGN/FLASHER,FUNCTIONING PROPERLY,RAIN,"DARKNESS, LIGHTED ROAD",ANGLE,DIVIDED - W/MEDIAN (NOT RAISED),STRAIGHT AND LEVEL,WET,NO DEFECTS,ON SCENE,INJURY AND / OR TOW DUE TO CRASH,Y,Y,"OVER $1,500",12/05/2021 06:30:00 PM,FAILING TO YIELD RIGHT-OF-WAY,UNABLE TO DETERMINE,1718,W,MONTROSE AVE,1912.0,2,NONINCAPACITATING INJURY,1.0,0.0,0.0,1.0,0.0,1.0,0.0,18,1,12,41.961668327,-87.67167336,POINT (-87.67167335965 41.961668327078),2021,1098
O1096599,DRIVER,95efb9bf1f4ad9e4071c63c48c72dd9540f8f7a160460314bb13f46fa4a261f6da582d74de54734dc1950b5e07c6cd968e848f88e1ca5bd65fbc997339f49d00,JE232098,1040137.0,05/16/2021 03:30:00 PM,CHICAGO,IL,60644,M,37.0,SAFETY BELT USED,"DEPLOYED, COMBINATION",NONE,"REPORTED, NOT EVIDENT",UNKNOWN,NOT OBSCURED,NORMAL,TEST NOT OFFERED,2021,JE232098,05/16/2021 03:30:00 PM,30,NO CONTROLS,NO CONTROLS,CLEAR,DAYLIGHT,TURNING,DIVIDED - W/MEDIAN (NOT RAISED),STRAIGHT AND LEVEL,DRY,NO DEFECTS,NOT ON SCENE (DESK REPORT),INJURY AND / OR TOW DUE TO CRASH,Y,Y,"OVER $1,500",05/16/2021 04:10:00 PM,UNABLE TO DETERMINE,NOT APPLICABLE,300,N,LARAMIE AVE,1523.0,2,"REPORTED, NOT EVIDENT",1.0,0.0,0.0,0.0,1.0,1.0,0.0,15,1,5,41.885714288,-87.75540907799999,POINT (-87.755409077735 41.885714287582),2021,930
O1058179,DRIVER,1b91a15a96e0240652abb683d710f50ad033e847e1e54ec7318115a5779312b14ef59f9607753ae43c6849b668b0032ee62897f9084ffa618cefa81fb73074a7,JE168089,1003435.0,03/13/2021 04:50:00 PM,CHICAGO,IL,60624,M,36.0,USAGE UNKNOWN,DEPLOYMENT UNKNOWN,NONE,INCAPACITATING INJURY,NONE,UNKNOWN,UNKNOWN,TEST NOT OFFERED,2021,JE168089,03/13/2021 04:50:00 PM,30,STOP SIGN/FLASHER,FUNCTIONING PROPERLY,CLEAR,DAYLIGHT,ANGLE,FOUR WAY,STRAIGHT AND LEVEL,DRY,NO DEFECTS,ON SCENE,INJURY AND / OR TOW DUE TO CRASH,Y,Y,"OVER $1,500",03/13/2021 04:58:00 PM,FAILING TO YIELD RIGHT-OF-WAY,FAILING TO YIELD RIGHT-OF-WAY,700,S,SACRAMENTO BLVD,1134.0,3,INCAPACITATING INJURY,2.0,0.0,1.0,1.0,0.0,2.0,0.0,16,7,3,41.872778661999995,-87.701130146,POINT (-87.70113014552 41.872778661894),2021,1010
O1223245,DRIVER,548337920a00053f7120ae1a37c4904ba6178c6ffaceaabbd132a1b153de8c301674054f41d6a994852d80118fdc87293dca44cd6bee187bba117646d331e95e,JE438586,1160774.0,11/02/2021 10:35:00 AM,CHICAGO,IL,60643,F,54.0,SAFETY BELT USED,DID NOT DEPLOY,NONE,NO INDICATION OF INJURY,NONE,NOT OBSCURED,NORMAL,TEST NOT OFFERED,2021,JE438586,11/02/2021 10:35:00 AM,30,STOP SIGN/FLASHER,NO CONTROLS,UNKNOWN,DAYLIGHT,ANGLE,FOUR WAY,STRAIGHT ON GRADE,UNKNOWN,NO DEFECTS,NOT ON SCENE (DESK REPORT),NO INJURY / DRIVE AWAY,Y,Y,"$501 - $1,500",11/08/2021 06:30:00 PM,FAILING TO REDUCE SPEED TO AVOID CRASH,NOT APPLICABLE,10700,S,BELL AVE,2212.0,2,NO INDICATION OF INJURY,0.0,0.0,0.0,0.0,0.0,2.0,0.0,10,3,11,41.699031356,-87.677893001,POINT (-87.677893000813 41.699031355996),2021,635
O1031149,DRIVER,b4794dd7662978a31ada5b49643822317363136c132c9aad61a05d17ae34363d2a324bcb4fbcbdf2672ecd67081997c3d8269777eb3ef942b5d62f6add8bbedc,JE124895,977343.0,01/20/2021 03:00:00 PM,CHICAGO,IL,60632,F,28.0,USAGE UNKNOWN,DID NOT DEPLOY,NONE,NO INDICATION OF INJURY,UNKNOWN,UNKNOWN,NORMAL,TEST NOT OFFERED,2021,JE124895,01/20/2021 03:00:00 PM,30,UNKNOWN,UNKNOWN,UNKNOWN,UNKNOWN,ANGLE,DIVIDED - W/MEDIAN (NOT RAISED),STRAIGHT AND LEVEL,UNKNOWN,UNKNOWN,NOT ON SCENE (DESK REPORT),NO INJURY / DRIVE AWAY,Y,Y,"OVER $1,500",01/27/2021 05:00:00 PM,UNABLE TO DETERMINE,UNABLE TO DETERMINE,6298,S,CICERO AVE,813.0,2,NO INDICATION OF INJURY,0.0,0.0,0.0,0.0,0.0,2.0,0.0,15,4,1,41.778517924,-87.742442188,POINT (-87.742442188356 41.778517923571),2021,900
O1238061,DRIVER,e60a587b462d2de1119745b2d28d8b8ce213617e6c03a967d7bfc7c5932dc07101ef74699902c8b43561afe5296f748b20b598484214ebc18478519dbaebf989,JE463773,1175059.0,12/02/2021 01:12:00 PM,CHICAGO,IL,60623,M,71.0,USAGE UNKNOWN,DEPLOYMENT UNKNOWN,NONE,NO INDICATION OF INJURY,UNKNOWN,UNKNOWN,UNKNOWN,TEST NOT OFFERED,2021,JE463773,12/02/2021 01:12:00 PM,30,TRAFFIC SIGNAL,FUNCTIONING PROPERLY,CLEAR,DAYLIGHT,TURNING,NOT DIVIDED,STRAIGHT AND LEVEL,DRY,NO DEFECTS,NOT ON SCENE (DESK REPORT),NO INJURY / DRIVE AWAY,Y,N,"$501 - $1,500",12/02/2021 04:30:00 PM,UNABLE TO DETERMINE,UNABLE TO DETERMINE,4500,S,ASHLAND AVE,924.0,2,NO INDICATION OF INJURY,0.0,0.0,0.0,0.0,0.0,3.0,0.0,13,5,12,41.812130522,-87.66520825299999,POINT (-87.665208252918 41.812130521918),2021,792
O1060033,DRIVER,c6ea9b7a95c9b79ade1d6f038194c9163c8cfd51134d0ff10fe3ac0f57944517cc08d63aff80f9a14ff2c0fd9718a7004e7b3f369b28a128fb1a57397ce5868f,JE171635,1005244.0,03/17/2021 08:00:00 AM,DES PLAINES,IL,60016,F,47.0,SAFETY BELT USED,DID NOT DEPLOY,NONE,NO INDICATION OF INJURY,OTHER,NOT OBSCURED,NORMAL,TEST NOT OFFERED,2021,JE171635,03/17/2021 08:00:00 AM,30,TRAFFIC SIGNAL,FUNCTIONING PROPERLY,CLEAR,DAYLIGHT,TURNING,OTHER,STRAIGHT AND LEVEL,DRY,NO DEFECTS,NOT ON SCENE (DESK REPORT),NO INJURY / DRIVE AWAY,Y,Y,"OVER $1,500",03/17/2021 03:50:00 PM,FAILING TO YIELD RIGHT-OF-WAY,NOT APPLICABLE,3999,N,HARLEM AVE,1632.0,2,NO INDICATION OF INJURY,0.0,0.0,0.0,0.0,0.0,2.0,0.0,8,4,3,41.952698311999995,-87.807119299,POINT (-87.807119299265 41.952698311665),2021,480
O1247291,DRIVER,dd9363bf28836d3f33b44f1878dc7030005bcfb114bb260d13800f0faae631fd782f13e0b100848ccd2945445f983f04a1ca3c24468c6db1ce3fa120c84f6ef6,JE479561,1183861.0,12/16/2021 12:57:00 PM,CHICAGO,IL,60611,F,58.0,SAFETY BELT USED,DID NOT DEPLOY,NONE,NO INDICATION OF INJURY,NONE,NOT OBSCURED,NORMAL,TEST NOT OFFERED,2021,JE479561,12/16/2021 12:57:00 PM,30,TRAFFIC SIGNAL,NO CONTROLS,CLEAR,DAYLIGHT,REAR TO FRONT,NOT DIVIDED,STRAIGHT AND LEVEL,DRY,NO DEFECTS,NOT ON SCENE (DESK REPORT),NO INJURY / DRIVE AWAY,Y,Y,"OVER $1,500",12/16/2021 02:00:00 PM,FOLLOWING TOO CLOSELY,NOT APPLICABLE,375,N,MICHIGAN AVE,114.0,2,NO INDICATION OF INJURY,0.0,0.0,0.0,0.0,0.0,3.0,0.0,12,5,12,41.888556856,-87.624296587,POINT (-87.624296587438 41.888556856467),2021,777
O1210758,DRIVER,f03ff6546ff8651286aeec7a5a40298119ca41c6509bb42a07cad0b3287e270d0639e67b3fd4939818835e148578bb388be541169ef590c7d14653dbf7c256bf,JE418951,1148834.0,10/22/2021 05:25:00 PM,STREAMWOOD,IL,60107,M,31.0,SAFETY BELT USED,NOT APPLICABLE,NONE,NO INDICATION OF INJURY,NONE,NOT OBSCURED,NORMAL,TEST NOT OFFERED,2021,JE418951,10/22/2021 05:25:00 PM,35,TRAFFIC SIGNAL,FUNCTIONING PROPERLY,CLEAR,DAYLIGHT,TURNING,T-INTERSECTION,STRAIGHT AND LEVEL,DRY,NO DEFECTS,ON SCENE,NO INJURY / DRIVE AWAY,Y,Y,"OVER $1,500",10/22/2021 05:27:00 PM,IMPROPER TURNING/NO SIGNAL,DISREGARDING TRAFFIC SIGNALS,400,W,CHICAGO AVE,1823.0,2,NO INDICATION OF INJURY,0.0,0.0,0.0,0.0,0.0,4.0,0.0,17,6,10,41.896641228,-87.638688944,POINT (-87.638688943839 41.896641227783),2021,1045
O1165987,DRIVER,55e11756e55232dbbeb38dc135c5685e3d61f69c2e800e1494aad7d811076a54154b9bae210de3a0e1658052267b1735c60dc5bdb2b516db738969ad36d045dd,JE344262,1106055.0,08/20/2021 09:30:00 PM,CHICAGO,IL,60638,F,14.0,SAFETY BELT USED,NOT APPLICABLE,NONE,NO INDICATION OF INJURY,NONE,UNKNOWN,NORMAL,TEST NOT OFFERED,2021,JE344262,08/20/2021 09:30:00 PM,35,TRAFFIC SIGNAL,FUNCTIONING PROPERLY,CLEAR,DARKNESS,SIDESWIPE SAME DIRECTION,DIVIDED - W/MEDIAN (NOT RAISED),STRAIGHT AND LEVEL,DRY,NO DEFECTS,ON SCENE,NO INJURY / DRIVE AWAY,Y,Y,$500 OR LESS,08/20/2021 09:32:00 PM,IMPROPER LANE USAGE,IMPROPER OVERTAKING/PASSING,1,N,CENTRAL AVE,1522.0,2,NO INDICATION OF INJURY,0.0,0.0,0.0,0.0,0.0,3.0,0.0,21,6,8,41.880346579,-87.76471757799999,POINT (-87.764717577803 41.880346578511),2021,1290
O1111784,DRIVER,0d1cce94e72a01966c8032532624f566d09764415f9de87f7e961d0c1ee42fe61815eead512eac91e421a121a2e0466563f443db6b75e9ec534e69dead9d2339,JE256217,1054656.0,06/06/2021 07:00:00 PM,GRIFFITH,IN,46319,M,34.0,USAGE UNKNOWN,"DEPLOYED, FRONT",NONE,"REPORTED, NOT EVIDENT",NONE,UNKNOWN,NORMAL,TEST NOT OFFERED,2021,JE256217,06/06/2021 07:00:00 PM,35,TRAFFIC SIGNAL,FUNCTIONING PROPERLY,CLEAR,DAYLIGHT,ANGLE,FOUR WAY,STRAIGHT AND LEVEL,DRY,UNKNOWN,ON SCENE,INJURY AND / OR TOW DUE TO CRASH,Y,Y,"OVER $1,500",06/06/2021 07:13:00 PM,DISREGARDING TRAFFIC SIGNALS,NOT APPLICABLE,3500,S,LA SALLE ST,213.0,2,"REPORTED, NOT EVIDENT",2.0,0.0,0.0,0.0,2.0,1.0,0.0,19,1,6,41.830935095,-87.629975305,POINT (-87.629975304804 41.830935095228),2021,1140
O1132445,DRIVER,afe6c7e82b3bda043255c8f08ff37711b73dcdb34feb404ee1e16c101dfd8e2dac5c70aa2c067d02c404f12f50cd57f0c20c3410e820c41e86c8287e83c47aa1,JE289244,1074209.0,07/03/2021 11:49:00 PM,CHICAGO,IL,60643,M,35.0,SAFETY BELT USED,DID NOT DEPLOY,NONE,NO INDICATION OF INJURY,EMERGENCY VEHICLE ON CALL,NOT OBSCURED,NORMAL,TEST NOT OFFERED,2021,JE289244,07/03/2021 11:49:00 PM,30,NO CONTROLS,NO CONTROLS,CLEAR,"DARKNESS, LIGHTED ROAD",TURNING,ONE-WAY,STRAIGHT AND LEVEL,DRY,NO DEFECTS,NOT ON SCENE (DESK REPORT),INJURY AND / OR TOW DUE TO CRASH,N,Y,"OVER $1,500",07/03/2021 11:49:00 PM,"OPERATING VEHICLE IN ERRATIC, RECKLESS, CARELESS, NEGLIGENT OR AGGRESSIVE MANNER",FAILING TO YIELD RIGHT-OF-WAY,8714,S,EGGLESTON AVE,2223.0,2,NO INDICATION OF INJURY,0.0,0.0,0.0,0.0,0.0,8.0,0.0,23,7,7,41.735461201,-87.635234144,POINT (-87.635234144099 41.735461200957),2021,1429
O1032338,DRIVER,adf7c48383e872768894bd3162a4e37a307e8ac433515fe36305e854e5e3fe1a2cf1508a88b1e13f984c5fa48fd565d1d2c1a0fc0e9cee163d1f5de70563fbba,JE126872,978503.0,01/29/2021 04:10:00 PM,CHCIAGO,IL,60626,F,69.0,SAFETY BELT USED,DID NOT DEPLOY,NONE,NO INDICATION OF INJURY,NONE,NOT OBSCURED,NORMAL,TEST NOT OFFERED,2021,JE126872,01/29/2021 04:10:00 PM,30,TRAFFIC SIGNAL,FUNCTIONING PROPERLY,CLEAR,DAYLIGHT,TURNING,FOUR WAY,STRAIGHT AND LEVEL,DRY,NO DEFECTS,ON SCENE,NO INJURY / DRIVE AWAY,Y,Y,"OVER $1,500",01/29/2021 05:28:00 PM,UNABLE TO DETERMINE,NOT APPLICABLE,2358,W,VAN BUREN ST,1225.0,2,NO INDICATION OF INJURY,0.0,0.0,0.0,0.0,0.0,3.0,0.0,16,6,1,41.876198079,-87.68615535299999,POINT (-87.686155352745 41.876198079481),2021,970
O1254844,DRIVER,d3accda38e6e653844fec0aeaca60e7565b7d7ca351d69a5b5c9552ad82f5394d53f56851c6539092e711aff1b7d5daef712ed32eea10710e2f481e3b68044c5,JE493011,1191132.0,12/30/2021 02:20:00 PM,CHICAGO,IL,60632,M,40.0,SAFETY BELT USED,DID NOT DEPLOY,NONE,NO INDICATION OF INJURY,FAILED TO YIELD,NOT OBSCURED,NORMAL,TEST NOT OFFERED,2021,JE493011,12/30/2021 02:20:00 PM,30,NO CONTROLS,NO CONTROLS,CLEAR,DAYLIGHT,TURNING,NOT DIVIDED,STRAIGHT AND LEVEL,DRY,NO DEFECTS,NOT ON SCENE (DESK REPORT),NO INJURY / DRIVE AWAY,Y,N,"OVER $1,500",12/30/2021 02:50:00 PM,FAILING TO REDUCE SPEED TO AVOID CRASH,DRIVING SKILLS/KNOWLEDGE/EXPERIENCE,6200,S,SACRAMENTO AVE,823.0,2,NO INDICATION OF INJURY,0.0,0.0,0.0,0.0,0.0,2.0,0.0,14,5,12,41.780770943,-87.69846094399999,POINT (-87.698460944225 41.780770943394),2021,860
O1231145,DRIVER,2ec310e1b9a3a5c53993b4d6195822eaf13511432437d73c2ddc49a72e667e61b0caa9cfd643c04cf671ceb5efd942103d4217684dc9d93e20743c265307c5a0,JE451864,1168362.0,11/20/2021 07:30:00 PM,CHICAGO,IL,60637,M,53.0,SAFETY BELT USED,DID NOT DEPLOY,NONE,NO INDICATION OF INJURY,NONE,NOT OBSCURED,NORMAL,TEST NOT OFFERED,2021,JE451864,11/20/2021 07:30:00 PM,30,TRAFFIC SIGNAL,FUNCTIONING PROPERLY,CLEAR,DARKNESS,REAR END,NOT DIVIDED,STRAIGHT AND LEVEL,DRY,NO DEFECTS,NOT ON SCENE (DESK REPORT),NO INJURY / DRIVE AWAY,Y,Y,"OVER $1,500",11/20/2021 08:30:00 PM,FOLLOWING TOO CLOSELY,FOLLOWING TOO CLOSELY,300,E,NORTH WATER ST,1834.0,2,NO INDICATION OF INJURY,0.0,0.0,0.0,0.0,0.0,2.0,0.0,19,7,11,41.889677537,-87.62035369600001,POINT (-87.620353696258 41.88967753734),2021,1170
O1210459,DRIVER,f11c32fb364778408f95b8198ea1ca55acc97ef47f6019a73559ee9ceb2114b4ffaabaf9f796c17d0125ba1b0cc3ae7fbf91f8c415f953a96cdd1a305f42a9ba,JE417324,1148530.0,10/20/2021 12:00:00 PM,HAZEL CREST,IL,60429,F,55.0,SAFETY BELT USED,NOT APPLICABLE,NONE,NO INDICATION OF INJURY,NONE,NOT OBSCURED,NORMAL,TEST NOT OFFERED,2021,JE417324,10/20/2021 12:00:00 PM,30,TRAFFIC SIGNAL,FUNCTIONING PROPERLY,CLEAR,DAYLIGHT,REAR END,DIVIDED - W/MEDIAN (NOT RAISED),STRAIGHT AND LEVEL,DRY,SHOULDER DEFECT,NOT ON SCENE (DESK REPORT),NO INJURY / DRIVE AWAY,Y,Y,"$501 - $1,500",10/20/2021 12:00:00 PM,UNABLE TO DETERMINE,UNABLE TO DETERMINE,10320,S,WENTWORTH AVE,512.0,2,NO INDICATION OF INJURY,0.0,0.0,0.0,0.0,0.0,2.0,0.0,12,4,10,41.706425116,-87.62840013700001,POINT (-87.628400136782 41.706425116191),2021,720
O1084087,DRIVER,e1a974a17878f479beb7bbe46351e417a583e8c8dc1a098b887b9ef56e80cce0fb6ebfa9d554171807e6f14838bbd98a269dbc0ddec32760db7ae92bc8f45bc6,JE212094,1028174.0,04/27/2021 06:17:00 PM,BURBANK,IL,60459,F,59.0,SAFETY BELT USED,DID NOT DEPLOY,NONE,NO INDICATION OF INJURY,NONE,NOT OBSCURED,NORMAL,TEST NOT OFFERED,2021,JE212094,04/27/2021 06:17:00 PM,30,NO CONTROLS,NO CONTROLS,CLEAR,DAYLIGHT,TURNING,DIVIDED - W/MEDIAN BARRIER,STRAIGHT AND LEVEL,DRY,NO DEFECTS,ON SCENE,NO INJURY / DRIVE AWAY,Y,Y,"$501 - $1,500",04/27/2021 06:40:00 PM,UNABLE TO DETERMINE,NOT APPLICABLE,1000,S,INDEPENDENCE BLVD,1133.0,2,NO INDICATION OF INJURY,0.0,0.0,0.0,0.0,0.0,2.0,0.0,18,3,4,41.868953661999996,-87.720356361,POINT (-87.720356361438 41.868953661743),2021,1097
O1187534,DRIVER,3b14cef22eba4e28e3c26ab79ae78a96031ab79277d09450f722a904919de2d0e4d31b5b0586d9667145db75c97883a1aba16ff549a56180dfb20e73d4f63f85,JE379751,1126660.0,09/19/2021 03:40:00 PM,CHICAGO,IL,60643,F,42.0,SAFETY BELT USED,NOT APPLICABLE,NONE,NO INDICATION OF INJURY,NONE,NOT OBSCURED,NORMAL,TEST NOT OFFERED,2021,JE379751,09/19/2021 03:40:00 PM,35,NO CONTROLS,NO CONTROLS,CLEAR,DAYLIGHT,REAR END,T-INTERSECTION,STRAIGHT AND LEVEL,DRY,NO DEFECTS,ON SCENE,NO INJURY / DRIVE AWAY,Y,Y,"OVER $1,500",09/19/2021 03:44:00 PM,FAILING TO REDUCE SPEED TO AVOID CRASH,FOLLOWING TOO CLOSELY,10700,S,MORGAN ST,2234.0,2,NO INDICATION OF INJURY,0.0,0.0,0.0,0.0,0.0,3.0,0.0,15,1,9,41.699543602,-87.64762610700001,POINT (-87.647626106943 41.69954360247),2021,940
O1211062,DRIVER,8aff9e9ba5e62834246560b2dbf79b944dff1b73f7980f6100f8b021266e3ae4164986dd95de3fe6e24f078ff0158870afb5ee4657eca9e3edc704a6a8a7e361,JE419446,1149117.0,10/23/2021 07:00:00 AM,CHICAGO,IL,60647,F,36.0,USAGE UNKNOWN,"DEPLOYED, FRONT",NONE,NONINCAPACITATING INJURY,NONE,NOT OBSCURED,NORMAL,TEST NOT OFFERED,2021,JE419446,10/23/2021 07:00:00 AM,30,TRAFFIC SIGNAL,FUNCTIONING PROPERLY,CLEAR,DAYLIGHT,ANGLE,FOUR WAY,STRAIGHT AND LEVEL,DRY,NO DEFECTS,ON SCENE,INJURY AND / OR TOW DUE TO CRASH,Y,Y,"OVER $1,500",10/23/2021 07:00:00 AM,"OPERATING VEHICLE IN ERRATIC, RECKLESS, CARELESS, NEGLIGENT OR AGGRESSIVE MANNER",DISREGARDING TRAFFIC SIGNALS,2801,W,DIVERSEY AVE,1411.0,2,NONINCAPACITATING INJURY,1.0,0.0,0.0,1.0,0.0,4.0,0.0,7,7,10,41.931985863,-87.69767894799999,POINT (-87.697678948084 41.931985863409),2021,420