PERSON_ID,PERSON_TYPE,CRASH_RECORD_ID,RD_NO_x,VEHICLE_ID,CRASH_DATE_x,CITY,STATE,ZIPCODE,SEX,AGE,SAFETY_EQUIPMENT,AIRBAG_DEPLOYED,EJECTION,INJURY_CLASSIFICATION,DRIVER_ACTION,DRIVER_VISION,PHYSICAL_CONDITION,BAC_RESULT,CRASH_YEAR_x,RD_NO_y,CRASH_DATE_y,POSTED_SPEED_LIMIT,TRAFFIC_CONTROL_DEVICE,DEVICE_CONDITION,WEATHER_CONDITION,LIGHTING_CONDITION,FIRST_CRASH_TYPE,TRAFFICWAY_TYPE,ALIGNMENT,ROADWAY_SURFACE_COND,ROAD_DEFECT,REPORT_TYPE,CRASH_TYPE,INTERSECTION_RELATED_I,HIT_AND_RUN_I,DAMAGE,DATE_POLICE_NOTIFIED,PRIM_CONTRIBUTORY_CAUSE,SEC_CONTRIBUTORY_CAUSE,STREET_NO,STREET_DIRECTION,STREET_NAME,BEAT_OF_OCCURRENCE,NUM_UNITS,MOST_SEVERE_INJURY,INJURIES_TOTAL,INJURIES_FATAL,INJURIES_INCAPACITATING,INJURIES_NON_INCAPACITATING,INJURIES_REPORTED_NOT_EVIDENT,INJURIES_NO_INDICATION,INJURIES_UNKNOWN,CRASH_HOUR,CRASH_DAY_OF_WEEK,CRASH_MONTH,LATITUDE,LONGITUDE,LOCATION,CRASH_YEAR_y,TIME
O1082970,DRIVER,d5b0fa041739dbcaecddd701b4d4c1d62e3e4ad430544a8a33a45fe281d31a8389614cc03cf682a573faa2592c30b47e6efa5f4bfdcba50647908b2b1487a355,JE210397,1027119.0,04/26/2021 10:30:00 AM,CHICAGO,IL,60630,F,72.0,USAGE UNKNOWN,DID NOT DEPLOY,NONE,NO INDICATION OF INJURY,OTHER,NOT OBSCURED,NORMAL,TEST NOT OFFERED,2021,JE210397,04/26/2021 10:30:00 AM,25,NO CONTROLS,NO CONTROLS,CLEAR,DAYLIGHT,ANGLE,T-INTERSECTION,STRAIGHT AND LEVEL,DRY,NO DEFECTS,ON SCENE,NO INJURY / DRIVE AWAY,Y,Y,"$501 - $1,500",04/26/2021 10:32:00 AM,UNABLE TO DETERMINE,UNABLE TO DETERMINE,5347,N,LIEB AVE,1623.0,2,NO INDICATION OF INJURY,0.0,0.0,0.0,0.0,0.0,2.0,0.0,10,2,4,41.978104541,-87.761557208,POINT (-87.76155720842 41.978104541035),2021,630
O1183150,DRIVER,44fb22771f6f415b0d901fd2149a94f377a6c629e11d19b06fb93c1943c872aafea4c394e72b0eefe14c4ce494a83dddae75308a82d5ec204c003e0f88405430,JE372646,1122504.0,09/14/2021 12:30:00 AM,CHICAGO HEIGHT,IL,60411,F,21.0,NONE PRESENT,NOT APPLICABLE,UNKNOWN,NO INDICATION OF INJURY,UNKNOWN,NOT OBSCURED,NORMAL,TEST NOT OFFERED,2021,JE372646,09/14/2021 12:30:00 AM,30,TRAFFIC SIGNAL,FUNCTIONING PROPERLY,CLEAR,"DARKNESS, LIGHTED ROAD",REAR TO REAR,NOT DIVIDED,STRAIGHT AND LEVEL,DRY,NO DEFECTS,ON SCENE,NO INJURY / DRIVE AWAY,Y,Y,"OVER $1,500",09/14/2021 12:45:00 AM,FOLLOWING TOO CLOSELY,UNABLE TO DETERMINE,200,E,PERSHING RD,212.0,2,NO INDICATION OF INJURY,0.0,0.0,0.0,0.0,0.0,2.0,0.0,0,3,9,41.823885776,-87.621544108,POINT (-87.621544108431 41.823885776125),2021,30
O1022347,DRIVER,488ca0bcf259515690585c772592c996d7b1667e2a47f6e33e8d82a1690b7b3c9b5627a0d92c6b11413a723f950ab6a49be9e16ca94db2e0865a34f4d05f1ed9,JE108509,969000.0,01/10/2021 12:55:00 AM,CHICAGO,IL,60620,F,33.0,USAGE UNKNOWN,DID NOT DEPLOY,NONE,NO INDICATION OF INJURY,FOLLOWED TOO CLOSELY,NOT OBSCURED,IMPAIRED - ALCOHOL,TEST TAKEN,2021,JE108509,01/10/2021 12:55:00 AM,30,STOP SIGN/FLASHER,FUNCTIONING PROPERLY,CLEAR,"DARKNESS, LIGHTED ROAD",REAR END,NOT DIVIDED,STRAIGHT AND LEVEL,DRY,NO DEFECTS,ON SCENE,INJURY AND / OR TOW DUE TO CRASH,Y,Y,"OVER $1,500",01/10/2021 12:55:00 AM,FOLLOWING TOO CLOSELY,NOT APPLICABLE,2429,E,76TH ST,421.0,2,NO INDICATION OF INJURY,0.0,0.0,0.0,0.0,0.0,2.0,0.0,0,1,1,41.757077191,-87.565184344,POINT (-87.565184343774 41.757077191202),2021,55
O1215370,DRIVER,bfbaac4a36d7d1bf8fec2d3511011a222d226939d72745e8d22a341e4e0b5bf444dfc26d5c6fe546826e72f54459fa220cf43d0a386296ee14922b937d69be02,JE426076,1153248.0,10/28/2021 08:29:00 PM,CHICAGO,IL,60636,F,42.0,USAGE UNKNOWN,NOT APPLICABLE,NONE,NO INDICATION OF INJURY,NONE,NOT OBSCURED,NORMAL,TEST NOT OFFERED,2021,JE426076,10/28/2021 08:29:00 PM,30,STOP SIGN/FLASHER,FUNCTIONING PROPERLY,RAIN,"DARKNESS, LIGHTED ROAD",ANGLE,FOUR WAY,STRAIGHT AND LEVEL,WET,NO DEFECTS,ON SCENE,NO INJURY / DRIVE AWAY,Y,Y,"OVER $1,500",10/28/2021 08:29:00 PM,DISREGARDING STOP SIGN,DISREGARDING STOP SIGN,1829,W,MARQUETTE RD,726.0,2,NO INDICATION OF INJURY,0.0,0.0,0.0,0.0,0.0,4.0,0.0,20,5,10,41.772010052,-87.670029628,POINT (-87.670029627877 41.77201005222),2021,1229
O1209163,DRIVER,6dd06a0b7eecb0ed10e679c4d53c1760cbe26d3e8a85048adf2b7908fdd8fae07947f5a349bc6fd0b983bb3adc30094b4ba8733fa8ad37f8c70e4254f7b12136,JE416067,1147280.0,10/20/2021 09:30:00 AM,CHICAGO,IL,60620,F,31.0,SAFETY BELT USED,NOT APPLICABLE,NONE,NO INDICATION OF INJURY,NONE,NOT OBSCURED,NORMAL,TEST NOT OFFERED,2021,JE416067,10/20/2021 09:30:00 AM,30,OTHER,OTHER,CLEAR,DAYLIGHT,REAR END,DIVIDED - W/MEDIAN (NOT RAISED),STRAIGHT AND LEVEL,DRY,NO DEFECTS,ON SCENE,INJURY AND / OR TOW DUE TO CRASH,Y,Y,"OVER $1,500",10/20/2021 09:30:00 AM,UNABLE TO DETERMINE,NOT APPLICABLE,8658,S,COTTAGE GROVE AVE,632.0,2,NO INDICATION OF INJURY,0.0,0.0,0.0,0.0,0.0,4.0,0.0,9,4,10,41.736737815,-87.604971846,POINT (-87.604971845904 41.736737814762),2021,570
O1129269,DRIVER,d5e7060e0594d7516013500b380b1e754cebd5257252b3c1b2922f4bc4d3dc70c64f5a490f662b4d33aea3d13b84dd7fe6819d60fe1137c8e3036571d6519c28,JE284148,1071205.0,06/29/2021 08:00:00 PM,STICKNEY,IL,60402,F,25.0,SAFETY BELT USED,DID NOT DEPLOY,NONE,NO INDICATION OF INJURY,NONE,NOT OBSCURED,NORMAL,TEST NOT OFFERED,2021,JE284148,06/29/2021 08:00:00 PM,30,TRAFFIC SIGNAL,FUNCTIONING PROPERLY,CLOUDY/OVERCAST,DUSK,REAR END,NOT DIVIDED,STRAIGHT ON GRADE,WET,NO DEFECTS,NOT ON SCENE (DESK REPORT),NO INJURY / DRIVE AWAY,Y,Y,"OVER $1,500",06/29/2021 09:40:00 PM,FOLLOWING TOO CLOSELY,PASSING STOPPED SCHOOL BUS,2538,W,47TH ST,922.0,2,NO INDICATION OF INJURY,0.0,0.0,0.0,0.0,0.0,2.0,0.0,20,3,6,41.808482866,-87.688532776,POINT (-87.688532775731 41.808482866331),2021,1200
O1138692,DRIVER,be0e15743df58c70c50d5b87fe6cd0ff894b9a6dd33e1727e20eb724658b4954cf1e3381840a8c86cef4115247638bb4ae0b5176b0e809e8e0c95db8cd0c1aad,JE299391,1080080.0,07/05/2021 08:05:00 PM,CHICAGO,IL,60601,F,51.0,SAFETY BELT USED,DID NOT DEPLOY,NONE,NO INDICATION OF INJURY,NONE,NOT OBSCURED,NORMAL,TEST NOT OFFERED,2021,JE299391,07/05/2021 08:05:00 PM,30,TRAFFIC SIGNAL,FUNCTIONING PROPERLY,CLEAR,DUSK,REAR END,DIVIDED - W/MEDIAN (NOT RAISED),STRAIGHT AND LEVEL,DRY,NO DEFECTS,NOT ON SCENE (DESK REPORT),NO INJURY / DRIVE AWAY,Y,Y,"OVER $1,500",07/12/2021 08:21:00 PM,FOLLOWING TOO CLOSELY,NOT APPLICABLE,308,N,MICHIGAN AVE,111.0,2,NO INDICATION OF INJURY,0.0,0.0,0.0,0.0,0.0,2.0,0.0,20,2,7,41.887041667,-87.624689459,POINT (-87.624689459454 41.887041666514),2021,1205
O1054242,DRIVER,7235fa903e49eef978ee4ce6d4f85658b818d31647277882a684ee8ca6dae6fb242fdafb49cd23ad3cca7629dcbbc0ea608f851b070d225b73139c8ca94861bc,JE160539,999618.0,03/06/2021 01:25:00 AM,CHICAGO,IL,60647,M,54.0,USAGE UNKNOWN,DID NOT DEPLOY,UNKNOWN,NO INDICATION OF INJURY,UNKNOWN,UNKNOWN,UNKNOWN,TEST NOT OFFERED,2021,JE160539,03/06/2021 01:25:00 AM,30,UNKNOWN,UNKNOWN,CLEAR,"DARKNESS, LIGHTED ROAD",TURNING,FOUR WAY,STRAIGHT AND LEVEL,DRY,UNKNOWN,ON SCENE,NO INJURY / DRIVE AWAY,Y,Y,"OVER $1,500",03/06/2021 01:36:00 AM,UNABLE TO DETERMINE,UNABLE TO DETERMINE,5951,W,DIVERSEY AVE,2514.0,2,NO INDICATION OF INJURY,0.0,0.0,0.0,0.0,0.0,2.0,0.0,1,7,3,41.931033825,-87.775588515,POINT (-87.77558851532 41.931033824688),2021,85
O1039327,DRIVER,4e5747d2c3ffb796e0330b5b1a10b75ff562b5a8e04afd481023a5456b8d797df2a70ab933d36cc7f89216c3fc1b03b56b6f3701d31707cf131fe48e26599d84,JE137163,985196.0,02/09/2021 01:34:00 PM,CHICAGO,IL,60659,M,45.0,SAFETY BELT USED,DID NOT DEPLOY,NONE,NO INDICATION OF INJURY,NONE,UNKNOWN,NORMAL,TEST NOT OFFERED,2021,JE137163,02/09/2021 01:34:00 PM,30,TRAFFIC SIGNAL,FUNCTIONING PROPERLY,CLEAR,DAYLIGHT,REAR END,CENTER TURN LANE,STRAIGHT AND LEVEL,WET,NO DEFECTS,NOT ON SCENE (DESK REPORT),NO INJURY / DRIVE AWAY,Y,Y,"OVER $1,500",02/09/2021 04:55:00 PM,UNABLE TO DETERMINE,UNABLE TO DETERMINE,1156,N,ASHLAND AVE,1213.0,2,NO INDICATION OF INJURY,0.0,0.0,0.0,0.0,0.0,2.0,0.0,13,3,2,41.903298195,-87.667640814,POINT (-87.667640814158 41.903298195238),2021,814
O1151649,DRIVER,11b2ee4517ff6edb9c79a6e49c3e6c5b7548e4fcd0326e06667aac79ca53c3d9147d26f1a19c508b020bce6f2ba5eb646d5ee9035cd30ad36f4265b94f7ac7b4,JE320757,1092444.0,07/30/2021 01:42:00 PM,CHICAGO,IL,60619,F,68.0,SAFETY BELT USED,DID NOT DEPLOY,NONE,NO INDICATION OF INJURY,NONE,NOT OBSCURED,NORMAL,TEST NOT OFFERED,2021,JE320757,07/30/2021 01:42:00 PM,30,TRAFFIC SIGNAL,FUNCTIONING PROPERLY,CLEAR,DAYLIGHT,ANGLE,FOUR WAY,STRAIGHT AND LEVEL,DRY,NO DEFECTS,NOT ON SCENE (DESK REPORT),NO INJURY / DRIVE AWAY,Y,Y,"OVER $1,500",07/31/2021 08:30:00 AM,DISREGARDING TRAFFIC SIGNALS,DISREGARDING TRAFFIC SIGNALS,800,E,87TH ST,632.0,2,NO INDICATION OF INJURY,0.0,0.0,0.0,0.0,0.0,2.0,0.0,13,6,7,41.736759958,-87.604764568,POINT (-87.604764567582 41.736759957791),2021,822
O1126522,DRIVER,15689d32de9d6a51e5da0016cdacfcfb3ff171e7a6c12cc5e9fd9e337a982322d47e01dc837d8f982b69d4a050624b4b5c9b70278a1e88ee9d01005ad512cb97,JE279782,1068568.0,06/26/2021 02:12:00 AM,CHICAGI,IL,60645,M,50.0,SAFETY BELT USED,"DEPLOYED, SIDE",NONE,INCAPACITATING INJURY,OTHER,NOT OBSCURED,NORMAL,TEST NOT OFFERED,2021,JE279782,06/26/2021 02:12:00 AM,30,TRAFFIC SIGNAL,FUNCTIONING PROPERLY,RAIN,"DARKNESS, LIGHTED ROAD",ANGLE,FOUR WAY,STRAIGHT ON HILLCREST,WET,NO DEFECTS,NOT ON SCENE (DESK REPORT),INJURY AND / OR TOW DUE TO CRASH,Y,Y,"OVER $1,500",06/26/2021 02:14:00 AM,DISREGARDING TRAFFIC SIGNALS,NOT APPLICABLE,2,W,CHICAGO AVE,1832.0,2,INCAPACITATING INJURY,1.0,0.0,1.0,0.0,0.0,1.0,0.0,2,7,6,41.896786051,-87.628280875,POINT (-87.62828087456 41.896786050908),2021,132
O1051638,DRIVER,cb16fb62a4ec4bb31b05e8cb1c6ed670bfabceae21fa11eba35c1a072ebfbcaa32e50aa24141775799412a096fc62ab2d6f61e4e477e844e450ad900557961f3,JE155686,997131.0,02/28/2021 08:50:00 PM,CHICAGO,IL,60624,M,27.0,SAFETY BELT USED,"DEPLOYED, COMBINATION",NONE,"REPORTED, NOT EVIDENT",OTHER,NOT OBSCURED,NORMAL,TEST NOT OFFERED,2021,JE155686,02/28/2021 08:50:00 PM,30,TRAFFIC SIGNAL,FUNCTIONING PROPERLY,CLEAR,"DARKNESS, LIGHTED ROAD",ANGLE,NOT DIVIDED,STRAIGHT AND LEVEL,DRY,NO DEFECTS,NOT ON SCENE (DESK REPORT),INJURY AND / OR TOW DUE TO CRASH,Y,Y,"OVER $1,500",03/01/2021 09:22:00 AM,UNABLE TO DETERMINE,UNABLE TO DETERMINE,1800,S,ASHLAND AVE,1234.0,3,"REPORTED, NOT EVIDENT",1.0,0.0,0.0,0.0,1.0,3.0,0.0,20,1,2,41.857748769000004,-87.666285218,POINT (-87.666285217697 41.857748769318),2021,1250
O1043199,DRIVER,65c951bf0228db45b9acc39e77bf9ef2397ca8b6ce81b4656733fbc8a706e3e582d1aaa07ae5ef69fa176397d9a843601510fddd190be597c8ede2a549c1cf9d,JE142745,988964.0,02/15/2021 11:29:00 PM,CHICAGO,IL,60621,M,35.0,SAFETY BELT USED,DID NOT DEPLOY,NONE,NO INDICATION OF INJURY,NONE,NOT OBSCURED,NORMAL,TEST NOT OFFERED,2021,JE142745,02/15/2021 11:29:00 PM,30,TRAFFIC SIGNAL,FUNCTIONING PROPERLY,SNOW,DARKNESS,TURNING,FOUR WAY,STRAIGHT AND LEVEL,SNOW OR SLUSH,NO DEFECTS,ON SCENE,NO INJURY / DRIVE AWAY,Y,Y,"OVER $1,500",02/15/2021 11:30:00 PM,NOT APPLICABLE,NOT APPLICABLE,7600,S,STATE ST,623.0,2,NO INDICATION OF INJURY,0.0,0.0,0.0,0.0,0.0,2.0,0.0,23,2,2,41.756400407,-87.62486968600001,POINT (-87.624869685896 41.756400406673),2021,1409
O1088865,DRIVER,5e46992651bb264080b5c0bafc0f79cd61339febde79edf35f14ec19f7ec9dba9737755367c6213f658ab9fba09fc832a8612d1b0a881d5b50eef93d62f57034,JE219760,1032745.0,05/04/2021 06:33:00 PM,CHICAGO,IL,60619,F,24.0,SAFETY BELT USED,DID NOT DEPLOY,NONE,NO INDICATION OF INJURY,NONE,NOT OBSCURED,NORMAL,TEST NOT OFFERED,2021,JE219760,05/04/2021 06:33:00 PM,30,STOP SIGN/FLASHER,FUNCTIONING PROPERLY,CLEAR,DAYLIGHT,ANGLE,NOT REPORTED,STRAIGHT AND LEVEL,DRY,NO DEFECTS,ON SCENE,INJURY AND / OR TOW DUE TO CRASH,Y,Y,"OVER $1,500",05/04/2021 06:36:00 PM,FAILING TO YIELD RIGHT-OF-WAY,NOT APPLICABLE,46,E,76TH ST,623.0,2,NO INDICATION OF INJURY,0.0,0.0,0.0,0.0,0.0,2.0,0.0,18,3,5,41.756557386,-87.622880415,POINT (-87.62288041452 41.75655738602),2021,1113
O1234645,DRIVER,8b55dcae98c8b4fcbb0cc95018663a3f725acefea2cda7a5b2ef6c355e09306546e19f2e6119381c3bcf2cc5b3a7555adca8e464deff9fde6f8e9a5b6f9a44f9,JE457391,1171744.0,11/26/2021 12:30:00 PM,CHICAGO,IL,60624,M,73.0,SAFETY BELT USED,"DEPLOYED, FRONT",NONE,NONINCAPACITATING INJURY,NONE,NOT OBSCURED,NORMAL,TEST NOT OFFERED,2021,JE457391,11/26/2021 12:30:00 PM,30,STOP SIGN/FLASHER,MISSING,CLEAR,DAYLIGHT,ANGLE,FOUR WAY,STRAIGHT AND LEVEL,DRY,NO DEFECTS,ON SCENE,INJURY AND / OR TOW DUE TO CRASH,Y,Y,"OVER $1,500",11/26/2021 12:31:00 PM,UNABLE TO DETERMINE,IMPROPER OVERTAKING/PASSING,131,S,KOSTNER AVE,1115.0,2,NONINCAPACITATING INJURY,1.0,0.0,0.0,1.0,0.0,1.0,0.0,12,6,11,41.878798568,-87.735267103,POINT (-87.735267102844 41.878798568479),2021,750
O1254536,DRIVER,ac6e064400f977ead9108d820fa65f7a666fdd8f35505c968c49a9be54653f19be46ef0852fe3feb0f4a77fcb107b50faa057885c7bacd33752030e89279192e,JE492245,1190852.0,12/29/2021 06:00:00 PM,CHICAGO,IL,60638,F,30.0,SAFETY BELT USED,"DEPLOYED, FRONT",NONE,NO INDICATION OF INJURY,NONE,NOT OBSCURED,NORMAL,TEST NOT OFFERED,2021,JE492245,12/29/2021 06:00:00 PM,30,TRAFFIC SIGNAL,FUNCTIONING PROPERLY,CLEAR,"DARKNESS, LIGHTED ROAD",ANGLE,FOUR WAY,STRAIGHT AND LEVEL,DRY,NO DEFECTS,ON SCENE,INJURY AND / OR TOW DUE TO CRASH,Y,Y,"OVER $1,500",12/29/2021 06:01:00 PM,FAILING TO YIELD RIGHT-OF-WAY,NOT APPLICABLE,5900,S,ARCHER AVE,811.0,3,NO INDICATION OF INJURY,0.0,0.0,0.0,0.0,0.0,3.0,0.0,18,4,12,41.795731343,-87.762984339,POINT (-87.762984339179 41.795731342564),2021,1080
O1063036,DRIVER,df06489f33b1389faaae0c70c47d0ed29f54294539081f3aedd2735cb2609c68dff412ab22540dc32909a282ba8973598e41909b6614951b13c49bad0ffde3ba,JE176500,1008085.0,03/21/2021 06:30:00 PM,URBANA,IL,61801,F,21.0,USAGE UNKNOWN,DEPLOYMENT UNKNOWN,NONE,NO INDICATION OF INJURY,FAILED TO YIELD,UNKNOWN,UNKNOWN,TEST NOT OFFERED,2021,JE176500,03/21/2021 06:30:00 PM,30,STOP SIGN/FLASHER,NO CONTROLS,CLEAR,DAYLIGHT,TURNING,T-INTERSECTION,STRAIGHT ON GRADE,DRY,NO DEFECTS,NOT ON SCENE (DESK REPORT),NO INJURY / DRIVE AWAY,Y,Y,"OVER $1,500",03/22/2021 04:50:00 PM,FAILING TO YIELD RIGHT-OF-WAY,DRIVING SKILLS/KNOWLEDGE/EXPERIENCE,8501,S,VINCENNES AVE,622.0,2,NO INDICATION OF INJURY,0.0,0.0,0.0,0.0,0.0,3.0,0.0,18,1,3,41.739816686,-87.639444238,POINT (-87.639444237827 41.739816685922),2021,1110
O1208920,DRIVER,860e42566e30776d2ab2298ededea05d2397b9c94ff7d0c10b4355988bc7cb3bdb18026e25d6fac94465036aa38d58fdfb2d503b22c070bd13a5fa21f9819bd8,JE415699,1147058.0,10/19/2021 09:30:00 PM,CHICAGO,IL,60629,M,31.0,SAFETY BELT USED,DID NOT DEPLOY,NONE,NO INDICATION OF INJURY,NONE,NOT OBSCURED,NORMAL,TEST NOT OFFERED,2021,JE415699,10/19/2021 09:30:00 PM,30,TRAFFIC SIGNAL,FUNCTIONING PROPERLY,CLEAR,"DARKNESS, LIGHTED ROAD",ANGLE,NOT DIVIDED,STRAIGHT AND LEVEL,DRY,NO DEFECTS,NOT ON SCENE (DESK REPORT),NO INJURY / DRIVE AWAY,Y,Y,"OVER $1,500",10/19/2021 09:45:00 PM,DISREGARDING TRAFFIC SIGNALS,UNABLE TO DETERMINE,200,S,MICHIGAN AVE,113.0,2,NO INDICATION OF INJURY,0.0,0.0,0.0,0.0,0.0,2.0,0.0,21,3,10,41.879489329,-87.624498125,POINT (-87.624498124934 41.879489328698),2021,1290
O1182341,DRIVER,71d5f6efcaf98ef8bd758c8a80eccfba16fbaefaaf9aa8461a441c3a2b79c287db21923b2f7ac1160ebcfb50401191d0b04d50456793414425bb148092e431a9,JE371255,1121693.0,09/12/2021 09:50:00 PM,CHICAGO,IL,60615,M,46.0,SAFETY BELT USED,DID NOT DEPLOY,NONE,NO INDICATION OF INJURY,NONE,NOT OBSCURED,NORMAL,TEST NOT OFFERED,2021,JE371255,09/12/2021 09:50:00 PM,30,TRAFFIC SIGNAL,FUNCTIONING PROPERLY,CLEAR,"DARKNESS, LIGHTED ROAD",REAR END,ONE-WAY,STRAIGHT AND LEVEL,DRY,NO DEFECTS,NOT ON SCENE (DESK REPORT),NO INJURY / DRIVE AWAY,Y,Y,"$501 - $1,500",09/12/2021 11:15:00 PM,FOLLOWING TOO CLOSELY,UNABLE TO DETERMINE,100,W,ONTARIO ST,1832.0,2,NO INDICATION OF INJURY,0.0,0.0,0.0,0.0,0.0,3.0,0.0,21,1,9,41.893337736999996,-87.63124449600001,POINT (-87.631244496213 41.893337737184),2021,1310
O1064808,DRIVER,de18e4a052539558e5e32ecc6977f64a215ab5675f3080f2078448f136de36b1badc4260aee86e0c769728d8ba5fa0c768431ef829bc4418348ae034857b3e10,JE179810,1009799.0,03/25/2021 09:15:00 PM,COKATO,MN,55321,M,33.0,USAGE UNKNOWN,DID NOT DEPLOY,NONE,NO INDICATION OF INJURY,UNKNOWN,UNKNOWN,UNKNOWN,TEST NOT OFFERED,2021,JE179810,03/25/2021 09:15:00 PM,30,UNKNOWN,UNKNOWN,RAIN,DARKNESS,ANGLE,FOUR WAY,STRAIGHT AND LEVEL,WET,UNKNOWN,ON SCENE,INJURY AND / OR TOW DUE TO CRASH,Y,Y,"OVER $1,500",03/25/2021 09:15:00 PM,UNABLE TO DETERMINE,UNABLE TO DETERMINE,4700,S,CHAMPLAIN AVE,223.0,3,NO INDICATION OF INJURY,0.0,0.0,0.0,0.0,0.0,4.0,0.0,21,5,3,41.809385403,-87.61035187899999,POINT (-87.610351879026 41.809385403297),2021,1275
O1224560,DRIVER,2d70ffb27e22149fd2846135ccee38015b0adafeea5eea561c15061a6675707bfdd0dc722808cf948f5f31427ceb8f920376cb7e4e4c3bfa1b597c8b06a61bf2,JE441169,1162049.0,11/11/2021 01:04:00 AM,CHICAGO,IL,60612,M,30.0,USAGE UNKNOWN,DID NOT DEPLOY,NONE,NO INDICATION OF INJURY,NONE,UNKNOWN,NORMAL,TEST NOT OFFERED,2021,JE441169,11/11/2021 01:04:00 AM,30,TRAFFIC SIGNAL,FUNCTIONING PROPERLY,CLEAR,"DARKNESS, LIGHTED ROAD",ANGLE,T-INTERSECTION,STRAIGHT AND LEVEL,DRY,NO DEFECTS,ON SCENE,INJURY AND / OR TOW DUE TO CRASH,Y,N,"OVER $1,500",11/11/2021 01:10:00 AM,DISREGARDING TRAFFIC SIGNALS,IMPROPER BACKING,4000,N,BROADWAY,1915.0,3,NO INDICATION OF INJURY,0.0,0.0,0.0,0.0,0.0,3.0,0.0,1,5,11,41.954545777,-87.650692769,POINT (-87.65069276917 41.954545776938),2021,64
O1037323,DRIVER,0a06aa195621799e4544ba6739589c2855eaeabf3bc9e6e56091a0af80b65a03486a23ab01a03018cae5660c36a6a983a373c5eb7998436198869eda3186808b,JE134551,983303.0,02/06/2021 05:02:00 PM,CHICAGO,IL,60616,M,57.0,SAFETY BELT USED,"DEPLOYED, COMBINATION",NONE,NO INDICATION OF INJURY,NONE,NOT OBSCURED,NORMAL,TEST NOT OFFERED,2021,JE134551,02/06/2021 05:02:00 PM,25,STOP SIGN/FLASHER,UNKNOWN,SNOW,DUSK,ANGLE,DIVIDED - W/MEDIAN (NOT RAISED),STRAIGHT AND LEVEL,SNOW OR SLUSH,NO DEFECTS,ON SCENE,INJURY AND / OR TOW DUE TO CRASH,Y,Y,"OVER $1,500",02/06/2021 05:15:00 PM,FAILING TO REDUCE SPEED TO AVOID CRASH,DISREGARDING STOP SIGN,1400,N,DEARBORN ST,1824.0,6,NO INDICATION OF INJURY,0.0,0.0,0.0,0.0,0.0,4.0,0.0,17,7,2,41.907819266,-87.630252039,POINT (-87.630252038636 41.907819265546),2021,1022
O1068498,DRIVER,5e194f5ac418af17564005f98d3172a5cceed3db3d681c23395de33581891fbebad8601e111e7fa7abf45eb2fb0df1b070eda71c142c4327e6a9189f8941ee15,JE186106,1013336.0,04/01/2021 11:15:00 AM,DEKALB,IL,60115,M,44.0,SAFETY BELT USED,DID NOT DEPLOY,NONE,NO INDICATION OF INJURY,NONE,UNKNOWN,NORMAL,TEST NOT OFFERED,2021,JE186106,04/01/2021 11:15:00 AM,30,TRAFFIC SIGNAL,FUNCTIONING PROPERLY,CLEAR,DAYLIGHT,SIDESWIPE SAME DIRECTION,CENTER TURN LANE,STRAIGHT AND LEVEL,UNKNOWN,UNKNOWN,ON SCENE,NO INJURY / DRIVE AWAY,Y,Y,"$501 - $1,500",04/01/2021 11:30:00 AM,IMPROPER OVERTAKING/PASSING,DRIVING ON WRONG SIDE/WRONG WAY,501,W,IRVING PARK DR,1925.0,2,NO INDICATION OF INJURY,0.0,0.0,0.0,0.0,0.0,2.0,0.0,11,5,4,41.954550235,-87.644210524,POINT (-87.644210523625 41.954550235282),2021,675
O1029108,DRIVER,4f0b3ffcf2213ec58a959873e173f0f7f88288d8b1e154dc7e2ddb3ea9db0d66748951dd0dbf799145d0a824757f3ff83343dd3fc4fd7dfef5eacc57d686b3e6,JE120105,975379.0,01/22/2021 01:30:00 PM,CHICAGO,IL,60652,M,69.0,USAGE UNKNOWN,NOT APPLICABLE,NONE,NO INDICATION OF INJURY,UNKNOWN,UNKNOWN,UNKNOWN,TEST NOT OFFERED,2021,JE120105,01/22/2021 01:30:00 PM,30,UNKNOWN,UNKNOWN,CLEAR,DAYLIGHT,REAR END,NOT DIVIDED,STRAIGHT AND LEVEL,UNKNOWN,UNKNOWN,ON SCENE,INJURY AND / OR TOW DUE TO CRASH,Y,N,"OVER $1,500",01/22/2021 01:33:00 PM,UNABLE TO DETERMINE,NOT APPLICABLE,1701,W,79TH ST,611.0,3,NO INDICATION OF INJURY,0.0,0.0,0.0,0.0,0.0,3.0,0.0,13,6,1,41.750215123000004,-87.665924102,POINT (-87.665924102473 41.750215122857),2021,810
O1240293,DRIVER,a4a7262205e8c42a8abf3b3e2350e37d0ef59cd0881178e69f8c8af1c9cbc857c5711a6091c71c94c4db6f954c60ed1978ca2c269b0b0c5d205f8ff148b1c1ad,JE467229,1177181.0,12/05/2021 06:40:00 PM,CHICAGO,IL,60644,M,33.0,USAGE UNKNOWN,DID NOT DEPLOY,NONE,NO INDICATION OF INJURY,UNKNOWN,UNKNOWN,NORMAL,TEST NOT OFFERED,2021,JE467229,12/05/2021 06:40:00 PM,25,TRAFFIC SIGNAL,FUNCTIONING PROPERLY,RAIN,"DARKNESS, LIGHTED ROAD",SIDESWIPE OPPOSITE DIRECTION,NOT DIVIDED,STRAIGHT AND LEVEL,WET,UNKNOWN,ON SCENE,INJURY AND / OR TOW DUE TO CRASH,Y,Y,"OVER $1,500",12/05/2021 06:48:00 PM,UNABLE TO DETERMINE,UNABLE TO DETERMINE,346,N,LARAMIE AVE,1523.0,2,NO INDICATION OF INJURY,0.0,0.0,0.0,0.0,0.0,2.0,0.0,18,1,12,41.887066710999996,-87.755468803,POINT (-87.755468802818 41.887066711193),2021,1120