PERSON_ID,PERSON_TYPE,CRASH_RECORD_ID,RD_NO_x,VEHICLE_ID,CRASH_DATE_x,CITY,STATE,ZIPCODE,SEX,AGE,SAFETY_EQUIPMENT,AIRBAG_DEPLOYED,EJECTION,INJURY_CLASSIFICATION,DRIVER_ACTION,DRIVER_VISION,PHYSICAL_CONDITION,BAC_RESULT,CRASH_YEAR_x,RD_NO_y,CRASH_DATE_y,POSTED_SPEED_LIMIT,TRAFFIC_CONTROL_DEVICE,DEVICE_CONDITION,WEATHER_CONDITION,LIGHTING_CONDITION,FIRST_CRASH_TYPE,TRAFFICWAY_TYPE,ALIGNMENT,ROADWAY_SURFACE_COND,ROAD_DEFECT,REPORT_TYPE,CRASH_TYPE,INTERSECTION_RELATED_I,HIT_AND_RUN_I,DAMAGE,DATE_POLICE_NOTIFIED,PRIM_CONTRIBUTORY_CAUSE,SEC_CONTRIBUTORY_CAUSE,STREET_NO,STREET_DIRECTION,STREET_NAME,BEAT_OF_OCCURRENCE,NUM_UNITS,MOST_SEVERE_INJURY,INJURIES_TOTAL,INJURIES_FATAL,INJURIES_INCAPACITATING,INJURIES_NON_INCAPACITATING,INJURIES_REPORTED_NOT_EVIDENT,INJURIES_NO_INDICATION,INJURIES_UNKNOWN,CRASH_HOUR,CRASH_DAY_OF_WEEK,CRASH_MONTH,LATITUDE,LONGITUDE,LOCATION,CRASH_YEAR_y,TIME
O1100582,DRIVER,a93e9c50ae40ddbf76317041030ae8cfe7ca96ea07b50fa31244a331bac200aea329265da3b953f2df60bd9375cbcaeea21dd3c09118a64fdea8ab8e22354d58,JE238759,1043944.0,05/22/2021 10:00:00 AM,CHICAGO,IL,60637,M,53.0,SAFETY BELT USED,DID NOT DEPLOY,NONE,NO INDICATION OF INJURY,NONE,NOT OBSCURED,NORMAL,TEST NOT OFFERED,2021,JE238759,05/22/2021 10:00:00 AM,30,TRAFFIC SIGNAL,FUNCTIONING PROPERLY,CLEAR,DAYLIGHT,ANGLE,FOUR WAY,STRAIGHT AND LEVEL,DRY,NO DEFECTS,NOT ON SCENE (DESK REPORT),NO INJURY / DRIVE AWAY,Y,Y,$500 OR LESS,05/22/2021 02:15:00 PM,DISREGARDING TRAFFIC SIGNALS,NOT APPLICABLE,801,E,67TH ST,321.0,2,NO INDICATION OF INJURY,0.0,0.0,0.0,0.0,0.0,2.0,0.0,10,7,5,41.773031941,-87.60570550799999,POINT (-87.605705507944 41.773031940614),2021,600
O1142329,DRIVER,ac6aca423298155a168c3f403b11c53043d5a6a2ddce4f3d6ed1b95803ee3c3a17912957fdffebc81c6143b189f74c05a5b85092b48104e2ec50340314b8e22a,JE305572,1083555.0,07/16/2021 10:45:00 AM,CHICAGO,IL,60642,M,35.0,SAFETY BELT USED,NOT APPLICABLE,NONE,NO INDICATION OF INJURY,NONE,NOT OBSCURED,NORMAL,TEST NOT OFFERED,2021,JE305572,07/16/2021 10:45:00 AM,30,TRAFFIC SIGNAL,FUNCTIONING PROPERLY,CLEAR,DAYLIGHT,TURNING,NOT DIVIDED,STRAIGHT AND LEVEL,DRY,NO DEFECTS,NOT ON SCENE (DESK REPORT),NO INJURY / DRIVE AWAY,Y,Y,$500 OR LESS,07/18/2021 12:30:00 PM,IMPROPER LANE USAGE,NOT APPLICABLE,25,S,HALSTED ST,1232.0,2,NO INDICATION OF INJURY,0.0,0.0,0.0,0.0,0.0,3.0,0.0,10,6,7,41.881021595,-87.647189474,POINT (-87.647189473986 41.88102159515),2021,645
O1021804,DRIVER,a8388489a729cbc18d1565c1279ce4c0297002568bc0a4121cf37de20258929fd77b1f4e8ed0760708c56196456e2dfc82dc30040eb012bc9f9bece5ac3f4974,JE107405,968488.0,01/08/2021 06:30:00 PM,CHICAGO,IL,60609,F,56.0,SAFETY BELT USED,DID NOT DEPLOY,NONE,NO INDICATION OF INJURY,NONE,NOT OBSCURED,NORMAL,TEST NOT OFFERED,2021,JE107405,01/08/2021 06:30:00 PM,30,TRAFFIC SIGNAL,FUNCTIONING PROPERLY,CLEAR,"DARKNESS, LIGHTED ROAD",REAR TO FRONT,NOT DIVIDED,STRAIGHT AND LEVEL,DRY,NO DEFECTS,NOT ON SCENE (DESK REPORT),NO INJURY / DRIVE AWAY,Y,Y,"OVER $1,500",01/08/2021 08:50:00 PM,PHYSICAL CONDITION OF DRIVER,UNABLE TO DETERMINE,2,S,PULASKI RD,1115.0,2,NO INDICATION OF INJURY,0.0,0.0,0.0,0.0,0.0,3.0,0.0,18,6,1,41.880676991,-87.725816127,POINT (-87.725816126919 41.880676990874),2021,1110
O1191511,DRIVER,bb5abbd79399682295963fddb444d131f0bab9077cfd02d71ef03f310c02445ec05ec393f40120854a11eb3d436d11a2571e582189e0252dd98c670f4629f908,JE386505,1130472.0,09/25/2021 05:50:00 AM,CHICAGO,IL,60655,M,23.0,USAGE UNKNOWN,DID NOT DEPLOY,NONE,NO INDICATION OF INJURY,NONE,UNKNOWN,NORMAL,TEST NOT OFFERED,2021,JE386505,09/25/2021 05:50:00 AM,30,STOP SIGN/FLASHER,FUNCTIONING PROPERLY,CLEAR,"DARKNESS, LIGHTED ROAD",ANGLE,FOUR WAY,STRAIGHT AND LEVEL,DRY,NO DEFECTS,ON SCENE,NO INJURY / DRIVE AWAY,Y,Y,"OVER $1,500",09/25/2021 05:56:00 AM,DISREGARDING STOP SIGN,DISREGARDING STOP SIGN,4459,W,WEST END AVE,1113.0,2,NO INDICATION OF INJURY,0.0,0.0,0.0,0.0,0.0,2.0,0.0,5,7,9,41.883106255,-87.737950561,POINT (-87.737950561226 41.883106254536),2021,350
O1034858,DRIVER,e0334154e9476025399c3a99eb6b948dafb36fc4472605fc1bc0e04f79fc6b1e645f95f0f9700de4ee4c8fce4008cfe9d005e0b1cdabf7475ceadc10e8eab542,JE130294,980959.0,02/02/2021 01:12:00 PM,GARY,IN,46402,M,56.0,USAGE UNKNOWN,DID NOT DEPLOY,NONE,NO INDICATION OF INJURY,UNKNOWN,UNKNOWN,NORMAL,TEST NOT OFFERED,2021,JE130294,02/02/2021 01:12:00 PM,30,UNKNOWN,UNKNOWN,SNOW,DAYLIGHT,TURNING,UNKNOWN INTERSECTION TYPE,STRAIGHT AND LEVEL,SNOW OR SLUSH,UNKNOWN,ON SCENE,NO INJURY / DRIVE AWAY,Y,Y,$500 OR LESS,02/02/2021 01:21:00 PM,UNABLE TO DETERMINE,UNABLE TO DETERMINE,1600,E,79TH ST,411.0,2,NO INDICATION OF INJURY,0.0,0.0,0.0,0.0,0.0,2.0,0.0,13,3,2,41.751611523,-87.585592284,POINT (-87.585592284288 41.751611523273),2021,792
O1109942,DRIVER,24e3d9a975aea0d7b179837d6b8fde7430e5b7e04d867b8ec1b9f59f0808b344a80b7992462d100d80bcf3d08345662e0f2b3938c8377aa6bcc6130bdae81ffa,JE253733,1052915.0,06/04/2021 04:19:00 PM,CHICAGO,IL,60620,F,16.0,USAGE UNKNOWN,DEPLOYMENT UNKNOWN,NONE,NO INDICATION OF INJURY,NONE,NOT OBSCURED,NORMAL,TEST NOT OFFERED,2021,JE253733,06/04/2021 04:19:00 PM,25,STOP SIGN/FLASHER,NO CONTROLS,CLEAR,DAYLIGHT,ANGLE,FOUR WAY,STRAIGHT AND LEVEL,DRY,NO DEFECTS,NOT ON SCENE (DESK REPORT),NO INJURY / DRIVE AWAY,Y,Y,"OVER $1,500",06/04/2021 04:45:00 PM,FAILING TO YIELD RIGHT-OF-WAY,NOT APPLICABLE,900,W,76TH ST,621.0,2,NO INDICATION OF INJURY,0.0,0.0,0.0,0.0,0.0,2.0,0.0,16,6,6,41.75617606,-87.646671266,POINT (-87.646671265827 41.756176060316),2021,979
O1087302,DRIVER,585af28e925e6525e45c18fb4f78f08e957a12442f8c0ff3b1c8f08b8d7e885d32d0baf49977f79051104f930e8c3eb0973cd66b2630d71578367f8d0f1ef0c3,JE217304,1031236.0,05/02/2021 04:15:00 PM,ARLINGTON HEIGHTS,IL,60004,M,25.0,SAFETY BELT USED,DID NOT DEPLOY,NONE,NO INDICATION OF INJURY,NONE,NOT OBSCURED,NORMAL,TEST NOT OFFERED,2021,JE217304,05/02/2021 04:15:00 PM,25,TRAFFIC SIGNAL,FUNCTIONING PROPERLY,CLEAR,DAYLIGHT,REAR END,NOT DIVIDED,STRAIGHT AND LEVEL,DRY,NO DEFECTS,NOT ON SCENE (DESK REPORT),NO INJURY / DRIVE AWAY,Y,Y,"OVER $1,500",05/02/2021 04:32:00 PM,FOLLOWING TOO CLOSELY,UNABLE TO DETERMINE,1751,W,HOWARD ST,2422.0,3,NO INDICATION OF INJURY,0.0,0.0,0.0,0.0,0.0,4.0,0.0,16,1,5,42.01928648,-87.67461055,POINT (-87.67461054986 42.01928647962),2021,975
O1160147,DRIVER,ed0c74c46a7155b2ebb9af8bb5d0d5a9166d2064825ddb86296e2cf7ff9e8e6c03b86c620360fb4aff01f0638379f9aac73f98bda3cb3c3f7e3cce1a95b0c619,JE334773,1100537.0,08/10/2021 08:45:00 PM,CHICAGO,IL,60619,F,59.0,SAFETY BELT USED,DID NOT DEPLOY,NONE,NO INDICATION OF INJURY,NONE,NOT OBSCURED,NORMAL,TEST REFUSED,2021,JE334773,08/10/2021 08:45:00 PM,30,TRAFFIC SIGNAL,FUNCTIONING PROPERLY,RAIN,"DARKNESS, LIGHTED ROAD",ANGLE,T-INTERSECTION,STRAIGHT AND LEVEL,WET,NO DEFECTS,NOT ON SCENE (DESK REPORT),NO INJURY / DRIVE AWAY,Y,N,"OVER $1,500",08/12/2021 10:22:00 AM,WEATHER,UNABLE TO DETERMINE,8700,S,JEFFERY BLVD,412.0,2,NO INDICATION OF INJURY,0.0,0.0,0.0,0.0,0.0,3.0,0.0,20,3,8,41.736963126999996,-87.57586270799999,POINT (-87.575862708451 41.736963127272),2021,1245
O1144284,DRIVER,9f97b6f30c9c35f8d1304f357a23fe30467d81d01712dd0021d7548b3929fde929f7c5e22972729d89bfd8ea2ed327005638d320133783ba3a3b1ad45194a443,JE308794,1085420.0,07/21/2021 09:30:00 AM,CHICAGO,IL,60653,F,28.0,SAFETY BELT USED,"DEPLOYED, COMBINATION",NONE,NO INDICATION OF INJURY,NONE,NOT OBSCURED,UNKNOWN,TEST NOT OFFERED,2021,JE308794,07/21/2021 09:30:00 AM,35,NO CONTROLS,NO CONTROLS,CLEAR,DAYLIGHT,ANGLE,FOUR WAY,STRAIGHT AND LEVEL,DRY,NO DEFECTS,ON SCENE,INJURY AND / OR TOW DUE TO CRASH,Y,Y,"OVER $1,500",07/21/2021 10:00:00 AM,UNABLE TO DETERMINE,DRIVING SKILLS/KNOWLEDGE/EXPERIENCE,4400,S,INDIANA AVE,215.0,2,NO INDICATION OF INJURY,0.0,0.0,0.0,0.0,0.0,2.0,0.0,9,4,7,41.814668629,-87.621503531,POINT (-87.621503530892 41.81466862942),2021,570
O1251530,DRIVER,07e20599ca2539c94cbc0a15e789456facbe503cfbcff30da9b0e6cd76bebd89d7076ede4c42393140f3433962befd8377d8c9514c878bda13ac35daa291b1c2,JE487076,1187930.0,12/23/2021 03:30:00 PM,FRANKFORT,IL,60423,M,58.0,USAGE UNKNOWN,NOT APPLICABLE,NONE,NO INDICATION OF INJURY,NONE,WINDSHIELD (WATER/ICE),UNKNOWN,TEST NOT OFFERED,2021,JE487076,12/23/2021 03:30:00 PM,30,TRAFFIC SIGNAL,FUNCTIONING PROPERLY,UNKNOWN,UNKNOWN,REAR END,NOT DIVIDED,STRAIGHT AND LEVEL,UNKNOWN,UNKNOWN,NOT ON SCENE (DESK REPORT),NO INJURY / DRIVE AWAY,Y,Y,"OVER $1,500",12/23/2021 04:40:00 PM,UNABLE TO DETERMINE,NOT APPLICABLE,400,E,51ST ST,223.0,2,NO INDICATION OF INJURY,0.0,0.0,0.0,0.0,0.0,2.0,0.0,15,5,12,41.802215343,-87.61567436600001,POINT (-87.615674366387 41.802215342736),2021,930
O1161338,DRIVER,9479c39b1c30fb51be3157273518cce5772fbc67201a3303ffbfd11e9dc5b6a8b3e2016cc996cb83aed5cbad0682aefe0b84d9cf2ed14e546fca4e88ce65c7ef,JE336549,1101639.0,08/13/2021 08:35:00 PM,HAZEL CREST,IL,60429,M,26.0,NONE PRESENT,DEPLOYMENT UNKNOWN,NONE,NO INDICATION OF INJURY,NONE,NOT OBSCURED,NORMAL,TEST NOT OFFERED,2021,JE336549,08/13/2021 08:35:00 PM,30,TRAFFIC SIGNAL,FUNCTIONING PROPERLY,CLEAR,DARKNESS,ANGLE,NOT DIVIDED,STRAIGHT AND LEVEL,DRY,NO DEFECTS,ON SCENE,INJURY AND / OR TOW DUE TO CRASH,Y,Y,"OVER $1,500",08/13/2021 08:40:00 PM,FAILING TO YIELD RIGHT-OF-WAY,UNABLE TO DETERMINE,739,W,87TH ST,2223.0,3,NO INDICATION OF INJURY,0.0,0.0,0.0,0.0,0.0,4.0,0.0,20,6,8,41.735905411,-87.642696662,POINT (-87.642696662025 41.735905410942),2021,1235
O1052018,DRIVER,cb2741e33964702eaa26113e7e630b57b10543fef75874521a4d0361508128d0cc413cc435574ef1d4076375d0aef11a880e13d8c9cb49b2ec41f68e292ecd56,JE156311,997489.0,03/01/2021 07:00:00 PM,CHICAGO,IL,60637,F,30.0,SAFETY BELT USED,DID NOT DEPLOY,NONE,NO INDICATION OF INJURY,NONE,NOT OBSCURED,NORMAL,TEST NOT OFFERED,2021,JE156311,03/01/2021 07:00:00 PM,30,TRAFFIC SIGNAL,FUNCTIONING PROPERLY,CLEAR,"DARKNESS, LIGHTED ROAD",TURNING,FOUR WAY,STRAIGHT AND LEVEL,DRY,NO DEFECTS,NOT ON SCENE (DESK REPORT),NO INJURY / DRIVE AWAY,Y,Y,"$501 - $1,500",03/01/2021 07:20:00 PM,FAILING TO YIELD RIGHT-OF-WAY,UNABLE TO DETERMINE,98,E,41ST ST,213.0,2,NO INDICATION OF INJURY,0.0,0.0,0.0,0.0,0.0,6.0,0.0,19,2,3,41.820256347,-87.623208406,POINT (-87.623208406102 41.820256346564),2021,1140
O1117386,DRIVER,fc09cc14f553c417e0bb27a1d0ab61defec9df48e50067b327b129022124a80175d92fa014a3a9f85046cc1e3e18a47c71a868cf02a5c9862a5d692933b4d221,JE264996,1059884.0,06/13/2021 10:05:00 PM,CHICAGO,IL,60638,M,32.0,USAGE UNKNOWN,DEPLOYMENT UNKNOWN,UNKNOWN,NO INDICATION OF INJURY,OTHER,UNKNOWN,UNKNOWN,TEST NOT OFFERED,2021,JE264996,06/13/2021 10:05:00 PM,30,TRAFFIC SIGNAL,UNKNOWN,UNKNOWN,UNKNOWN,ANGLE,NOT DIVIDED,STRAIGHT AND LEVEL,UNKNOWN,UNKNOWN,ON SCENE,INJURY AND / OR TOW DUE TO CRASH,Y,Y,"OVER $1,500",06/13/2021 11:52:00 PM,UNABLE TO DETERMINE,UNABLE TO DETERMINE,3400,N,CICERO AVE,1634.0,2,NO INDICATION OF INJURY,0.0,0.0,0.0,0.0,0.0,3.0,0.0,22,1,6,41.942520006,-87.747112821,POINT (-87.747112821184 41.942520006214),2021,1325
O1096469,DRIVER,b0d21423c00d61c52ff1bce2826435175019ebb2b8c85b2fa878f1d58f6820c9a2455c58d9ff2bf0a83282a5a874a5229b357fc64cd0174e4e5d570640312e4d,JE231866,1040019.0,05/11/2021 03:30:00 PM,CHICAGO,IL,60621,M,28.0,SAFETY BELT USED,DID NOT DEPLOY,NONE,NO INDICATION OF INJURY,NONE,NOT OBSCURED,NORMAL,TEST NOT OFFERED,2021,JE231866,05/11/2021 03:30:00 PM,30,TRAFFIC SIGNAL,FUNCTIONING PROPERLY,CLEAR,DAYLIGHT,REAR END,OTHER,STRAIGHT AND LEVEL,DRY,NO DEFECTS,NOT ON SCENE (DESK REPORT),NO INJURY / DRIVE AWAY,Y,Y,"OVER $1,500",05/16/2021 11:45:00 AM,FOLLOWING TOO CLOSELY,NOT APPLICABLE,6700,S,MORGAN ST,724.0,2,NO INDICATION OF INJURY,0.0,0.0,0.0,0.0,0.0,2.0,0.0,15,3,5,41.772311366,-87.649599279,POINT (-87.649599279329 41.77231136624),2021,930
O1224545,DRIVER,dd4c4e22731db0e16d5e14cb16e5c77f829fd056629260c4db0524e9f851e6bd9c4d864be2e33718e84a97d07df7a27730c09e830c9ff3ec1c3ab7cc5459d029,JE441107,1162032.0,11/10/2021 11:00:00 PM,CHICAGO,IL,60629,M,22.0,SAFETY BELT USED,"DEPLOYED, COMBINATION",NONE,NO INDICATION OF INJURY,NONE,NOT OBSCURED,NORMAL,TEST NOT OFFERED,2021,JE441107,11/10/2021 11:00:00 PM,30,TRAFFIC SIGNAL,NO CONTROLS,CLEAR,DARKNESS,HEAD ON,FOUR WAY,STRAIGHT AND LEVEL,DRY,NO DEFECTS,ON SCENE,INJURY AND / OR TOW DUE TO CRASH,Y,N,"OVER $1,500",11/10/2021 11:03:00 PM,UNABLE TO DETERMINE,UNABLE TO DETERMINE,4756,W,FULLERTON AVE,2521.0,3,NO INDICATION OF INJURY,0.0,0.0,0.0,0.0,0.0,3.0,0.0,23,4,11,41.924351148,-87.746164866,POINT (-87.746164865864 41.92435114755),2021,1380
O1100021,DRIVER,cf5cb6820fdbffac759797f90e990c6e51fcfb084ca197c0f16a134627e97cc0c35c60424e7e5449885268e239177812a0e4e1d3b8f23692fa1ce6fd0c16f3a4,JE237891,1043415.0,05/21/2021 04:19:00 PM,CALUMET CITY,IL,60409,F,38.0,SAFETY BELT USED,DID NOT DEPLOY,NONE,NO INDICATION OF INJURY,UNKNOWN,NOT OBSCURED,NORMAL,TEST NOT OFFERED,2021,JE237891,05/21/2021 04:19:00 PM,30,TRAFFIC SIGNAL,FUNCTIONING PROPERLY,CLEAR,DAYLIGHT,REAR END,FOUR WAY,STRAIGHT AND LEVEL,DRY,NO DEFECTS,NOT ON SCENE (DESK REPORT),NO INJURY / DRIVE AWAY,Y,Y,"OVER $1,500",05/21/2021 06:50:00 PM,UNABLE TO DETERMINE,UNABLE TO DETERMINE,1600,E,95TH ST,413.0,2,NO INDICATION OF INJURY,0.0,0.0,0.0,0.0,0.0,3.0,0.0,16,6,5,41.722449456999996,-87.585003569,POINT (-87.585003569109 41.722449457011),2021,979
O1094505,DRIVER,b82320976b347a2fb9c30e666addce8ce334d1bd0b8a1dadc1390244300bdc3f3662eb6d3aa7d163083b4fa670a1723a418f4371347a634bf9f776ce5e773063,JE228623,1038119.0,05/13/2021 11:00:00 AM,MARIETTA,GA,30008,M,26.0,SAFETY BELT USED,NOT APPLICABLE,NONE,NO INDICATION OF INJURY,NONE,NOT OBSCURED,NORMAL,TEST NOT OFFERED,2021,JE228623,05/13/2021 11:00:00 AM,30,TRAFFIC SIGNAL,FUNCTIONING PROPERLY,CLEAR,DAYLIGHT,REAR END,FOUR WAY,STRAIGHT AND LEVEL,DRY,NO DEFECTS,ON SCENE,NO INJURY / DRIVE AWAY,Y,Y,"$501 - $1,500",05/13/2021 11:09:00 AM,UNABLE TO DETERMINE,UNABLE TO DETERMINE,8101,S,ASHLAND AVE,614.0,2,NO INDICATION OF INJURY,0.0,0.0,0.0,0.0,0.0,2.0,0.0,11,5,5,41.746625625,-87.66319622299999,POINT (-87.663196222907 41.746625624889),2021,660
O1192788,DRIVER,472acdb796bb3d0de1788702a2fe9f37e9ca6bc3cd60fe74cd7339ebdc8d5f4fe66796f679afcc20b8ae5c9c80991c8346731c891b74d003075186fefec9ba41,JE388641,1131724.0,09/16/2021 01:55:00 PM,CHICAGO,IL,60609,F,39.0,SAFETY BELT USED,NOT APPLICABLE,NONE,NO INDICATION OF INJURY,NONE,UNKNOWN,NORMAL,TEST NOT OFFERED,2021,JE388641,09/16/2021 01:55:00 PM,30,TRAFFIC SIGNAL,FUNCTIONING PROPERLY,CLEAR,DAYLIGHT,TURNING,NOT DIVIDED,STRAIGHT AND LEVEL,DRY,NO DEFECTS,NOT ON SCENE (DESK REPORT),NO INJURY / DRIVE AWAY,Y,Y,"$501 - $1,500",09/27/2021 07:45:00 AM,IMPROPER LANE USAGE,NOT APPLICABLE,1002,N,STATE ST,1824.0,2,NO INDICATION OF INJURY,0.0,0.0,0.0,0.0,0.0,2.0,0.0,13,5,9,41.900730658,-87.62846379700001,POINT (-87.628463797408 41.900730657567),2021,835
O1228908,DRIVER,539dce9550169aef98fff4ed963f59c32dbbe81aa0c978872211592f1924540e7fb4fac308cd0110e4417bacf56af451f8b0030c0b925b756cb78b4bb0004dae,JE448358,1166208.0,11/17/2021 04:12:00 PM,CHICAGO,IL,60628,F,26.0,SAFETY BELT USED,DID NOT DEPLOY,NONE,NO INDICATION OF INJURY,NONE,NOT OBSCURED,NORMAL,TEST NOT OFFERED,2021,JE448358,11/17/2021 04:12:00 PM,30,STOP SIGN/FLASHER,FUNCTIONING PROPERLY,RAIN,DAYLIGHT,TURNING,FOUR WAY,STRAIGHT AND LEVEL,WET,NO DEFECTS,NOT ON SCENE (DESK REPORT),INJURY AND / OR TOW DUE TO CRASH,Y,Y,"OVER $1,500",11/17/2021 04:15:00 PM,FAILING TO YIELD RIGHT-OF-WAY,NOT APPLICABLE,1100,N,LARAMIE AVE,1524.0,2,NO INDICATION OF INJURY,0.0,0.0,0.0,0.0,0.0,3.0,0.0,16,4,11,41.900506934,-87.75588188,POINT (-87.755881879547 41.900506934045),2021,972
O1214580,DRIVER,1d6cb261437a43f1f92de1f8c1b88c6e1bd9884a7a98b6d4e27d038790beab49c67b3059775060abbf6e353d3130998220f970f80d1734ac07500279d50021a0,JE424869,1152499.0,10/26/2021 12:30:00 AM,CHICAGO,IL,60636,M,34.0,USAGE UNKNOWN,DID NOT DEPLOY,NONE,NO INDICATION OF INJURY,NONE,UNKNOWN,NORMAL,TEST NOT OFFERED,2021,JE424869,10/26/2021 12:30:00 AM,25,TRAFFIC SIGNAL,FUNCTIONING PROPERLY,CLEAR,"DARKNESS, LIGHTED ROAD",HEAD ON,FOUR WAY,STRAIGHT AND LEVEL,DRY,NO DEFECTS,NOT ON SCENE (DESK REPORT),NO INJURY / DRIVE AWAY,Y,Y,"OVER $1,500",10/27/2021 11:15:00 PM,IMPROPER TURNING/NO SIGNAL,NOT APPLICABLE,1406,W,MARQUETTE RD,725.0,2,NO INDICATION OF INJURY,0.0,0.0,0.0,0.0,0.0,2.0,0.0,0,3,10,41.772367794000004,-87.659480988,POINT (-87.659480987705 41.772367794168),2021,30
O1170369,DRIVER,cc7a347df30eb099d4b0b30eb56a898e00da46296cc958e3bf074fbb3c28098e6fc44ccca4a7dff2a627154238a3c0b0be37a0691d5bfed34d2c308673d6ce50,JE351469,1110231.0,08/27/2021 07:00:00 AM,STEGER,IL,60475,M,28.0,SAFETY BELT USED,NOT APPLICABLE,NONE,NO INDICATION OF INJURY,NONE,NOT OBSCURED,NORMAL,TEST NOT OFFERED,2021,JE351469,08/27/2021 07:00:00 AM,35,UNKNOWN,UNKNOWN,CLEAR,DAYLIGHT,SIDESWIPE SAME DIRECTION,DIVIDED - W/MEDIAN BARRIER,STRAIGHT AND LEVEL,DRY,NO DEFECTS,ON SCENE,NO INJURY / DRIVE AWAY,Y,Y,"$501 - $1,500",08/27/2021 07:45:00 AM,UNABLE TO DETERMINE,UNABLE TO DETERMINE,5500,S,CICERO AVE,813.0,2,NO INDICATION OF INJURY,0.0,0.0,0.0,0.0,0.0,2.0,0.0,7,6,8,41.792910883000005,-87.74207734299999,POINT (-87.742077342959 41.792910883497),2021,420
O1222666,DRIVER,38060c2087ac139fe7b3066e17306a2586e59a391cb24686c739e2737857edca79200da6db910b44e31f9590639080bd7d4c5f20864fde45c2b526b221bb4a24,JE437439,1160222.0,11/07/2021 07:10:00 PM,CHICAGO,IL,60629,M,49.0,USAGE UNKNOWN,"DEPLOYED, COMBINATION",NONE,NO INDICATION OF INJURY,NONE,NOT OBSCURED,NORMAL,TEST NOT OFFERED,2021,JE437439,11/07/2021 07:10:00 PM,30,TRAFFIC SIGNAL,FUNCTIONING PROPERLY,CLEAR,DAYLIGHT,ANGLE,FOUR WAY,STRAIGHT AND LEVEL,DRY,NO DEFECTS,ON SCENE,INJURY AND / OR TOW DUE TO CRASH,Y,Y,"OVER $1,500",11/07/2021 07:12:00 PM,DISREGARDING TRAFFIC SIGNALS,UNABLE TO DETERMINE,5454,S,WELLS ST,935.0,2,NONINCAPACITATING INJURY,1.0,0.0,0.0,1.0,0.0,2.0,0.0,19,1,11,41.794682219,-87.63193073,POINT (-87.631930729694 41.794682219385),2021,1150
O1206918,DRIVER,3ba1ac302118dac13b8831093ed94b94ba155af38d90cf7583bd6bd122f0e65028a0c32729d2121bfdbec0b8e43b094a330df0aa4e71335040c1727dca0b7380,JE412363,1145185.0,10/17/2021 02:00:00 AM,CHICAGO,IL,60632,M,25.0,SAFETY BELT USED,DID NOT DEPLOY,NONE,"REPORTED, NOT EVIDENT",UNKNOWN,UNKNOWN,NORMAL,TEST NOT OFFERED,2021,JE412363,10/17/2021 02:00:00 AM,30,TRAFFIC SIGNAL,UNKNOWN,CLEAR,"DARKNESS, LIGHTED ROAD",ANGLE,DIVIDED - W/MEDIAN (NOT RAISED),STRAIGHT AND LEVEL,UNKNOWN,UNKNOWN,NOT ON SCENE (DESK REPORT),INJURY AND / OR TOW DUE TO CRASH,Y,Y,"OVER $1,500",10/17/2021 02:50:00 AM,UNABLE TO DETERMINE,UNABLE TO DETERMINE,2200,S,CANAL ST,914.0,2,"REPORTED, NOT EVIDENT",1.0,0.0,0.0,0.0,1.0,3.0,0.0,2,1,10,41.852769173,-87.638678499,POINT (-87.638678498821 41.852769172801),2021,120
O1246593,DRIVER,37df0d924dbf19377de215efc371693133cf529a2bba3f3b023b45eaa912117f6faaf7601e8ac5887c1d6ed4abf45eb092dcd95504cc662a16baea25a15c78cb,JE478110,1183194.0,12/15/2021 09:50:00 AM,MOUNTLAKE TERRACE,WA,98043,M,28.0,USAGE UNKNOWN,DID NOT DEPLOY,NONE,NO INDICATION OF INJURY,NONE,UNKNOWN,UNKNOWN,TEST NOT OFFERED,2021,JE478110,12/15/2021 09:50:00 AM,30,TRAFFIC SIGNAL,FUNCTIONING PROPERLY,CLEAR,DAYLIGHT,TURNING,NOT DIVIDED,STRAIGHT AND LEVEL,DRY,UNKNOWN,ON SCENE,NO INJURY / DRIVE AWAY,Y,Y,"$501 - $1,500",12/15/2021 09:54:00 AM,DISREGARDING ROAD MARKINGS,IMPROPER TURNING/NO SIGNAL,3602,N,KIMBALL AVE,1732.0,2,NO INDICATION OF INJURY,0.0,0.0,0.0,0.0,0.0,3.0,0.0,9,4,12,41.946711862,-87.71286515700001,POINT (-87.712865157312 41.946711862073),2021,590
O1098061,DRIVER,9fdd10381cf968b1110978aafe7c54885a1ce36e9e6a98c64d9c5fb95d414eca5536faed62af09e3da771a8b63ebf0d3f97190864902c4b4227d9078062c8de2,JE234566,1041535.0,05/18/2021 06:30:00 PM,CHICAGO,IL,60639,M,35.0,SAFETY BELT USED,NOT APPLICABLE,NONE,NO INDICATION OF INJURY,NONE,NOT OBSCURED,NORMAL,TEST NOT OFFERED,2021,JE234566,05/18/2021 06:30:00 PM,30,TRAFFIC SIGNAL,FUNCTIONING PROPERLY,RAIN,DAYLIGHT,REAR END,FOUR WAY,STRAIGHT AND LEVEL,WET,NO DEFECTS,NOT ON SCENE (DESK REPORT),NO INJURY / DRIVE AWAY,Y,Y,"$501 - $1,500",05/18/2021 07:00:00 PM,FOLLOWING TOO CLOSELY,NOT APPLICABLE,2800,N,AUSTIN AVE,2511.0,2,NO INDICATION OF INJURY,0.0,0.0,0.0,0.0,0.0,2.0,0.0,18,3,5,41.931228539,-87.77611523600001,POINT (-87.776115236085 41.931228539179),2021,1110