PERSON_ID,PERSON_TYPE,CRASH_RECORD_ID,RD_NO_x,VEHICLE_ID,CRASH_DATE_x,CITY,STATE,ZIPCODE,SEX,AGE,SAFETY_EQUIPMENT,AIRBAG_DEPLOYED,EJECTION,INJURY_CLASSIFICATION,DRIVER_ACTION,DRIVER_VISION,PHYSICAL_CONDITION,BAC_RESULT,CRASH_YEAR_x,RD_NO_y,CRASH_DATE_y,POSTED_SPEED_LIMIT,TRAFFIC_CONTROL_DEVICE,DEVICE_CONDITION,WEATHER_CONDITION,LIGHTING_CONDITION,FIRST_CRASH_TYPE,TRAFFICWAY_TYPE,ALIGNMENT,ROADWAY_SURFACE_COND,ROAD_DEFECT,REPORT_TYPE,CRASH_TYPE,INTERSECTION_RELATED_I,HIT_AND_RUN_I,DAMAGE,DATE_POLICE_NOTIFIED,PRIM_CONTRIBUTORY_CAUSE,SEC_CONTRIBUTORY_CAUSE,STREET_NO,STREET_DIRECTION,STREET_NAME,BEAT_OF_OCCURRENCE,NUM_UNITS,MOST_SEVERE_INJURY,INJURIES_TOTAL,INJURIES_FATAL,INJURIES_INCAPACITATING,INJURIES_NON_INCAPACITATING,INJURIES_REPORTED_NOT_EVIDENT,INJURIES_NO_INDICATION,INJURIES_UNKNOWN,CRASH_HOUR,CRASH_DAY_OF_WEEK,CRASH_MONTH,LATITUDE,LONGITUDE,LOCATION,CRASH_YEAR_y,TIME
O1202072,DRIVER,feaf18a5ac3a22a2a22fd50c939518ebd0d452aa524ef5f19760de0877976742568dd9442ba7fe5c04cfd96f22dde5016152a39d808b035315fcce68611e9f65,JE404236,1140586.0,10/09/2021 05:25:00 PM,LA GRANGE,IN,46761,M,41.0,SAFETY BELT USED,DID NOT DEPLOY,NONE,NO INDICATION OF INJURY,NONE,NOT OBSCURED,NORMAL,TEST NOT OFFERED,2021,JE404236,10/09/2021 05:25:00 PM,30,STOP SIGN/FLASHER,FUNCTIONING PROPERLY,CLEAR,DAYLIGHT,TURNING,ONE-WAY,STRAIGHT AND LEVEL,DRY,NO DEFECTS,NOT ON SCENE (DESK REPORT),NO INJURY / DRIVE AWAY,Y,Y,"OVER $1,500",10/09/2021 07:40:00 PM,IMPROPER TURNING/NO SIGNAL,NOT APPLICABLE,100,E,OHIO ST,1834.0,2,NO INDICATION OF INJURY,0.0,0.0,0.0,0.0,0.0,3.0,0.0,17,7,10,41.892637896,-87.625341406,POINT (-87.625341405856 41.89263789576),2021,1045
O1192706,DRIVER,03e752ca174a925490f4ccfd09511ad861b5f5fee9f4ad8be0c5e14aa50ccf0184789610280241bef49f7b065b28930c101b385efe4460beff6490ecd3a65371,JE388456,1131641.0,09/26/2021 10:30:00 PM,UNIVERSITY PARK,IL,60484,F,26.0,USAGE UNKNOWN,NOT APPLICABLE,NONE,NO INDICATION OF INJURY,UNKNOWN,NOT OBSCURED,NORMAL,TEST NOT OFFERED,2021,JE388456,09/26/2021 10:30:00 PM,30,TRAFFIC SIGNAL,FUNCTIONING PROPERLY,CLEAR,"DARKNESS, LIGHTED ROAD",TURNING,DIVIDED - W/MEDIAN (NOT RAISED),STRAIGHT AND LEVEL,DRY,NO DEFECTS,ON SCENE,INJURY AND / OR TOW DUE TO CRASH,Y,N,"OVER $1,500",09/26/2021 11:18:00 PM,IMPROPER TURNING/NO SIGNAL,IMPROPER LANE USAGE,600,N,LA SALLE DR,1832.0,2,NO INDICATION OF INJURY,0.0,0.0,0.0,0.0,0.0,2.0,0.0,22,1,9,41.892445282,-87.632755374,POINT (-87.632755374411 41.892445282365),2021,1350
O1102510,DRIVER,79e7a501e8822bcfe66aed6c326d9a6ab26f1ba391a36fc9003e28881ec708ed7af851f8b7cfbf153dde81a07d65d1b8ead4ac37fca3761284c99243b9091303,JE241898,1045799.0,05/25/2021 03:40:00 AM,ELMWOOD,IL,60707,F,31.0,SAFETY BELT USED,DID NOT DEPLOY,NONE,NONINCAPACITATING INJURY,NONE,NOT OBSCURED,NORMAL,TEST NOT OFFERED,2021,JE241898,05/25/2021 03:40:00 AM,30,TRAFFIC SIGNAL,FUNCTIONING PROPERLY,CLEAR,"DARKNESS, LIGHTED ROAD",ANGLE,FOUR WAY,STRAIGHT AND LEVEL,DRY,NO DEFECTS,ON SCENE,INJURY AND / OR TOW DUE TO CRASH,Y,Y,"OVER $1,500",05/25/2021 04:10:00 AM,DISREGARDING TRAFFIC SIGNALS,NOT APPLICABLE,3600,N,OAK PARK AVE,1632.0,4,NONINCAPACITATING INJURY,1.0,0.0,0.0,1.0,0.0,1.0,0.0,3,3,5,41.945566436,-87.796137876,POINT (-87.796137876224 41.94556643629),2021,220
O1149570,DRIVER,be4f327528ff239367d3adfacd1b2153363bd9b48deeeb39797ea7bfefe23fcdd9b01c715a0653ed372d48c529455209c78a56702572c07a98b33a0e6ad5b329,JE317533,1090429.0,07/11/2021 03:30:00 PM,CHICAGO,IL,60612,M,27.0,USAGE UNKNOWN,DEPLOYMENT UNKNOWN,NONE,NO INDICATION OF INJURY,OTHER,UNKNOWN,UNKNOWN,TEST NOT OFFERED,2021,JE317533,07/11/2021 03:30:00 PM,20,NO CONTROLS,NO CONTROLS,CLEAR,DAYLIGHT,ANGLE,PARKING LOT,STRAIGHT AND LEVEL,DRY,NO DEFECTS,ON SCENE,INJURY AND / OR TOW DUE TO CRASH,N,Y,"OVER $1,500",07/11/2021 04:03:00 PM,UNABLE TO DETERMINE,NOT APPLICABLE,11820,S,MARSHFIELD AVE,2234.0,2,NO INDICATION OF INJURY,0.0,0.0,0.0,0.0,0.0,2.0,0.0,15,1,7,41.678691827,-87.662640055,POINT (-87.662640054804 41.678691827313),2021,930
O1191078,DRIVER,b7ef4a1469f6652862365147e68145bb11008faeff77c6a876e4739d5c4be8e411cdc9c31db407ab8a27bbece125fbcb8af0ecfe442de4e2772c6fee20dea0cc,JE385931,1130060.0,09/24/2021 02:55:00 PM,MERRILLVILLE,IN,46410,M,55.0,USAGE UNKNOWN,DID NOT DEPLOY,NONE,NO INDICATION OF INJURY,NONE,NOT OBSCURED,NORMAL,TEST NOT OFFERED,2021,JE385931,09/24/2021 02:55:00 PM,30,TRAFFIC SIGNAL,FUNCTIONING PROPERLY,CLEAR,DAYLIGHT,SIDESWIPE SAME DIRECTION,FOUR WAY,STRAIGHT AND LEVEL,DRY,NO DEFECTS,ON SCENE,NO INJURY / DRIVE AWAY,Y,Y,"OVER $1,500",09/24/2021 04:00:00 PM,IMPROPER OVERTAKING/PASSING,NOT APPLICABLE,11050,S,KEDZIE AVE,2211.0,2,NO INDICATION OF INJURY,0.0,0.0,0.0,0.0,0.0,2.0,0.0,14,6,9,41.691882589,-87.70098613299999,POINT (-87.700986132796 41.691882588611),2021,895
O1210782,DRIVER,08efb7f40d79116fde86e1b2da1fd421502eea305572352374e55aaeffe107d6fbb0c0cae2082ba5ec166a7159b9dbab1ead68e4cb9914c83204cff5071f52a4,JE418980,1148856.0,10/22/2021 05:20:00 PM,CALUMET PARK,IL,60827,F,63.0,NONE PRESENT,DID NOT DEPLOY,NONE,NO INDICATION OF INJURY,NONE,NOT OBSCURED,NORMAL,TEST NOT OFFERED,2021,JE418980,10/22/2021 05:20:00 PM,30,TRAFFIC SIGNAL,FUNCTIONING PROPERLY,CLEAR,DAYLIGHT,SIDESWIPE SAME DIRECTION,T-INTERSECTION,STRAIGHT AND LEVEL,DRY,NO DEFECTS,ON SCENE,NO INJURY / DRIVE AWAY,Y,Y,"OVER $1,500",10/22/2021 05:26:00 PM,DISREGARDING OTHER TRAFFIC SIGNS,IMPROPER OVERTAKING/PASSING,800,W,95TH ST,2223.0,3,NO INDICATION OF INJURY,0.0,0.0,0.0,0.0,0.0,3.0,0.0,17,6,10,41.7215669,-87.643275303,POINT (-87.643275303397 41.721566900478),2021,1040
O1070440,DRIVER,933f6e1877bd6e30177a383cbaaaced48d4a5c679dc2e2c55843ca64edb0909483bf5265e58d83a017ebda2f3694c565c76e6cf11005beac9579d32b75613131,JE188985,1015133.0,04/04/2021 07:10:00 AM,CICERO,IL,60804,M,32.0,USAGE UNKNOWN,DEPLOYMENT UNKNOWN,NONE,NO INDICATION OF INJURY,FOLLOWED TOO CLOSELY,UNKNOWN,UNKNOWN,TEST NOT OFFERED,2021,JE188985,04/04/2021 07:10:00 AM,30,TRAFFIC SIGNAL,FUNCTIONING PROPERLY,CLEAR,DAYLIGHT,REAR END,DIVIDED - W/MEDIAN (NOT RAISED),STRAIGHT AND LEVEL,DRY,NO DEFECTS,ON SCENE,NO INJURY / DRIVE AWAY,Y,Y,"OVER $1,500",04/04/2021 07:15:00 AM,FOLLOWING TOO CLOSELY,NOT APPLICABLE,25,N,WESTERN AVE,1223.0,3,NO INDICATION OF INJURY,0.0,0.0,0.0,0.0,0.0,4.0,0.0,7,1,4,41.881978391,-87.686306309,POINT (-87.686306309289 41.881978391496),2021,430
O1096404,DRIVER,0b21b7851e1b8eca0984aeac6fa827ab6c47d074b8c7a2065ab412050262f2e2e9778d9ecb9f62fc10e3d81790b262325979af9410079eb5f1418f6039472a8d,JE231717,1039953.0,05/16/2021 07:10:00 AM,RIVER GROVE,IL,60171,F,30.0,SAFETY BELT USED,DID NOT DEPLOY,NONE,NO INDICATION OF INJURY,NONE,NOT OBSCURED,NORMAL,TEST NOT OFFERED,2021,JE231717,05/16/2021 07:10:00 AM,30,TRAFFIC SIGNAL,FUNCTIONING PROPERLY,CLEAR,DAYLIGHT,ANGLE,FOUR WAY,STRAIGHT AND LEVEL,DRY,NO DEFECTS,ON SCENE,NO INJURY / DRIVE AWAY,Y,Y,"OVER $1,500",05/16/2021 07:15:00 AM,DISREGARDING TRAFFIC SIGNALS,NOT APPLICABLE,5231,N,MILWAUKEE AVE,1623.0,2,NO INDICATION OF INJURY,0.0,0.0,0.0,0.0,0.0,2.0,0.0,7,1,5,41.975427810999996,-87.767348522,POINT (-87.767348522001 41.975427810596),2021,430
O1195831,DRIVER,a77ca314a2955ab8002e45ddeac2de429a31924321821ab4ea48eab3d6d435a7f1a2356afffd8cb8afc7d6ed09a99d894e80d0c1aa6b7cc2976cc9a9fb22b25f,JE393727,1134603.0,10/01/2021 08:30:00 AM,CHICAGO,IL,60632,F,23.0,USAGE UNKNOWN,DEPLOYMENT UNKNOWN,NONE,NO INDICATION OF INJURY,FAILED TO YIELD,NOT OBSCURED,NORMAL,TEST NOT OFFERED,2021,JE393727,10/01/2021 08:30:00 AM,30,STOP SIGN/FLASHER,FUNCTIONING PROPERLY,CLEAR,DAYLIGHT,ANGLE,FOUR WAY,STRAIGHT AND LEVEL,DRY,NO DEFECTS,ON SCENE,INJURY AND / OR TOW DUE TO CRASH,Y,N,"OVER $1,500",10/01/2021 08:34:00 AM,FAILING TO YIELD RIGHT-OF-WAY,FAILING TO REDUCE SPEED TO AVOID CRASH,5100,S,MILLARD AVE,822.0,2,NONINCAPACITATING INJURY,2.0,0.0,0.0,2.0,0.0,1.0,0.0,8,6,10,41.800577919,-87.714936739,POINT (-87.714936738666 41.800577919443),2021,510
O1141864,DRIVER,351b7bafc6d7f7a58b222d1eb75900ab7124e56d82035309e202cba814861bf9cc49ece46805cd9514534dc1874c24e179d2d5a2fa7792268813b487271e55a8,JE304884,1083127.0,07/17/2021 06:00:00 PM,CICERO,IL,60804,F,25.0,SAFETY BELT USED,NOT APPLICABLE,NONE,NO INDICATION OF INJURY,NONE,NOT OBSCURED,NORMAL,TEST NOT OFFERED,2021,JE304884,07/17/2021 06:00:00 PM,30,NO CONTROLS,NO CONTROLS,CLEAR,DAYLIGHT,SIDESWIPE SAME DIRECTION,T-INTERSECTION,STRAIGHT AND LEVEL,DRY,NO DEFECTS,NOT ON SCENE (DESK REPORT),NO INJURY / DRIVE AWAY,Y,Y,"$501 - $1,500",07/17/2021 07:25:00 PM,UNABLE TO DETERMINE,NOT APPLICABLE,5000,W,NORTH AVE,2533.0,2,NO INDICATION OF INJURY,0.0,0.0,0.0,0.0,0.0,2.0,0.0,18,7,7,41.909669306,-87.751274472,POINT (-87.751274472288 41.909669306053),2021,1080
O1201820,DRIVER,e7a8fb0fbf9c14ddc4d5b346ee8f76c9461d7753dc3ef2aed3a20407d846bea233ff5cab33138451fbc793a6a9b4de281e1c9c23efd95f13a82196a0257c43fd,JE483846,1140337.0,10/09/2021 11:37:00 AM,COOPERSBURG,PA,18036,M,25.0,SAFETY BELT USED,DID NOT DEPLOY,NONE,NO INDICATION OF INJURY,NONE,NOT OBSCURED,NORMAL,TEST NOT OFFERED,2021,JE483846,10/09/2021 11:37:00 AM,30,TRAFFIC SIGNAL,FUNCTIONING PROPERLY,CLEAR,DAYLIGHT,REAR END,NOT DIVIDED,STRAIGHT AND LEVEL,DRY,NO DEFECTS,ON SCENE,NO INJURY / DRIVE AWAY,Y,Y,"OVER $1,500",10/09/2021 12:45:00 PM,UNABLE TO DETERMINE,UNABLE TO DETERMINE,5602,N,CLARK ST,2012.0,2,NO INDICATION OF INJURY,0.0,0.0,0.0,0.0,0.0,2.0,0.0,11,7,10,41.983581889,-87.66892631,POINT (-87.668926309841 41.983581889285),2021,697
O1017954,DRIVER,0e783a0042b406ef60fb86731cf2914ad0be39fece945f199e5d7200c8c5b3cc7ff9b12d0eaa5eca5ee3942c9fde577f85f88e90a483fc4565cd5a2ecb9d4ac1,JE100214,964811.0,01/01/2021 04:23:00 AM,HARVEY,IL,60426,F,38.0,SAFETY BELT USED,DID NOT DEPLOY,NONE,"REPORTED, NOT EVIDENT",FAILED TO YIELD,NOT OBSCURED,IMPAIRED - ALCOHOL,TEST REFUSED,2021,JE100214,01/01/2021 04:23:00 AM,30,TRAFFIC SIGNAL,FUNCTIONING PROPERLY,CLEAR,"DARKNESS, LIGHTED ROAD",TURNING,CENTER TURN LANE,STRAIGHT AND LEVEL,DRY,NO DEFECTS,ON SCENE,INJURY AND / OR TOW DUE TO CRASH,Y,Y,"OVER $1,500",01/01/2021 04:23:00 AM,UNDER THE INFLUENCE OF ALCOHOL/DRUGS (USE WHEN ARREST IS EFFECTED),"OPERATING VEHICLE IN ERRATIC, RECKLESS, CARELESS, NEGLIGENT OR AGGRESSIVE MANNER",6700,S,LAFAYETTE AVE,722.0,2,"REPORTED, NOT EVIDENT",1.0,0.0,0.0,0.0,1.0,2.0,0.0,4,6,1,41.772655335,-87.62690885299999,POINT (-87.626908852725 41.772655335362),2021,263
O1124162,DRIVER,2110d95abde19d62dd9b05fb390f49c843723629c6066c08952a8aa8c3f0fbf349b7828aee94ee23168a9dee2e80988fd931c95041ac093aaf24dfe0c4df34d1,JE275798,1066308.0,06/22/2021 03:18:00 PM,CHICAGO,IL,60629,F,51.0,SAFETY BELT USED,"DEPLOYED, FRONT",NONE,NONINCAPACITATING INJURY,NONE,NOT OBSCURED,NORMAL,TEST NOT OFFERED,2021,JE275798,06/22/2021 03:18:00 PM,30,TRAFFIC SIGNAL,FUNCTIONING PROPERLY,CLEAR,DAYLIGHT,ANGLE,FOUR WAY,STRAIGHT AND LEVEL,DRY,NO DEFECTS,ON SCENE,INJURY AND / OR TOW DUE TO CRASH,Y,Y,"OVER $1,500",06/22/2021 03:23:00 PM,IMPROPER OVERTAKING/PASSING,UNABLE TO DETERMINE,1200,W,69TH ST,724.0,2,NONINCAPACITATING INJURY,1.0,0.0,0.0,1.0,0.0,2.0,0.0,15,3,6,41.768800973000005,-87.65427671399999,POINT (-87.654276713895 41.768800973212),2021,918
O1146749,DRIVER,c7da0e05bbe8a1b6f8d5db912cb27f7202ed60c7caed95724b7e971e899119d9210cf5d83e2334846b37744d7bcc451eab27cb929d13f93a956f74a1e20430a4,JE312799,1087817.0,07/24/2021 05:30:00 PM,CHICAGO,IL,60644,M,35.0,SAFETY BELT USED,NOT APPLICABLE,NONE,NO INDICATION OF INJURY,NONE,NOT OBSCURED,NORMAL,TEST NOT OFFERED,2021,JE312799,07/24/2021 05:30:00 PM,30,TRAFFIC SIGNAL,FUNCTIONING PROPERLY,CLEAR,DAYLIGHT,SIDESWIPE SAME DIRECTION,DIVIDED - W/MEDIAN BARRIER,STRAIGHT AND LEVEL,DRY,NO DEFECTS,NOT ON SCENE (DESK REPORT),NO INJURY / DRIVE AWAY,Y,Y,"$501 - $1,500",07/24/2021 05:32:00 PM,UNABLE TO DETERMINE,NOT APPLICABLE,2298,W,ROOSEVELT RD,1225.0,2,NO INDICATION OF INJURY,0.0,0.0,0.0,0.0,0.0,2.0,0.0,17,7,7,41.866758343,-87.683469839,POINT (-87.683469838532 41.866758343433),2021,1050
O1044172,DRIVER,31ea61e995a3916c50f7b43051b77dcc02929522f10aca7d1d4347525b4b7abb2394b87b883f58175e8bf404e8af7ed525abce868d0b60d150424900aeb3767b,JE144087,989922.0,02/17/2021 04:00:00 PM,CHICAGO,IL,60625,M,51.0,SAFETY BELT USED,DID NOT DEPLOY,NONE,NO INDICATION OF INJURY,NONE,NOT OBSCURED,NORMAL,TEST NOT OFFERED,2021,JE144087,02/17/2021 04:00:00 PM,30,TRAFFIC SIGNAL,FUNCTIONING PROPERLY,CLEAR,DAYLIGHT,ANGLE,DIVIDED - W/MEDIAN (NOT RAISED),STRAIGHT AND LEVEL,DRY,NO DEFECTS,NOT ON SCENE (DESK REPORT),NO INJURY / DRIVE AWAY,Y,Y,"$501 - $1,500",02/17/2021 04:30:00 PM,DISREGARDING TRAFFIC SIGNALS,UNABLE TO DETERMINE,3600,W,IRVING PARK RD,1723.0,2,NO INDICATION OF INJURY,0.0,0.0,0.0,0.0,0.0,2.0,0.0,16,4,2,41.953893201,-87.717885671,POINT (-87.717885670552 41.953893201193),2021,960
O1067004,DRIVER,0af5c9c7cc60c9badccfc19fd9e1b55243f6791a39f2097fe7f59f0fa9fb5d3b6aae711d195304829382d78542d9d20dab182ae09fc50d85ff84caf92100265f,JE183232,1011929.0,03/29/2021 01:45:00 PM,CHICAGO,IL,60628,F,25.0,USAGE UNKNOWN,NOT APPLICABLE,NONE,NO INDICATION OF INJURY,FOLLOWED TOO CLOSELY,UNKNOWN,UNKNOWN,TEST NOT OFFERED,2021,JE183232,03/29/2021 01:45:00 PM,30,TRAFFIC SIGNAL,FUNCTIONING PROPERLY,CLEAR,DAYLIGHT,REAR END,CENTER TURN LANE,STRAIGHT AND LEVEL,DRY,NO DEFECTS,NOT ON SCENE (DESK REPORT),NO INJURY / DRIVE AWAY,Y,N,"$501 - $1,500",03/29/2021 02:00:00 PM,FOLLOWING TOO CLOSELY,NOT APPLICABLE,8300,S,DR MARTIN LUTHER KING JR DR,632.0,2,NO INDICATION OF INJURY,0.0,0.0,0.0,0.0,0.0,2.0,0.0,13,2,3,41.743710966,-87.614881119,POINT (-87.614881119323 41.743710966316),2021,825
O1060051,DRIVER,d497996036a99d24bb9e826bf90f1eb70eedd0d73c6054cce5265ffabff582b630facd1d997e9c9e42d04800ed735a9d6ea1b10a378f6bb819b0dbc5e3f5d1cd,JE171674,1005265.0,03/17/2021 03:30:00 PM,CHICAGO,IL,60628,F,66.0,SAFETY BELT USED,DID NOT DEPLOY,NONE,NO INDICATION OF INJURY,NONE,NOT OBSCURED,NORMAL,TEST NOT OFFERED,2021,JE171674,03/17/2021 03:30:00 PM,30,STOP SIGN/FLASHER,FUNCTIONING PROPERLY,RAIN,DAYLIGHT,ANGLE,FOUR WAY,STRAIGHT AND LEVEL,WET,NO DEFECTS,NOT ON SCENE (DESK REPORT),NO INJURY / DRIVE AWAY,Y,Y,"OVER $1,500",03/17/2021 04:18:00 PM,FAILING TO YIELD RIGHT-OF-WAY,UNABLE TO DETERMINE,9500,S,EMERALD AVE,2223.0,2,NO INDICATION OF INJURY,0.0,0.0,0.0,0.0,0.0,3.0,0.0,15,4,3,41.721383771999996,-87.642143699,POINT (-87.642143699209 41.72138377153),2021,930
O1187668,DRIVER,0da61c395ef3c44cdde2e820d7efdea7c49851549c3915939e10e4fa8b41ed77b2bd3ba01fa4f69deb233edc2ddf41dcfc45313718eb3b47dfe27701c5c60667,JE379949,1126781.0,09/19/2021 06:25:00 PM,CHICAGO,IL,60632,F,23.0,SAFETY BELT USED,NOT APPLICABLE,NONE,NO INDICATION OF INJURY,NONE,NOT OBSCURED,NORMAL,TEST NOT OFFERED,2021,JE379949,09/19/2021 06:25:00 PM,30,TRAFFIC SIGNAL,FUNCTIONING PROPERLY,CLEAR,DAYLIGHT,TURNING,NOT DIVIDED,STRAIGHT AND LEVEL,DRY,NO DEFECTS,ON SCENE,NO INJURY / DRIVE AWAY,Y,Y,"OVER $1,500",09/19/2021 06:29:00 PM,FAILING TO YIELD RIGHT-OF-WAY,UNABLE TO DETERMINE,4701,S,CICERO AVE,815.0,2,NO INDICATION OF INJURY,0.0,0.0,0.0,0.0,0.0,7.0,0.0,18,1,9,41.807533457,-87.743003421,POINT (-87.743003421203 41.807533457298),2021,1105
O1094530,DRIVER,dc3e33379e969b8f6d384818a4ae8da295af8e4e464d964a537ac96918737ffac6bf2ad548fb617dd65c0e1030a26daad26cb9ef50c144856f867abf907dee6f,JE228671,1038152.0,05/13/2021 11:35:00 AM,CHICAGO,IL,60623,M,68.0,USAGE UNKNOWN,NOT APPLICABLE,NONE,NO INDICATION OF INJURY,NONE,NOT OBSCURED,NORMAL,TEST NOT OFFERED,2021,JE228671,05/13/2021 11:35:00 AM,30,STOP SIGN/FLASHER,FUNCTIONING PROPERLY,CLEAR,DAYLIGHT,ANGLE,FOUR WAY,STRAIGHT AND LEVEL,DRY,NO DEFECTS,ON SCENE,INJURY AND / OR TOW DUE TO CRASH,Y,Y,"OVER $1,500",05/13/2021 11:40:00 AM,FAILING TO YIELD RIGHT-OF-WAY,NOT APPLICABLE,5901,W,WASHINGTON BLVD,1513.0,2,NO INDICATION OF INJURY,0.0,0.0,0.0,0.0,0.0,2.0,0.0,11,5,5,41.882037906,-87.771925522,POINT (-87.771925521941 41.882037906488),2021,695
O1242650,DRIVER,6ad2cd2760c2c2d9df724e2db992cc6614fd8bab832f6cb33ed2aabc781b5a60b3f207a16b5d596752a8f63b0b8fe8974d028d963360a2fed7f7b43d0ec2560c,JE471702,1179448.0,12/09/2021 04:37:00 PM,CHICAGO,IL,60652,M,58.0,SAFETY BELT USED,DID NOT DEPLOY,NONE,NO INDICATION OF INJURY,NONE,NOT OBSCURED,NORMAL,TEST NOT OFFERED,2021,JE471702,12/09/2021 04:37:00 PM,30,TRAFFIC SIGNAL,FUNCTIONING PROPERLY,CLEAR,"DARKNESS, LIGHTED ROAD",REAR END,FOUR WAY,STRAIGHT AND LEVEL,DRY,NO DEFECTS,ON SCENE,INJURY AND / OR TOW DUE TO CRASH,Y,Y,"OVER $1,500",12/09/2021 04:40:00 PM,FAILING TO REDUCE SPEED TO AVOID CRASH,UNABLE TO DETERMINE,5458,S,PULASKI RD,815.0,2,NONINCAPACITATING INJURY,1.0,0.0,0.0,1.0,0.0,2.0,0.0,16,5,12,41.793293569,-87.723309185,POINT (-87.723309184773 41.793293569206),2021,997
O1039307,DRIVER,62434adcb70312cf4b916ee50a33c2af2b08fae92af96277646a2fd5f6b2edf3f29f50488f8a0e03c1c67de1cff419ab827e761a097f56ca7fba9e33b75fea9b,JE137098,985157.0,02/09/2021 03:35:00 PM,CHICAGO,IL,60616,F,19.0,USAGE UNKNOWN,DID NOT DEPLOY,NONE,NO INDICATION OF INJURY,UNKNOWN,UNKNOWN,NORMAL,TEST NOT OFFERED,2021,JE137098,02/09/2021 03:35:00 PM,30,TRAFFIC SIGNAL,FUNCTIONING PROPERLY,UNKNOWN,DAYLIGHT,PEDALCYCLIST,DIVIDED - W/MEDIAN BARRIER,STRAIGHT AND LEVEL,UNKNOWN,NO DEFECTS,NOT ON SCENE (DESK REPORT),NO INJURY / DRIVE AWAY,Y,N,"$501 - $1,500",02/09/2021 04:00:00 PM,UNABLE TO DETERMINE,NOT APPLICABLE,1200,S,STATE ST,131.0,2,NO INDICATION OF INJURY,0.0,0.0,0.0,0.0,0.0,2.0,0.0,15,3,2,41.867330511,-87.62756602,POINT (-87.62756601972 41.867330510881),2021,935
O1164682,DRIVER,6bfd6467ba2b84d8db1031378a119bd1c202012c40360585cb61ff9222ce17c9cea93ad9c9affd84685b9c968c66223c6298126574fdfcd1953a42c85966abb1,JE342091,1104808.0,08/18/2021 09:00:00 PM,CHICAGO,IL,60629,F,20.0,SAFETY BELT USED,DID NOT DEPLOY,NONE,NO INDICATION OF INJURY,NONE,NOT OBSCURED,NORMAL,TEST NOT OFFERED,2021,JE342091,08/18/2021 09:00:00 PM,30,TRAFFIC SIGNAL,FUNCTIONING PROPERLY,CLEAR,"DARKNESS, LIGHTED ROAD",REAR END,DIVIDED - W/MEDIAN (NOT RAISED),STRAIGHT AND LEVEL,DRY,NO DEFECTS,NOT ON SCENE (DESK REPORT),NO INJURY / DRIVE AWAY,Y,Y,"OVER $1,500",08/18/2021 11:00:00 PM,UNABLE TO DETERMINE,UNABLE TO DETERMINE,2800,S,LOOMIS ST,913.0,2,NO INDICATION OF INJURY,0.0,0.0,0.0,0.0,0.0,2.0,0.0,21,4,8,41.843726396,-87.659510897,POINT (-87.659510896612 41.843726396332),2021,1260
O1138102,DRIVER,b518f4b6ec47de96e2c03229c668bae920a48b4c97d53dd8f520bb8022c3a6548079fc39536332bffb27ab8d7886c95d53e51ebb507778ef60b42f8316a05792,JE298403,1079513.0,07/12/2021 12:15:00 AM,SKOKIE,IL,60076,F,22.0,SAFETY BELT USED,NOT APPLICABLE,NONE,NO INDICATION OF INJURY,NONE,NOT OBSCURED,NORMAL,TEST NOT OFFERED,2021,JE298403,07/12/2021 12:15:00 AM,30,TRAFFIC SIGNAL,FUNCTIONING PROPERLY,CLOUDY/OVERCAST,"DARKNESS, LIGHTED ROAD",SIDESWIPE SAME DIRECTION,FOUR WAY,STRAIGHT AND LEVEL,WET,NO DEFECTS,ON SCENE,NO INJURY / DRIVE AWAY,Y,Y,"$501 - $1,500",07/12/2021 12:30:00 AM,IMPROPER OVERTAKING/PASSING,UNABLE TO DETERMINE,201,W,OHIO ST,1831.0,2,NO INDICATION OF INJURY,0.0,0.0,0.0,0.0,0.0,2.0,0.0,0,2,7,41.89227792,-87.63416145299999,POINT (-87.634161452628 41.892277919592),2021,15
O1228177,DRIVER,7a8e794eb72a5501cda621f87ffc063c9bb9a7679b64774c45870c3470ea25977edf83c1cbdf38d294f1534dc65c44b10ae01ea0b244b3695242df89d0c71d92,JE447096,1165514.0,11/16/2021 12:20:00 PM,CHICAGO,IL,60634,M,54.0,SAFETY BELT USED,DID NOT DEPLOY,NONE,NO INDICATION OF INJURY,NONE,NOT OBSCURED,NORMAL,TEST NOT OFFERED,2021,JE447096,11/16/2021 12:20:00 PM,30,TRAFFIC SIGNAL,FUNCTIONING PROPERLY,CLEAR,DAWN,REAR END,DIVIDED - W/MEDIAN BARRIER,STRAIGHT AND LEVEL,DRY,NO DEFECTS,NOT ON SCENE (DESK REPORT),NO INJURY / DRIVE AWAY,Y,Y,"$501 - $1,500",11/16/2021 01:15:00 PM,FOLLOWING TOO CLOSELY,FOLLOWING TOO CLOSELY,1200,S,LAKE SHORE DR E,132.0,2,NO INDICATION OF INJURY,0.0,0.0,0.0,0.0,0.0,2.0,0.0,12,3,11,41.867446111999996,-87.618904488,POINT (-87.618904488078 41.867446111851),2021,740