PERSON_ID,PERSON_TYPE,CRASH_RECORD_ID,RD_NO_x,VEHICLE_ID,CRASH_DATE_x,CITY,STATE,ZIPCODE,SEX,AGE,SAFETY_EQUIPMENT,AIRBAG_DEPLOYED,EJECTION,INJURY_CLASSIFICATION,DRIVER_ACTION,DRIVER_VISION,PHYSICAL_CONDITION,BAC_RESULT,CRASH_YEAR_x,RD_NO_y,CRASH_DATE_y,POSTED_SPEED_LIMIT,TRAFFIC_CONTROL_DEVICE,DEVICE_CONDITION,WEATHER_CONDITION,LIGHTING_CONDITION,FIRST_CRASH_TYPE,TRAFFICWAY_TYPE,ALIGNMENT,ROADWAY_SURFACE_COND,ROAD_DEFECT,REPORT_TYPE,CRASH_TYPE,INTERSECTION_RELATED_I,HIT_AND_RUN_I,DAMAGE,DATE_POLICE_NOTIFIED,PRIM_CONTRIBUTORY_CAUSE,SEC_CONTRIBUTORY_CAUSE,STREET_NO,STREET_DIRECTION,STREET_NAME,BEAT_OF_OCCURRENCE,NUM_UNITS,MOST_SEVERE_INJURY,INJURIES_TOTAL,INJURIES_FATAL,INJURIES_INCAPACITATING,INJURIES_NON_INCAPACITATING,INJURIES_REPORTED_NOT_EVIDENT,INJURIES_NO_INDICATION,INJURIES_UNKNOWN,CRASH_HOUR,CRASH_DAY_OF_WEEK,CRASH_MONTH,LATITUDE,LONGITUDE,LOCATION,CRASH_YEAR_y,TIME
O1176263,DRIVER,e0083d6d86b4fd19f356f6b9f946e9168556c8e966ecbaab20342a0a46b3e18a3a387b348584d82baf245206ff7b1e779f92afb4cacbcf8748c762a2f4f8d99e,JE355985,1115864.0,08/31/2021 09:45:00 AM,CHICAGO,IL,60608,F,20.0,NONE PRESENT,"DEPLOYED, FRONT",NONE,NO INDICATION OF INJURY,NONE,NOT OBSCURED,NORMAL,TEST NOT OFFERED,2021,JE355985,08/31/2021 09:45:00 AM,30,NO CONTROLS,NO CONTROLS,CLEAR,DAYLIGHT,REAR END,NOT DIVIDED,STRAIGHT AND LEVEL,DRY,NO DEFECTS,NOT ON SCENE (DESK REPORT),NO INJURY / DRIVE AWAY,Y,Y,"OVER $1,500",08/31/2021 11:05:00 AM,FAILING TO REDUCE SPEED TO AVOID CRASH,"VISION OBSCURED (SIGNS, TREE LIMBS, BUILDINGS, ETC.)",10033,S,PRAIRIE AVE,511.0,3,NO INDICATION OF INJURY,0.0,0.0,0.0,0.0,0.0,3.0,0.0,9,3,8,41.711729233,-87.61738591700001,POINT (-87.61738591727 41.711729232731),2021,585
O1020067,DRIVER,186d9e41e4bc28d452043e6120b4f48ac32c5f5037adb7755254cb7e9e0fa067847c9950552b246f3b60bf45d181871d3e9d2015299e38cfe9b9dc40ead0e8ba,JE104092,966825.0,01/05/2021 02:50:00 PM,CHICAGO,IL,60639,F,31.0,USAGE UNKNOWN,DID NOT DEPLOY,NONE,NO INDICATION OF INJURY,NONE,UNKNOWN,NORMAL,TEST NOT OFFERED,2021,JE104092,01/05/2021 02:50:00 PM,30,STOP SIGN/FLASHER,FUNCTIONING PROPERLY,CLEAR,DAYLIGHT,TURNING,DIVIDED - W/MEDIAN (NOT RAISED),STRAIGHT AND LEVEL,DRY,NO DEFECTS,ON SCENE,INJURY AND / OR TOW DUE TO CRASH,Y,Y,"OVER $1,500",01/05/2021 03:05:00 PM,IMPROPER TURNING/NO SIGNAL,NOT APPLICABLE,3300,W,28TH ST,1032.0,2,NO INDICATION OF INJURY,0.0,0.0,0.0,0.0,0.0,2.0,0.0,14,3,1,41.840945577,-87.707429981,POINT (-87.70742998124 41.840945577478),2021,890
O1098209,DRIVER,6d451d92d4aa3d2c295082ce48ee8f0e239dc7da283587d2de71da842a3d80977ac177d72737adf0bf7aca726c2a5d6d4e8d5faca6e63dcf3fc84fd0ad04de27,JE234846,1041674.0,05/19/2021 04:03:00 AM,CHICAGO,IL,60629,M,57.0,SAFETY BELT USED,DID NOT DEPLOY,NONE,NO INDICATION OF INJURY,NONE,NOT OBSCURED,NORMAL,TEST NOT OFFERED,2021,JE234846,05/19/2021 04:03:00 AM,30,STOP SIGN/FLASHER,FUNCTIONING PROPERLY,CLEAR,"DARKNESS, LIGHTED ROAD",PARKED MOTOR VEHICLE,NOT DIVIDED,STRAIGHT AND LEVEL,DRY,NO DEFECTS,ON SCENE,NO INJURY / DRIVE AWAY,Y,Y,"OVER $1,500",05/19/2021 04:05:00 AM,UNABLE TO DETERMINE,UNABLE TO DETERMINE,3800,W,64TH PL,823.0,3,NO INDICATION OF INJURY,0.0,0.0,0.0,0.0,0.0,2.0,0.0,4,4,5,41.776103021,-87.71791082600001,POINT (-87.717910825719 41.776103021051),2021,243
O1187383,DRIVER,cebc7513a46423b0e849091b1126d6a01afdd450540a0d809e2c09e1f5d70578ac028ac673018185d2aa178833f73894cdd2a1cddb5eda0db4ef03d0624c4754,JE379455,1126521.0,09/19/2021 11:43:00 AM,CHICAGO,IL,60637,F,61.0,SAFETY BELT USED,DID NOT DEPLOY,NONE,NO INDICATION OF INJURY,NONE,NOT OBSCURED,NORMAL,TEST NOT OFFERED,2021,JE379455,09/19/2021 11:43:00 AM,35,TRAFFIC SIGNAL,FUNCTIONING PROPERLY,CLEAR,DAYLIGHT,ANGLE,T-INTERSECTION,STRAIGHT AND LEVEL,DRY,NO DEFECTS,ON SCENE,INJURY AND / OR TOW DUE TO CRASH,Y,Y,"$501 - $1,500",09/19/2021 11:55:00 AM,UNABLE TO DETERMINE,UNABLE TO DETERMINE,6800,S,SOUTH CHICAGO AVE,322.0,2,NO INDICATION OF INJURY,0.0,0.0,0.0,0.0,0.0,2.0,0.0,11,1,9,41.770773216,-87.612632476,POINT (-87.612632476364 41.770773215833),2021,703
O1065810,DRIVER,69f70f3de68375ba00500e46122208f472211d8071612d065cb85714e8ac21d24b0eaed281f254d6cf8545940f2d6e40f79e32ab1c113ee9cda699b294a9ba23,JE181268,1010794.0,03/27/2021 11:35:00 AM,CHICAGO,IL,60707,M,21.0,SAFETY BELT USED,DID NOT DEPLOY,NONE,NO INDICATION OF INJURY,NONE,NOT OBSCURED,NORMAL,TEST NOT OFFERED,2021,JE181268,03/27/2021 11:35:00 AM,30,TRAFFIC SIGNAL,FUNCTIONING PROPERLY,CLEAR,DAYLIGHT,TURNING,DIVIDED - W/MEDIAN (NOT RAISED),STRAIGHT AND LEVEL,DRY,UNKNOWN,ON SCENE,INJURY AND / OR TOW DUE TO CRASH,Y,Y,"OVER $1,500",03/27/2021 11:36:00 AM,UNABLE TO DETERMINE,UNABLE TO DETERMINE,6458,S,KEDZIE AVE,823.0,3,NONINCAPACITATING INJURY,1.0,0.0,0.0,1.0,0.0,2.0,0.0,11,7,3,41.775365089,-87.70320044399999,POINT (-87.703200444368 41.775365089204),2021,695
O1026934,DRIVER,e9c2095fc624c5a17d14cefdd6f4effd7ccd9882dc321d0421dd05d8e02df75317b344e94478e165b28f60a0000d41a47c112bc48f25760c2c607cd01adac092,JE117009,973335.0,01/19/2021 10:55:00 AM,CHICAGO,IL,60620,M,18.0,USAGE UNKNOWN,DID NOT DEPLOY,NONE,NO INDICATION OF INJURY,FAILED TO YIELD,OTHER,UNKNOWN,TEST NOT OFFERED,2021,JE117009,01/19/2021 10:55:00 AM,30,STOP SIGN/FLASHER,FUNCTIONING PROPERLY,CLOUDY/OVERCAST,DAYLIGHT,ANGLE,UNKNOWN INTERSECTION TYPE,STRAIGHT AND LEVEL,DRY,UNKNOWN,ON SCENE,INJURY AND / OR TOW DUE TO CRASH,Y,Y,"OVER $1,500",01/19/2021 10:56:00 AM,FAILING TO YIELD RIGHT-OF-WAY,FAILING TO YIELD RIGHT-OF-WAY,1600,W,89TH ST,2221.0,2,NO INDICATION OF INJURY,0.0,0.0,0.0,0.0,0.0,2.0,0.0,10,3,1,41.732285467,-87.66305391600001,POINT (-87.663053916059 41.732285466979),2021,655
O1131873,DRIVER,8d34703bca6e8d34703600b0c203873f853b8213dea22d5eef9985e105df402f5895490802b5552d637b5ea5ba04e03355457bd77857961024abd3a617374dd8,JE288301,1073674.0,07/03/2021 10:17:00 AM,CHICAGO,IL,60803,M,67.0,SAFETY BELT USED,"DEPLOYED, COMBINATION",NONE,NONINCAPACITATING INJURY,NONE,NOT OBSCURED,NORMAL,TEST NOT OFFERED,2021,JE288301,07/03/2021 10:17:00 AM,30,TRAFFIC SIGNAL,FUNCTIONING PROPERLY,CLEAR,DAYLIGHT,ANGLE,FOUR WAY,STRAIGHT AND LEVEL,DRY,NO DEFECTS,ON SCENE,INJURY AND / OR TOW DUE TO CRASH,Y,Y,"OVER $1,500",07/03/2021 10:17:00 AM,DISREGARDING TRAFFIC SIGNALS,FAILING TO YIELD RIGHT-OF-WAY,4000,W,115TH ST,2211.0,2,NONINCAPACITATING INJURY,1.0,0.0,0.0,1.0,0.0,1.0,0.0,10,7,7,41.684075595,-87.72012775600001,POINT (-87.720127755565 41.684075594578),2021,617
O1236768,DRIVER,e71f05172155a5c2eb9a2fcc3cd027be17169fb1ee635180d7a196b23dc8662bd1d5c1bef1f77710498b49130c68524c034169646ce355b03f0c2b6d3289b7a3,JE461276,1173808.0,11/30/2021 11:50:00 AM,CHICAGO,IL,60652,M,53.0,USAGE UNKNOWN,NOT APPLICABLE,NONE,NO INDICATION OF INJURY,NONE,UNKNOWN,NORMAL,TEST NOT OFFERED,2021,JE461276,11/30/2021 11:50:00 AM,30,TRAFFIC SIGNAL,UNKNOWN,UNKNOWN,UNKNOWN,REAR END,DIVIDED - W/MEDIAN BARRIER,STRAIGHT AND LEVEL,UNKNOWN,UNKNOWN,NOT ON SCENE (DESK REPORT),NO INJURY / DRIVE AWAY,Y,Y,"OVER $1,500",11/30/2021 12:10:00 PM,FOLLOWING TOO CLOSELY,UNABLE TO DETERMINE,4002,W,79TH ST,834.0,2,NO INDICATION OF INJURY,0.0,0.0,0.0,0.0,0.0,3.0,0.0,11,3,11,41.749678119,-87.722062935,POINT (-87.722062935058 41.749678118665),2021,710
O1191563,DRIVER,e4402cd374bac29fbc6cda60732118437ef6b72690167f0cebb49aea172bdeef5e49158a42a891e3aa39e712f4d1ed75bc37c5a30219d772fdfbbb7075aa31cf,JE386589,1130522.0,09/25/2021 05:30:00 AM,CHICAGO,IL,60620,F,28.0,USAGE UNKNOWN,DEPLOYMENT UNKNOWN,NONE,NO INDICATION OF INJURY,UNKNOWN,UNKNOWN,NORMAL,TEST NOT OFFERED,2021,JE386589,09/25/2021 05:30:00 AM,30,TRAFFIC SIGNAL,FUNCTIONING PROPERLY,CLEAR,DAWN,TURNING,FOUR WAY,STRAIGHT AND LEVEL,DRY,UNKNOWN,ON SCENE,INJURY AND / OR TOW DUE TO CRASH,Y,Y,"OVER $1,500",09/25/2021 08:26:00 AM,UNABLE TO DETERMINE,UNABLE TO DETERMINE,11100,S,STATE ST,522.0,2,NO INDICATION OF INJURY,0.0,0.0,0.0,0.0,0.0,2.0,0.0,5,7,9,41.692537042,-87.623249265,POINT (-87.623249265298 41.692537041934),2021,330
O1213117,DRIVER,a0d1268b5c84449ff691638a09426e9ebea17f1cfce89b3a59edb46d24875d6d72377d6e5da788da2b9f37b6421a389bad1b33c15efc5a7910914a52b8c099d0,JE422482,1151107.0,10/25/2021 10:30:00 PM,CALUMET CITY,IL,60609,M,42.0,SAFETY BELT USED,"DEPLOYED, COMBINATION",NONE,NO INDICATION OF INJURY,NONE,UNKNOWN,UNKNOWN,TEST NOT OFFERED,2021,JE422482,10/25/2021 10:30:00 PM,30,TRAFFIC SIGNAL,FUNCTIONING PROPERLY,CLEAR,"DARKNESS, LIGHTED ROAD",TURNING,DIVIDED - W/MEDIAN BARRIER,STRAIGHT AND LEVEL,WET,NO DEFECTS,ON SCENE,NO INJURY / DRIVE AWAY,Y,Y,"OVER $1,500",10/25/2021 10:30:00 PM,FAILING TO YIELD RIGHT-OF-WAY,NOT APPLICABLE,10700,S,HALSTED ST,2233.0,2,NO INDICATION OF INJURY,0.0,0.0,0.0,0.0,0.0,2.0,0.0,22,2,10,41.699547415,-87.642751915,POINT (-87.64275191512 41.699547414667),2021,1350
O1087090,DRIVER,6dcf52569ca825d9d1791eccb9230e815b2838d8259b5014d545514e8df683adfc4bd2eafa65efece129ef367b1cdc43aba3604273f3b9c1baff1a575d5adf7e,JE216957,1031024.0,05/02/2021 09:30:00 AM,BERWYN,IL,60402,F,31.0,SAFETY BELT USED,NOT APPLICABLE,NONE,NO INDICATION OF INJURY,OTHER,NOT OBSCURED,NORMAL,TEST NOT OFFERED,2021,JE216957,05/02/2021 09:30:00 AM,30,TRAFFIC SIGNAL,FUNCTIONING PROPERLY,CLEAR,DAYLIGHT,REAR TO FRONT,ONE-WAY,STRAIGHT AND LEVEL,DRY,NO DEFECTS,NOT ON SCENE (DESK REPORT),NO INJURY / DRIVE AWAY,Y,Y,"OVER $1,500",05/02/2021 10:30:00 AM,IMPROPER BACKING,UNABLE TO DETERMINE,3759,W,HARRISON ST,1133.0,2,NO INDICATION OF INJURY,0.0,0.0,0.0,0.0,0.0,2.0,0.0,9,1,5,41.873405849,-87.72033139,POINT (-87.720331389988 41.87340584874),2021,570
O1105511,DRIVER,24c90dcfa094405ac416b0fc98191dcca0f508e9c65174550064ea4fcdff988f2089b273f1b8ab581f53668165aa34624a78ca52bff4e7755a8d9b28e5fc90d6,JE246452,1048692.0,05/29/2021 02:02:00 AM,CHICAGO,IL,60630,M,22.0,SAFETY BELT USED,DID NOT DEPLOY,NONE,NO INDICATION OF INJURY,NONE,NOT OBSCURED,NORMAL,TEST NOT OFFERED,2021,JE246452,05/29/2021 02:02:00 AM,35,TRAFFIC SIGNAL,FUNCTIONING PROPERLY,CLEAR,"DARKNESS, LIGHTED ROAD",TURNING,DIVIDED - W/MEDIAN (NOT RAISED),STRAIGHT AND LEVEL,DRY,NO DEFECTS,ON SCENE,INJURY AND / OR TOW DUE TO CRASH,Y,Y,"OVER $1,500",05/29/2021 02:23:00 AM,IMPROPER TURNING/NO SIGNAL,UNABLE TO DETERMINE,6409,W,DEVON AVE,1611.0,2,NO INDICATION OF INJURY,0.0,0.0,0.0,0.0,0.0,5.0,0.0,2,7,5,41.997241899,-87.787854153,POINT (-87.787854153156 41.997241899113),2021,122
O1113880,DRIVER,d5d4c69517eabfd9a46635c958e73b8b91a92860b6b10030cef63fcfba126a32a71b958130894baa8bd91cab67f1af5a620ec1333f94fd822b7e0f94c12285c8,JE259776,1056622.0,06/09/2021 03:30:00 PM,CHICAGO,IL,60636,F,34.0,SAFETY BELT USED,DID NOT DEPLOY,NONE,NO INDICATION OF INJURY,NONE,NOT OBSCURED,NORMAL,TEST NOT OFFERED,2021,JE259776,06/09/2021 03:30:00 PM,30,NO CONTROLS,NO CONTROLS,CLEAR,DAYLIGHT,TURNING,NOT DIVIDED,STRAIGHT AND LEVEL,DRY,NO DEFECTS,NOT ON SCENE (DESK REPORT),NO INJURY / DRIVE AWAY,Y,Y,"OVER $1,500",06/09/2021 03:45:00 PM,UNABLE TO DETERMINE,NOT APPLICABLE,8800,S,VINCENNES AVE,2222.0,2,NO INDICATION OF INJURY,0.0,0.0,0.0,0.0,0.0,4.0,0.0,15,4,6,41.734190679,-87.646031043,POINT (-87.646031043207 41.734190678884),2021,930
O1172208,DRIVER,27a7ff983c4aa6f2ebf23befd932e089e6f6e794c62af6bbe2457bedb2fc0fa367fa05efef680bc48fbd14ef0cbfc21daa614a9c22bea183d84f78a2f9872190,JE354330,1112001.0,08/29/2021 02:35:00 PM,CHICAGO,IL,60651,M,65.0,SAFETY BELT USED,DID NOT DEPLOY,NONE,NO INDICATION OF INJURY,NONE,NOT OBSCURED,NORMAL,TEST NOT OFFERED,2021,JE354330,08/29/2021 02:35:00 PM,30,TRAFFIC SIGNAL,FUNCTIONING PROPERLY,CLEAR,DAYLIGHT,ANGLE,FOUR WAY,STRAIGHT AND LEVEL,DRY,NO DEFECTS,NOT ON SCENE (DESK REPORT),NO INJURY / DRIVE AWAY,Y,Y,"OVER $1,500",08/29/2021 02:35:00 PM,DISREGARDING TRAFFIC SIGNALS,FAILING TO REDUCE SPEED TO AVOID CRASH,1023,N,MENARD AVE,1511.0,2,NO INDICATION OF INJURY,0.0,0.0,0.0,0.0,0.0,2.0,0.0,14,1,8,41.899142653,-87.770261536,POINT (-87.770261536228 41.899142652747),2021,875
O1089867,DRIVER,6e879cb99c1c64dd8baf7ff262996e5f05d2c6af6a8ccb6884424617abc3bd596fa48b421be2cafd2ec17cc0ad5aa7f9f79f374b45e75335d40ebea8e599f90a,JE221447,1033690.0,04/30/2021 05:00:00 PM,CHICAGO,IL,60624,M,38.0,SAFETY BELT USED,NOT APPLICABLE,NONE,NO INDICATION OF INJURY,NONE,NOT OBSCURED,NORMAL,TEST NOT OFFERED,2021,JE221447,04/30/2021 05:00:00 PM,30,TRAFFIC SIGNAL,UNKNOWN,CLEAR,DAYLIGHT,SIDESWIPE SAME DIRECTION,ONE-WAY,STRAIGHT AND LEVEL,DRY,NO DEFECTS,NOT ON SCENE (DESK REPORT),NO INJURY / DRIVE AWAY,Y,N,"OVER $1,500",05/06/2021 11:35:00 AM,UNABLE TO DETERMINE,UNABLE TO DETERMINE,4400,W,CONGRESS PKWY,1131.0,2,NO INDICATION OF INJURY,0.0,0.0,0.0,0.0,0.0,5.0,0.0,17,6,4,41.874339901,-87.735365359,POINT (-87.735365358848 41.874339901217),2021,1020
O1127679,DRIVER,b3d60be3aefab1555ce1e0cc7f3ddf7b957c345f283ae4b3abafd95fd9ab525f473e8f040e7e350d6c4df7291f7986950d07e6f40af5940cb9f42d624c59d533,JE281443,1069679.0,06/27/2021 04:13:00 PM,CHICAGO,IL,60612,M,33.0,SAFETY BELT USED,NOT APPLICABLE,NONE,NO INDICATION OF INJURY,EMERGENCY VEHICLE ON CALL,NOT OBSCURED,NORMAL,TEST NOT OFFERED,2021,JE281443,06/27/2021 04:13:00 PM,30,TRAFFIC SIGNAL,FUNCTIONING PROPERLY,CLEAR,DAYLIGHT,SIDESWIPE SAME DIRECTION,FOUR WAY,STRAIGHT AND LEVEL,DRY,NO DEFECTS,ON SCENE,NO INJURY / DRIVE AWAY,Y,Y,"OVER $1,500",06/27/2021 04:14:00 PM,"OPERATING VEHICLE IN ERRATIC, RECKLESS, CARELESS, NEGLIGENT OR AGGRESSIVE MANNER",IMPROPER BACKING,31,N,HOMAN BLVD,1123.0,4,NO INDICATION OF INJURY,0.0,0.0,0.0,0.0,0.0,7.0,0.0,16,1,6,41.881772814,-87.710884728,POINT (-87.710884727706 41.881772814324),2021,973
O1081683,DRIVER,ce610149ea4976700d3d10709f587cd5bd7c351c619e5539df8f8711c7d0045d6fbc84b408065e07b447758b71fd0cc19bca9449daab3f09b2903dc0cc7bb53f,JE207992,1025899.0,04/23/2021 04:00:00 PM,CHICAGO,IL,60618,M,50.0,USAGE UNKNOWN,DID NOT DEPLOY,NONE,NO INDICATION OF INJURY,OTHER,NOT OBSCURED,NORMAL,TEST NOT OFFERED,2021,JE207992,04/23/2021 04:00:00 PM,30,TRAFFIC SIGNAL,FUNCTIONING PROPERLY,CLEAR,DAYLIGHT,REAR END,NOT DIVIDED,STRAIGHT AND LEVEL,DRY,UNKNOWN,NOT ON SCENE (DESK REPORT),NO INJURY / DRIVE AWAY,Y,Y,"OVER $1,500",04/23/2021 04:35:00 PM,FOLLOWING TOO CLOSELY,FOLLOWING TOO CLOSELY,102,E,BALBO DR,114.0,2,NO INDICATION OF INJURY,0.0,0.0,0.0,0.0,0.0,2.0,0.0,16,6,4,41.873273379000004,-87.62405544200001,POINT (-87.624055442003 41.873273378935),2021,960
O1075657,DRIVER,049f542ec97abbfb37c607bbef36639fbd5b0028499f2fe714edc2999c58225bd0c6c3a17b044335a256cec2d2b7ed1efa021bcaa4c8af37ea32b5a6a3202b64,JE197231,1020117.0,04/11/2021 01:00:00 AM,MELROSE PARK,IL,60164,M,37.0,SAFETY BELT USED,NOT APPLICABLE,NONE,NO INDICATION OF INJURY,NONE,UNKNOWN,UNKNOWN,TEST NOT OFFERED,2021,JE197231,04/11/2021 01:00:00 AM,45,TRAFFIC SIGNAL,UNKNOWN,UNKNOWN,"DARKNESS, LIGHTED ROAD",TURNING,FOUR WAY,STRAIGHT AND LEVEL,DRY,UNKNOWN,NOT ON SCENE (DESK REPORT),INJURY AND / OR TOW DUE TO CRASH,Y,Y,"OVER $1,500",04/12/2021 01:40:00 PM,IMPROPER LANE USAGE,UNABLE TO DETERMINE,10000,W,OHARE ST,1651.0,2,NO INDICATION OF INJURY,0.0,0.0,0.0,0.0,0.0,3.0,0.0,1,1,4,41.976201139000004,-87.905309125,POINT (-87.905309125103 41.976201139024),2021,60
O1055682,DRIVER,b63b8f61b21375e405e560590eae14628e8e42b2500e026bfe222a6a22a69aec31f2eb261aee78f1d7c4488abc18df28e301c6087a96f8dac5db7ef7cef81927,JE163244,1001027.0,03/08/2021 08:58:00 PM,EVANSTON,IL,60202,M,49.0,SAFETY BELT USED,"DEPLOYED, SIDE",NONE,NO INDICATION OF INJURY,NONE,NOT OBSCURED,NORMAL,TEST NOT OFFERED,2021,JE163244,03/08/2021 08:58:00 PM,30,TRAFFIC SIGNAL,FUNCTIONING PROPERLY,CLEAR,"DARKNESS, LIGHTED ROAD",SIDESWIPE SAME DIRECTION,FOUR WAY,STRAIGHT AND LEVEL,DRY,NO DEFECTS,ON SCENE,INJURY AND / OR TOW DUE TO CRASH,Y,N,"OVER $1,500",03/08/2021 09:03:00 PM,IMPROPER LANE USAGE,FAILING TO YIELD RIGHT-OF-WAY,2158,W,TAYLOR ST,1225.0,3,NONINCAPACITATING INJURY,2.0,0.0,0.0,2.0,0.0,3.0,0.0,20,2,3,41.869156976999996,-87.68060881,POINT (-87.680608810294 41.86915697687),2021,1258
O1082934,DRIVER,a24724d311e46eca3a5f05eff3dc428dbb397a858e3ed3eec38e0ad4c08c183f79ef9c3f388a17c30d07390ad3fb3956c951b197c2361f473d4f7d45da4b1b1f,JD210276,1027074.0,04/26/2021 08:40:00 AM,CHICAGO,IL,60618,M,72.0,SAFETY BELT USED,DID NOT DEPLOY,NONE,NO INDICATION OF INJURY,NONE,NOT OBSCURED,NORMAL,TEST NOT OFFERED,2021,JD210276,04/26/2021 08:40:00 AM,35,STOP SIGN/FLASHER,FUNCTIONING PROPERLY,CLEAR,DAYLIGHT,ANGLE,NOT DIVIDED,STRAIGHT AND LEVEL,DRY,NO DEFECTS,ON SCENE,INJURY AND / OR TOW DUE TO CRASH,Y,Y,"OVER $1,500",04/26/2021 08:50:00 AM,UNABLE TO DETERMINE,NOT APPLICABLE,3432,W,OGDEN AVE,1021.0,2,NO INDICATION OF INJURY,0.0,0.0,0.0,0.0,0.0,2.0,0.0,8,2,4,41.855987707,-87.711396684,POINT (-87.711396684388 41.855987706586),2021,520
O1031655,DRIVER,cfb75e796340fc3b58edef1ed2efadd164167a67b92eb51bb8d93139665257857dcf8d4a47753f0496307a800e0efb2e319bb673249754715228e2f1c44e4cb7,JE125676,977848.0,01/28/2021 01:30:00 PM,HIGHLAND PARK,IL,60035,M,69.0,SAFETY BELT USED,DID NOT DEPLOY,NONE,NO INDICATION OF INJURY,NONE,NOT OBSCURED,NORMAL,TEST NOT OFFERED,2021,JE125676,01/28/2021 01:30:00 PM,15,NO CONTROLS,NO CONTROLS,CLEAR,DAYLIGHT,ANGLE,NOT DIVIDED,STRAIGHT AND LEVEL,DRY,NO DEFECTS,NOT ON SCENE (DESK REPORT),NO INJURY / DRIVE AWAY,Y,Y,"OVER $1,500",01/28/2021 02:00:00 PM,UNABLE TO DETERMINE,NOT APPLICABLE,200,W,87TH ST,622.0,2,NO INDICATION OF INJURY,0.0,0.0,0.0,0.0,0.0,2.0,0.0,13,5,1,41.736261699,-87.629064716,POINT (-87.629064716425 41.736261699376),2021,810
O1055169,DRIVER,3feec1943c16a2db72d5ff40babb37e39c591f71e41589c5df6ba37fd99051367b0b468046358f10eafaab35d834593faffaff10611bdc01eafa1b657dfa8caf,JE162168,1000529.0,03/07/2021 07:43:00 PM,SAINT CHARLES,IL,60174,F,31.0,USAGE UNKNOWN,DID NOT DEPLOY,NONE,NO INDICATION OF INJURY,NONE,UNKNOWN,NORMAL,TEST NOT OFFERED,2021,JE162168,03/07/2021 07:43:00 PM,30,STOP SIGN/FLASHER,UNKNOWN,CLEAR,"DARKNESS, LIGHTED ROAD",ANGLE,FOUR WAY,STRAIGHT AND LEVEL,DRY,NO DEFECTS,ON SCENE,NO INJURY / DRIVE AWAY,Y,Y,"$501 - $1,500",03/07/2021 07:43:00 PM,DISREGARDING STOP SIGN,NOT APPLICABLE,199,E,73RD ST,323.0,2,NO INDICATION OF INJURY,0.0,0.0,0.0,0.0,0.0,4.0,0.0,19,1,3,41.761855912,-87.62008004,POINT (-87.620080040169 41.761855911568),2021,1183
O1090313,DRIVER,699484ca245a6af5f8049dd818c4b3727978fe1b40550b97e854d5da5e2318161f632ebc2d3fdb2a1f58e2a7ca7f3a9009307d579dd511270cf545425f8c3b1d,JE222042,1034114.0,05/06/2021 08:32:00 PM,CHICAGO,IL,60620,M,23.0,USAGE UNKNOWN,"DEPLOYED, COMBINATION",NONE,NO INDICATION OF INJURY,UNKNOWN,NOT OBSCURED,EMOTIONAL,TEST NOT OFFERED,2021,JE222042,05/06/2021 08:32:00 PM,30,STOP SIGN/FLASHER,FUNCTIONING PROPERLY,CLEAR,"DARKNESS, LIGHTED ROAD",ANGLE,NOT DIVIDED,STRAIGHT AND LEVEL,DRY,NO DEFECTS,NOT ON SCENE (DESK REPORT),INJURY AND / OR TOW DUE TO CRASH,Y,Y,"OVER $1,500",05/06/2021 08:37:00 PM,DISREGARDING STOP SIGN,NOT APPLICABLE,6401,S,CALIFORNIA AVE,825.0,2,NO INDICATION OF INJURY,0.0,0.0,0.0,0.0,0.0,4.0,0.0,20,5,5,41.777170526,-87.693196392,POINT (-87.693196392058 41.77717052558),2021,1232
O1144581,DRIVER,55dbe35f13920d3caf4c07925143e46eb312484147e0e883f9fbf434d3024e377e92d4a148e2cba67d3dc6fa127b140db578b518adf8bfa44d6edf7f61f350a5,JE309358,1085711.0,07/20/2021 04:30:00 PM,CHICAGO,IL,60639,F,48.0,NONE PRESENT,NOT APPLICABLE,NONE,NO INDICATION OF INJURY,NONE,NOT OBSCURED,NORMAL,TEST NOT OFFERED,2021,JE309358,07/20/2021 04:30:00 PM,30,TRAFFIC SIGNAL,FUNCTIONING PROPERLY,CLEAR,DAYLIGHT,TURNING,FOUR WAY,STRAIGHT AND LEVEL,DRY,NO DEFECTS,NOT ON SCENE (DESK REPORT),NO INJURY / DRIVE AWAY,Y,Y,"OVER $1,500",07/21/2021 06:00:00 PM,IMPROPER TURNING/NO SIGNAL,UNABLE TO DETERMINE,2175,N,AUSTIN AVE,2515.0,2,NO INDICATION OF INJURY,0.0,0.0,0.0,0.0,0.0,2.0,0.0,16,3,7,41.920156692,-87.775444402,POINT (-87.775444401905 41.92015669223),2021,990
O1124411,DRIVER,9ce8cdaa806e44bdb6b7110259848888d61d629007f01dd5d7b6247e16b57f79a3f79c5ceca4185cf2af9a58879566cb8ada0fce7bd09c21839f46f6ba093dbc,JE276205,1066547.0,06/22/2021 10:05:00 PM,CHICAGO,IL,60628,F,28.0,SAFETY BELT USED,DID NOT DEPLOY,NONE,"REPORTED, NOT EVIDENT",NONE,NOT OBSCURED,NORMAL,TEST NOT OFFERED,2021,JE276205,06/22/2021 10:05:00 PM,30,TRAFFIC SIGNAL,FUNCTIONING PROPERLY,CLEAR,"DARKNESS, LIGHTED ROAD",ANGLE,NOT DIVIDED,STRAIGHT AND LEVEL,DRY,SHOULDER DEFECT,ON SCENE,INJURY AND / OR TOW DUE TO CRASH,Y,Y,"OVER $1,500",06/22/2021 10:10:00 PM,DISREGARDING TRAFFIC SIGNALS,FAILING TO REDUCE SPEED TO AVOID CRASH,401,E,45TH ST,221.0,2,"REPORTED, NOT EVIDENT",1.0,0.0,0.0,0.0,1.0,2.0,0.0,22,3,6,41.812905536,-87.616300564,POINT (-87.616300564156 41.812905535847),2021,1325