PERSON_ID,PERSON_TYPE,CRASH_RECORD_ID,RD_NO_x,VEHICLE_ID,CRASH_DATE_x,CITY,STATE,ZIPCODE,SEX,AGE,SAFETY_EQUIPMENT,AIRBAG_DEPLOYED,EJECTION,INJURY_CLASSIFICATION,DRIVER_ACTION,DRIVER_VISION,PHYSICAL_CONDITION,BAC_RESULT,CRASH_YEAR_x,RD_NO_y,CRASH_DATE_y,POSTED_SPEED_LIMIT,TRAFFIC_CONTROL_DEVICE,DEVICE_CONDITION,WEATHER_CONDITION,LIGHTING_CONDITION,FIRST_CRASH_TYPE,TRAFFICWAY_TYPE,ALIGNMENT,ROADWAY_SURFACE_COND,ROAD_DEFECT,REPORT_TYPE,CRASH_TYPE,INTERSECTION_RELATED_I,HIT_AND_RUN_I,DAMAGE,DATE_POLICE_NOTIFIED,PRIM_CONTRIBUTORY_CAUSE,SEC_CONTRIBUTORY_CAUSE,STREET_NO,STREET_DIRECTION,STREET_NAME,BEAT_OF_OCCURRENCE,NUM_UNITS,MOST_SEVERE_INJURY,INJURIES_TOTAL,INJURIES_FATAL,INJURIES_INCAPACITATING,INJURIES_NON_INCAPACITATING,INJURIES_REPORTED_NOT_EVIDENT,INJURIES_NO_INDICATION,INJURIES_UNKNOWN,CRASH_HOUR,CRASH_DAY_OF_WEEK,CRASH_MONTH,LATITUDE,LONGITUDE,LOCATION,CRASH_YEAR_y,TIME
O1079989,DRIVER,9ba7fa327003dcf2a38b834ed566e2079d286e99c006127d12900948942e1d4df1f1f5275a67db50555a06daf020e72a499453042bbabb2ba6a9a55b82a912af,JE205180,1024251.0,04/20/2021 07:50:00 PM,CHICAGO,IL,60660,M,18.0,USAGE UNKNOWN,DID NOT DEPLOY,NONE,NO INDICATION OF INJURY,NONE,UNKNOWN,UNKNOWN,TEST NOT OFFERED,2021,JE205180,04/20/2021 07:50:00 PM,25,TRAFFIC SIGNAL,FUNCTIONING PROPERLY,CLEAR,DUSK,ANGLE,NOT DIVIDED,STRAIGHT AND LEVEL,DRY,NO DEFECTS,NOT ON SCENE (DESK REPORT),NO INJURY / DRIVE AWAY,Y,Y,"OVER $1,500",04/20/2021 08:15:00 PM,UNABLE TO DETERMINE,NOT APPLICABLE,7199,N,SACRAMENTO AVE,2411.0,2,NO INDICATION OF INJURY,0.0,0.0,0.0,0.0,0.0,2.0,0.0,19,3,4,42.011917111,-87.704306719,POINT (-87.70430671861 42.011917110829),2021,1190
O1235654,DRIVER,549014202abc1c77ee6f05b8df67d60d83d0f8b386915e193549a483f8c1aab0e182861096237c91f7fed14a05f2bc36a2bdd1595bbdacd2f56dbb3f61b08c41,JE459197,1172728.0,11/28/2021 10:40:00 AM,CHICAGO,IL,60659,M,61.0,SAFETY BELT USED,NOT APPLICABLE,NONE,NO INDICATION OF INJURY,IMPROPER BACKING,UNKNOWN,NORMAL,TEST NOT OFFERED,2021,JE459197,11/28/2021 10:40:00 AM,30,TRAFFIC SIGNAL,FUNCTIONING PROPERLY,CLEAR,DAYLIGHT,TURNING,NOT DIVIDED,STRAIGHT AND LEVEL,DRY,NO DEFECTS,NOT ON SCENE (DESK REPORT),NO INJURY / DRIVE AWAY,Y,Y,$500 OR LESS,11/28/2021 11:38:00 AM,IMPROPER BACKING,FAILING TO YIELD RIGHT-OF-WAY,5005,W,WASHINGTON BLVD,1533.0,2,NO INDICATION OF INJURY,0.0,0.0,0.0,0.0,0.0,2.0,0.0,10,1,11,41.881638435,-87.750494766,POINT (-87.750494765918 41.881638434566),2021,640
O1151048,DRIVER,3a50911345162aa011ceb8697ea344c5fa787ef97b844eaf3f41a5d26703901ced6f5952149684696673daa700992c435ceb51477738be1449a6a54b9116d97a,JE319882,1091853.0,07/30/2021 01:30:00 PM,BERWYN,IL,60402,M,47.0,SAFETY BELT USED,DID NOT DEPLOY,NONE,NO INDICATION OF INJURY,NONE,NOT OBSCURED,NORMAL,TEST NOT OFFERED,2021,JE319882,07/30/2021 01:30:00 PM,30,TRAFFIC SIGNAL,FUNCTIONING PROPERLY,CLEAR,DAYLIGHT,REAR END,FOUR WAY,STRAIGHT AND LEVEL,DRY,NO DEFECTS,NOT ON SCENE (DESK REPORT),NO INJURY / DRIVE AWAY,Y,Y,"OVER $1,500",07/30/2021 02:15:00 PM,DISREGARDING TRAFFIC SIGNALS,NOT APPLICABLE,4358,W,CONGRESS PKWY,1131.0,2,NO INDICATION OF INJURY,0.0,0.0,0.0,0.0,0.0,3.0,0.0,13,6,7,41.874340853,-87.735206569,POINT (-87.735206568737 41.874340852975),2021,810
O1096682,DRIVER,2a9fc3f3496bbc37bb89e7ed6ec43e9c77bf00c6dd68c35473a93a4e870dd101c2a9ec9a9a1683fff7fffad8bf619939abd8454e1e6f79f06f4eddb3ac11e0de,JE232163,1040224.0,05/16/2021 04:40:00 PM,SKOKIE,IL,60077,M,56.0,SAFETY BELT USED,NOT APPLICABLE,NONE,NO INDICATION OF INJURY,NONE,NOT OBSCURED,NORMAL,TEST NOT OFFERED,2021,JE232163,05/16/2021 04:40:00 PM,30,STOP SIGN/FLASHER,FUNCTIONING PROPERLY,CLEAR,DAYLIGHT,REAR END,ONE-WAY,STRAIGHT AND LEVEL,DRY,NO DEFECTS,ON SCENE,INJURY AND / OR TOW DUE TO CRASH,Y,Y,"OVER $1,500",05/16/2021 04:51:00 PM,UNABLE TO DETERMINE,UNABLE TO DETERMINE,1540,S,LAWNDALE AVE,1014.0,2,NONINCAPACITATING INJURY,1.0,0.0,0.0,1.0,0.0,2.0,0.0,16,1,5,41.859547075,-87.717807569,POINT (-87.717807569017 41.859547074871),2021,1000
O1029497,DRIVER,7e2c7f996b50559c67ed8e6a5f7e40b0e4a42956000c9884b5cf07d1c54217d84115c6429da611386f8edea3afa20b32f6c3346ccbdbfa144653131f793c3236,JE121603,975742.0,01/24/2021 01:26:00 AM,HANOVER PARK,IL,60133,F,29.0,USAGE UNKNOWN,NOT APPLICABLE,NONE,NO INDICATION OF INJURY,NONE,UNKNOWN,NORMAL,TEST NOT OFFERED,2021,JE121603,01/24/2021 01:26:00 AM,30,TRAFFIC SIGNAL,FUNCTIONING PROPERLY,CLEAR,"DARKNESS, LIGHTED ROAD",TURNING,FOUR WAY,STRAIGHT AND LEVEL,DRY,NO DEFECTS,ON SCENE,NO INJURY / DRIVE AWAY,Y,Y,"OVER $1,500",01/24/2021 01:32:00 AM,FAILING TO YIELD RIGHT-OF-WAY,UNABLE TO DETERMINE,2400,W,NORTH AVE,1434.0,2,NO INDICATION OF INJURY,0.0,0.0,0.0,0.0,0.0,2.0,0.0,1,1,1,41.910429862,-87.687284221,POINT (-87.687284220508 41.910429862359),2021,86
O1170647,DRIVER,cde7c80b0d8e4aadb829b455ed00cf92c79f19234b2239e155977d5a022182aad292a5b7bfb72d085fc1718da0959fdd4766669c0834db36545b05f25fa63ded,JE351977,1110486.0,08/27/2021 03:11:00 PM,CHICAGO,IL,60645,M,23.0,HELMET NOT USED,NOT APPLICABLE,UNKNOWN,NONINCAPACITATING INJURY,NONE,UNKNOWN,NORMAL,TEST NOT OFFERED,2021,JE351977,08/27/2021 03:11:00 PM,30,TRAFFIC SIGNAL,FUNCTIONING PROPERLY,CLEAR,DAYLIGHT,TURNING,DIVIDED - W/MEDIAN BARRIER,STRAIGHT AND LEVEL,DRY,NO DEFECTS,ON SCENE,INJURY AND / OR TOW DUE TO CRASH,Y,Y,"OVER $1,500",08/27/2021 03:12:00 PM,IMPROPER TURNING/NO SIGNAL,NOT APPLICABLE,3700,W,IRVING PARK RD,1723.0,2,NONINCAPACITATING INJURY,1.0,0.0,0.0,1.0,0.0,1.0,0.0,15,6,8,41.953862599000004,-87.720322259,POINT (-87.720322258737 41.953862598991),2021,911
O1053929,DRIVER,83d4219f47381e7ad133d9a8ff74bb935b024439b2413e1ad2902041ea387bbfb0cd737d2e17e593078207ca7fca79768a42ccf492e692af23bf28dc270d76b5,JE159998,999332.0,03/05/2021 02:01:00 PM,CHICAGO,IL,60652,F,47.0,USAGE UNKNOWN,DID NOT DEPLOY,NONE,NO INDICATION OF INJURY,OTHER,NOT OBSCURED,NORMAL,TEST NOT OFFERED,2021,JE159998,03/05/2021 02:01:00 PM,30,TRAFFIC SIGNAL,UNKNOWN,CLEAR,DAYLIGHT,SIDESWIPE SAME DIRECTION,DIVIDED - W/MEDIAN (NOT RAISED),STRAIGHT AND LEVEL,DRY,UNKNOWN,NOT ON SCENE (DESK REPORT),NO INJURY / DRIVE AWAY,Y,Y,$500 OR LESS,03/05/2021 02:20:00 PM,UNABLE TO DETERMINE,UNABLE TO DETERMINE,500,S,STATE ST,123.0,2,NO INDICATION OF INJURY,0.0,0.0,0.0,0.0,0.0,2.0,0.0,14,6,3,41.875584234,-87.627765504,POINT (-87.627765503911 41.875584234189),2021,841
O1024510,DRIVER,0430a6b30e5ef77c35b7b24b6d2f805155075ec06d69bff9675d75180b4d5408ec3eae19a14ce1f0ae809e6559c92a48ceab6584ade2153bb2a794a94b8fccb1,JE112727,971008.0,01/14/2021 03:53:00 PM,CHICAGO,IL,60617,F,19.0,USAGE UNKNOWN,DID NOT DEPLOY,NONE,NO INDICATION OF INJURY,FAILED TO YIELD,UNKNOWN,UNKNOWN,TEST NOT OFFERED,2021,JE112727,01/14/2021 03:53:00 PM,30,NO CONTROLS,NO CONTROLS,CLEAR,DAYLIGHT,PARKED MOTOR VEHICLE,DIVIDED - W/MEDIAN (NOT RAISED),STRAIGHT AND LEVEL,DRY,NO DEFECTS,ON SCENE,INJURY AND / OR TOW DUE TO CRASH,Y,N,"OVER $1,500",01/14/2021 04:08:00 PM,"OPERATING VEHICLE IN ERRATIC, RECKLESS, CARELESS, NEGLIGENT OR AGGRESSIVE MANNER",FAILING TO REDUCE SPEED TO AVOID CRASH,2822,E,104TH ST,434.0,5,NO INDICATION OF INJURY,0.0,0.0,0.0,0.0,0.0,1.0,0.0,15,5,1,41.706507278000004,-87.55534049,POINT (-87.55534049049 41.706507277546),2021,953
O1106850,DRIVER,39182e78860f0ecc3ac89b1be00d1d1f215f000c1ee6ebdc1ea6314f1e5be8956b6434a1ce198918107c84ad8a99cb89c04ada5127d28b2c94988d530969dab0,JE248670,1049978.0,05/31/2021 09:50:00 AM,CHICAGO,IL,60620,M,27.0,SAFETY BELT USED,NOT APPLICABLE,NONE,NO INDICATION OF INJURY,NONE,NOT OBSCURED,NORMAL,TEST NOT OFFERED,2021,JE248670,05/31/2021 09:50:00 AM,30,TRAFFIC SIGNAL,FUNCTIONING PROPERLY,CLEAR,DAYLIGHT,SIDESWIPE SAME DIRECTION,FOUR WAY,STRAIGHT AND LEVEL,DRY,NO DEFECTS,ON SCENE,NO INJURY / DRIVE AWAY,Y,Y,"OVER $1,500",05/31/2021 09:50:00 AM,"OPERATING VEHICLE IN ERRATIC, RECKLESS, CARELESS, NEGLIGENT OR AGGRESSIVE MANNER","OPERATING VEHICLE IN ERRATIC, RECKLESS, CARELESS, NEGLIGENT OR AGGRESSIVE MANNER",8700,S,STATE ST,632.0,2,NO INDICATION OF INJURY,0.0,0.0,0.0,0.0,0.0,4.0,0.0,9,2,5,41.736209469,-87.62430551899999,POINT (-87.624305519124 41.736209469449),2021,590
O1111426,DRIVER,beb814da31dd96f30cfdae1ff8db7f3babb8e339c420663f324af3fd8284dd7426c656d43e42a37e623ffa2e9e2b5e81cf78a50eaba896e87847cbea22f3b303,JE255615,1054317.0,06/06/2021 09:18:00 AM,CHICAGO,IL,60651,M,55.0,USAGE UNKNOWN,NOT APPLICABLE,NONE,NO INDICATION OF INJURY,DISREGARDED CONTROL DEVICES,NOT OBSCURED,NORMAL,TEST NOT OFFERED,2021,JE255615,06/06/2021 09:18:00 AM,30,STOP SIGN/FLASHER,FUNCTIONING PROPERLY,CLEAR,DAYLIGHT,ANGLE,NOT DIVIDED,STRAIGHT AND LEVEL,DRY,NO DEFECTS,ON SCENE,INJURY AND / OR TOW DUE TO CRASH,Y,Y,"$501 - $1,500",06/06/2021 09:18:00 AM,DISREGARDING STOP SIGN,DISTRACTION - FROM INSIDE VEHICLE,700,S,CENTRAL PARK AVE,1133.0,3,NO INDICATION OF INJURY,0.0,0.0,0.0,0.0,0.0,3.0,0.0,9,1,6,41.872608957,-87.71576794200001,POINT (-87.715767942204 41.872608957416),2021,558
O1093933,DRIVER,76a6076bb3a6398c844058f7df355bf535232cd00dc39751173996b1f3e9ef5bf91ebd0acf28a1771a20b95f8f2d2858a0acb4fed9593d05698f783ff6eb5360,JE227732,1037575.0,05/11/2021 05:15:00 PM,CHICAGO,IL,60639,M,27.0,SAFETY BELT USED,NOT APPLICABLE,NONE,NO INDICATION OF INJURY,NONE,NOT OBSCURED,NORMAL,TEST NOT OFFERED,2021,JE227732,05/11/2021 05:15:00 PM,30,STOP SIGN/FLASHER,FUNCTIONING PROPERLY,UNKNOWN,DAYLIGHT,ANGLE,FOUR WAY,STRAIGHT AND LEVEL,UNKNOWN,NO DEFECTS,NOT ON SCENE (DESK REPORT),NO INJURY / DRIVE AWAY,Y,Y,"$501 - $1,500",05/12/2021 01:30:00 PM,UNABLE TO DETERMINE,NOT APPLICABLE,4300,W,FULLERTON AVE,2524.0,2,NO INDICATION OF INJURY,0.0,0.0,0.0,0.0,0.0,2.0,0.0,17,3,5,41.924505271,-87.734181665,POINT (-87.734181665183 41.924505271217),2021,1035
O1061471,DRIVER,62efd85ace211f283b954d0112578f9a43249c9118906ee836d8721186717e8441ce40f8540189ec120d1c4d7cc305974d945220a2b489c7bef2ed52b702e4fd,JE173953,1006590.0,03/20/2021 01:11:00 AM,MAYWOOD,IL,60153,F,26.0,SAFETY BELT USED,"DEPLOYED, COMBINATION",NONE,NO INDICATION OF INJURY,NONE,UNKNOWN,NORMAL,TEST NOT OFFERED,2021,JE173953,03/20/2021 01:11:00 AM,30,TRAFFIC SIGNAL,FUNCTIONING PROPERLY,CLEAR,"DARKNESS, LIGHTED ROAD",ANGLE,FOUR WAY,STRAIGHT AND LEVEL,DRY,NO DEFECTS,ON SCENE,INJURY AND / OR TOW DUE TO CRASH,Y,Y,"OVER $1,500",03/20/2021 01:12:00 AM,DISREGARDING TRAFFIC SIGNALS,UNABLE TO DETERMINE,1200,S,RUBLE ST,1232.0,2,NONINCAPACITATING INJURY,1.0,0.0,0.0,1.0,0.0,2.0,0.0,1,7,3,41.867134208,-87.64423752,POINT (-87.644237519792 41.867134208293),2021,71
O1145807,DRIVER,93e0e4e06d388ae3ffb43a6c186db75d951d1db267fbd04e4ae58a7f2ed32c9665e859ccce9d5ff59fcae93947ad0f56fe11f38bae21949fe44af86c356f3db6,JE311416,1086860.0,07/23/2021 02:09:00 PM,CHICAGO,IL,60651,F,78.0,SAFETY BELT USED,NOT APPLICABLE,NONE,NO INDICATION OF INJURY,NONE,NOT OBSCURED,NORMAL,TEST NOT OFFERED,2021,JE311416,07/23/2021 02:09:00 PM,30,STOP SIGN/FLASHER,FUNCTIONING PROPERLY,CLEAR,DAYLIGHT,ANGLE,NOT DIVIDED,STRAIGHT AND LEVEL,DRY,UNKNOWN,ON SCENE,INJURY AND / OR TOW DUE TO CRASH,Y,Y,"$501 - $1,500",07/23/2021 02:13:00 PM,FAILING TO YIELD RIGHT-OF-WAY,FAILING TO YIELD RIGHT-OF-WAY,401,N,LARAMIE AVE,1532.0,2,NO INDICATION OF INJURY,0.0,0.0,0.0,0.0,0.0,2.0,0.0,14,6,7,41.887869064,-87.755192636,POINT (-87.755192635817 41.887869064154),2021,849
O1232753,DRIVER,c4b0bb98a2c0f660c2fb4cedd374d7b01d81626fcb6ca45d9c1207cd9d825dabdda99c959332d3c574c71e514ae94e2811737f751d4f86de68a8eb623ae2caf4,JE454417,1169930.0,11/23/2021 09:00:00 AM,EVANSVILLED,IN,47711,M,61.0,SAFETY BELT USED,DID NOT DEPLOY,NONE,NO INDICATION OF INJURY,NONE,NOT OBSCURED,NORMAL,TEST NOT OFFERED,2021,JE454417,11/23/2021 09:00:00 AM,35,TRAFFIC SIGNAL,FUNCTIONING PROPERLY,CLEAR,DAYLIGHT,TURNING,NOT DIVIDED,STRAIGHT ON GRADE,DRY,NO DEFECTS,ON SCENE,NO INJURY / DRIVE AWAY,Y,Y,"OVER $1,500",11/23/2021 11:35:00 AM,IMPROPER LANE USAGE,IMPROPER TURNING/NO SIGNAL,301,S,CICERO AVE,1131.0,2,NO INDICATION OF INJURY,0.0,0.0,0.0,0.0,0.0,2.0,0.0,9,3,11,41.876764729,-87.744997971,POINT (-87.744997971441 41.876764729315),2021,540
O1152225,DRIVER,74d37d7cb3e2fdb670529e9d6e316cfd77debfc60ccaf13e7c2478d59e3b9604bc4ca709752aef3f6f96b8c73854283822738da0683bd5b5a29d3d2c41e5cd6d,JE321564,1092967.0,07/31/2021 10:57:00 PM,NORTHBROOK,IL,60062,M,57.0,USAGE UNKNOWN,"DEPLOYED, FRONT",NONE,NO INDICATION OF INJURY,OTHER,NOT OBSCURED,NORMAL,TEST NOT OFFERED,2021,JE321564,07/31/2021 10:57:00 PM,30,STOP SIGN/FLASHER,FUNCTIONING PROPERLY,CLEAR,"DARKNESS, LIGHTED ROAD",HEAD ON,NOT DIVIDED,STRAIGHT AND LEVEL,DRY,UNKNOWN,ON SCENE,INJURY AND / OR TOW DUE TO CRASH,Y,Y,"OVER $1,500",07/31/2021 11:03:00 PM,DISREGARDING STOP SIGN,FAILING TO REDUCE SPEED TO AVOID CRASH,301,W,KINZIE ST,1831.0,2,NO INDICATION OF INJURY,0.0,0.0,0.0,0.0,0.0,4.0,0.0,22,7,7,41.888916865,-87.635552869,POINT (-87.635552869357 41.888916864522),2021,1377
O1085349,DRIVER,a0761e51818b4ae9a939cb3b317496db091017e6e1c3c396d0d0ef200282bde5b2c13c0b8d59ae291980bd098302f45c64e87907c5edd9f1f547b008decd3d3f,JE214206,1029343.0,04/29/2021 04:38:00 PM,CHICAGO,IL,60660,M,58.0,SAFETY BELT USED,DID NOT DEPLOY,NONE,NO INDICATION OF INJURY,NONE,NOT OBSCURED,NORMAL,TEST NOT OFFERED,2021,JE214206,04/29/2021 04:38:00 PM,30,TRAFFIC SIGNAL,FUNCTIONING PROPERLY,CLEAR,DAYLIGHT,REAR END,NOT DIVIDED,STRAIGHT AND LEVEL,DRY,NO DEFECTS,NOT ON SCENE (DESK REPORT),NO INJURY / DRIVE AWAY,Y,Y,"OVER $1,500",04/29/2021 05:15:00 PM,FOLLOWING TOO CLOSELY,NOT APPLICABLE,3700,W,NORTH AVE,2535.0,2,NO INDICATION OF INJURY,0.0,0.0,0.0,0.0,0.0,4.0,0.0,16,5,4,41.910076562,-87.718987849,POINT (-87.718987848538 41.910076561876),2021,998
O1171317,DRIVER,a14afa169705e7e8c80ac8eb930e87f2e82113074960fd4932f503bc7f9fcf3865dde3ce191843cd67ce101f4a63091cdeb6bdc21e684eeb6ecc44c6ab2f2563,JE352994,1111132.0,08/28/2021 12:00:00 PM,HUNTLEY,IL,60142,M,83.0,USAGE UNKNOWN,DID NOT DEPLOY,NONE,NO INDICATION OF INJURY,IMPROPER TURN,UNKNOWN,NORMAL,TEST NOT OFFERED,2021,JE352994,08/28/2021 12:00:00 PM,30,TRAFFIC SIGNAL,FUNCTIONING PROPERLY,CLEAR,DAYLIGHT,TURNING,FOUR WAY,STRAIGHT AND LEVEL,DRY,NO DEFECTS,NOT ON SCENE (DESK REPORT),NO INJURY / DRIVE AWAY,Y,Y,"$501 - $1,500",08/28/2021 12:25:00 PM,IMPROPER TURNING/NO SIGNAL,UNABLE TO DETERMINE,3125,N,SHERIDAN RD,1934.0,2,NO INDICATION OF INJURY,0.0,0.0,0.0,0.0,0.0,2.0,0.0,12,7,8,41.938527771,-87.639346891,POINT (-87.639346890639 41.938527770905),2021,720
O1208368,DRIVER,0d8e46ad00250a6fed08df4f4d5db61a8c9593df413ce632df9279b6534fd969689220551d018f8cbe8b7948082e2772d27f1efea68557324b477b7edc431d48,JE414838,1146538.0,10/19/2021 07:00:00 AM,CHICAGO,IL,60617,F,56.0,SAFETY BELT USED,DID NOT DEPLOY,NONE,NO INDICATION OF INJURY,NONE,NOT OBSCURED,NORMAL,TEST NOT OFFERED,2021,JE414838,10/19/2021 07:00:00 AM,30,TRAFFIC SIGNAL,FUNCTIONING PROPERLY,CLEAR,DAYLIGHT,ANGLE,FOUR WAY,STRAIGHT AND LEVEL,DRY,NO DEFECTS,NOT ON SCENE (DESK REPORT),NO INJURY / DRIVE AWAY,N,Y,$500 OR LESS,10/19/2021 07:50:00 AM,UNABLE TO DETERMINE,UNABLE TO DETERMINE,400,E,75TH ST,323.0,2,NO INDICATION OF INJURY,0.0,0.0,0.0,0.0,0.0,2.0,0.0,7,3,10,41.758518508,-87.615062173,POINT (-87.615062173391 41.758518508412),2021,420
O1061375,DRIVER,a0e6d88e521cb87f53ba42db5dda660c3250b02e818e9c02167c37dc4c841ca5df838aafe391935e5ca4e46a90bb673df8efc2fdf949967afcf6da86d6ba4c6e,JE172933,1006502.0,03/18/2021 10:15:00 PM,EVERGREEN PARK,IL,60805,M,24.0,USAGE UNKNOWN,DID NOT DEPLOY,NONE,NO INDICATION OF INJURY,NONE,UNKNOWN,NORMAL,TEST NOT OFFERED,2021,JE172933,03/18/2021 10:15:00 PM,30,TRAFFIC SIGNAL,UNKNOWN,CLEAR,"DARKNESS, LIGHTED ROAD",REAR END,OTHER,STRAIGHT AND LEVEL,DRY,UNKNOWN,ON SCENE,INJURY AND / OR TOW DUE TO CRASH,N,Y,$500 OR LESS,03/18/2021 11:21:00 PM,FAILING TO REDUCE SPEED TO AVOID CRASH,NOT APPLICABLE,7100,S,YATES BLVD,334.0,2,NONINCAPACITATING INJURY,2.0,0.0,0.0,2.0,0.0,2.0,0.0,22,5,3,41.766287700999996,-87.56663326600001,POINT (-87.566633265847 41.766287700895),2021,1335
O1251982,DRIVER,ac92bdd46f680ed69c44aa6d500f1e575d22ffe94e900b9752389b96abcab8525dcdb32458b68c7d0166c6756000db665fcb497480f3bb8c882278dbafbf2c18,JE487730,1188376.0,12/24/2021 11:52:00 AM,CHICAGO,IL,60620,F,24.0,SAFETY BELT USED,DID NOT DEPLOY,NONE,NO INDICATION OF INJURY,NONE,NOT OBSCURED,NORMAL,TEST NOT OFFERED,2021,JE487730,12/24/2021 11:52:00 AM,30,STOP SIGN/FLASHER,FUNCTIONING PROPERLY,RAIN,DAYLIGHT,TURNING,FOUR WAY,STRAIGHT AND LEVEL,WET,NO DEFECTS,ON SCENE,INJURY AND / OR TOW DUE TO CRASH,Y,Y,"OVER $1,500",12/24/2021 11:59:00 AM,FAILING TO YIELD RIGHT-OF-WAY,UNABLE TO DETERMINE,8300,S,MICHIGAN AVE,632.0,2,NO INDICATION OF INJURY,0.0,0.0,0.0,0.0,0.0,2.0,0.0,11,6,12,41.743612719,-87.621329534,POINT (-87.621329533582 41.743612718903),2021,712
O1253078,DRIVER,6a2c44ae383a22a6ac458f8241dafeb199c2596c92306201e265758783cd9a4deb83a31cdbfff84ecc602b3c37bc0bdccd13ce9f6c39cbfac656b1f78c9e7a8c,JE489759,1189435.0,12/27/2021 03:39:00 AM,CHICAGO,IL,60629,F,63.0,SAFETY BELT USED,DID NOT DEPLOY,NONE,NO INDICATION OF INJURY,NONE,NOT OBSCURED,NORMAL,TEST NOT OFFERED,2021,JE489759,12/27/2021 03:39:00 AM,25,TRAFFIC SIGNAL,FUNCTIONING PROPERLY,RAIN,"DARKNESS, LIGHTED ROAD",REAR END,NOT DIVIDED,STRAIGHT AND LEVEL,WET,NO DEFECTS,ON SCENE,NO INJURY / DRIVE AWAY,Y,Y,"$501 - $1,500",12/27/2021 03:40:00 AM,UNABLE TO DETERMINE,UNABLE TO DETERMINE,2101,W,69TH ST,735.0,2,NO INDICATION OF INJURY,0.0,0.0,0.0,0.0,0.0,2.0,0.0,3,2,12,41.768303456999995,-87.676111943,POINT (-87.676111943395 41.768303457466),2021,219
O1020804,DRIVER,fcf5c6b777b295317b7634f5450df5287de4175f3865afbd6082cb95c12405eb15699d82533e9d2a2b47ed3aedf08e2a39c210545d22ce3cc063b861c421da9b,JE105458,967564.0,01/06/2021 05:00:00 PM,LAKE ZURICH,IL,60047,M,19.0,USAGE UNKNOWN,DID NOT DEPLOY,NONE,NO INDICATION OF INJURY,OTHER,NOT OBSCURED,NORMAL,TEST NOT OFFERED,2021,JE105458,01/06/2021 05:00:00 PM,30,TRAFFIC SIGNAL,FUNCTIONING PROPERLY,CLEAR,"DARKNESS, LIGHTED ROAD",SIDESWIPE SAME DIRECTION,DIVIDED - W/MEDIAN (NOT RAISED),STRAIGHT AND LEVEL,DRY,UNKNOWN,NOT ON SCENE (DESK REPORT),NO INJURY / DRIVE AWAY,Y,Y,$500 OR LESS,01/06/2021 09:00:00 PM,IMPROPER OVERTAKING/PASSING,IMPROPER OVERTAKING/PASSING,1000,N,CLARK ST,1824.0,2,NO INDICATION OF INJURY,0.0,0.0,0.0,0.0,0.0,2.0,0.0,17,4,1,41.900615095999996,-87.63149875299999,POINT (-87.63149875311 41.900615096028),2021,1020
O1111658,DRIVER,eb94596dfd0ac4b7379ca237943e6a8f2de6d8edc3ed426ad1cb27430ff0bde44bb7a63d316d54911af17614f7067d1acfdf0d832200753d695bccaaaa886bee,JE256052,1054533.0,06/06/2021 04:34:00 PM,CHICAGO,IL,60615,F,68.0,SAFETY BELT USED,"DEPLOYED, SIDE",NONE,NO INDICATION OF INJURY,FAILED TO YIELD,UNKNOWN,NORMAL,TEST NOT OFFERED,2021,JE256052,06/06/2021 04:34:00 PM,30,NO CONTROLS,NO CONTROLS,CLEAR,DAYLIGHT,TURNING,FOUR WAY,STRAIGHT AND LEVEL,DRY,NO DEFECTS,ON SCENE,INJURY AND / OR TOW DUE TO CRASH,Y,N,"OVER $1,500",06/06/2021 04:35:00 PM,FAILING TO YIELD RIGHT-OF-WAY,NOT APPLICABLE,3500,S,RHODES AVE,212.0,2,"REPORTED, NOT EVIDENT",1.0,0.0,0.0,0.0,1.0,3.0,0.0,16,1,6,41.831127029,-87.61463065,POINT (-87.61463065044 41.831127029369),2021,994
O1018762,DRIVER,46cb9020601d4d80314e45c8c21bd9cf40d3d6366893d3b46a0ef15b5dd2b54e75734f0ed115c061a90c6f5b3370d1e4b3a526a6e225fbf1bacbd20ae5a246b0,JE101409,965578.0,01/02/2021 03:30:00 PM,DOWNERS GROVE,IL,60516,F,68.0,SAFETY BELT USED,DID NOT DEPLOY,NONE,NO INDICATION OF INJURY,NONE,NOT OBSCURED,NORMAL,TEST NOT OFFERED,2021,JE101409,01/02/2021 03:30:00 PM,30,TRAFFIC SIGNAL,FUNCTIONING PROPERLY,CLEAR,DAYLIGHT,SIDESWIPE SAME DIRECTION,DIVIDED - W/MEDIAN BARRIER,STRAIGHT AND LEVEL,DRY,NO DEFECTS,NOT ON SCENE (DESK REPORT),NO INJURY / DRIVE AWAY,Y,Y,"$501 - $1,500",01/02/2021 03:50:00 PM,IMPROPER OVERTAKING/PASSING,IMPROPER OVERTAKING/PASSING,1550,N,LAKE SHORE DR SB,1814.0,2,NO INDICATION OF INJURY,0.0,0.0,0.0,0.0,0.0,2.0,0.0,15,7,1,41.91103585,-87.626151294,POINT (-87.626151294123 41.91103584996),2021,930