PERSON_ID,PERSON_TYPE,CRASH_RECORD_ID,RD_NO_x,VEHICLE_ID,CRASH_DATE_x,CITY,STATE,ZIPCODE,SEX,AGE,SAFETY_EQUIPMENT,AIRBAG_DEPLOYED,EJECTION,INJURY_CLASSIFICATION,DRIVER_ACTION,DRIVER_VISION,PHYSICAL_CONDITION,BAC_RESULT,CRASH_YEAR_x,RD_NO_y,CRASH_DATE_y,POSTED_SPEED_LIMIT,TRAFFIC_CONTROL_DEVICE,DEVICE_CONDITION,WEATHER_CONDITION,LIGHTING_CONDITION,FIRST_CRASH_TYPE,TRAFFICWAY_TYPE,ALIGNMENT,ROADWAY_SURFACE_COND,ROAD_DEFECT,REPORT_TYPE,CRASH_TYPE,INTERSECTION_RELATED_I,HIT_AND_RUN_I,DAMAGE,DATE_POLICE_NOTIFIED,PRIM_CONTRIBUTORY_CAUSE,SEC_CONTRIBUTORY_CAUSE,STREET_NO,STREET_DIRECTION,STREET_NAME,BEAT_OF_OCCURRENCE,NUM_UNITS,MOST_SEVERE_INJURY,INJURIES_TOTAL,INJURIES_FATAL,INJURIES_INCAPACITATING,INJURIES_NON_INCAPACITATING,INJURIES_REPORTED_NOT_EVIDENT,INJURIES_NO_INDICATION,INJURIES_UNKNOWN,CRASH_HOUR,CRASH_DAY_OF_WEEK,CRASH_MONTH,LATITUDE,LONGITUDE,LOCATION,CRASH_YEAR_y,TIME
O1019869,DRIVER,b7c354cf9ccb2ae2b27f5f6a5aab0b38af4fb58a9aee16924176f239906f589773b51202367f6979004bf35f0f555a5d700eee1c09d684fabc2b1c9cbd61cdf8,JE103768,966659.0,01/05/2021 12:00:00 AM,CHICAGO,IL,60649,F,35.0,SAFETY BELT USED,NOT APPLICABLE,NONE,NO INDICATION OF INJURY,NONE,NOT OBSCURED,NORMAL,TEST NOT OFFERED,2021,JE103768,01/05/2021 12:00:00 AM,30,TRAFFIC SIGNAL,FUNCTIONING PROPERLY,SNOW,"DARKNESS, LIGHTED ROAD",REAR END,NOT DIVIDED,STRAIGHT AND LEVEL,SNOW OR SLUSH,NO DEFECTS,ON SCENE,INJURY AND / OR TOW DUE TO CRASH,Y,Y,"OVER $1,500",01/05/2021 09:50:00 AM,FOLLOWING TOO CLOSELY,NOT APPLICABLE,6930,S,STONY ISLAND AVE,332.0,2,NO INDICATION OF INJURY,0.0,0.0,0.0,0.0,0.0,2.0,0.0,0,3,1,41.768848159,-87.58648673799999,POINT (-87.586486738276 41.768848158962),2021,0
O1222055,DRIVER,12e83f7ebc46a969c35dcfcdc35fd2784ca42c6a3c47331198d173701db8a781e6ed5e850f33a23105e59a75c698b6eab15822b9b194d49c49f386b087ac53cb,JE436406,1159664.0,11/06/2021 07:00:00 PM,CHICAGO,IL,60619,M,30.0,USAGE UNKNOWN,DID NOT DEPLOY,NONE,NO INDICATION OF INJURY,NONE,NOT OBSCURED,NORMAL,TEST REFUSED,2021,JE436406,11/06/2021 07:00:00 PM,30,NO CONTROLS,NO CONTROLS,CLEAR,DARKNESS,TURNING,T-INTERSECTION,STRAIGHT AND LEVEL,DRY,NO DEFECTS,NOT ON SCENE (DESK REPORT),NO INJURY / DRIVE AWAY,Y,Y,"OVER $1,500",11/06/2021 07:15:00 PM,IMPROPER OVERTAKING/PASSING,NOT APPLICABLE,4700,S,STATE ST,224.0,2,NO INDICATION OF INJURY,0.0,0.0,0.0,0.0,0.0,2.0,0.0,19,7,11,41.809143018,-87.626229132,POINT (-87.626229132272 41.809143017867),2021,1140
O1196930,DRIVER,de121a698dc38130b4b7c60ef22dd92a92ede577dcd61c4c6ff42799e358f5cc9fb275123b335b61452373622176afa291ac3a87b618824b28c5679e91f8492b,JE395501,1135653.0,10/01/2021 12:00:00 PM,CICERO,IL,60804,M,54.0,SAFETY BELT USED,DID NOT DEPLOY,NONE,NO INDICATION OF INJURY,UNKNOWN,NOT OBSCURED,UNKNOWN,TEST NOT OFFERED,2021,JE395501,10/01/2021 12:00:00 PM,30,TRAFFIC SIGNAL,FUNCTIONING PROPERLY,CLEAR,DAYLIGHT,REAR END,DIVIDED - W/MEDIAN (NOT RAISED),STRAIGHT AND LEVEL,DRY,NO DEFECTS,NOT ON SCENE (DESK REPORT),NO INJURY / DRIVE AWAY,Y,Y,"$501 - $1,500",10/02/2021 03:20:00 PM,UNABLE TO DETERMINE,NOT APPLICABLE,305,S,KOSTNER AVE,1131.0,2,NO INDICATION OF INJURY,0.0,0.0,0.0,0.0,0.0,2.0,0.0,12,6,10,41.876787838,-87.735196801,POINT (-87.735196801102 41.876787837528),2021,720
O1078382,DRIVER,a7104edbd6fe87ce590d0d9a71ffe47799b7c7030a19171f5f973f08b306846576538bc380fd1d70975e139482392e13122bb9983b1bf837e4c600876c3d07f0,JE202548,1022695.0,04/17/2021 11:30:00 PM,GLENDALE HEIGHTS,IL,60139,F,22.0,USAGE UNKNOWN,NOT APPLICABLE,NONE,NO INDICATION OF INJURY,UNKNOWN,UNKNOWN,UNKNOWN,TEST NOT OFFERED,2021,JE202548,04/17/2021 11:30:00 PM,30,TRAFFIC SIGNAL,FUNCTIONING PROPERLY,CLEAR,"DARKNESS, LIGHTED ROAD",REAR END,NOT DIVIDED,STRAIGHT AND LEVEL,DRY,UNKNOWN,NOT ON SCENE (DESK REPORT),NO INJURY / DRIVE AWAY,Y,Y,$500 OR LESS,04/18/2021 12:20:00 AM,FOLLOWING TOO CLOSELY,FAILING TO REDUCE SPEED TO AVOID CRASH,200,N,HALSTED ST,1214.0,2,NO INDICATION OF INJURY,0.0,0.0,0.0,0.0,0.0,2.0,0.0,23,7,4,41.885689616,-87.647621732,POINT (-87.647621731544 41.88568961566),2021,1410
O1077864,DRIVER,69799f091ccb7ea579948ff6b2de31af37b2f8ab54abf59592208920c62de78c58f11076a3d6eef59bc7ab7a0dc493533966420b5525b9aa103a9111166c0c19,JE201687,1022227.0,04/17/2021 12:05:00 AM,CHICAGO,IL,60632,M,21.0,SAFETY BELT USED,DID NOT DEPLOY,NONE,NO INDICATION OF INJURY,NONE,NOT OBSCURED,NORMAL,TEST NOT OFFERED,2021,JE201687,04/17/2021 12:05:00 AM,30,TRAFFIC SIGNAL,FUNCTIONING PROPERLY,CLEAR,"DARKNESS, LIGHTED ROAD",REAR END,NOT DIVIDED,STRAIGHT AND LEVEL,DRY,NO DEFECTS,ON SCENE,INJURY AND / OR TOW DUE TO CRASH,Y,Y,"OVER $1,500",04/17/2021 12:05:00 AM,UNABLE TO DETERMINE,NOT APPLICABLE,2900,S,ARCHER AVE,913.0,2,NO INDICATION OF INJURY,0.0,0.0,0.0,0.0,0.0,3.0,0.0,0,7,4,41.841852476999996,-87.65780103600001,POINT (-87.657801035568 41.841852476979),2021,5
O1253092,DRIVER,4b25fcd7cc0696ccb13ea4b29f08da0beac88351b4c45eed9f7b6441973d9c37ca857ca8cdacad0b44bf98d1f617a4c1e67049d6487e5537e73d2030e5332f47,JE489768,1189447.0,12/27/2021 03:45:00 AM,CHICAGO,IL,60639,M,42.0,SAFETY BELT USED,NOT APPLICABLE,NONE,NO INDICATION OF INJURY,NONE,NOT OBSCURED,NORMAL,TEST NOT OFFERED,2021,JE489768,12/27/2021 03:45:00 AM,30,TRAFFIC SIGNAL,FUNCTIONING PROPERLY,RAIN,"DARKNESS, LIGHTED ROAD",REAR END,DIVIDED - W/MEDIAN (NOT RAISED),STRAIGHT AND LEVEL,WET,NO DEFECTS,NOT ON SCENE (DESK REPORT),NO INJURY / DRIVE AWAY,Y,Y,"OVER $1,500",12/27/2021 04:15:00 AM,FOLLOWING TOO CLOSELY,NOT APPLICABLE,1201,N,AUSTIN BLVD,2531.0,3,NO INDICATION OF INJURY,0.0,0.0,0.0,0.0,0.0,4.0,0.0,3,2,12,41.902091238000004,-87.775217894,POINT (-87.77521789397 41.902091238174),2021,225
O1243520,DRIVER,0f558c2d2737969aa3a6db81f13129c4f555ad0e4b47f54806a55f71669cd4a5adfb296304f9f50eb155e405c670c15587d322c8a0f8f3bc18355ba3ea4eee28,JE473013,1180232.0,12/10/2021 04:55:00 PM,CHICAGO,IL,60641,M,44.0,SAFETY BELT USED,DID NOT DEPLOY,NONE,NO INDICATION OF INJURY,NONE,NOT OBSCURED,NORMAL,TEST NOT OFFERED,2021,JE473013,12/10/2021 04:55:00 PM,30,TRAFFIC SIGNAL,FUNCTIONING PROPERLY,RAIN,"DARKNESS, LIGHTED ROAD",REAR END,NOT DIVIDED,STRAIGHT AND LEVEL,WET,NO DEFECTS,NOT ON SCENE (DESK REPORT),NO INJURY / DRIVE AWAY,Y,Y,"OVER $1,500",12/10/2021 06:30:00 PM,FOLLOWING TOO CLOSELY,UNABLE TO DETERMINE,2301,W,LAKE ST,1223.0,2,NO INDICATION OF INJURY,0.0,0.0,0.0,0.0,0.0,2.0,0.0,16,6,12,41.884596361999996,-87.68417705200001,POINT (-87.684177052125 41.884596361632),2021,1015
O1231398,DRIVER,262d791edbecdd6e77bbe11f1d10025c8cf54928f1d521c3e2fae307234656330b233bdd82ed18131339d37bd920e2dad90e361fafa1cd5139b49cf720dd3203,JE452293,1168614.0,11/21/2021 01:40:00 AM,CHICAGO,IL,60624,F,33.0,SAFETY BELT USED,NOT APPLICABLE,NONE,NO INDICATION OF INJURY,UNKNOWN,NOT OBSCURED,NORMAL,TEST NOT OFFERED,2021,JE452293,11/21/2021 01:40:00 AM,30,TRAFFIC SIGNAL,FUNCTIONING PROPERLY,CLEAR,"DARKNESS, LIGHTED ROAD",ANGLE,NOT DIVIDED,STRAIGHT AND LEVEL,DRY,NO DEFECTS,NOT ON SCENE (DESK REPORT),NO INJURY / DRIVE AWAY,Y,Y,"OVER $1,500",11/21/2021 08:15:00 AM,UNABLE TO DETERMINE,UNABLE TO DETERMINE,600,S,LARAMIE AVE,1522.0,2,NO INDICATION OF INJURY,0.0,0.0,0.0,0.0,0.0,2.0,0.0,1,1,11,41.872895537,-87.754952034,POINT (-87.754952034216 41.872895536655),2021,100
O1019395,DRIVER,42548c80e1a81d11c5ee48e4f26771edd6526002796764d5db5ca4f5de7045e68099ce3414ab57da91abdefbe8aa1d1cf4d40d0ef56fab088e39ff666ae3b601,JE102840,966198.0,01/04/2021 11:11:00 AM,GLENVIEW,IL,60025,M,77.0,SAFETY BELT USED,DID NOT DEPLOY,NONE,NO INDICATION OF INJURY,NONE,NOT OBSCURED,NORMAL,TEST NOT OFFERED,2021,JE102840,01/04/2021 11:11:00 AM,30,NO CONTROLS,NO CONTROLS,SNOW,DAYLIGHT,SIDESWIPE SAME DIRECTION,FOUR WAY,STRAIGHT AND LEVEL,WET,NO DEFECTS,ON SCENE,INJURY AND / OR TOW DUE TO CRASH,Y,Y,"OVER $1,500",01/04/2021 11:11:00 AM,IMPROPER LANE USAGE,IMPROPER OVERTAKING/PASSING,4701,W,HARRISON ST,1131.0,2,INCAPACITATING INJURY,1.0,0.0,1.0,0.0,0.0,2.0,0.0,11,2,1,41.873089763,-87.742682672,POINT (-87.742682671659 41.873089763466),2021,671
O1187875,DRIVER,d39ca24082582354d40e63096f706c83d5725889c066860aea6baf94fff04a5e1d262cb5d8a1150551c805cb7cc01dbdd7272e9d81bb50f729f1ef5f9630c01f,JE380392,1126985.0,09/20/2021 07:40:00 AM,CHICAGO,IL,60655,M,34.0,SAFETY BELT USED,DID NOT DEPLOY,NONE,NO INDICATION OF INJURY,NONE,NOT OBSCURED,NORMAL,TEST NOT OFFERED,2021,JE380392,09/20/2021 07:40:00 AM,30,NO CONTROLS,NO CONTROLS,CLEAR,DAYLIGHT,ANGLE,NOT DIVIDED,STRAIGHT AND LEVEL,DRY,NO DEFECTS,NOT ON SCENE (DESK REPORT),NO INJURY / DRIVE AWAY,Y,Y,"OVER $1,500",09/20/2021 08:34:00 AM,UNABLE TO DETERMINE,UNABLE TO DETERMINE,7202,S,KEDZIE AVE,831.0,2,NO INDICATION OF INJURY,0.0,0.0,0.0,0.0,0.0,2.0,0.0,7,2,9,41.762407871,-87.70290306700001,POINT (-87.702903066584 41.762407870888),2021,460
O1159636,DRIVER,b39e88ebb42ed9ffe947b507a516b8bb2e3902166c68ccffdbf5e39826462ca48bbe1c8c710256fa7a9a0ff9cbfa2341817510a1899a1556b400734b737b41c2,JE334026,1100010.0,08/11/2021 03:30:00 PM,FOREST PARK,IL,60130,M,22.0,USAGE UNKNOWN,DID NOT DEPLOY,NONE,NO INDICATION OF INJURY,UNKNOWN,UNKNOWN,UNKNOWN,TEST NOT OFFERED,2021,JE334026,08/11/2021 03:30:00 PM,30,TRAFFIC SIGNAL,FUNCTIONING PROPERLY,CLEAR,DAYLIGHT,SIDESWIPE SAME DIRECTION,DIVIDED - W/MEDIAN (NOT RAISED),STRAIGHT AND LEVEL,DRY,UNKNOWN,NOT ON SCENE (DESK REPORT),NO INJURY / DRIVE AWAY,Y,Y,$500 OR LESS,08/11/2021 04:09:00 PM,UNABLE TO DETERMINE,UNABLE TO DETERMINE,1805,S,LOOMIS ST,1233.0,2,NO INDICATION OF INJURY,0.0,0.0,0.0,0.0,0.0,2.0,0.0,15,4,8,41.857601233000004,-87.661163765,POINT (-87.661163764754 41.857601233305),2021,930
O1189615,DRIVER,0be5994fb6b52c3f85421786421bd81c500b1ccf0e630eb5874eec398abf03bedcc46e390f806280ca95f615ef69bb4a2b84419317b7a4d38f86b105c2164737,JE383304,1128659.0,09/22/2021 02:15:00 PM,CHICAGO,IL,60652,F,26.0,NONE PRESENT,NOT APPLICABLE,NONE,NO INDICATION OF INJURY,NONE,NOT OBSCURED,NORMAL,TEST NOT OFFERED,2021,JE383304,09/22/2021 02:15:00 PM,35,TRAFFIC SIGNAL,FUNCTIONING PROPERLY,CLOUDY/OVERCAST,DAYLIGHT,ANGLE,NOT DIVIDED,STRAIGHT ON GRADE,WET,NO DEFECTS,NOT ON SCENE (DESK REPORT),NO INJURY / DRIVE AWAY,Y,Y,"$501 - $1,500",09/22/2021 03:04:00 PM,DISREGARDING TRAFFIC SIGNALS,DISREGARDING TRAFFIC SIGNALS,3202,W,77TH ST,835.0,2,NO INDICATION OF INJURY,0.0,0.0,0.0,0.0,0.0,2.0,0.0,14,4,9,41.753535178,-87.702632896,POINT (-87.702632896163 41.753535177862),2021,855
O1147053,DRIVER,97cb7f771af5ee57501dd799cbcca2a91990f7f2db7a020f0f8104e101ea5647e583e5c2171fcd3dcdb807e7feb3832c55dbd34b9e712f0a9271ad27587c3ab9,JE313168,1088050.0,07/24/2021 11:24:00 PM,CHICAGO,IL,60619,F,24.0,USAGE UNKNOWN,NOT APPLICABLE,UNKNOWN,NONINCAPACITATING INJURY,UNKNOWN,UNKNOWN,UNKNOWN,TEST NOT OFFERED,2021,JE313168,07/24/2021 11:24:00 PM,30,NO CONTROLS,NO CONTROLS,CLEAR,UNKNOWN,TURNING,DIVIDED - W/MEDIAN (NOT RAISED),STRAIGHT AND LEVEL,DRY,NO DEFECTS,ON SCENE,INJURY AND / OR TOW DUE TO CRASH,N,Y,"OVER $1,500",07/25/2021 01:28:00 AM,UNABLE TO DETERMINE,NOT APPLICABLE,698,E,75TH ST,323.0,2,NONINCAPACITATING INJURY,1.0,0.0,0.0,1.0,0.0,1.0,0.0,23,7,7,41.758646667,-87.60790603299999,POINT (-87.607906032804 41.758646666685),2021,1404
O1197186,DRIVER,06d97b756fce76aee7ff35fd5dc9ecc3f00471e737f274b5f93e4d6de7098b90e2171e4d17cf4c83baee92abe4cf79730c3d3cfefa92d2e2e86b8b14f150c443,JE395799,1135913.0,10/02/2021 02:30:00 PM,CHICAGO,IL,60617,F,28.0,SAFETY BELT USED,DID NOT DEPLOY,NONE,NO INDICATION OF INJURY,NONE,NOT OBSCURED,NORMAL,TEST NOT OFFERED,2021,JE395799,10/02/2021 02:30:00 PM,30,TRAFFIC SIGNAL,FUNCTIONING PROPERLY,CLEAR,DAYLIGHT,TURNING,ONE-WAY,STRAIGHT AND LEVEL,DRY,NO DEFECTS,NOT ON SCENE (DESK REPORT),NO INJURY / DRIVE AWAY,Y,Y,"$501 - $1,500",10/02/2021 07:40:00 PM,IMPROPER TURNING/NO SIGNAL,FOLLOWING TOO CLOSELY,2,S,CANAL ST,121.0,2,NO INDICATION OF INJURY,0.0,0.0,0.0,0.0,0.0,2.0,0.0,14,7,10,41.881848874,-87.639830854,POINT (-87.639830854465 41.881848873597),2021,870
O1220945,DRIVER,aa857cf0a943e269f8d92a6292e4e9dd9873dacc16f4f4ae06fe87db356efbf045769c68157a4f4ac0707200d66730fb8cd8e13d7e58defa45cdd7bc4726354d,JE434843,1158606.0,11/05/2021 12:17:00 PM,WESTMONT,IL,60559,M,30.0,SAFETY BELT USED,NOT APPLICABLE,NONE,NO INDICATION OF INJURY,OTHER,NOT OBSCURED,NORMAL,TEST NOT OFFERED,2021,JE434843,11/05/2021 12:17:00 PM,30,TRAFFIC SIGNAL,FUNCTIONING PROPERLY,CLEAR,DAYLIGHT,SIDESWIPE SAME DIRECTION,"FIVE POINT, OR MORE",STRAIGHT AND LEVEL,DRY,NO DEFECTS,ON SCENE,INJURY AND / OR TOW DUE TO CRASH,Y,Y,"$501 - $1,500",11/05/2021 12:17:00 PM,UNABLE TO DETERMINE,UNABLE TO DETERMINE,759,E,71ST ST,323.0,2,"REPORTED, NOT EVIDENT",1.0,0.0,0.0,0.0,1.0,2.0,0.0,12,6,11,41.765758417,-87.60566943100001,POINT (-87.605669431369 41.765758417158),2021,737
O1202332,DRIVER,4166de2a60dc426267049d4da9dea383a340e1037ce7a55743483d672f11ba719db0cd8df1f384b871c798379facb45ef90449a93f55b132b2a55f7477142831,JE404690,1140831.0,10/08/2021 09:45:00 PM,CHICAGO,IL,60630,F,18.0,SAFETY BELT USED,NOT APPLICABLE,NONE,NONINCAPACITATING INJURY,NONE,NOT OBSCURED,NORMAL,TEST NOT OFFERED,2021,JE404690,10/08/2021 09:45:00 PM,35,STOP SIGN/FLASHER,FUNCTIONING PROPERLY,CLEAR,"DARKNESS, LIGHTED ROAD",TURNING,T-INTERSECTION,STRAIGHT AND LEVEL,DRY,NO DEFECTS,NOT ON SCENE (DESK REPORT),INJURY AND / OR TOW DUE TO CRASH,Y,Y,"OVER $1,500",10/10/2021 08:30:00 AM,DISREGARDING STOP SIGN,FAILING TO YIELD RIGHT-OF-WAY,5658,N,FOREST GLEN AVE,1621.0,2,NONINCAPACITATING INJURY,1.0,0.0,0.0,1.0,0.0,1.0,0.0,21,6,10,41.984352179,-87.751288681,POINT (-87.75128868095 41.984352179157),2021,1305
O1186007,DRIVER,43089399e8dcbe8df76dc82ced3d875458f6177b19013941029f0f39e52551018b6f492f32259e2d0d72e39dde7efc566eeb48c543353b0d7b291a979af9aed0,JE377401,1125192.0,09/17/2021 04:25:00 PM,CHICAGO,IL,60643,M,35.0,SAFETY BELT USED,DID NOT DEPLOY,NONE,NO INDICATION OF INJURY,NONE,BUILDINGS,NORMAL,TEST NOT OFFERED,2021,JE377401,09/17/2021 04:25:00 PM,35,TRAFFIC SIGNAL,FUNCTIONING PROPERLY,CLEAR,DAYLIGHT,REAR END,FOUR WAY,STRAIGHT AND LEVEL,DRY,NO DEFECTS,NOT ON SCENE (DESK REPORT),NO INJURY / DRIVE AWAY,Y,Y,"$501 - $1,500",09/17/2021 04:50:00 PM,FOLLOWING TOO CLOSELY,NOT APPLICABLE,1750,W,119TH ST,2234.0,2,NO INDICATION OF INJURY,0.0,0.0,0.0,0.0,0.0,3.0,0.0,16,6,9,41.677567307,-87.665844926,POINT (-87.665844925659 41.677567307473),2021,985
O1176649,DRIVER,fd5457b44f95a35d4c2170f4590a94e3ad250e041becae1dda3a19d71b1d503687d71e36eb88a0373affb02e3fb9e24b59249931a3a32725b6a93ee30c13145c,JE361326,1116236.0,09/04/2021 12:15:00 PM,CHICAGO,IL,60623,M,83.0,USAGE UNKNOWN,DEPLOYMENT UNKNOWN,NONE,INCAPACITATING INJURY,NONE,UNKNOWN,NORMAL,TEST NOT OFFERED,2021,JE361326,09/04/2021 12:15:00 PM,30,TRAFFIC SIGNAL,FUNCTIONING PROPERLY,CLEAR,DAYLIGHT,ANGLE,DIVIDED - W/MEDIAN (NOT RAISED),STRAIGHT AND LEVEL,DRY,NO DEFECTS,ON SCENE,INJURY AND / OR TOW DUE TO CRASH,Y,Y,"OVER $1,500",09/04/2021 12:17:00 PM,DISREGARDING TRAFFIC SIGNALS,UNABLE TO DETERMINE,4801,W,HARRISON ST,1533.0,5,INCAPACITATING INJURY,3.0,0.0,1.0,0.0,2.0,2.0,0.0,12,7,9,41.873026274000004,-87.745100725,POINT (-87.745100724533 41.873026274017),2021,735
O1048787,DRIVER,7c1ba66d696591e2022e1306227459510bccfe852ab8b1bddc532a0f668166fa0747d1dfd5642e861d015d5aafde7157f571f1e6d324dae94a037ea2ff2537c5,JE150738,994397.0,02/15/2021 10:38:00 PM,CHICAGO,IL,60660,M,40.0,SAFETY BELT USED,NOT APPLICABLE,NONE,NO INDICATION OF INJURY,NONE,UNKNOWN,UNKNOWN,TEST NOT OFFERED,2021,JE150738,02/15/2021 10:38:00 PM,25,STOP SIGN/FLASHER,FUNCTIONING PROPERLY,SNOW,"DARKNESS, LIGHTED ROAD",TURNING,FOUR WAY,STRAIGHT AND LEVEL,SNOW OR SLUSH,UNKNOWN,NOT ON SCENE (DESK REPORT),NO INJURY / DRIVE AWAY,Y,Y,"OVER $1,500",02/24/2021 10:30:00 AM,WEATHER,UNABLE TO DETERMINE,7100,S,BELL AVE,832.0,2,NO INDICATION OF INJURY,0.0,0.0,0.0,0.0,0.0,4.0,0.0,22,2,2,41.764645694,-87.67961642799999,POINT (-87.679616427703 41.764645693576),2021,1358
O1097054,DRIVER,2f8fc1b7663cb1decc2e91df4fbc8320d6d29e758551844d8c0804df816c95194af1ea7366be70f54174ebead499710b8b44e9caf06740a7131f44c0fba45aaf,JE232784,1040577.0,05/17/2021 09:30:00 AM,CHICAGO,IL,60644,M,24.0,USAGE UNKNOWN,DID NOT DEPLOY,NONE,NO INDICATION OF INJURY,FAILED TO YIELD,UNKNOWN,UNKNOWN,TEST NOT OFFERED,2021,JE232784,05/17/2021 09:30:00 AM,25,UNKNOWN,UNKNOWN,CLEAR,DAYLIGHT,HEAD ON,ALLEY,STRAIGHT AND LEVEL,UNKNOWN,UNKNOWN,NOT ON SCENE (DESK REPORT),INJURY AND / OR TOW DUE TO CRASH,Y,Y,"OVER $1,500",05/17/2021 10:09:00 AM,FAILING TO YIELD RIGHT-OF-WAY,UNABLE TO DETERMINE,1540,N,HAMLIN AVE,2535.0,2,NO INDICATION OF INJURY,0.0,0.0,0.0,0.0,0.0,2.0,0.0,9,2,5,41.909336618000005,-87.721793027,POINT (-87.72179302698 41.909336618237),2021,570
O1138654,DRIVER,06729c9bd870ab58431f1609d8a9159d0f59bd474e8d812581d07d30049a78ad1fa8f224a5326ec54d9c55643e9afc3ef01afc2ece4e0e9be3355bb5894bb1f5,JE299330,1080043.0,07/12/2021 06:55:00 PM,CHICAGO,IL,60628,F,18.0,SAFETY BELT USED,DID NOT DEPLOY,NONE,NO INDICATION OF INJURY,NONE,NOT OBSCURED,NORMAL,TEST NOT OFFERED,2021,JE299330,07/12/2021 06:55:00 PM,30,TRAFFIC SIGNAL,FUNCTIONING PROPERLY,CLEAR,DAYLIGHT,SIDESWIPE SAME DIRECTION,NOT DIVIDED,STRAIGHT AND LEVEL,DRY,NO DEFECTS,ON SCENE,INJURY AND / OR TOW DUE TO CRASH,N,Y,"OVER $1,500",07/12/2021 06:58:00 PM,IMPROPER OVERTAKING/PASSING,NOT APPLICABLE,1600,W,83RD ST,614.0,2,NO INDICATION OF INJURY,0.0,0.0,0.0,0.0,0.0,3.0,0.0,18,2,7,41.74318417,-87.663319391,POINT (-87.663319391286 41.743184169881),2021,1135
O1154599,DRIVER,35a1802358167edb67af25b73a43c073b0c2821b49a3443b835ed1b9a024aedd29eeac977743fe0344d96801934cc9b19f8526e1fdb58c7b76e55991390c1eca,JE325734,1095208.0,08/03/2021 11:55:00 AM,CHICAGO,IL,60608,F,24.0,SAFETY BELT USED,DID NOT DEPLOY,NONE,NO INDICATION OF INJURY,NONE,NOT OBSCURED,NORMAL,TEST NOT OFFERED,2021,JE325734,08/03/2021 11:55:00 AM,30,TRAFFIC SIGNAL,FUNCTIONING PROPERLY,CLEAR,"DARKNESS, LIGHTED ROAD",TURNING,FOUR WAY,STRAIGHT AND LEVEL,DRY,NO DEFECTS,NOT ON SCENE (DESK REPORT),NO INJURY / DRIVE AWAY,Y,Y,$500 OR LESS,08/04/2021 11:50:00 AM,DISREGARDING TRAFFIC SIGNALS,NOT APPLICABLE,1,W,35TH ST,213.0,2,NO INDICATION OF INJURY,0.0,0.0,0.0,0.0,0.0,2.0,0.0,11,3,8,41.83090224,-87.62669429600001,POINT (-87.626694296372 41.830902240336),2021,715
O1034771,DRIVER,f5ed2be0cb9ae243a3998ea5f6fafac3e20a222e540264f0a73b4153d84d3c0b70b88514e6aad89dd6bc7811ae830c39f756ae42e58c5f0a39d9887979503af1,JE130901,980808.0,02/03/2021 12:50:00 AM,CHICAGO,IL,60623,M,30.0,SAFETY BELT USED,DID NOT DEPLOY,NONE,NO INDICATION OF INJURY,UNKNOWN,UNKNOWN,NORMAL,TEST NOT OFFERED,2021,JE130901,02/03/2021 12:50:00 AM,35,TRAFFIC SIGNAL,FUNCTIONING PROPERLY,CLEAR,"DARKNESS, LIGHTED ROAD",TURNING,FOUR WAY,STRAIGHT AND LEVEL,DRY,NO DEFECTS,ON SCENE,NO INJURY / DRIVE AWAY,Y,Y,"$501 - $1,500",02/03/2021 12:55:00 AM,UNABLE TO DETERMINE,UNABLE TO DETERMINE,196,W,GARFIELD BLVD,225.0,2,NO INDICATION OF INJURY,0.0,0.0,0.0,0.0,0.0,3.0,0.0,0,4,2,41.794677003000004,-87.630487851,POINT (-87.630487850767 41.79467700255),2021,50
O1103347,DRIVER,e4594c8694777dc9b8fc982f97d4e516d7ba986167e4d4c79d29c4d84b49272f13cb0aeed2696a3c8913e7d1f6269e1664a294e90cb48cabb4422edf0a76cd7c,JE243281,1046605.0,05/26/2021 09:25:00 AM,CHICAGO,IL,60644,F,30.0,SAFETY BELT USED,DID NOT DEPLOY,NONE,NO INDICATION OF INJURY,OTHER,OTHER,EMOTIONAL,TEST NOT OFFERED,2021,JE243281,05/26/2021 09:25:00 AM,30,NO CONTROLS,NO CONTROLS,CLEAR,DAYLIGHT,FIXED OBJECT,FOUR WAY,STRAIGHT AND LEVEL,DRY,NO DEFECTS,ON SCENE,INJURY AND / OR TOW DUE TO CRASH,Y,N,"OVER $1,500",05/26/2021 09:35:00 AM,"EVASIVE ACTION DUE TO ANIMAL, OBJECT, NONMOTORIST",UNABLE TO DETERMINE,4100,W,JACKSON BLVD,1115.0,1,NO INDICATION OF INJURY,0.0,0.0,0.0,0.0,0.0,1.0,0.0,9,4,5,41.877165344,-87.728123255,POINT (-87.728123255087 41.877165344452),2021,565
O1197169,DRIVER,a2a149f9427004eb9d4b705e819ac1202b665063590e6a2d236b3cbe97701407917c65fca500e4d4e55c8988e5dd2988baf80dfcb4adf85650bdb972ac539fba,JE395772,1135896.0,10/02/2021 06:00:00 PM,BLUE ISLAND,IL,60406,F,29.0,SAFETY BELT USED,DEPLOYMENT UNKNOWN,NONE,NO INDICATION OF INJURY,NONE,NOT OBSCURED,NORMAL,TEST NOT OFFERED,2021,JE395772,10/02/2021 06:00:00 PM,30,STOP SIGN/FLASHER,FUNCTIONING PROPERLY,RAIN,DARKNESS,TURNING,NOT DIVIDED,STRAIGHT AND LEVEL,WET,NO DEFECTS,NOT ON SCENE (DESK REPORT),NO INJURY / DRIVE AWAY,Y,Y,"OVER $1,500",10/02/2021 07:10:00 PM,DISREGARDING STOP SIGN,UNABLE TO DETERMINE,1438,W,121ST ST,524.0,2,NO INDICATION OF INJURY,0.0,0.0,0.0,0.0,0.0,3.0,0.0,18,7,10,41.674048381,-87.657996321,POINT (-87.657996321249 41.674048380648),2021,1080