PERSON_ID,PERSON_TYPE,CRASH_RECORD_ID,RD_NO_x,VEHICLE_ID,CRASH_DATE_x,CITY,STATE,ZIPCODE,SEX,AGE,SAFETY_EQUIPMENT,AIRBAG_DEPLOYED,EJECTION,INJURY_CLASSIFICATION,DRIVER_ACTION,DRIVER_VISION,PHYSICAL_CONDITION,BAC_RESULT,CRASH_YEAR_x,RD_NO_y,CRASH_DATE_y,POSTED_SPEED_LIMIT,TRAFFIC_CONTROL_DEVICE,DEVICE_CONDITION,WEATHER_CONDITION,LIGHTING_CONDITION,FIRST_CRASH_TYPE,TRAFFICWAY_TYPE,ALIGNMENT,ROADWAY_SURFACE_COND,ROAD_DEFECT,REPORT_TYPE,CRASH_TYPE,INTERSECTION_RELATED_I,HIT_AND_RUN_I,DAMAGE,DATE_POLICE_NOTIFIED,PRIM_CONTRIBUTORY_CAUSE,SEC_CONTRIBUTORY_CAUSE,STREET_NO,STREET_DIRECTION,STREET_NAME,BEAT_OF_OCCURRENCE,NUM_UNITS,MOST_SEVERE_INJURY,INJURIES_TOTAL,INJURIES_FATAL,INJURIES_INCAPACITATING,INJURIES_NON_INCAPACITATING,INJURIES_REPORTED_NOT_EVIDENT,INJURIES_NO_INDICATION,INJURIES_UNKNOWN,CRASH_HOUR,CRASH_DAY_OF_WEEK,CRASH_MONTH,LATITUDE,LONGITUDE,LOCATION,CRASH_YEAR_y,TIME
O1129328,DRIVER,3afdf5dde75ba6a97642da249334c06c4b4360589bf040656f4934749180437c32a39a7c96b320e0f857af4afeecda7e48490f123e67ef45a23969847768097b,JE284219,1071257.0,06/29/2021 11:50:00 PM,BURBANK,IL,60459,M,37.0,USAGE UNKNOWN,"DEPLOYED, FRONT",NONE,NO INDICATION OF INJURY,TOO FAST FOR CONDITIONS,UNKNOWN,IMPAIRED - ALCOHOL AND DRUGS,TEST NOT OFFERED,2021,JE284219,06/29/2021 11:50:00 PM,30,STOP SIGN/FLASHER,FUNCTIONING PROPERLY,CLEAR,"DARKNESS, LIGHTED ROAD",REAR END,FOUR WAY,STRAIGHT ON GRADE,WET,NO DEFECTS,ON SCENE,NO INJURY / DRIVE AWAY,Y,Y,"OVER $1,500",06/29/2021 11:55:00 PM,FAILING TO REDUCE SPEED TO AVOID CRASH,HAD BEEN DRINKING (USE WHEN ARREST IS NOT MADE),959,W,KINZIE ST,1214.0,2,NO INDICATION OF INJURY,0.0,0.0,0.0,0.0,0.0,2.0,0.0,23,3,6,41.888885078,-87.652174739,POINT (-87.652174738948 41.888885078389),2021,1430
O1072826,DRIVER,856d41f7592130da4b0980422d251d76346cdc63c8382236e72663e3f9466b3a401286c903dccc8f7b2eee6b01d323cd70500779170785ed3a5c0c1f86a20ed3,JE193264,1017428.0,04/08/2021 08:45:00 AM,CHICAGO,IL,60628,F,54.0,SAFETY BELT USED,NOT APPLICABLE,NONE,NO INDICATION OF INJURY,NONE,NOT OBSCURED,NORMAL,TEST NOT OFFERED,2021,JE193264,04/08/2021 08:45:00 AM,30,STOP SIGN/FLASHER,FUNCTIONING PROPERLY,RAIN,DAYLIGHT,SIDESWIPE SAME DIRECTION,NOT DIVIDED,STRAIGHT AND LEVEL,WET,NO DEFECTS,NOT ON SCENE (DESK REPORT),NO INJURY / DRIVE AWAY,Y,N,"$501 - $1,500",04/08/2021 11:15:00 AM,IMPROPER OVERTAKING/PASSING,IMPROPER OVERTAKING/PASSING,9900,S,DR MARTIN LUTHER KING JR DR,511.0,2,NO INDICATION OF INJURY,0.0,0.0,0.0,0.0,0.0,2.0,0.0,8,5,4,41.714580637,-87.614123395,POINT (-87.614123395176 41.714580637087),2021,525
O1035943,DRIVER,f8bde9e65044e8c992a5098cdb1acd69083d84517aa1a32f4e4f46d2d21742cb598876a81494dd26036bf6a5e5c78e4955e8e03d3569bc582648187f476a30a3,JE132775,981928.0,02/04/2021 09:30:00 PM,CHICAGO,IL,60616,M,25.0,USAGE UNKNOWN,NOT APPLICABLE,NONE,NO INDICATION OF INJURY,NONE,UNKNOWN,NORMAL,TEST NOT OFFERED,2021,JE132775,02/04/2021 09:30:00 PM,30,TRAFFIC SIGNAL,FUNCTIONING PROPERLY,SNOW,"DARKNESS, LIGHTED ROAD",ANGLE,NOT DIVIDED,STRAIGHT AND LEVEL,SNOW OR SLUSH,UNKNOWN,ON SCENE,NO INJURY / DRIVE AWAY,Y,Y,"OVER $1,500",02/04/2021 09:32:00 PM,UNABLE TO DETERMINE,UNABLE TO DETERMINE,3500,S,INDIANA AVE,212.0,2,NO INDICATION OF INJURY,0.0,0.0,0.0,0.0,0.0,2.0,0.0,21,5,2,41.830985414000004,-87.621908711,POINT (-87.621908710612 41.830985413804),2021,1290
O1138591,DRIVER,c2b7465e931922823c7cd7dd55b4cacf04a6d93c21ce72302c76a2ef822ac04542041e9027c2dbb843c4987153b4151fad887160a4bfd5f75d826ec67ecd0d30,JE299214,1079987.0,07/12/2021 05:12:00 PM,CHICAGO,IL,60612,F,45.0,USAGE UNKNOWN,DID NOT DEPLOY,NONE,NO INDICATION OF INJURY,NONE,NOT OBSCURED,NORMAL,TEST NOT OFFERED,2021,JE299214,07/12/2021 05:12:00 PM,30,TRAFFIC SIGNAL,FUNCTIONING PROPERLY,CLEAR,DAYLIGHT,REAR END,FOUR WAY,STRAIGHT AND LEVEL,DRY,UNKNOWN,ON SCENE,INJURY AND / OR TOW DUE TO CRASH,Y,Y,"OVER $1,500",07/12/2021 05:17:00 PM,FAILING TO REDUCE SPEED TO AVOID CRASH,UNABLE TO DETERMINE,301,S,CALIFORNIA AVE,1125.0,2,NO INDICATION OF INJURY,0.0,0.0,0.0,0.0,0.0,2.0,0.0,17,2,7,41.877400652,-87.696045231,POINT (-87.696045231482 41.877400652044),2021,1032
O1131514,DRIVER,e6b16722a902bcfc4109e5e1730f8b59d621eb24e1edf445fd72805a0c6a4be7c3b6bdbe5b7cb2b4d0c4d4ff9803a9f7b0ac12a3deb5e6f48af8556b9afa2c95,JE287824,1073330.0,07/02/2021 08:49:00 PM,CHICAGO,IL,60634,F,39.0,SAFETY BELT USED,NOT APPLICABLE,NONE,NO INDICATION OF INJURY,NONE,NOT OBSCURED,NORMAL,TEST NOT OFFERED,2021,JE287824,07/02/2021 08:49:00 PM,30,TRAFFIC SIGNAL,FUNCTIONING PROPERLY,CLEAR,"DARKNESS, LIGHTED ROAD",REAR END,DIVIDED - W/MEDIAN (NOT RAISED),STRAIGHT AND LEVEL,DRY,NO DEFECTS,NOT ON SCENE (DESK REPORT),NO INJURY / DRIVE AWAY,Y,Y,"$501 - $1,500",07/02/2021 09:20:00 PM,FOLLOWING TOO CLOSELY,NOT APPLICABLE,1800,N,NARRAGANSETT AVE,2513.0,2,NO INDICATION OF INJURY,0.0,0.0,0.0,0.0,0.0,2.0,0.0,20,6,7,41.912867676,-87.785268745,POINT (-87.78526874464 41.912867675883),2021,1249
O1220227,DRIVER,b2911c74cea2abf352e8bbf0c773c0c9e3cd3afe3f2619afccb3610155ebf8cf87eaf091c4eb62752ffe98fb8d9b7d633a9d645194d295432052ce5181b023e9,JE433462,1157882.0,11/04/2021 09:00:00 AM,CHICAGO,IL,60634,M,38.0,SAFETY BELT USED,DID NOT DEPLOY,NONE,NO INDICATION OF INJURY,OTHER,NOT OBSCURED,NORMAL,TEST NOT OFFERED,2021,JE433462,11/04/2021 09:00:00 AM,30,TRAFFIC SIGNAL,FUNCTIONING PROPERLY,CLOUDY/OVERCAST,DAYLIGHT,PEDESTRIAN,CENTER TURN LANE,STRAIGHT AND LEVEL,DRY,NO DEFECTS,ON SCENE,INJURY AND / OR TOW DUE TO CRASH,Y,N,$500 OR LESS,11/04/2021 09:02:00 AM,DRIVING SKILLS/KNOWLEDGE/EXPERIENCE,NOT APPLICABLE,6359,W,MONTROSE AVE,1624.0,2,NONINCAPACITATING INJURY,1.0,0.0,0.0,1.0,0.0,1.0,0.0,9,5,11,41.960108059,-87.78674163,POINT (-87.786741629928 41.960108059178),2021,540
O1091477,DRIVER,635b45c8f36fdb31c4c1ab88611e1bce11448004840ea247ad249123d8e6dfd04456f33ec0edc6d0d5fbca79bdc04c5191f9631a8c8931c0d07a4d94c4247da7,JE223795,1035234.0,05/08/2021 03:50:00 PM,CHICAGO,IL,60624,M,33.0,USAGE UNKNOWN,"DEPLOYED, SIDE",NONE,NO INDICATION OF INJURY,NONE,UNKNOWN,NORMAL,TEST REFUSED,2021,JE223795,05/08/2021 03:50:00 PM,30,NO CONTROLS,NO CONTROLS,CLEAR,DAYLIGHT,ANGLE,NOT DIVIDED,STRAIGHT AND LEVEL,DRY,NO DEFECTS,ON SCENE,INJURY AND / OR TOW DUE TO CRASH,Y,Y,"OVER $1,500",05/08/2021 03:55:00 PM,FAILING TO YIELD RIGHT-OF-WAY,UNABLE TO DETERMINE,5630,W,CHICAGO AVE,1511.0,3,NO INDICATION OF INJURY,0.0,0.0,0.0,0.0,0.0,3.0,0.0,15,7,5,41.894944653,-87.76657977299999,POINT (-87.766579773221 41.894944653492),2021,950
O1022218,DRIVER,d5f1d3f249caf4a6e72060d3dd4c0da119face81b4d162eac7c808b0a6e6ffd76795bd44d55d7c22baf69445652c9db9c1b4f57b6a0ef13006574db0df6e8ecc,JE108268,968881.0,01/05/2021 12:27:00 PM,CHICAGO,IL,60619,F,0.0,USAGE UNKNOWN,DID NOT DEPLOY,NONE,NO INDICATION OF INJURY,UNKNOWN,UNKNOWN,NORMAL,TEST NOT OFFERED,2021,JE108268,01/05/2021 12:27:00 PM,35,TRAFFIC SIGNAL,FUNCTIONING PROPERLY,CLEAR,DAYLIGHT,REAR END,FOUR WAY,STRAIGHT AND LEVEL,DRY,NO DEFECTS,ON SCENE,INJURY AND / OR TOW DUE TO CRASH,Y,N,"OVER $1,500",01/06/2021 01:33:00 PM,UNABLE TO DETERMINE,UNABLE TO DETERMINE,5900,S,ASHLAND AVE,714.0,2,NONINCAPACITATING INJURY,1.0,0.0,0.0,1.0,0.0,3.0,0.0,12,3,1,41.786654178,-87.664539158,POINT (-87.664539157743 41.786654178265),2021,747
O1119006,DRIVER,a639cd49520779f41c39e6c848accd2f63ffd26cba8a915fb073f9bf7dc4e4863404307d3482e74a0f86ecfaf9d5f3805609b236111c06e242e5a0ee557c45c1,JE267644,1061406.0,06/16/2021 02:40:00 AM,ROSEMONT,IL,60018,M,34.0,USAGE UNKNOWN,NOT APPLICABLE,NONE,NO INDICATION OF INJURY,NONE,UNKNOWN,NORMAL,TEST NOT OFFERED,2021,JE267644,06/16/2021 02:40:00 AM,30,STOP SIGN/FLASHER,FUNCTIONING PROPERLY,CLEAR,"DARKNESS, LIGHTED ROAD",ANGLE,NOT DIVIDED,STRAIGHT AND LEVEL,DRY,UNKNOWN,ON SCENE,INJURY AND / OR TOW DUE TO CRASH,Y,Y,"OVER $1,500",06/16/2021 02:55:00 AM,DISREGARDING STOP SIGN,FAILING TO YIELD RIGHT-OF-WAY,1800,S,HOYNE AVE,1234.0,3,NO INDICATION OF INJURY,0.0,0.0,0.0,0.0,0.0,5.0,0.0,2,4,6,41.857586207,-87.678591446,POINT (-87.678591446263 41.857586206694),2021,160
O1104333,DRIVER,849217d83e9d5227e033f668febef97091280e84c05757a7abba4398f2a0e2cc766fb92d151e93c4eaa6f76e667f47875193e3d8678109aca92d3e65d99d22ca,JE244414,1047541.0,05/27/2021 08:30:00 AM,CHICAGO,IL,60609,M,40.0,USAGE UNKNOWN,NOT APPLICABLE,NONE,NO INDICATION OF INJURY,NONE,NOT OBSCURED,NORMAL,TEST NOT OFFERED,2021,JE244414,05/27/2021 08:30:00 AM,30,TRAFFIC SIGNAL,FUNCTIONING PROPERLY,CLEAR,DAYLIGHT,ANGLE,FOUR WAY,STRAIGHT AND LEVEL,DRY,NO DEFECTS,ON SCENE,NO INJURY / DRIVE AWAY,Y,Y,"$501 - $1,500",05/27/2021 08:31:00 AM,DISREGARDING TRAFFIC SIGNALS,FAILING TO REDUCE SPEED TO AVOID CRASH,8300,S,LAFAYETTE AVE,622.0,2,NO INDICATION OF INJURY,0.0,0.0,0.0,0.0,0.0,2.0,0.0,8,5,5,41.743541848,-87.625773241,POINT (-87.625773241467 41.743541847975),2021,510
O1019053,DRIVER,627da8d4225602aecd4bf1cb7cf49bfd042fe77bcc64314494f56974f5398b37bdd0d98d567debac5a572f44d75864c33aa3ed59a0d1db0f78c058887fa11913,JE102167,965860.0,01/03/2021 01:30:00 PM,CHICAGO,IL,60619,M,77.0,SAFETY BELT USED,DID NOT DEPLOY,NONE,NO INDICATION OF INJURY,NONE,NOT OBSCURED,NORMAL,TEST NOT OFFERED,2021,JE102167,01/03/2021 01:30:00 PM,30,TRAFFIC SIGNAL,FUNCTIONING PROPERLY,CLOUDY/OVERCAST,DAYLIGHT,SIDESWIPE SAME DIRECTION,NOT DIVIDED,STRAIGHT AND LEVEL,SNOW OR SLUSH,NO DEFECTS,NOT ON SCENE (DESK REPORT),NO INJURY / DRIVE AWAY,Y,Y,"$501 - $1,500",01/03/2021 02:00:00 PM,DRIVING SKILLS/KNOWLEDGE/EXPERIENCE,UNABLE TO DETERMINE,9458,S,LA SALLE ST,634.0,2,NO INDICATION OF INJURY,0.0,0.0,0.0,0.0,0.0,3.0,0.0,13,1,1,41.721765314,-87.627598619,POINT (-87.627598618932 41.721765313859),2021,810
O1216347,DRIVER,8fa0e3a3764d5aab063c5611a0783bb844a5b996025f3b986aba539baa6ad21df827e91d1be9c627b608969e79143b7e383c4cd6a8ecdb62bd1e94ea87cc559b,JE427249,1154155.0,10/29/2021 09:22:00 PM,CHICAGO,IL,60628,M,33.0,SAFETY BELT USED,"DEPLOYED, SIDE",NONE,NO INDICATION OF INJURY,NONE,NOT OBSCURED,NORMAL,TEST NOT OFFERED,2021,JE427249,10/29/2021 09:22:00 PM,30,STOP SIGN/FLASHER,FUNCTIONING PROPERLY,RAIN,"DARKNESS, LIGHTED ROAD",ANGLE,FOUR WAY,STRAIGHT AND LEVEL,WET,NO DEFECTS,ON SCENE,INJURY AND / OR TOW DUE TO CRASH,Y,Y,"OVER $1,500",10/29/2021 09:40:00 PM,DISREGARDING STOP SIGN,NOT APPLICABLE,10000,S,STATE ST,511.0,2,NO INDICATION OF INJURY,0.0,0.0,0.0,0.0,0.0,2.0,0.0,21,6,10,41.712578838,-87.623776831,POINT (-87.623776831423 41.712578838415),2021,1282
O1023691,DRIVER,59d2622f6924ff55b38c0c425fd9176928352048db5e0504062bc57e5207492d0e4bece1a3917144391d7abea89d4b82352432681ce294034d858fe12b376867,JE111306,970233.0,01/13/2021 06:15:00 AM,CHICAGO,IL,60651,M,36.0,SAFETY BELT USED,DID NOT DEPLOY,NONE,NO INDICATION OF INJURY,UNKNOWN,NOT OBSCURED,NORMAL,TEST NOT OFFERED,2021,JE111306,01/13/2021 06:15:00 AM,30,NO CONTROLS,NO CONTROLS,CLEAR,"DARKNESS, LIGHTED ROAD",TURNING,DIVIDED - W/MEDIAN (NOT RAISED),STRAIGHT AND LEVEL,DRY,NO DEFECTS,NOT ON SCENE (DESK REPORT),NO INJURY / DRIVE AWAY,Y,Y,"$501 - $1,500",01/13/2021 06:35:00 AM,FAILING TO YIELD RIGHT-OF-WAY,NOT APPLICABLE,1300,N,KEDZIE AVE,1422.0,2,NO INDICATION OF INJURY,0.0,0.0,0.0,0.0,0.0,2.0,0.0,6,4,1,41.904708205,-87.70699666700001,POINT (-87.706996667352 41.904708204545),2021,375
O1167231,DRIVER,5ea488f44f8d6fc364467fb086e2e7578c55175b95f717437bbd74e7acbd2c1f037e0193b696350480e03e9371146f89a96b6af11ff5afd01cb54f19857b86cb,JE346206,1107234.0,08/22/2021 03:20:00 PM,CHICAGO,IL,60644,F,46.0,SAFETY BELT USED,NOT APPLICABLE,NONE,NO INDICATION OF INJURY,NONE,NOT OBSCURED,NORMAL,TEST NOT OFFERED,2021,JE346206,08/22/2021 03:20:00 PM,30,TRAFFIC SIGNAL,FUNCTIONING PROPERLY,CLEAR,DAYLIGHT,REAR END,NOT DIVIDED,STRAIGHT AND LEVEL,DRY,NO DEFECTS,ON SCENE,NO INJURY / DRIVE AWAY,Y,Y,"$501 - $1,500",08/22/2021 03:30:00 PM,FOLLOWING TOO CLOSELY,NOT APPLICABLE,3359,N,LARAMIE AVE,1634.0,2,NO INDICATION OF INJURY,0.0,0.0,0.0,0.0,0.0,3.0,0.0,15,1,8,41.942307666,-87.756658495,POINT (-87.756658494553 41.942307666124),2021,920
O1021762,DRIVER,5ad035b4b0f9138e0a37c85a19e1ce341e2d2dff0e0a078b289cf2c0cad682983ce63c143a0bc3c73d6ccdea81ede9bd0098c23accee7e61da4bb80ea6dfbafe,JE107360,968452.0,01/08/2021 07:54:00 PM,CHICAGO,IL,60632,M,28.0,SAFETY BELT USED,DID NOT DEPLOY,NONE,NO INDICATION OF INJURY,NONE,NOT OBSCURED,NORMAL,TEST NOT OFFERED,2021,JE107360,01/08/2021 07:54:00 PM,30,STOP SIGN/FLASHER,FUNCTIONING PROPERLY,CLEAR,"DARKNESS, LIGHTED ROAD",ANGLE,FOUR WAY,STRAIGHT AND LEVEL,DRY,NO DEFECTS,ON SCENE,INJURY AND / OR TOW DUE TO CRASH,Y,Y,"OVER $1,500",01/08/2021 07:55:00 PM,DISREGARDING STOP SIGN,UNABLE TO DETERMINE,3000,S,KEDZIE AVE,1032.0,2,NO INDICATION OF INJURY,0.0,0.0,0.0,0.0,0.0,4.0,0.0,19,6,1,41.83896285,-87.70501790700001,POINT (-87.70501790708 41.838962849662),2021,1194
O1140107,DRIVER,8f98889de3c6c925bb9cb2af0f52d742e4a42d26fad39ac4adcc1c67a75ad6dfa4f6b868d617d74d3aedbeb8ddaff6db4da7607b9aa788b07ca80c023528ec9e,JE302051,1081446.0,07/14/2021 05:20:00 PM,CHICAGO,IL,60605,M,76.0,USAGE UNKNOWN,DID NOT DEPLOY,NONE,NO INDICATION OF INJURY,OTHER,UNKNOWN,UNKNOWN,TEST NOT OFFERED,2021,JE302051,07/14/2021 05:20:00 PM,30,TRAFFIC SIGNAL,UNKNOWN,CLEAR,DAYLIGHT,TURNING,UNKNOWN,STRAIGHT AND LEVEL,UNKNOWN,UNKNOWN,NOT ON SCENE (DESK REPORT),NO INJURY / DRIVE AWAY,Y,Y,"$501 - $1,500",07/15/2021 09:55:00 AM,UNABLE TO DETERMINE,NOT APPLICABLE,4998,W,DIVISION ST,2533.0,2,NO INDICATION OF INJURY,0.0,0.0,0.0,0.0,0.0,2.0,0.0,17,4,7,41.902412411,-87.750751924,POINT (-87.750751923826 41.902412411401),2021,1040
O1124076,DRIVER,8ce85aaa49241633752d395f7ed0f22cc36dc8f23031ab71aa4ebf74a4e38d22035b3849732c62243d0571280ec3b483530cfea914731a0d8f7209d90efad52b,JE275652,1066231.0,06/22/2021 01:58:00 PM,CRESTWOOD,IL,60418,M,39.0,SAFETY BELT USED,NOT APPLICABLE,NONE,NO INDICATION OF INJURY,FOLLOWED TOO CLOSELY,NOT OBSCURED,NORMAL,TEST NOT OFFERED,2021,JE275652,06/22/2021 01:58:00 PM,30,TRAFFIC SIGNAL,FUNCTIONING PROPERLY,CLEAR,DAYLIGHT,REAR END,NOT DIVIDED,STRAIGHT AND LEVEL,DRY,NO DEFECTS,NOT ON SCENE (DESK REPORT),NO INJURY / DRIVE AWAY,Y,Y,"$501 - $1,500",06/22/2021 02:40:00 PM,FAILING TO YIELD RIGHT-OF-WAY,NOT APPLICABLE,2200,S,ALBANY AVE,1033.0,4,NO INDICATION OF INJURY,0.0,0.0,0.0,0.0,0.0,3.0,0.0,13,3,6,41.851701404,-87.702951091,POINT (-87.702951091047 41.85170140422),2021,838
O1022624,DRIVER,b9244a3976c61ba492da5dfb76d4642b5e5cb9464995cf5f7d6c1d84d111a2c007455fa00dff4a6ee94deaf62763620330956db814e0b70d627f31034b646516,JE109159,969258.0,01/10/2021 08:14:00 PM,CHICAGO,IL,60632,M,34.0,SAFETY BELT USED,NOT APPLICABLE,NONE,NO INDICATION OF INJURY,NONE,NOT OBSCURED,NORMAL,TEST NOT OFFERED,2021,JE109159,01/10/2021 08:14:00 PM,30,TRAFFIC SIGNAL,FUNCTIONING PROPERLY,CLEAR,"DARKNESS, LIGHTED ROAD",REAR END,NOT DIVIDED,STRAIGHT AND LEVEL,DRY,NO DEFECTS,ON SCENE,NO INJURY / DRIVE AWAY,Y,Y,"OVER $1,500",01/10/2021 08:15:00 PM,FOLLOWING TOO CLOSELY,UNABLE TO DETERMINE,3701,W,55TH ST,822.0,2,NO INDICATION OF INJURY,0.0,0.0,0.0,0.0,0.0,2.0,0.0,20,1,1,41.793202471,-87.71586837,POINT (-87.71586837018 41.793202471174),2021,1214
O1081852,DRIVER,463f80caddd20d67bfafba3459bbee24eee927dd687f3698104d24864e678f5f2663a02c7d17e32b38e89050281ec7e811e1225b279569b8fdea6769cb1a750e,JE208332,1026036.0,04/24/2021 12:02:00 AM,GARY,IN,46408,M,25.0,USAGE UNKNOWN,NOT APPLICABLE,NONE,NO INDICATION OF INJURY,TOO FAST FOR CONDITIONS,UNKNOWN,UNKNOWN,TEST REFUSED,2021,JE208332,04/24/2021 12:02:00 AM,30,NO CONTROLS,NO CONTROLS,CLEAR,"DARKNESS, LIGHTED ROAD",SIDESWIPE SAME DIRECTION,NOT DIVIDED,STRAIGHT AND LEVEL,DRY,NO DEFECTS,ON SCENE,INJURY AND / OR TOW DUE TO CRASH,Y,Y,"OVER $1,500",04/24/2021 12:02:00 AM,UNABLE TO DETERMINE,UNABLE TO DETERMINE,8936,S,ASHLAND AVE,2221.0,3,NONINCAPACITATING INJURY,1.0,0.0,0.0,1.0,0.0,2.0,0.0,0,7,4,41.73096470000001,-87.663068639,POINT (-87.663068639336 41.730964700307),2021,2
O1026065,DRIVER,d3f1b735ef8fd0582cc5193dbc8b3aed5dbd5e72d51f44538645f5ed6d25d96900a210f251f6109ba21690d4a0f48d4be7a746c3608faf28ead6b343c32b2b28,JE115436,972485.0,01/17/2021 12:15:00 PM,CHICAGO,IL,60653,M,29.0,SAFETY BELT USED,DID NOT DEPLOY,NONE,NO INDICATION OF INJURY,NONE,NOT OBSCURED,NORMAL,TEST NOT OFFERED,2021,JE115436,01/17/2021 12:15:00 PM,30,NO CONTROLS,NO CONTROLS,SNOW,DAYLIGHT,SIDESWIPE SAME DIRECTION,DIVIDED - W/MEDIAN (NOT RAISED),STRAIGHT AND LEVEL,WET,NO DEFECTS,NOT ON SCENE (DESK REPORT),NO INJURY / DRIVE AWAY,Y,Y,"$501 - $1,500",01/17/2021 12:55:00 PM,IMPROPER OVERTAKING/PASSING,IMPROPER LANE USAGE,8600,S,HALSTED ST,613.0,2,NO INDICATION OF INJURY,0.0,0.0,0.0,0.0,0.0,3.0,0.0,12,1,1,41.737967771,-87.64381841,POINT (-87.643818409916 41.737967771056),2021,735
O1171810,DRIVER,73a74dc8a9197798ccd4d9782886d81ece20208502401ab8670d291dc9c7213382edf80cfb06cfb0b7d22b12795a11c7be5e12ed4b20176f06fb6e179affbd25,JE353690,1111597.0,08/29/2021 12:49:00 AM,CHICAGO,IL,60640,M,32.0,USAGE UNKNOWN,DID NOT DEPLOY,NONE,NONINCAPACITATING INJURY,TOO FAST FOR CONDITIONS,UNKNOWN,HAD BEEN DRINKING,"TEST PERFORMED, RESULTS UNKNOWN",2021,JE353690,08/29/2021 12:49:00 AM,30,TRAFFIC SIGNAL,FUNCTIONING PROPERLY,CLEAR,"DARKNESS, LIGHTED ROAD",PEDESTRIAN,NOT DIVIDED,STRAIGHT AND LEVEL,DRY,UNKNOWN,ON SCENE,INJURY AND / OR TOW DUE TO CRASH,Y,N,"OVER $1,500",08/29/2021 12:53:00 AM,DISREGARDING OTHER TRAFFIC SIGNS,"OPERATING VEHICLE IN ERRATIC, RECKLESS, CARELESS, NEGLIGENT OR AGGRESSIVE MANNER",3954,N,BROADWAY,1923.0,4,INCAPACITATING INJURY,4.0,0.0,2.0,2.0,0.0,0.0,0.0,0,1,8,41.954384257,-87.65058831200001,POINT (-87.650588311813 41.954384257251),2021,49
O1140281,DRIVER,27c5dfc934a17cf0fc22b54e7553733ac09b88b9a1899ebacf74fd27cbcccea34e1f5c52cd1f5da2c14502881f139c40289cefaed21f537a65a8c0f00d397be6,JE302401,1081614.0,07/09/2021 07:30:00 PM,CHICAGO,IL,60660,F,22.0,SAFETY BELT USED,NOT APPLICABLE,NONE,NO INDICATION OF INJURY,NONE,NOT OBSCURED,NORMAL,TEST NOT OFFERED,2021,JE302401,07/09/2021 07:30:00 PM,30,STOP SIGN/FLASHER,NO CONTROLS,CLEAR,DAYLIGHT,TURNING,NOT DIVIDED,STRAIGHT AND LEVEL,DRY,NO DEFECTS,NOT ON SCENE (DESK REPORT),NO INJURY / DRIVE AWAY,Y,Y,"OVER $1,500",07/15/2021 02:40:00 PM,FAILING TO YIELD RIGHT-OF-WAY,NOT APPLICABLE,900,S,HOMAN AVE,1133.0,2,NO INDICATION OF INJURY,0.0,0.0,0.0,0.0,0.0,2.0,0.0,19,6,7,41.869936869,-87.71080482,POINT (-87.710804819562 41.869936869387),2021,1170
O1064136,DRIVER,de79b63c329178e24bed3bd67aa832b611dfcf89356dfb6ae7f771f69ccb1f54a27e94d1941770a807b0dd267a28d462a6c59ce3be101787740876cbfa96ae5e,JE178609,1009152.0,03/23/2021 04:00:00 PM,CHICAGO,IL,60624,M,31.0,USAGE UNKNOWN,DID NOT DEPLOY,NONE,NO INDICATION OF INJURY,UNKNOWN,UNKNOWN,NORMAL,TEST NOT OFFERED,2021,JE178609,03/23/2021 04:00:00 PM,20,STOP SIGN/FLASHER,FUNCTIONING PROPERLY,CLEAR,DAYLIGHT,TURNING,NOT DIVIDED,STRAIGHT AND LEVEL,DRY,NO DEFECTS,NOT ON SCENE (DESK REPORT),NO INJURY / DRIVE AWAY,Y,Y,"OVER $1,500",03/24/2021 05:00:00 PM,UNABLE TO DETERMINE,UNABLE TO DETERMINE,5600,S,THROOP ST,713.0,2,NO INDICATION OF INJURY,0.0,0.0,0.0,0.0,0.0,3.0,0.0,16,3,3,41.792218651,-87.657400466,POINT (-87.65740046559 41.792218650508),2021,960
O1198692,DRIVER,dc578ff9abe226f9f6faf437218e975bbf999e040effc66548fa9e7fdba2759a9dbbc64f1d901eac6f0207ecd1beb5072595cd60020abf6274fc5fc21c26cb50,JE398554,1137341.0,10/05/2021 07:20:00 AM,CHICAGO,IL,60646,F,41.0,SAFETY BELT USED,DID NOT DEPLOY,NONE,NO INDICATION OF INJURY,NONE,NOT OBSCURED,NORMAL,TEST NOT OFFERED,2021,JE398554,10/05/2021 07:20:00 AM,30,TRAFFIC SIGNAL,FUNCTIONING PROPERLY,CLOUDY/OVERCAST,DAYLIGHT,SIDESWIPE SAME DIRECTION,NOT DIVIDED,STRAIGHT AND LEVEL,DRY,NO DEFECTS,NOT ON SCENE (DESK REPORT),NO INJURY / DRIVE AWAY,Y,Y,"OVER $1,500",10/05/2021 08:12:00 AM,FOLLOWING TOO CLOSELY,NOT APPLICABLE,5213,N,CENTRAL AVE,1623.0,2,NO INDICATION OF INJURY,0.0,0.0,0.0,0.0,0.0,2.0,0.0,7,3,10,41.975979474,-87.768324941,POINT (-87.768324941034 41.975979473604),2021,440