PERSON_ID,PERSON_TYPE,CRASH_RECORD_ID,RD_NO_x,VEHICLE_ID,CRASH_DATE_x,CITY,STATE,ZIPCODE,SEX,AGE,SAFETY_EQUIPMENT,AIRBAG_DEPLOYED,EJECTION,INJURY_CLASSIFICATION,DRIVER_ACTION,DRIVER_VISION,PHYSICAL_CONDITION,BAC_RESULT,CRASH_YEAR_x,RD_NO_y,CRASH_DATE_y,POSTED_SPEED_LIMIT,TRAFFIC_CONTROL_DEVICE,DEVICE_CONDITION,WEATHER_CONDITION,LIGHTING_CONDITION,FIRST_CRASH_TYPE,TRAFFICWAY_TYPE,ALIGNMENT,ROADWAY_SURFACE_COND,ROAD_DEFECT,REPORT_TYPE,CRASH_TYPE,INTERSECTION_RELATED_I,HIT_AND_RUN_I,DAMAGE,DATE_POLICE_NOTIFIED,PRIM_CONTRIBUTORY_CAUSE,SEC_CONTRIBUTORY_CAUSE,STREET_NO,STREET_DIRECTION,STREET_NAME,BEAT_OF_OCCURRENCE,NUM_UNITS,MOST_SEVERE_INJURY,INJURIES_TOTAL,INJURIES_FATAL,INJURIES_INCAPACITATING,INJURIES_NON_INCAPACITATING,INJURIES_REPORTED_NOT_EVIDENT,INJURIES_NO_INDICATION,INJURIES_UNKNOWN,CRASH_HOUR,CRASH_DAY_OF_WEEK,CRASH_MONTH,LATITUDE,LONGITUDE,LOCATION,CRASH_YEAR_y,TIME
O1128651,DRIVER,cccff6f175e5a4966fae981a0024fd0dc6c15bcd9a326a604b7e8452427e38a6c27fb717e4a25bcc3a4b538c61fc1f4d58221caa16543f51e67e8ed64fae1583,JE283035,1070603.0,06/28/2021 09:58:00 PM,CHICAGO,IL,60641,M,21.0,USAGE UNKNOWN,DID NOT DEPLOY,NONE,NO INDICATION OF INJURY,NONE,UNKNOWN,NORMAL,TEST NOT OFFERED,2021,JE283035,06/28/2021 09:58:00 PM,30,NO CONTROLS,NO CONTROLS,RAIN,"DARKNESS, LIGHTED ROAD",PARKED MOTOR VEHICLE,NOT DIVIDED,STRAIGHT AND LEVEL,WET,NO DEFECTS,ON SCENE,INJURY AND / OR TOW DUE TO CRASH,Y,N,"OVER $1,500",06/28/2021 10:05:00 PM,NOT APPLICABLE,NOT APPLICABLE,4803,W,HUTCHINSON ST,1624.0,2,NO INDICATION OF INJURY,0.0,0.0,0.0,0.0,0.0,2.0,0.0,21,2,6,41.957870295,-87.74763565399999,POINT (-87.747635653506 41.957870294783),2021,1318
O1020796,DRIVER,58cab0ecdad56d180bb46d3b2adbefb7e6d0c0a8cf627724b776368c3a5a55b5527c2b99163fec6e0a7dcb1e0d393767fd56cb92a68bfbed980c4a70822b1115,JE105441,967529.0,01/06/2021 06:46:00 PM,CHICAGO,IL,60644,F,21.0,USAGE UNKNOWN,DID NOT DEPLOY,NONE,NONINCAPACITATING INJURY,OTHER,UNKNOWN,NORMAL,TEST NOT OFFERED,2021,JE105441,01/06/2021 06:46:00 PM,30,NO CONTROLS,NO CONTROLS,CLEAR,"DARKNESS, LIGHTED ROAD",TURNING,NOT DIVIDED,STRAIGHT AND LEVEL,DRY,NO DEFECTS,ON SCENE,INJURY AND / OR TOW DUE TO CRASH,Y,Y,"OVER $1,500",01/06/2021 08:01:00 PM,FAILING TO YIELD RIGHT-OF-WAY,UNABLE TO DETERMINE,5641,W,CHICAGO AVE,1511.0,2,NONINCAPACITATING INJURY,1.0,0.0,0.0,1.0,0.0,1.0,0.0,18,4,1,41.894721426,-87.76694168,POINT (-87.766941680249 41.89472142582),2021,1126
O1113409,DRIVER,6a742c9269a6a2c2c103420a03dec8fdaf9768da5c612e9845dff08e815e77e8afe84e9552886c9f46a1b0c8ba153f83f6dc3d55fb15a57bb2b5f6965fed55ea,JE259004,1056216.0,06/08/2021 09:00:00 PM,CHICAGO,IL,60629,F,20.0,SAFETY BELT USED,DID NOT DEPLOY,NONE,NO INDICATION OF INJURY,NONE,NOT OBSCURED,NORMAL,TEST NOT OFFERED,2021,JE259004,06/08/2021 09:00:00 PM,30,TRAFFIC SIGNAL,FUNCTIONING PROPERLY,CLEAR,"DARKNESS, LIGHTED ROAD",REAR END,FOUR WAY,STRAIGHT AND LEVEL,DRY,UNKNOWN,NOT ON SCENE (DESK REPORT),NO INJURY / DRIVE AWAY,Y,Y,$500 OR LESS,06/08/2021 10:30:00 PM,FOLLOWING TOO CLOSELY,UNABLE TO DETERMINE,3058,S,PULASKI RD,1031.0,2,NO INDICATION OF INJURY,0.0,0.0,0.0,0.0,0.0,2.0,0.0,21,3,6,41.836972624,-87.724499209,POINT (-87.724499209246 41.836972624481),2021,1260
O1189752,DRIVER,bc033ef59d055974ab1b76c02d60c103a36b3d0d260c99dbadda4cfb1ea12bcf8003af3e4e0ae7991cec7cb23fcc2a67816f4cb8162e6577f492df04b7b10be4,JE383513,1128811.0,09/22/2021 04:55:00 PM,CHICAGO,IL,60638,F,47.0,SAFETY BELT USED,DEPLOYMENT UNKNOWN,NONE,NONINCAPACITATING INJURY,NONE,NOT OBSCURED,NORMAL,TEST NOT OFFERED,2021,JE383513,09/22/2021 04:55:00 PM,30,TRAFFIC SIGNAL,FUNCTIONING PROPERLY,CLEAR,DAYLIGHT,REAR TO FRONT,FOUR WAY,STRAIGHT AND LEVEL,DRY,NO DEFECTS,ON SCENE,INJURY AND / OR TOW DUE TO CRASH,Y,Y,"$501 - $1,500",09/22/2021 04:55:00 PM,IMPROPER BACKING,UNABLE TO DETERMINE,4001,S,WESTERN BLVD,924.0,2,NONINCAPACITATING INJURY,1.0,0.0,0.0,1.0,0.0,1.0,0.0,16,4,9,41.821023210999996,-87.684058416,POINT (-87.684058416247 41.82102321053),2021,1015
O1081984,DRIVER,3034c45bda87130127fd0d9a0a0d36e67e240262417c4796072396932d66484cfbb7c39a80d82e4a47b2a31a27b39f2d7283b60145af1b0899ac26d99a6f282a,JE208676,1026167.0,04/24/2021 12:00:00 PM,RIVERDALE,IL,60827,F,61.0,SAFETY BELT USED,DEPLOYMENT UNKNOWN,UNKNOWN,NO INDICATION OF INJURY,NONE,NOT OBSCURED,NORMAL,TEST NOT OFFERED,2021,JE208676,04/24/2021 12:00:00 PM,30,TRAFFIC SIGNAL,FUNCTIONING PROPERLY,CLEAR,DAYLIGHT,REAR END,FOUR WAY,STRAIGHT AND LEVEL,DRY,NO DEFECTS,NOT ON SCENE (DESK REPORT),NO INJURY / DRIVE AWAY,Y,Y,"OVER $1,500",04/24/2021 12:30:00 PM,UNABLE TO DETERMINE,NOT APPLICABLE,830,E,79TH ST,624.0,2,NO INDICATION OF INJURY,0.0,0.0,0.0,0.0,0.0,4.0,0.0,12,7,4,41.751410473,-87.604031428,POINT (-87.604031428393 41.751410472694),2021,720
O1132231,DRIVER,1d7c527ce2d8d79e4ef53a62e9dfc6c489f754abca8c5c551426dab6e9ead6daac9342141e6edbfb89d5344e6e06eb0a9b15948c8af52377514c8697171a9930,JE288917,1074024.0,07/03/2021 06:37:00 PM,CHICAGO,IL,60639,M,47.0,USAGE UNKNOWN,DID NOT DEPLOY,NONE,NO INDICATION OF INJURY,UNKNOWN,UNKNOWN,UNKNOWN,TEST NOT OFFERED,2021,JE288917,07/03/2021 06:37:00 PM,30,TRAFFIC SIGNAL,FUNCTIONING PROPERLY,CLEAR,DAYLIGHT,SIDESWIPE SAME DIRECTION,FOUR WAY,STRAIGHT AND LEVEL,DRY,NO DEFECTS,NOT ON SCENE (DESK REPORT),NO INJURY / DRIVE AWAY,Y,Y,"OVER $1,500",07/03/2021 08:00:00 PM,FAILING TO REDUCE SPEED TO AVOID CRASH,DRIVING SKILLS/KNOWLEDGE/EXPERIENCE,4300,W,NORTH AVE,2534.0,2,NO INDICATION OF INJURY,0.0,0.0,0.0,0.0,0.0,2.0,0.0,18,7,7,41.909897665,-87.73376822600001,POINT (-87.73376822625 41.909897664645),2021,1117
O1034760,DRIVER,ed1c761b209ff72cf587fe34f7e2e377af5644633af687cf08a801fd4f4db74eff6a2c8be0ea9970c45bfd85b58a6f1606d318f7c7a58d8b075829b895071a20,JE130851,980796.0,02/03/2021 12:35:00 AM,CHICAGO,IL,60620,F,29.0,USAGE UNKNOWN,DID NOT DEPLOY,NONE,NO INDICATION OF INJURY,UNKNOWN,UNKNOWN,NORMAL,TEST NOT OFFERED,2021,JE130851,02/03/2021 12:35:00 AM,35,TRAFFIC SIGNAL,FUNCTIONING PROPERLY,CLEAR,"DARKNESS, LIGHTED ROAD",TURNING,FOUR WAY,STRAIGHT AND LEVEL,OTHER,NO DEFECTS,ON SCENE,INJURY AND / OR TOW DUE TO CRASH,Y,N,"OVER $1,500",02/03/2021 12:35:00 AM,NOT APPLICABLE,NOT APPLICABLE,198,W,GARFIELD BLVD,225.0,2,NONINCAPACITATING INJURY,1.0,0.0,0.0,1.0,0.0,2.0,0.0,0,4,2,41.794677003000004,-87.630487851,POINT (-87.630487850767 41.79467700255),2021,35
O1046841,DRIVER,29753d1074fcd360b897577e9e64bf8bcbe3c57230fe4aa938f023f9170256965e2797391760f24c2ad13311d099a788f1942c6277e89b9c3276d32133af8816,JE147532,992496.0,02/21/2021 02:01:00 AM,CHICAGO,IL,60624,M,50.0,SAFETY BELT USED,NOT APPLICABLE,NONE,NO INDICATION OF INJURY,OTHER,NOT OBSCURED,NORMAL,TEST NOT OFFERED,2021,JE147532,02/21/2021 02:01:00 AM,30,TRAFFIC SIGNAL,FUNCTIONING PROPERLY,CLEAR,"DARKNESS, LIGHTED ROAD",TURNING,NOT DIVIDED,STRAIGHT AND LEVEL,DRY,NO DEFECTS,ON SCENE,INJURY AND / OR TOW DUE TO CRASH,Y,Y,"OVER $1,500",02/21/2021 02:05:00 AM,FAILING TO REDUCE SPEED TO AVOID CRASH,NOT APPLICABLE,700,S,CICERO AVE,1533.0,2,NO INDICATION OF INJURY,0.0,0.0,0.0,0.0,0.0,2.0,0.0,2,1,2,41.87205805,-87.74507934299999,POINT (-87.745079343101 41.872058050459),2021,121
O1073095,DRIVER,b5a7de73d9a922f6e29e978f70a79aa526a280ef3274bad9f12d38f215b640af0c4155c0cf487451ec6244541e3846133f40cb8e2784bad0f1ec0f3b5bba87c9,JE193699,1017704.0,04/08/2021 05:37:00 PM,CHICAGO,IL,60620,F,31.0,USAGE UNKNOWN,NOT APPLICABLE,NONE,NO INDICATION OF INJURY,NONE,NOT OBSCURED,NORMAL,TEST NOT OFFERED,2021,JE193699,04/08/2021 05:37:00 PM,30,OTHER,FUNCTIONING PROPERLY,RAIN,DAYLIGHT,REAR END,NOT DIVIDED,STRAIGHT AND LEVEL,WET,NO DEFECTS,ON SCENE,NO INJURY / DRIVE AWAY,Y,Y,"OVER $1,500",04/08/2021 05:38:00 PM,NOT APPLICABLE,NOT APPLICABLE,3750,W,WASHINGTON BLVD,1122.0,2,NO INDICATION OF INJURY,0.0,0.0,0.0,0.0,0.0,2.0,0.0,17,5,4,41.881914545,-87.72025696799999,POINT (-87.720256967512 41.881914545092),2021,1057
O1126424,DRIVER,2ada039d6ea6354ebfdd0878dddfe0ca13e041d1f2f99b79a1a0521ddcb28bc2aee4bcf777bf457bc3fe2f7200ff381bf5e6550e686854deb67ec5f1a68cb6a9,JE279610,1068468.0,06/25/2021 01:50:00 PM,ROLLING MEADOWS,IL,60008,M,64.0,USAGE UNKNOWN,DEPLOYMENT UNKNOWN,NONE,NO INDICATION OF INJURY,NONE,UNKNOWN,NORMAL,TEST NOT OFFERED,2021,JE279610,06/25/2021 01:50:00 PM,30,UNKNOWN,UNKNOWN,CLEAR,"DARKNESS, LIGHTED ROAD",SIDESWIPE SAME DIRECTION,UNKNOWN INTERSECTION TYPE,STRAIGHT AND LEVEL,UNKNOWN,UNKNOWN,NOT ON SCENE (DESK REPORT),NO INJURY / DRIVE AWAY,Y,Y,"OVER $1,500",06/25/2021 10:25:00 PM,UNABLE TO DETERMINE,DRIVING SKILLS/KNOWLEDGE/EXPERIENCE,201,N,CLARK ST,111.0,2,NO INDICATION OF INJURY,0.0,0.0,0.0,0.0,0.0,2.0,0.0,13,6,6,41.886018053,-87.630836457,POINT (-87.630836456915 41.886018052969),2021,830
O1063705,DRIVER,ed7d3daf97dba1fa9555a34c23eec1616a00393a83f968df1fb08b66bacd48984975b19f6c4ad78abe19c8c9e06a7943d02c5965968d06322acbda86ab3198fc,JE177753,1008727.0,03/23/2021 06:50:00 PM,CHICAGO,IL,60611,F,45.0,USAGE UNKNOWN,NOT APPLICABLE,NONE,NO INDICATION OF INJURY,NONE,NOT OBSCURED,NORMAL,TEST NOT OFFERED,2021,JE177753,03/23/2021 06:50:00 PM,30,TRAFFIC SIGNAL,FUNCTIONING PROPERLY,CLEAR,"DARKNESS, LIGHTED ROAD",TURNING,NOT DIVIDED,STRAIGHT AND LEVEL,DRY,NO DEFECTS,NOT ON SCENE (DESK REPORT),NO INJURY / DRIVE AWAY,Y,Y,"$501 - $1,500",03/23/2021 07:07:00 PM,IMPROPER OVERTAKING/PASSING,UNABLE TO DETERMINE,100,W,ONTARIO ST,1832.0,2,NO INDICATION OF INJURY,0.0,0.0,0.0,0.0,0.0,2.0,0.0,18,3,3,41.893337736999996,-87.63124449600001,POINT (-87.631244496213 41.893337737184),2021,1130
O1104442,DRIVER,864462a632e1044c07d1be90628971a2795d9fd3c2230d80ad5569a59c2195c868bd4a808736658f99c31a948786fc674f82ec01d5c2791e13813cd507fc47fe,JE244923,1047647.0,05/27/2021 03:50:00 PM,CHICAGO,IL,60634,F,48.0,SAFETY BELT USED,NOT APPLICABLE,NONE,NO INDICATION OF INJURY,NONE,NOT OBSCURED,NORMAL,TEST NOT OFFERED,2021,JE244923,05/27/2021 03:50:00 PM,30,UNKNOWN,UNKNOWN,RAIN,DAYLIGHT,TURNING,NOT DIVIDED,STRAIGHT AND LEVEL,WET,UNKNOWN,ON SCENE,NO INJURY / DRIVE AWAY,Y,Y,"OVER $1,500",05/27/2021 04:02:00 PM,IMPROPER TURNING/NO SIGNAL,NOT APPLICABLE,6801,W,FOREST PRESERVE AVE,1632.0,2,NO INDICATION OF INJURY,0.0,0.0,0.0,0.0,0.0,2.0,0.0,15,5,5,41.958892862,-87.79648995,POINT (-87.796489950407 41.958892862407),2021,950
O1104175,DRIVER,1f3d8b40dc66b1cfbda4eeaaaf653d2bf6591730cc5e4bcfcaac553c17ef8b362f9ed1903b075c0e3e8e45e8b8704ddbd064ce706b75fd883e6d552c482bc252,JE244538,1047402.0,05/27/2021 10:30:00 AM,CHICAGO,IL,60655,M,24.0,SAFETY BELT USED,DID NOT DEPLOY,NONE,NO INDICATION OF INJURY,NONE,NOT OBSCURED,NORMAL,TEST NOT OFFERED,2021,JE244538,05/27/2021 10:30:00 AM,30,TRAFFIC SIGNAL,FUNCTIONING PROPERLY,CLEAR,DAYLIGHT,TURNING,FOUR WAY,STRAIGHT ON GRADE,DRY,NO DEFECTS,ON SCENE,NO INJURY / DRIVE AWAY,Y,Y,"$501 - $1,500",05/27/2021 10:40:00 AM,FAILING TO YIELD RIGHT-OF-WAY,NOT APPLICABLE,4000,W,115TH ST,2211.0,2,NO INDICATION OF INJURY,0.0,0.0,0.0,0.0,0.0,2.0,0.0,10,5,5,41.684075595,-87.72012775600001,POINT (-87.720127755565 41.684075594578),2021,630
O1077938,DRIVER,69b65bd5bddb5b0c4fa815c52ab8fc702a4ce7e0ddfd71bb2bb71bb7071ae535a97f7c13a99ba9d006d744bd08d7927b7cf0e3028fcd77fb801a002443c963df,JE201832,1022285.0,04/17/2021 07:27:00 AM,CHICAGO,IL,60643,F,27.0,USAGE UNKNOWN,DID NOT DEPLOY,NONE,"REPORTED, NOT EVIDENT",NONE,NOT OBSCURED,NORMAL,TEST NOT OFFERED,2021,JE201832,04/17/2021 07:27:00 AM,30,TRAFFIC SIGNAL,FUNCTIONING PROPERLY,RAIN,DAYLIGHT,REAR TO FRONT,FOUR WAY,STRAIGHT AND LEVEL,DRY,NO DEFECTS,ON SCENE,INJURY AND / OR TOW DUE TO CRASH,Y,Y,"$501 - $1,500",04/17/2021 07:35:00 AM,UNABLE TO DETERMINE,NOT APPLICABLE,2000,E,76TH ST,414.0,2,"REPORTED, NOT EVIDENT",1.0,0.0,0.0,0.0,1.0,1.0,0.0,7,7,4,41.757169781,-87.57604373,POINT (-87.576043730367 41.757169780655),2021,447
O1204512,DRIVER,910a5c52841cc811d2176443dd23d63d3df61fea370643f711e96dbe8148253c3b4d71c2dc6ad8bca01d9d041af0f5b6451bb9d62f8c0fe105d0ef833bc166cd,JE408519,1142882.0,10/12/2021 07:40:00 AM,CHICAGO,IL,60638,F,56.0,SAFETY BELT USED,DID NOT DEPLOY,NONE,NO INDICATION OF INJURY,NONE,NOT OBSCURED,NORMAL,TEST NOT OFFERED,2021,JE408519,10/12/2021 07:40:00 AM,30,TRAFFIC SIGNAL,FUNCTIONING PROPERLY,CLEAR,DAYLIGHT,TURNING,DIVIDED - W/MEDIAN BARRIER,STRAIGHT AND LEVEL,DRY,NO DEFECTS,NOT ON SCENE (DESK REPORT),NO INJURY / DRIVE AWAY,Y,Y,"$501 - $1,500",10/13/2021 03:55:00 PM,IMPROPER TURNING/NO SIGNAL,IMPROPER TURNING/NO SIGNAL,1200,S,LAKE SHORE DR E,132.0,2,NO INDICATION OF INJURY,0.0,0.0,0.0,0.0,0.0,3.0,0.0,7,3,10,41.867446111999996,-87.618904488,POINT (-87.618904488078 41.867446111851),2021,460
O1097941,DRIVER,ad3edce96d52bcbf7da9251956f193a1ca74d6decc61ba932c6d20c545eff3a49f8a4ffee4ccd7e8647b1e3b3f90656881dbd2b06e836515b3cb1cf0d9e0b134,JE234429,1041413.0,05/18/2021 02:56:00 PM,MIAMI,FL,33132,F,39.0,SAFETY BELT USED,DID NOT DEPLOY,NONE,NO INDICATION OF INJURY,NONE,NOT OBSCURED,NORMAL,TEST NOT OFFERED,2021,JE234429,05/18/2021 02:56:00 PM,30,TRAFFIC SIGNAL,FUNCTIONING PROPERLY,CLEAR,DAYLIGHT,SIDESWIPE SAME DIRECTION,NOT DIVIDED,STRAIGHT AND LEVEL,DRY,NO DEFECTS,NOT ON SCENE (DESK REPORT),NO INJURY / DRIVE AWAY,Y,Y,"OVER $1,500",05/18/2021 05:17:00 PM,UNABLE TO DETERMINE,NOT APPLICABLE,7900,S,HALSTED ST,621.0,2,NO INDICATION OF INJURY,0.0,0.0,0.0,0.0,0.0,2.0,0.0,14,3,5,41.750549559,-87.64418836799999,POINT (-87.644188367841 41.750549559439),2021,896
O1162421,DRIVER,82990415d15301d9b12be55233a164f212c0eb8c5f6c2314d852dd9481b22d9eade2eb6bdf713cf3e5072a7dd572f3f4c7e45ad483fdd8f2bed13c5ea343ed91,JE338189,1102653.0,08/08/2021 12:01:00 AM,CHICAGO,IL,60613,F,27.0,SAFETY BELT USED,NOT APPLICABLE,NONE,NO INDICATION OF INJURY,OTHER,NOT OBSCURED,NORMAL,TEST NOT OFFERED,2021,JE338189,08/08/2021 12:01:00 AM,30,FLASHING CONTROL SIGNAL,UNKNOWN,CLEAR,"DARKNESS, LIGHTED ROAD",REAR END,NOT DIVIDED,STRAIGHT AND LEVEL,UNKNOWN,UNKNOWN,NOT ON SCENE (DESK REPORT),NO INJURY / DRIVE AWAY,Y,N,"OVER $1,500",08/15/2021 01:00:00 PM,UNABLE TO DETERMINE,UNABLE TO DETERMINE,1998,W,IRVING PARK RD,1912.0,2,NO INDICATION OF INJURY,0.0,0.0,0.0,0.0,0.0,4.0,0.0,0,1,8,41.954268252,-87.67863556399999,POINT (-87.678635564014 41.954268251544),2021,1
O1217775,DRIVER,a486bb4790341b03f2190baa280b317c1e6178d76cd8319af323c981d6aedd912db396e466c7e83a83bce96d53c39ff0c06c1b9815e8df887460898ecf6389f0,JE429186,1155560.0,10/31/2021 04:15:00 PM,OLYMPIA FIELDS,IL,60461,F,55.0,SAFETY BELT USED,DID NOT DEPLOY,NONE,NO INDICATION OF INJURY,NONE,NOT OBSCURED,NORMAL,TEST NOT OFFERED,2021,JE429186,10/31/2021 04:15:00 PM,25,TRAFFIC SIGNAL,FUNCTIONING PROPERLY,CLEAR,DAYLIGHT,ANGLE,FOUR WAY,STRAIGHT AND LEVEL,DRY,NO DEFECTS,ON SCENE,INJURY AND / OR TOW DUE TO CRASH,Y,Y,"OVER $1,500",10/31/2021 04:31:00 PM,DISREGARDING TRAFFIC SIGNALS,NOT APPLICABLE,8300,S,DAMEN AVE,614.0,3,NONINCAPACITATING INJURY,1.0,0.0,0.0,1.0,0.0,5.0,0.0,16,1,10,41.742849981,-87.67310736299999,POINT (-87.673107362988 41.742849980643),2021,975
O1031815,DRIVER,6e0d0933c831be92834d5bb5e81fba0b3a9b8f18d7576f37929f84cc33caa5fbadeffe3c45c27c8eba75105996a3b983f25330fae955d35e90225acd14d4eeb0,JE125945,977998.0,01/28/2021 04:30:00 PM,CHICAGO,IL,60608,M,28.0,USAGE UNKNOWN,DID NOT DEPLOY,NONE,NO INDICATION OF INJURY,OTHER,UNKNOWN,UNKNOWN,TEST NOT OFFERED,2021,JE125945,01/28/2021 04:30:00 PM,30,TRAFFIC SIGNAL,FUNCTIONING PROPERLY,CLEAR,DAYLIGHT,TURNING,NOT DIVIDED,STRAIGHT AND LEVEL,DRY,NO DEFECTS,NOT ON SCENE (DESK REPORT),NO INJURY / DRIVE AWAY,Y,N,"OVER $1,500",01/28/2021 06:12:00 PM,UNABLE TO DETERMINE,NOT APPLICABLE,1800,S,RACINE AVE,1233.0,2,NO INDICATION OF INJURY,0.0,0.0,0.0,0.0,0.0,2.0,0.0,16,5,1,41.857882393000004,-87.65657385700001,POINT (-87.656573856846 41.857882393311),2021,990
O1084102,DRIVER,e12417307b06baba16e8f75dd1297e1af42ba0d687c9290a7bc5644b07d59f7c37bbdb4b0df45ae57dc849cdcf5705303ec4adcf4cf811266d9220256de1085c,JE212138,1028176.0,04/27/2021 06:30:00 PM,CHICAGO,IL,60618,M,67.0,USAGE UNKNOWN,NOT APPLICABLE,NONE,NO INDICATION OF INJURY,NONE,NOT OBSCURED,NORMAL,TEST NOT OFFERED,2021,JE212138,04/27/2021 06:30:00 PM,35,TRAFFIC SIGNAL,FUNCTIONING PROPERLY,CLEAR,DAYLIGHT,TURNING,DIVIDED - W/MEDIAN BARRIER,STRAIGHT AND LEVEL,DRY,NO DEFECTS,NOT ON SCENE (DESK REPORT),NO INJURY / DRIVE AWAY,Y,Y,"$501 - $1,500",04/27/2021 07:20:00 PM,UNABLE TO DETERMINE,UNABLE TO DETERMINE,400,S,MICHIGAN AVE,113.0,2,NO INDICATION OF INJURY,0.0,0.0,0.0,0.0,0.0,2.0,0.0,18,3,4,41.876938012,-87.62443661799999,POINT (-87.624436617945 41.876938011523),2021,1110
O1084673,DRIVER,1e1f16d77e333b1597f7593748d9af92de9a8ffa081fcdc516eec77a2c6aaaafefcfc11598956a34daaf8047b67dad0470d8e117a5e63c081bc31ffa9effffd8,JE213182,1028714.0,04/28/2021 04:30:00 PM,CHICAGO,IL,60644,M,31.0,USAGE UNKNOWN,DEPLOYMENT UNKNOWN,NONE,NO INDICATION OF INJURY,UNKNOWN,UNKNOWN,UNKNOWN,TEST NOT OFFERED,2021,JE213182,04/28/2021 04:30:00 PM,30,NO CONTROLS,NO CONTROLS,CLEAR,DAYLIGHT,SIDESWIPE OPPOSITE DIRECTION,NOT DIVIDED,STRAIGHT AND LEVEL,DRY,NO DEFECTS,NOT ON SCENE (DESK REPORT),NO INJURY / DRIVE AWAY,N,Y,"OVER $1,500",04/28/2021 05:38:00 PM,UNABLE TO DETERMINE,NOT APPLICABLE,1003,N,CENTRAL AVE,1524.0,2,NO INDICATION OF INJURY,0.0,0.0,0.0,0.0,0.0,2.0,0.0,16,4,4,41.898613934000004,-87.765381527,POINT (-87.765381527478 41.898613933995),2021,990
O1226730,DRIVER,1bf9a4b0a03990eaa94fb69ec8e4ab32922a1b2dd8c88eb8c01300260e00f6c12d57142fea4ad1ae530b5721522982cfe0e2843b65e1984b641670a842bf728f,JE443585,1164261.0,11/13/2021 09:16:00 AM,CHICAGO,IL,60620,F,51.0,SAFETY BELT USED,"DEPLOYED, COMBINATION",NONE,NONINCAPACITATING INJURY,UNKNOWN,UNKNOWN,NORMAL,TEST NOT OFFERED,2021,JE443585,11/13/2021 09:16:00 AM,30,TRAFFIC SIGNAL,FUNCTIONING PROPERLY,RAIN,DAYLIGHT,ANGLE,T-INTERSECTION,STRAIGHT AND LEVEL,WET,NO DEFECTS,ON SCENE,INJURY AND / OR TOW DUE TO CRASH,Y,Y,"OVER $1,500",11/13/2021 09:16:00 AM,UNABLE TO DETERMINE,UNABLE TO DETERMINE,2000,E,71ST ST,331.0,2,NONINCAPACITATING INJURY,2.0,0.0,0.0,2.0,0.0,1.0,0.0,9,7,11,41.766354156999995,-87.576243137,POINT (-87.576243136959 41.766354157076),2021,556
O1022642,DRIVER,b80dc40470f5062f326f24ed1c3f6cd0b321cfacdccaf0865c6d3d87a2a075517d18b74f2d67bb9112198f87f350266b8944cbe1fd2dab95c30401cf9d45f8fa,JE109202,969279.0,01/10/2021 01:35:00 AM,CHICAGO,IL,60623,F,27.0,USAGE UNKNOWN,DEPLOYMENT UNKNOWN,UNKNOWN,NO INDICATION OF INJURY,UNKNOWN,UNKNOWN,UNKNOWN,TEST NOT OFFERED,2021,JE109202,01/10/2021 01:35:00 AM,30,TRAFFIC SIGNAL,UNKNOWN,UNKNOWN,"DARKNESS, LIGHTED ROAD",REAR END,FOUR WAY,STRAIGHT AND LEVEL,UNKNOWN,UNKNOWN,NOT ON SCENE (DESK REPORT),NO INJURY / DRIVE AWAY,Y,Y,"OVER $1,500",01/10/2021 10:00:00 PM,UNABLE TO DETERMINE,NOT APPLICABLE,3925,W,OGDEN AVE,1014.0,2,NO INDICATION OF INJURY,0.0,0.0,0.0,0.0,0.0,2.0,0.0,1,1,1,41.851470459,-87.723398374,POINT (-87.723398374154 41.851470459253),2021,95
O1209619,DRIVER,60e11436248be64aaabf558d6d98abeb34f45d96dca9839b1f63c83f58e7e70c70ac0dcac2cd92ee742f509df4956b65f1d297c699cc5c83fbbe55075804735a,JE416984,1147715.0,10/21/2021 12:28:00 AM,DEKALB,IL,60115,M,23.0,SAFETY BELT USED,DID NOT DEPLOY,NONE,NONINCAPACITATING INJURY,NONE,NOT OBSCURED,NORMAL,TEST NOT OFFERED,2021,JE416984,10/21/2021 12:28:00 AM,30,STOP SIGN/FLASHER,FUNCTIONING PROPERLY,CLEAR,"DARKNESS, LIGHTED ROAD",ANGLE,T-INTERSECTION,STRAIGHT AND LEVEL,DRY,NO DEFECTS,ON SCENE,INJURY AND / OR TOW DUE TO CRASH,Y,Y,"OVER $1,500",10/21/2021 12:28:00 AM,DISREGARDING STOP SIGN,FAILING TO YIELD RIGHT-OF-WAY,200,N,TALMAN AVE,1222.0,2,NONINCAPACITATING INJURY,2.0,0.0,0.0,2.0,0.0,2.0,0.0,0,5,10,41.884495113,-87.69283074,POINT (-87.69283074015 41.88449511291),2021,28
O1111167,DRIVER,92ec9d7f7d6f54a3339bf5c52a1ec9d8dc2f483e702460cfedf92f60921c593fdd26fe493e958585903bcd3aef705e48e6512f67da00158c3087ce06c2d7c20d,JE255371,1054085.0,06/06/2021 01:45:00 AM,CHICAGO,IL,60628,F,25.0,USAGE UNKNOWN,DID NOT DEPLOY,NONE,NO INDICATION OF INJURY,NONE,NOT OBSCURED,NORMAL,TEST NOT OFFERED,2021,JE255371,06/06/2021 01:45:00 AM,30,TRAFFIC SIGNAL,FUNCTIONING PROPERLY,CLEAR,"DARKNESS, LIGHTED ROAD",REAR END,CENTER TURN LANE,STRAIGHT AND LEVEL,DRY,NO DEFECTS,ON SCENE,NO INJURY / DRIVE AWAY,N,Y,"$501 - $1,500",06/06/2021 01:47:00 AM,DISREGARDING TRAFFIC SIGNALS,FAILING TO REDUCE SPEED TO AVOID CRASH,803,W,MARQUETTE RD,723.0,2,NO INDICATION OF INJURY,0.0,0.0,0.0,0.0,0.0,3.0,0.0,1,1,6,41.772360262,-87.64473877299999,POINT (-87.644738773318 41.772360261656),2021,105