PERSON_ID,PERSON_TYPE,CRASH_RECORD_ID,RD_NO_x,VEHICLE_ID,CRASH_DATE_x,CITY,STATE,ZIPCODE,SEX,AGE,SAFETY_EQUIPMENT,AIRBAG_DEPLOYED,EJECTION,INJURY_CLASSIFICATION,DRIVER_ACTION,DRIVER_VISION,PHYSICAL_CONDITION,BAC_RESULT,CRASH_YEAR_x,RD_NO_y,CRASH_DATE_y,POSTED_SPEED_LIMIT,TRAFFIC_CONTROL_DEVICE,DEVICE_CONDITION,WEATHER_CONDITION,LIGHTING_CONDITION,FIRST_CRASH_TYPE,TRAFFICWAY_TYPE,ALIGNMENT,ROADWAY_SURFACE_COND,ROAD_DEFECT,REPORT_TYPE,CRASH_TYPE,INTERSECTION_RELATED_I,HIT_AND_RUN_I,DAMAGE,DATE_POLICE_NOTIFIED,PRIM_CONTRIBUTORY_CAUSE,SEC_CONTRIBUTORY_CAUSE,STREET_NO,STREET_DIRECTION,STREET_NAME,BEAT_OF_OCCURRENCE,NUM_UNITS,MOST_SEVERE_INJURY,INJURIES_TOTAL,INJURIES_FATAL,INJURIES_INCAPACITATING,INJURIES_NON_INCAPACITATING,INJURIES_REPORTED_NOT_EVIDENT,INJURIES_NO_INDICATION,INJURIES_UNKNOWN,CRASH_HOUR,CRASH_DAY_OF_WEEK,CRASH_MONTH,LATITUDE,LONGITUDE,LOCATION,CRASH_YEAR_y,TIME
O1181950,DRIVER,0cc4b087144dcf24230af824af751b302492cc70d5fee5372f194e25338dfd84dd70630155d8038c94058e5203fdcf0b2214cdcf18b1e8a4d3279e512004c5b3,JE370419,1121343.0,09/12/2021 04:28:00 AM,CHICAGO,IL,60617,F,31.0,SAFETY BELT USED,DID NOT DEPLOY,NONE,"REPORTED, NOT EVIDENT",NONE,NOT OBSCURED,NORMAL,TEST NOT OFFERED,2021,JE370419,09/12/2021 04:28:00 AM,30,TRAFFIC SIGNAL,FUNCTIONING PROPERLY,CLEAR,DARKNESS,REAR END,NOT DIVIDED,STRAIGHT AND LEVEL,DRY,NO DEFECTS,NOT ON SCENE (DESK REPORT),INJURY AND / OR TOW DUE TO CRASH,Y,Y,"OVER $1,500",09/12/2021 04:53:00 AM,FAILING TO REDUCE SPEED TO AVOID CRASH,FOLLOWING TOO CLOSELY,9501,S,STONY ISLAND AVE,431.0,2,"REPORTED, NOT EVIDENT",1.0,0.0,0.0,0.0,1.0,1.0,0.0,4,1,9,41.722243815,-87.58496911799999,POINT (-87.584969118484 41.722243814964),2021,268
O1217923,DRIVER,f87208fa1371e9da7858673e3cc7e7ed7edd86bc8d95e342066050a3483fb74d32252003d07bd0c6405018bf82f6d28c047be61f9e5f81aa02b6d24befdb6f52,JE429545,1155677.0,10/31/2021 10:47:00 PM,CHICAGO,IL,60827,F,41.0,USAGE UNKNOWN,"DEPLOYED, COMBINATION",NONE,NONINCAPACITATING INJURY,NONE,NOT OBSCURED,NORMAL,TEST NOT OFFERED,2021,JE429545,10/31/2021 10:47:00 PM,30,TRAFFIC SIGNAL,FUNCTIONING PROPERLY,CLEAR,"DARKNESS, LIGHTED ROAD",TURNING,DIVIDED - W/MEDIAN BARRIER,STRAIGHT AND LEVEL,DRY,NO DEFECTS,ON SCENE,INJURY AND / OR TOW DUE TO CRASH,Y,Y,"OVER $1,500",10/31/2021 10:47:00 PM,DISREGARDING TRAFFIC SIGNALS,DISREGARDING TRAFFIC SIGNALS,8300,S,STONY ISLAND AVE,412.0,2,NONINCAPACITATING INJURY,1.0,0.0,0.0,1.0,0.0,3.0,0.0,22,1,10,41.744151639,-87.58594506700001,POINT (-87.585945066953 41.744151639042),2021,1367
O1201459,DRIVER,60b22f295e088ef427af62b806537de32556714f74bea5431c98393b0c61edde9a8b972107988e4d0d887c1385d3cc02c21755ef3ad6f8619bddf673d9517709,JE403268,1140002.0,10/07/2021 11:30:00 PM,CHICAGO,IL,60827,M,27.0,USAGE UNKNOWN,DID NOT DEPLOY,NONE,NO INDICATION OF INJURY,NONE,NOT OBSCURED,NORMAL,TEST NOT OFFERED,2021,JE403268,10/07/2021 11:30:00 PM,30,TRAFFIC SIGNAL,FUNCTIONING PROPERLY,RAIN,"DARKNESS, LIGHTED ROAD",SIDESWIPE OPPOSITE DIRECTION,T-INTERSECTION,STRAIGHT AND LEVEL,WET,NO DEFECTS,NOT ON SCENE (DESK REPORT),NO INJURY / DRIVE AWAY,Y,Y,"OVER $1,500",10/08/2021 10:00:00 PM,UNABLE TO DETERMINE,NOT APPLICABLE,200,E,130TH ST,532.0,2,NO INDICATION OF INJURY,0.0,0.0,0.0,0.0,0.0,2.0,0.0,23,5,10,41.659213513000005,-87.617189093,POINT (-87.617189092757 41.659213513068),2021,1410
O1120467,DRIVER,e901b3962e0fb646dc7d7c3c6ace206e014a246fa58947326b551c6058393fd3f8f69a08dba29e45e7644655780f3bb25af8b0c235e7e22456216aeddc349359,JE270003,1062780.0,06/17/2021 12:44:00 AM,RIVERDALE,IL,60827,M,30.0,SAFETY BELT USED,NOT APPLICABLE,NONE,NO INDICATION OF INJURY,NONE,NOT OBSCURED,NORMAL,TEST NOT OFFERED,2021,JE270003,06/17/2021 12:44:00 AM,30,TRAFFIC SIGNAL,FUNCTIONING PROPERLY,CLEAR,"DARKNESS, LIGHTED ROAD",TURNING,FOUR WAY,STRAIGHT AND LEVEL,DRY,NO DEFECTS,ON SCENE,INJURY AND / OR TOW DUE TO CRASH,Y,Y,"OVER $1,500",06/17/2021 11:20:00 PM,DISREGARDING TRAFFIC SIGNALS,FAILING TO REDUCE SPEED TO AVOID CRASH,7108,S,DAMEN AVE,735.0,2,NO INDICATION OF INJURY,0.0,0.0,0.0,0.0,0.0,3.0,0.0,0,5,6,41.76448616,-87.67367230299999,POINT (-87.673672302631 41.764486160098),2021,44
O1041682,DRIVER,a3e7b49c9360aaedc0127617fcdbef22c33142349f6187564a1e551aade489b540051b164f7bdf056fdc5d473e3fd2b9a210a0beb45c284480833185862e66c1,JE140687,987480.0,02/13/2021 12:50:00 PM,CHICAGO,IL,60621,M,34.0,SAFETY BELT USED,DID NOT DEPLOY,NONE,NO INDICATION OF INJURY,NONE,NOT OBSCURED,NORMAL,TEST NOT OFFERED,2021,JE140687,02/13/2021 12:50:00 PM,30,STOP SIGN/FLASHER,FUNCTIONING PROPERLY,SNOW,DAYLIGHT,REAR END,NOT DIVIDED,STRAIGHT AND LEVEL,SNOW OR SLUSH,NO DEFECTS,ON SCENE,NO INJURY / DRIVE AWAY,Y,Y,"$501 - $1,500",02/13/2021 12:57:00 PM,FOLLOWING TOO CLOSELY,IMPROPER OVERTAKING/PASSING,1855,N,CALIFORNIA AVE,1421.0,2,NO INDICATION OF INJURY,0.0,0.0,0.0,0.0,0.0,3.0,0.0,12,7,2,41.915483904,-87.696994062,POINT (-87.696994061965 41.915483903945),2021,770
O1117838,DRIVER,d96cea13276ba6b5522d3987d838f66c5db572febbed5cc879e224f6cd3d34c0b691844fa9331bb691587c4287ce622f95a54ab92fe87b166288325715970ab8,JE265767,1060323.0,06/14/2021 03:35:00 PM,CHICAGO,IL,60628,M,43.0,SAFETY BELT USED,NOT APPLICABLE,NONE,NO INDICATION OF INJURY,NONE,NOT OBSCURED,NORMAL,TEST NOT OFFERED,2021,JE265767,06/14/2021 03:35:00 PM,20,TRAFFIC SIGNAL,FUNCTIONING PROPERLY,CLEAR,DAYLIGHT,TURNING,FOUR WAY,STRAIGHT AND LEVEL,DRY,NO DEFECTS,ON SCENE,NO INJURY / DRIVE AWAY,Y,Y,"OVER $1,500",06/14/2021 03:35:00 PM,DRIVING SKILLS/KNOWLEDGE/EXPERIENCE,NOT APPLICABLE,100,E,35TH ST,211.0,2,NO INDICATION OF INJURY,0.0,0.0,0.0,0.0,0.0,2.0,0.0,15,2,6,41.831154426,-87.623184861,POINT (-87.623184861007 41.831154425788),2021,935
O1092840,DRIVER,f58e183c5537a16e33445c1577beee8df1d5c31704b587d771b285dd8666a0f5e8d89e2b97910898ef1afd3a8a9b593e56ae91568872db7426e96ec38a6f6338,JE225870,1036536.0,05/10/2021 04:40:00 PM,LOWELL,IN,46356,M,50.0,SAFETY BELT USED,NOT APPLICABLE,NONE,NO INDICATION OF INJURY,NONE,NOT OBSCURED,NORMAL,TEST NOT OFFERED,2021,JE225870,05/10/2021 04:40:00 PM,30,TRAFFIC SIGNAL,FUNCTIONING PROPERLY,CLEAR,DAYLIGHT,REAR END,"FIVE POINT, OR MORE",STRAIGHT AND LEVEL,DRY,NO DEFECTS,ON SCENE,NO INJURY / DRIVE AWAY,Y,Y,"OVER $1,500",05/10/2021 04:46:00 PM,UNABLE TO DETERMINE,UNABLE TO DETERMINE,7900,S,SOUTH CHICAGO AVE,411.0,2,NO INDICATION OF INJURY,0.0,0.0,0.0,0.0,0.0,4.0,0.0,16,2,5,41.751339705,-87.585632266,POINT (-87.585632265652 41.751339704589),2021,1000
O1168681,DRIVER,c1b656589bf300fd459fa816e2004dc628cfbd71f64b83bcd116545db72d2bac0d12d69048396d2349e3977cdbf8d28ca5d3559f42e0f308e1ac4ecabb1f47fb,JE348755,1108622.0,08/24/2021 04:30:00 PM,DOLTON,IL,60419,F,46.0,SAFETY BELT NOT USED,DID NOT DEPLOY,NONE,NO INDICATION OF INJURY,NONE,NOT OBSCURED,NORMAL,TEST NOT OFFERED,2021,JE348755,08/24/2021 04:30:00 PM,30,TRAFFIC SIGNAL,FUNCTIONING PROPERLY,CLEAR,DAYLIGHT,REAR END,DIVIDED - W/MEDIAN (NOT RAISED),STRAIGHT AND LEVEL,DRY,NO DEFECTS,NOT ON SCENE (DESK REPORT),INJURY AND / OR TOW DUE TO CRASH,Y,Y,"OVER $1,500",08/24/2021 06:19:00 PM,UNABLE TO DETERMINE,NOT APPLICABLE,1951,E,95TH ST,431.0,3,"REPORTED, NOT EVIDENT",1.0,0.0,0.0,0.0,1.0,3.0,0.0,16,3,8,41.722354448000004,-87.57577806399999,POINT (-87.575778064147 41.722354448293),2021,990
O1200337,DRIVER,cc2505043e73354c80e34b11fb8404c2cda03fe1ee3ac69dd3de02b35466f0329524720b6570a9deb420ce3d3c51a08edec045ed42239ab227ef456fa016f553,JE401578,1138920.0,10/07/2021 02:00:00 PM,CHICAGO,IL,60615,F,35.0,SAFETY BELT USED,NOT APPLICABLE,NONE,NO INDICATION OF INJURY,NONE,NOT OBSCURED,NORMAL,TEST NOT OFFERED,2021,JE401578,10/07/2021 02:00:00 PM,30,NO CONTROLS,NO CONTROLS,CLEAR,DAYLIGHT,REAR END,DIVIDED - W/MEDIAN BARRIER,STRAIGHT AND LEVEL,DRY,NO DEFECTS,ON SCENE,NO INJURY / DRIVE AWAY,N,Y,"OVER $1,500",10/07/2021 03:00:00 PM,IMPROPER OVERTAKING/PASSING,NOT APPLICABLE,5300,S,LAKE PARK AVE,234.0,2,NO INDICATION OF INJURY,0.0,0.0,0.0,0.0,0.0,2.0,0.0,14,5,10,41.799483826,-87.587442036,POINT (-87.587442036314 41.799483825503),2021,840
O1028226,DRIVER,acacab549fe2b1f980ff02237952c197ecb01a8dc0ce3ca60654a450b8317066a0f52f6602430dc5c00c924dd766f5401cf9a3dc9bb5378f90244afca496302e,JE119355,974532.0,01/21/2021 04:45:00 PM,CHICAGO,IL,60624,F,50.0,SAFETY BELT USED,NOT APPLICABLE,NONE,NO INDICATION OF INJURY,NONE,NOT OBSCURED,NORMAL,TEST NOT OFFERED,2021,JE119355,01/21/2021 04:45:00 PM,30,STOP SIGN/FLASHER,NO CONTROLS,CLEAR,"DARKNESS, LIGHTED ROAD",ANGLE,NOT DIVIDED,STRAIGHT AND LEVEL,DRY,NO DEFECTS,ON SCENE,NO INJURY / DRIVE AWAY,Y,Y,"OVER $1,500",01/21/2021 05:37:00 PM,DISREGARDING STOP SIGN,NOT APPLICABLE,19,S,KOSTNER AVE,1115.0,2,NO INDICATION OF INJURY,0.0,0.0,0.0,0.0,0.0,3.0,0.0,16,5,1,41.87991322,-87.73530542399999,POINT (-87.735305424462 41.879913219952),2021,1005
O1253419,DRIVER,ed7516b93ddb89ec28785fe04c962c41cf11ea6e22154af2150624f33ec72cb8f9ebe6a1f808fd29734038745102942bb5800262a33c56ca16a897d4ff48f6bb,JE490308,1189751.0,12/26/2021 05:40:00 PM,CHICAGO,IL,60632,F,35.0,SAFETY BELT USED,DID NOT DEPLOY,NONE,NO INDICATION OF INJURY,NONE,NOT OBSCURED,NORMAL,TEST NOT OFFERED,2021,JE490308,12/26/2021 05:40:00 PM,30,TRAFFIC SIGNAL,FUNCTIONING PROPERLY,CLEAR,DARKNESS,REAR END,NOT DIVIDED,STRAIGHT AND LEVEL,DRY,UNKNOWN,NOT ON SCENE (DESK REPORT),NO INJURY / DRIVE AWAY,Y,Y,"OVER $1,500",12/27/2021 04:26:00 PM,UNABLE TO DETERMINE,NOT APPLICABLE,2400,S,WESTERN AVE,1034.0,2,NO INDICATION OF INJURY,0.0,0.0,0.0,0.0,0.0,2.0,0.0,17,1,12,41.848352041999995,-87.685681934,POINT (-87.685681934492 41.848352042192),2021,1060
O1206218,DRIVER,ebfe4fafb912045ac4dc1faba93de99d4c90e652937f1ae9b81b98480fdd69c881daa206faa4e2d8232da570043a34e61578205142f5b3f583e7bf01f6b76f08,JE411249,1144525.0,10/16/2021 12:45:00 AM,CHICAGO,IL,60620,F,34.0,USAGE UNKNOWN,"DEPLOYED, COMBINATION",NONE,NO INDICATION OF INJURY,UNKNOWN,UNKNOWN,NORMAL,TEST NOT OFFERED,2021,JE411249,10/16/2021 12:45:00 AM,30,TRAFFIC SIGNAL,WORN REFLECTIVE MATERIAL,CLEAR,"DARKNESS, LIGHTED ROAD",HEAD ON,"FIVE POINT, OR MORE",STRAIGHT AND LEVEL,DRY,UNKNOWN,ON SCENE,INJURY AND / OR TOW DUE TO CRASH,Y,Y,"OVER $1,500",10/16/2021 12:45:00 AM,UNABLE TO DETERMINE,NOT APPLICABLE,3900,S,ROCKWELL ST,921.0,3,NO INDICATION OF INJURY,0.0,0.0,0.0,0.0,0.0,2.0,0.0,0,7,10,41.822838128,-87.689874005,POINT (-87.689874005475 41.822838128263),2021,45
O1072919,DRIVER,fb48e40f5e3c8ca129a2c15128fda74e5f41678fce9a4f04760c6bfb9baee8b1b9e66a602459c9ef1bd0771ddfb2067fc5c21d91a8f365581d46f3be7b0a2a06,JE193478,1017528.0,04/08/2021 02:45:00 PM,CHICAGO,IL,60629,M,27.0,SAFETY BELT USED,DID NOT DEPLOY,NONE,NO INDICATION OF INJURY,NONE,NOT OBSCURED,NORMAL,TEST NOT OFFERED,2021,JE193478,04/08/2021 02:45:00 PM,30,STOP SIGN/FLASHER,FUNCTIONING PROPERLY,RAIN,DAYLIGHT,ANGLE,FOUR WAY,STRAIGHT AND LEVEL,WET,NO DEFECTS,ON SCENE,INJURY AND / OR TOW DUE TO CRASH,Y,N,"OVER $1,500",04/08/2021 03:00:00 PM,DISREGARDING STOP SIGN,NOT APPLICABLE,6500,S,CALIFORNIA AVE,831.0,2,NO INDICATION OF INJURY,0.0,0.0,0.0,0.0,0.0,3.0,0.0,14,5,4,41.775355946,-87.69344232200001,POINT (-87.693442322035 41.775355946163),2021,885
O1213191,DRIVER,f759cc4cd17475a24e6485e0f12cac710242159123a4a9494869dc4868ea68b9c316e2c06b53c477bb02df52126913fcc20ab0a24a8227e6d533f1d064d8e512,JE422653,1151184.0,10/26/2021 06:30:00 AM,CHICAGO,IL,60660,M,46.0,SAFETY BELT USED,DID NOT DEPLOY,NONE,NO INDICATION OF INJURY,NONE,NOT OBSCURED,NORMAL,TEST NOT OFFERED,2021,JE422653,10/26/2021 06:30:00 AM,30,TRAFFIC SIGNAL,FUNCTIONING PROPERLY,CLEAR,DAYLIGHT,REAR END,NOT DIVIDED,STRAIGHT AND LEVEL,DRY,NO DEFECTS,NOT ON SCENE (DESK REPORT),NO INJURY / DRIVE AWAY,N,Y,"OVER $1,500",10/26/2021 07:36:00 AM,FOLLOWING TOO CLOSELY,UNABLE TO DETERMINE,2634,E,130TH ST,433.0,2,NO INDICATION OF INJURY,0.0,0.0,0.0,0.0,0.0,2.0,0.0,6,3,10,41.65930504,-87.559149657,POINT (-87.559149656862 41.65930504),2021,390
O1114722,DRIVER,5e7afce637b7b83ad8f77577da0e486dd3e7bfc257aa6a26e43503cbe53d8368c052f1dcf1efaf4ff3f43f4b913d5179dcb27a480e3e91200a2c6a04cc07d1af,JE261027,1057373.0,06/10/2021 09:00:00 AM,CHICAGO,IL,60638,F,44.0,SAFETY BELT USED,NOT APPLICABLE,NONE,NO INDICATION OF INJURY,NONE,NOT OBSCURED,NORMAL,TEST NOT OFFERED,2021,JE261027,06/10/2021 09:00:00 AM,55,TRAFFIC SIGNAL,FUNCTIONING PROPERLY,CLEAR,DAYLIGHT,SIDESWIPE SAME DIRECTION,NOT DIVIDED,STRAIGHT AND LEVEL,DRY,NO DEFECTS,NOT ON SCENE (DESK REPORT),NO INJURY / DRIVE AWAY,Y,N,$500 OR LESS,06/10/2021 04:35:00 PM,FOLLOWING TOO CLOSELY,NOT APPLICABLE,200,W,87TH ST,622.0,2,NO INDICATION OF INJURY,0.0,0.0,0.0,0.0,0.0,2.0,0.0,9,5,6,41.736261699,-87.629064716,POINT (-87.629064716425 41.736261699376),2021,540
O1205519,DRIVER,7b7c211420bb97c12fba5da52d74a218f57ed006ba315bee16d717078ffa0fda72004d8087eb2ca929c04d031c7efbac58fc2daa19943d268745e658788eb8a0,JE410150,1143854.0,10/15/2021 12:46:00 AM,MORTON GROVE,IL,60053,M,52.0,USAGE UNKNOWN,"DEPLOYED, FRONT",NONE,NONINCAPACITATING INJURY,NONE,UNKNOWN,NORMAL,TEST NOT OFFERED,2021,JE410150,10/15/2021 12:46:00 AM,30,TRAFFIC SIGNAL,FUNCTIONING PROPERLY,CLEAR,"DARKNESS, LIGHTED ROAD",ANGLE,NOT DIVIDED,STRAIGHT AND LEVEL,DRY,NO DEFECTS,ON SCENE,INJURY AND / OR TOW DUE TO CRASH,Y,Y,"OVER $1,500",10/15/2021 12:51:00 AM,DISREGARDING TRAFFIC SIGNALS,NOT APPLICABLE,1600,W,ARMITAGE AVE,1432.0,2,NONINCAPACITATING INJURY,1.0,0.0,0.0,1.0,0.0,2.0,0.0,0,6,10,41.918042046,-87.66799618,POINT (-87.667996179817 41.918042045647),2021,46
O1125687,DRIVER,203d63c1daa1485b831018b505625e0a4f4245126b508b5c298902f044dc1658765d84a41f3b9d9c2a8788b5aeae43613712219c27c13612da0cd9b217911aba,JE278446,1067778.0,06/24/2021 07:30:00 PM,CHICAGO,IL,60620,M,39.0,SAFETY BELT USED,NOT APPLICABLE,NONE,NO INDICATION OF INJURY,NONE,NOT OBSCURED,NORMAL,TEST NOT OFFERED,2021,JE278446,06/24/2021 07:30:00 PM,30,STOP SIGN/FLASHER,FUNCTIONING PROPERLY,CLEAR,DAYLIGHT,ANGLE,FOUR WAY,STRAIGHT AND LEVEL,DRY,NO DEFECTS,ON SCENE,NO INJURY / DRIVE AWAY,Y,Y,$500 OR LESS,06/24/2021 08:00:00 PM,FAILING TO YIELD RIGHT-OF-WAY,NOT APPLICABLE,7459,S,STEWART AVE,731.0,2,NO INDICATION OF INJURY,0.0,0.0,0.0,0.0,0.0,2.0,0.0,19,5,6,41.75817138,-87.634341763,POINT (-87.634341763371 41.758171380238),2021,1170
O1098142,DRIVER,4662d0fae66a3f0af812c81b1ec9ba6463baad9fab822ab456bc7ff42da1354fedfbc7f645bf4592a3d0afad7b47d01e714d8bb759480b3371ca81c72654aacf,JE234691,1041609.0,05/18/2021 09:25:00 PM,CHICAGO,IL,60651,M,0.0,SAFETY BELT USED,"DEPLOYED, FRONT",NONE,NO INDICATION OF INJURY,NONE,UNKNOWN,NORMAL,TEST NOT OFFERED,2021,JE234691,05/18/2021 09:25:00 PM,30,TRAFFIC SIGNAL,FUNCTIONING PROPERLY,RAIN,"DARKNESS, LIGHTED ROAD",TURNING,FOUR WAY,STRAIGHT AND LEVEL,WET,UNKNOWN,ON SCENE,INJURY AND / OR TOW DUE TO CRASH,Y,Y,"OVER $1,500",05/18/2021 09:30:00 PM,FAILING TO REDUCE SPEED TO AVOID CRASH,NOT APPLICABLE,3949,W,LAKE ST,1122.0,2,NO INDICATION OF INJURY,0.0,0.0,0.0,0.0,0.0,2.0,0.0,21,3,5,41.88533105,-87.725232295,POINT (-87.725232294903 41.885331050061),2021,1285
O1221672,DRIVER,e1ef308830286e71629788a4454e65db7dba0171311491a5bac6527ace0c58ff6d96c07edd73142c6a975f64e3f73584c2104075446b70854ff3dc336b180353,JE434791,1159286.0,11/05/2021 11:43:00 AM,CHICAGO,IL,60610,F,45.0,SAFETY BELT USED,DID NOT DEPLOY,NONE,NO INDICATION OF INJURY,NONE,NOT OBSCURED,NORMAL,TEST NOT OFFERED,2021,JE434791,11/05/2021 11:43:00 AM,30,STOP SIGN/FLASHER,FUNCTIONING PROPERLY,CLEAR,DAYLIGHT,REAR END,NOT DIVIDED,STRAIGHT AND LEVEL,DRY,NO DEFECTS,ON SCENE,NO INJURY / DRIVE AWAY,Y,Y,"OVER $1,500",11/05/2021 12:05:00 PM,FOLLOWING TOO CLOSELY,FAILING TO YIELD RIGHT-OF-WAY,860,N,ORLEANS ST,1823.0,2,NO INDICATION OF INJURY,0.0,0.0,0.0,0.0,0.0,2.0,0.0,11,6,11,41.898268809,-87.637383185,POINT (-87.637383185188 41.898268809194),2021,703
O1078156,DRIVER,ccd8dc444497dd5145fb0e762943dbe8a798839901833d904b978c739d000d26e06344e55477c1e2d31fa135a34481f286e097ccd186c879b7b2daef7b79d8a1,JE202187,1022495.0,04/17/2021 02:35:00 PM,MACEDONIA,OH,44056,M,26.0,USAGE UNKNOWN,DID NOT DEPLOY,NONE,NO INDICATION OF INJURY,NONE,NOT OBSCURED,NORMAL,TEST NOT OFFERED,2021,JE202187,04/17/2021 02:35:00 PM,30,TRAFFIC SIGNAL,FUNCTIONING PROPERLY,CLEAR,DAYLIGHT,TURNING,FOUR WAY,STRAIGHT AND LEVEL,DRY,UNKNOWN,ON SCENE,NO INJURY / DRIVE AWAY,Y,Y,"OVER $1,500",04/17/2021 03:02:00 PM,IMPROPER TURNING/NO SIGNAL,UNABLE TO DETERMINE,499,N,DAMEN AVE,1221.0,2,NO INDICATION OF INJURY,0.0,0.0,0.0,0.0,0.0,4.0,0.0,14,7,4,41.890806147,-87.67676117,POINT (-87.676761169923 41.890806146848),2021,875
O1094937,DRIVER,f1b452df3cc841319f9d5436915e9e5b54bfe5e2c016915be14c0a81fd216fe641bc99c0eac07fe1d0c3b7e526abd9647e02b8b118e857d1fca9048f19708e00,JE229262,1038542.0,05/13/2021 07:59:00 PM,CHICAGO,IL,60612,F,35.0,USAGE UNKNOWN,NOT APPLICABLE,NONE,NO INDICATION OF INJURY,NONE,NOT OBSCURED,NORMAL,TEST NOT OFFERED,2021,JE229262,05/13/2021 07:59:00 PM,30,TRAFFIC SIGNAL,FUNCTIONING PROPERLY,CLEAR,"DARKNESS, LIGHTED ROAD",REAR END,FOUR WAY,STRAIGHT AND LEVEL,DRY,NO DEFECTS,ON SCENE,NO INJURY / DRIVE AWAY,Y,Y,"OVER $1,500",05/13/2021 08:30:00 PM,FOLLOWING TOO CLOSELY,DRIVING SKILLS/KNOWLEDGE/EXPERIENCE,1200,S,WABASH AVE,131.0,2,NO INDICATION OF INJURY,0.0,0.0,0.0,0.0,0.0,2.0,0.0,19,5,5,41.867346418000004,-87.62597476399999,POINT (-87.625974764137 41.86734641752),2021,1199
O1118924,DRIVER,e7ff22abab2e1c6e45f1117221897c9476dbe4593858e0504eb0cc54de9d077d4c474cf7ed0f1cc35705f801f6a50934f636c52a92c1825b247027ae4c1fc657,JE267493,1061824.0,06/15/2021 10:11:00 PM,CHICAGO,IL,60601,M,50.0,USAGE UNKNOWN,DID NOT DEPLOY,NONE,NO INDICATION OF INJURY,UNKNOWN,UNKNOWN,NORMAL,TEST NOT OFFERED,2021,JE267493,06/15/2021 10:11:00 PM,40,TRAFFIC SIGNAL,FUNCTIONING PROPERLY,CLEAR,"DARKNESS, LIGHTED ROAD",REAR END,DIVIDED - W/MEDIAN BARRIER,STRAIGHT AND LEVEL,DRY,NO DEFECTS,ON SCENE,NO INJURY / DRIVE AWAY,Y,Y,"$501 - $1,500",06/15/2021 10:11:00 PM,UNABLE TO DETERMINE,NOT APPLICABLE,1332,S,LAKE SHORE DR E,132.0,2,NO INDICATION OF INJURY,0.0,0.0,0.0,0.0,0.0,2.0,0.0,22,3,6,41.865007421,-87.61914222200001,POINT (-87.619142221624 41.865007421246),2021,1331
O1107160,DRIVER,0132c76647a3047ea523066c1436fe51d07f59f6a5b2363c22098862db0c29427e8e53ecdf38f2a5127ad1501988ef1aebda637b4a6c87a2408e49b9fc665366,JE249176,1050249.0,05/31/2021 06:30:00 PM,CHGO,IL,60707,F,46.0,SAFETY BELT USED,NOT APPLICABLE,NONE,NO INDICATION OF INJURY,NONE,NOT OBSCURED,NORMAL,TEST NOT OFFERED,2021,JE249176,05/31/2021 06:30:00 PM,30,STOP SIGN/FLASHER,FUNCTIONING PROPERLY,CLEAR,DAYLIGHT,ANGLE,FOUR WAY,STRAIGHT AND LEVEL,DRY,UNKNOWN,NOT ON SCENE (DESK REPORT),NO INJURY / DRIVE AWAY,Y,Y,"OVER $1,500",05/31/2021 07:10:00 PM,UNABLE TO DETERMINE,UNABLE TO DETERMINE,6332,W,GRAND AVE,2512.0,2,NO INDICATION OF INJURY,0.0,0.0,0.0,0.0,0.0,4.0,0.0,18,2,5,41.92233691,-87.78406526799999,POINT (-87.784065268271 41.922336909763),2021,1110
O1135972,DRIVER,3b68f9104d9cc9f0dc789bcc0b8677a55a08ce8d29669aebd8811f388f9dd1dad2b56ff9796be9086bebe8b52403457dddfc261af253dfb1c47ef8fd3e7a03ca,JE295111,1077518.0,07/07/2021 02:15:00 PM,CHICAGO,IL,60612,F,37.0,SAFETY BELT USED,DID NOT DEPLOY,NONE,NO INDICATION OF INJURY,NONE,NOT OBSCURED,NORMAL,TEST NOT OFFERED,2021,JE295111,07/07/2021 02:15:00 PM,30,TRAFFIC SIGNAL,FUNCTIONING PROPERLY,CLEAR,DAYLIGHT,PEDALCYCLIST,DIVIDED - W/MEDIAN (NOT RAISED),STRAIGHT AND LEVEL,DRY,NO DEFECTS,NOT ON SCENE (DESK REPORT),NO INJURY / DRIVE AWAY,Y,N,$500 OR LESS,07/08/2021 09:20:00 PM,UNABLE TO DETERMINE,NOT APPLICABLE,2358,W,MONROE ST,1223.0,2,NO INDICATION OF INJURY,0.0,0.0,0.0,0.0,0.0,2.0,0.0,14,4,7,41.879961649,-87.686041982,POINT (-87.686041982236 41.879961648622),2021,855