PERSON_ID,PERSON_TYPE,CRASH_RECORD_ID,RD_NO_x,VEHICLE_ID,CRASH_DATE_x,CITY,STATE,ZIPCODE,SEX,AGE,SAFETY_EQUIPMENT,AIRBAG_DEPLOYED,EJECTION,INJURY_CLASSIFICATION,DRIVER_ACTION,DRIVER_VISION,PHYSICAL_CONDITION,BAC_RESULT,CRASH_YEAR_x,RD_NO_y,CRASH_DATE_y,POSTED_SPEED_LIMIT,TRAFFIC_CONTROL_DEVICE,DEVICE_CONDITION,WEATHER_CONDITION,LIGHTING_CONDITION,FIRST_CRASH_TYPE,TRAFFICWAY_TYPE,ALIGNMENT,ROADWAY_SURFACE_COND,ROAD_DEFECT,REPORT_TYPE,CRASH_TYPE,INTERSECTION_RELATED_I,HIT_AND_RUN_I,DAMAGE,DATE_POLICE_NOTIFIED,PRIM_CONTRIBUTORY_CAUSE,SEC_CONTRIBUTORY_CAUSE,STREET_NO,STREET_DIRECTION,STREET_NAME,BEAT_OF_OCCURRENCE,NUM_UNITS,MOST_SEVERE_INJURY,INJURIES_TOTAL,INJURIES_FATAL,INJURIES_INCAPACITATING,INJURIES_NON_INCAPACITATING,INJURIES_REPORTED_NOT_EVIDENT,INJURIES_NO_INDICATION,INJURIES_UNKNOWN,CRASH_HOUR,CRASH_DAY_OF_WEEK,CRASH_MONTH,LATITUDE,LONGITUDE,LOCATION,CRASH_YEAR_y,TIME
O1071202,DRIVER,af4ea7f0dbef29ef9e87b3f630efb984df9e32785de33bf9b3702b4390f9d974b3f2ef31e46cba6441075f4027a48549172c5a0fc481d24912b626510dcd09ea,JE190232,1015862.0,04/05/2021 02:07:00 PM,CHICAGO,IL,60643,M,23.0,SAFETY BELT USED,"DEPLOYED, COMBINATION",NONE,NO INDICATION OF INJURY,NONE,NOT OBSCURED,NORMAL,TEST NOT OFFERED,2021,JE190232,04/05/2021 02:07:00 PM,30,TRAFFIC SIGNAL,FUNCTIONING PROPERLY,CLOUDY/OVERCAST,DAYLIGHT,REAR TO SIDE,FOUR WAY,STRAIGHT AND LEVEL,DRY,NO DEFECTS,ON SCENE,INJURY AND / OR TOW DUE TO CRASH,Y,Y,"OVER $1,500",04/05/2021 02:22:00 PM,DISREGARDING TRAFFIC SIGNALS,NOT APPLICABLE,1558,E,89TH ST,412.0,2,"REPORTED, NOT EVIDENT",1.0,0.0,0.0,0.0,1.0,2.0,0.0,14,2,4,41.733380623,-87.585655198,POINT (-87.585655198353 41.733380622543),2021,847
O1107913,DRIVER,3c8cfabc9ececd9bc3174d0b86b8e93c5c2f4866c48ebfeaeed6c4e96b546bc3087ac40388bad379f1e31f067e7fbbccb6eff1d7f100f13624befd0d4e58ce91,JE250372,1050972.0,06/01/2021 06:15:00 PM,CHICAGO,IL,60614,M,28.0,USAGE UNKNOWN,DID NOT DEPLOY,NONE,NO INDICATION OF INJURY,UNKNOWN,UNKNOWN,UNKNOWN,TEST NOT OFFERED,2021,JE250372,06/01/2021 06:15:00 PM,30,TRAFFIC SIGNAL,FUNCTIONING PROPERLY,CLEAR,DAYLIGHT,TURNING,FOUR WAY,STRAIGHT AND LEVEL,DRY,NO DEFECTS,ON SCENE,INJURY AND / OR TOW DUE TO CRASH,Y,Y,"OVER $1,500",06/01/2021 06:30:00 PM,UNABLE TO DETERMINE,NOT APPLICABLE,1730,N,CLARK ST,1814.0,2,NO INDICATION OF INJURY,0.0,0.0,0.0,0.0,0.0,2.0,0.0,18,3,6,41.913864299000004,-87.633441315,POINT (-87.633441315152 41.913864298738),2021,1095
O1049546,DRIVER,d59a770d7b6be95ea905d6a0ebf61ee271f53d0e47e76c13f15d95d28ab40b1f9773faab97fc5d67efbf71eae181f6697d68ccead6cebd59199bc4577133cb8d,JE152075,995130.0,02/25/2021 01:15:00 PM,CHICAGO,IL,60608,M,46.0,NONE PRESENT,DID NOT DEPLOY,NONE,NO INDICATION OF INJURY,NONE,UNKNOWN,NORMAL,TEST NOT OFFERED,2021,JE152075,02/25/2021 01:15:00 PM,30,TRAFFIC SIGNAL,FUNCTIONING PROPERLY,CLEAR,DAWN,TURNING,FOUR WAY,STRAIGHT AND LEVEL,DRY,NO DEFECTS,NOT ON SCENE (DESK REPORT),NO INJURY / DRIVE AWAY,Y,Y,$500 OR LESS,02/25/2021 03:00:00 PM,UNABLE TO DETERMINE,NOT APPLICABLE,8300,S,COTTAGE GROVE AVE,632.0,2,NO INDICATION OF INJURY,0.0,0.0,0.0,0.0,0.0,4.0,0.0,13,5,2,41.743873821,-87.605176161,POINT (-87.605176160557 41.743873821012),2021,795
O1250266,DRIVER,cad923ced6e0d6da70fbc21b5a96fe92855e8d50065ab9135b66f3c92ec53770efbcc11129c471918a2cba7835a5ccbe257be6fc9f44608967cb528388712aac,JE484818,1186743.0,12/21/2021 12:45:00 PM,OAK BROOK,IL,60523,M,74.0,SAFETY BELT USED,DEPLOYMENT UNKNOWN,UNKNOWN,NO INDICATION OF INJURY,NONE,NOT OBSCURED,NORMAL,TEST NOT OFFERED,2021,JE484818,12/21/2021 12:45:00 PM,25,STOP SIGN/FLASHER,NO CONTROLS,CLEAR,DAYLIGHT,ANGLE,FOUR WAY,STRAIGHT AND LEVEL,DRY,NO DEFECTS,ON SCENE,INJURY AND / OR TOW DUE TO CRASH,Y,Y,"OVER $1,500",12/21/2021 01:30:00 PM,DISREGARDING STOP SIGN,FAILING TO YIELD RIGHT-OF-WAY,7200,S,YATES BLVD,334.0,3,NO INDICATION OF INJURY,0.0,0.0,0.0,0.0,0.0,3.0,0.0,12,3,12,41.764343255,-87.566632526,POINT (-87.566632525994 41.764343255101),2021,765
O1117252,DRIVER,ebe00965d12e7f868fbee1aecbeb9c97217b4612bbc8ab610ea336fdab155853ef6179001763d4f71dc9605ca693bffabe431d8d00e106dc4c731dcd6323e329,JE264747,1059790.0,06/13/2021 06:00:00 PM,CHICAGO,IL,60657,M,30.0,SAFETY BELT USED,NOT APPLICABLE,NONE,NO INDICATION OF INJURY,NONE,NOT OBSCURED,NORMAL,TEST NOT OFFERED,2021,JE264747,06/13/2021 06:00:00 PM,30,STOP SIGN/FLASHER,FUNCTIONING PROPERLY,CLEAR,DAYLIGHT,REAR TO FRONT,FOUR WAY,STRAIGHT AND LEVEL,DRY,NO DEFECTS,ON SCENE,INJURY AND / OR TOW DUE TO CRASH,Y,Y,"OVER $1,500",06/13/2021 06:02:00 PM,"OPERATING VEHICLE IN ERRATIC, RECKLESS, CARELESS, NEGLIGENT OR AGGRESSIVE MANNER",HAD BEEN DRINKING (USE WHEN ARREST IS NOT MADE),3500,N,ASHLAND AVE,1922.0,4,NO INDICATION OF INJURY,0.0,0.0,0.0,0.0,0.0,5.0,0.0,18,1,6,41.945255189,-87.668963819,POINT (-87.668963818529 41.945255189047),2021,1080
O1243767,DRIVER,a0514f5a43967de59a41780409a29e642316b05960f73968ff8eb5e6e3ebfec0bb32e19ad8f6d24c7efe7a26ac95ed7b8c80a1b9c657da5a923e24d7ccfc6e7d,JE473242,1180474.0,12/10/2021 09:04:00 PM,CHICAGO,IL,60643,F,37.0,SAFETY BELT USED,DID NOT DEPLOY,NONE,NO INDICATION OF INJURY,NONE,NOT OBSCURED,NORMAL,TEST NOT OFFERED,2021,JE473242,12/10/2021 09:04:00 PM,35,TRAFFIC SIGNAL,FUNCTIONING PROPERLY,RAIN,"DARKNESS, LIGHTED ROAD",REAR END,FOUR WAY,STRAIGHT AND LEVEL,WET,NO DEFECTS,NOT ON SCENE (DESK REPORT),NO INJURY / DRIVE AWAY,Y,Y,"$501 - $1,500",12/10/2021 10:00:00 PM,FAILING TO REDUCE SPEED TO AVOID CRASH,UNABLE TO DETERMINE,1200,N,HALSTED ST,1822.0,2,NO INDICATION OF INJURY,0.0,0.0,0.0,0.0,0.0,2.0,0.0,21,6,12,41.903698308,-87.648245351,POINT (-87.648245350626 41.90369830765),2021,1264
O1224043,DRIVER,fa59ea01df8159c1cd823f4203b8f69af1a94e810619b201e8b9c2f1e9d4c954aec804cb344ea1a5adfeb59da1c21c0a4a3cf2b3f163225c923a0fe8543b1893,JE440224,1161543.0,11/10/2021 07:40:00 AM,CHICAGO,IL,60632,M,23.0,NONE PRESENT,NOT APPLICABLE,NONE,NO INDICATION OF INJURY,NONE,UNKNOWN,NORMAL,TEST NOT OFFERED,2021,JE440224,11/10/2021 07:40:00 AM,35,NO CONTROLS,NO CONTROLS,CLEAR,DAYLIGHT,SIDESWIPE SAME DIRECTION,NOT DIVIDED,STRAIGHT AND LEVEL,DRY,UNKNOWN,ON SCENE,NO INJURY / DRIVE AWAY,N,Y,"OVER $1,500",11/10/2021 07:57:00 AM,IMPROPER OVERTAKING/PASSING,UNABLE TO DETERMINE,310,N,DESPLAINES ST,1214.0,2,NO INDICATION OF INJURY,0.0,0.0,0.0,0.0,0.0,2.0,0.0,7,4,11,41.887181453000004,-87.64443321899999,POINT (-87.644433218557 41.887181453409),2021,460
O1234488,DRIVER,fa8839a7a9d84a8dd8b4b7c3efcfcda4478b69cf3f14c712f851ad612edcec16b7bcd6e9da56df5c29358bc017bd611047cf2e689b767c2705b6a46a53daab39,JE457182,1171596.0,11/26/2021 06:04:00 AM,CHICAGO,IL,60611,M,39.0,SAFETY BELT USED,DID NOT DEPLOY,NONE,NO INDICATION OF INJURY,NONE,NOT OBSCURED,NORMAL,TEST NOT OFFERED,2021,JE457182,11/26/2021 06:04:00 AM,30,TRAFFIC SIGNAL,FUNCTIONING PROPERLY,CLEAR,"DARKNESS, LIGHTED ROAD",ANGLE,FOUR WAY,STRAIGHT AND LEVEL,DRY,NO DEFECTS,NOT ON SCENE (DESK REPORT),NO INJURY / DRIVE AWAY,Y,Y,"OVER $1,500",11/26/2021 08:15:00 AM,DISREGARDING TRAFFIC SIGNALS,UNABLE TO DETERMINE,300,E,ILLINOIS ST,1834.0,2,NO INDICATION OF INJURY,0.0,0.0,0.0,0.0,0.0,2.0,0.0,6,6,11,41.891113882,-87.620199418,POINT (-87.620199417551 41.89111388192),2021,364
O1212319,DRIVER,15fd2928e88d8a364cd2f69f32604bac66341284f14e90e9208a77b365fbdeb6ec03ce3105d5a8a2e114bbdac20367b835ee93263aceb67f1d5e4d09d5cc8573,JE421249,1150335.0,10/24/2021 09:45:00 PM,MAYWOOD,IL,60153,F,32.0,USAGE UNKNOWN,NOT APPLICABLE,NONE,NO INDICATION OF INJURY,NONE,UNKNOWN,NORMAL,TEST NOT OFFERED,2021,JE421249,10/24/2021 09:45:00 PM,30,TRAFFIC SIGNAL,FUNCTIONING PROPERLY,RAIN,"DARKNESS, LIGHTED ROAD",TURNING,FOUR WAY,STRAIGHT AND LEVEL,WET,NO DEFECTS,NOT ON SCENE (DESK REPORT),NO INJURY / DRIVE AWAY,Y,Y,"$501 - $1,500",10/24/2021 09:50:00 PM,FAILING TO YIELD RIGHT-OF-WAY,NOT APPLICABLE,400,S,WESTERN AVE,1135.0,3,NO INDICATION OF INJURY,0.0,0.0,0.0,0.0,0.0,3.0,0.0,21,1,10,41.876064776,-87.686415631,POINT (-87.686415630988 41.876064776425),2021,1305
O1031594,DRIVER,618dffe1f56819f7b5cb1220a035e0f38801ebee187c18c1f42b599b874ab3c787914b5fd0444691db330e0d251c9acb93803bdec4928f039e25ca7a1487dacd,JE125554,977781.0,01/28/2021 11:41:00 AM,CHICAGO,IL,60619,M,23.0,SAFETY BELT USED,"DEPLOYED, FRONT",NONE,NONINCAPACITATING INJURY,NONE,NOT OBSCURED,NORMAL,TEST NOT OFFERED,2021,JE125554,01/28/2021 11:41:00 AM,30,STOP SIGN/FLASHER,FUNCTIONING PROPERLY,SNOW,DAYLIGHT,TURNING,T-INTERSECTION,STRAIGHT AND LEVEL,WET,NO DEFECTS,ON SCENE,INJURY AND / OR TOW DUE TO CRASH,Y,Y,"OVER $1,500",01/28/2021 11:41:00 AM,UNABLE TO DETERMINE,NOT APPLICABLE,6300,S,MARYLAND AVE,312.0,2,NONINCAPACITATING INJURY,1.0,0.0,0.0,1.0,0.0,1.0,0.0,11,5,1,41.780380787,-87.604793541,POINT (-87.604793540929 41.780380786921),2021,701
O1123980,DRIVER,628de88b929d4e2948091c2aa8d319697e4d86df6e5a28885844fd411de14e137310fd97f8f497bdd4c560bc731b8ddc6ed5f96d43f7392cbbe203802111c3c0,JE275460,1066124.0,06/22/2021 11:50:00 AM,CHICAGO,IL,60617,F,55.0,USAGE UNKNOWN,DID NOT DEPLOY,NONE,NO INDICATION OF INJURY,NONE,NOT OBSCURED,NORMAL,TEST NOT OFFERED,2021,JE275460,06/22/2021 11:50:00 AM,20,STOP SIGN/FLASHER,FUNCTIONING PROPERLY,CLEAR,DAYLIGHT,REAR END,FOUR WAY,STRAIGHT AND LEVEL,DRY,NO DEFECTS,ON SCENE,NO INJURY / DRIVE AWAY,Y,Y,"OVER $1,500",06/22/2021 11:59:00 AM,FOLLOWING TOO CLOSELY,UNABLE TO DETERMINE,6700,S,CARPENTER ST,724.0,2,NO INDICATION OF INJURY,0.0,0.0,0.0,0.0,0.0,2.0,0.0,11,3,6,41.77229265,-87.650812308,POINT (-87.650812307555 41.772292650143),2021,710
O1141896,DRIVER,9bf775d95a481c77c9172f8cce3bf213ec0fb820f959c28f3bfb832a68da6e897a9ade7b29c4c28f40a95495a53866139205c2d863090faaba67c1be3400d7a6,JE304889,1083157.0,07/17/2021 06:52:00 PM,CHICAGO,IL,60609,F,42.0,SAFETY BELT USED,DID NOT DEPLOY,NONE,NO INDICATION OF INJURY,NONE,NOT OBSCURED,NORMAL,TEST NOT OFFERED,2021,JE304889,07/17/2021 06:52:00 PM,30,STOP SIGN/FLASHER,NO CONTROLS,CLEAR,DAYLIGHT,ANGLE,NOT DIVIDED,STRAIGHT AND LEVEL,DRY,NO DEFECTS,ON SCENE,NO INJURY / DRIVE AWAY,Y,Y,"OVER $1,500",07/17/2021 06:53:00 PM,FAILING TO REDUCE SPEED TO AVOID CRASH,FAILING TO YIELD RIGHT-OF-WAY,4101,W,47TH ST,815.0,3,NO INDICATION OF INJURY,0.0,0.0,0.0,0.0,0.0,2.0,0.0,18,7,7,41.807730408000005,-87.72609049399999,POINT (-87.726090494054 41.807730408102),2021,1132
O1188635,DRIVER,7eca36a10670a585127b3c5d7bebebf95b58d5500121e2fe637af5c47fcba29109e595691abf9069bb03af5aaa86fe4102343e73fb66cfbfe0f507ddf5a236ac,JE381646,1127722.0,09/20/2021 01:30:00 PM,CHICAGO,IL,60617,M,80.0,SAFETY BELT USED,DID NOT DEPLOY,NONE,NO INDICATION OF INJURY,UNKNOWN,UNKNOWN,UNKNOWN,TEST NOT OFFERED,2021,JE381646,09/20/2021 01:30:00 PM,30,STOP SIGN/FLASHER,FUNCTIONING PROPERLY,CLEAR,DAYLIGHT,ANGLE,FOUR WAY,STRAIGHT AND LEVEL,DRY,NO DEFECTS,NOT ON SCENE (DESK REPORT),NO INJURY / DRIVE AWAY,Y,Y,"OVER $1,500",09/21/2021 07:30:00 AM,UNABLE TO DETERMINE,UNABLE TO DETERMINE,7600,S,KINGSTON AVE,421.0,2,NO INDICATION OF INJURY,0.0,0.0,0.0,0.0,0.0,3.0,0.0,13,2,9,41.757126368,-87.56284492299999,POINT (-87.562844923082 41.757126368344),2021,810
O1150425,DRIVER,36bfdd372bf4172a1f24dfcc44bc290fedd65ebd99a5fe016098a54acf18c7dee814642f95b81c755566d61aad1946782e48d80d8a6c77f1ab4267df460075e5,JE318860,1091265.0,07/29/2021 02:45:00 PM,CHICAGO,IL,60649,M,57.0,USAGE UNKNOWN,DID NOT DEPLOY,NONE,NO INDICATION OF INJURY,NONE,UNKNOWN,NORMAL,TEST NOT OFFERED,2021,JE318860,07/29/2021 02:45:00 PM,35,TRAFFIC SIGNAL,FUNCTIONING PROPERLY,CLEAR,DAYLIGHT,TURNING,ONE-WAY,STRAIGHT AND LEVEL,UNKNOWN,UNKNOWN,NOT ON SCENE (DESK REPORT),NO INJURY / DRIVE AWAY,Y,Y,"OVER $1,500",07/29/2021 05:30:00 PM,FAILING TO YIELD RIGHT-OF-WAY,DRIVING SKILLS/KNOWLEDGE/EXPERIENCE,400,E,ILLINOIS ST,1834.0,2,NO INDICATION OF INJURY,0.0,0.0,0.0,0.0,0.0,2.0,0.0,14,5,7,41.891163079,-87.61754788200001,POINT (-87.617547881573 41.891163078971),2021,885
O1022173,DRIVER,73eb3d9c37e4c4217db2c2b81106e69d4e64b7eaa3e790f77f0dfd3ec7e68ec5f72e1812fd13db8d0d0a60178b0679b099cda28dcfa42fcf7e6ff6ea64a6a772,JE108173,968840.0,01/09/2021 05:46:00 PM,CHICAGO,IL,60649,F,25.0,USAGE UNKNOWN,DID NOT DEPLOY,NONE,NO INDICATION OF INJURY,NONE,NOT OBSCURED,NORMAL,TEST NOT OFFERED,2021,JE108173,01/09/2021 05:46:00 PM,30,TRAFFIC SIGNAL,FUNCTIONING PROPERLY,CLEAR,"DARKNESS, LIGHTED ROAD",REAR END,NOT DIVIDED,STRAIGHT AND LEVEL,DRY,NO DEFECTS,ON SCENE,NO INJURY / DRIVE AWAY,Y,Y,"OVER $1,500",01/09/2021 05:47:00 PM,DISREGARDING TRAFFIC SIGNALS,UNABLE TO DETERMINE,9100,S,COTTAGE GROVE AVE,633.0,2,NO INDICATION OF INJURY,0.0,0.0,0.0,0.0,0.0,2.0,0.0,17,7,1,41.729306835,-87.60479254299999,POINT (-87.604792543012 41.729306834503),2021,1066
O1152312,DRIVER,ad91bed012f37633d954c220ead3dfc51e3dabf032ae239be0e3ca2d152a8300c948d0fa46047147113d254bbae58c485ab68f9baa13264e4c7ec966deb3575c,JE321748,1093049.0,08/01/2021 03:15:00 AM,CHICAGO,IL,60659,M,39.0,USAGE UNKNOWN,DID NOT DEPLOY,NONE,NO INDICATION OF INJURY,OTHER,UNKNOWN,NORMAL,TEST NOT OFFERED,2021,JE321748,08/01/2021 03:15:00 AM,30,TRAFFIC SIGNAL,FUNCTIONING PROPERLY,CLEAR,"DARKNESS, LIGHTED ROAD",REAR END,NOT DIVIDED,STRAIGHT AND LEVEL,DRY,UNKNOWN,ON SCENE,INJURY AND / OR TOW DUE TO CRASH,Y,Y,"OVER $1,500",08/01/2021 03:22:00 AM,FAILING TO REDUCE SPEED TO AVOID CRASH,FOLLOWING TOO CLOSELY,524,N,ORLEANS ST,1831.0,2,NONINCAPACITATING INJURY,1.0,0.0,0.0,1.0,0.0,3.0,0.0,3,1,8,41.891503833,-87.63717644100001,POINT (-87.637176441212 41.891503833012),2021,195
O1084322,DRIVER,81833cb38ce3631d0de98dc889f4138f94ea1c51dc29d8d4d5c345ca0d417867716b69ab51d8b8de4c86ab4e5db6aa1e512e9ff8454ad627a936e83c20a9be16,JE212498,1028383.0,04/27/2021 10:30:00 PM,JOLIET,IL,60435,M,53.0,SAFETY BELT USED,DID NOT DEPLOY,NONE,NO INDICATION OF INJURY,OTHER,UNKNOWN,NORMAL,TEST NOT OFFERED,2021,JE212498,04/27/2021 10:30:00 PM,30,TRAFFIC SIGNAL,FUNCTIONING PROPERLY,CLEAR,DARKNESS,REAR END,FOUR WAY,STRAIGHT AND LEVEL,DRY,NO DEFECTS,ON SCENE,NO INJURY / DRIVE AWAY,Y,Y,$500 OR LESS,04/28/2021 01:49:00 AM,UNABLE TO DETERMINE,NOT APPLICABLE,1159,S,CALIFORNIA AVE,1135.0,2,NO INDICATION OF INJURY,0.0,0.0,0.0,0.0,0.0,2.0,0.0,22,3,4,41.866603411999996,-87.69576249299999,POINT (-87.69576249314 41.866603412202),2021,1350
O1103550,DRIVER,200d46f38fdd5360c8a7f0f404f2eb71407f41cdd49a5df93f0feb7b5aef067bd25e9ebbc6d3b3a6f77b275c22a756e0b1a9250ceee289c77994b07224a7fbee,JE243667,1046798.0,05/26/2021 02:15:00 PM,CHICAGO,IL,60608,F,29.0,SAFETY BELT USED,DID NOT DEPLOY,NONE,NO INDICATION OF INJURY,NONE,NOT OBSCURED,NORMAL,TEST NOT OFFERED,2021,JE243667,05/26/2021 02:15:00 PM,30,TRAFFIC SIGNAL,FUNCTIONING PROPERLY,CLEAR,DAYLIGHT,REAR END,NOT DIVIDED,STRAIGHT AND LEVEL,DRY,NO DEFECTS,NOT ON SCENE (DESK REPORT),NO INJURY / DRIVE AWAY,Y,Y,"OVER $1,500",05/26/2021 03:13:00 PM,UNABLE TO DETERMINE,NOT APPLICABLE,1000,W,ROOSEVELT RD,1232.0,2,NO INDICATION OF INJURY,0.0,0.0,0.0,0.0,0.0,2.0,0.0,14,4,5,41.867196447,-87.65108822100001,POINT (-87.651088220891 41.867196446975),2021,855
O1059310,DRIVER,1323dc7c6f32741216be2cd5dc0b8abe9f0d3881302b2a212ba9978770ee7abcc4d10ae94a1e032b29b0ad8ad9eae090d030f1631f122f3002bf8767f9a778f8,JE170128,1004550.0,03/15/2021 01:36:00 AM,WHITING,IL,46394,F,35.0,SAFETY BELT USED,DID NOT DEPLOY,NONE,NO INDICATION OF INJURY,NONE,NOT OBSCURED,NORMAL,TEST NOT OFFERED,2021,JE170128,03/15/2021 01:36:00 AM,25,TRAFFIC SIGNAL,FUNCTIONING PROPERLY,RAIN,"DARKNESS, LIGHTED ROAD",TURNING,DIVIDED - W/MEDIAN BARRIER,STRAIGHT AND LEVEL,WET,NO DEFECTS,ON SCENE,NO INJURY / DRIVE AWAY,Y,Y,"OVER $1,500",03/16/2021 01:42:00 AM,DISREGARDING OTHER TRAFFIC SIGNS,IMPROPER TURNING/NO SIGNAL,9500,S,HALSTED ST,2223.0,3,NO INDICATION OF INJURY,0.0,0.0,0.0,0.0,0.0,3.0,0.0,1,2,3,41.721365061,-87.643358042,POINT (-87.643358042341 41.721365060783),2021,96
O1047022,DRIVER,29d6d6c0bc8ab8cb782993648944b85315798ed235866ef45bec5a4516d706d1003151df091ca6bc8f9cf6307fe52a5cbec09c0034563e8f96f0e9c14b8d8e67,JE147862,992679.0,02/21/2021 01:00:00 PM,CHICAGO,IL,60614,F,43.0,SAFETY BELT USED,DID NOT DEPLOY,NONE,NO INDICATION OF INJURY,NONE,NOT OBSCURED,NORMAL,TEST NOT OFFERED,2021,JE147862,02/21/2021 01:00:00 PM,30,TRAFFIC SIGNAL,FUNCTIONING PROPERLY,CLEAR,DAYLIGHT,ANGLE,FOUR WAY,STRAIGHT AND LEVEL,WET,NO DEFECTS,ON SCENE,NO INJURY / DRIVE AWAY,Y,Y,"OVER $1,500",02/21/2021 01:10:00 PM,UNABLE TO DETERMINE,UNABLE TO DETERMINE,5055,W,GRAND AVE,2533.0,2,NO INDICATION OF INJURY,0.0,0.0,0.0,0.0,0.0,2.0,0.0,13,1,2,41.916521498,-87.752893306,POINT (-87.752893305969 41.916521497595),2021,780
O1233542,DRIVER,fda2e836be10ab3a13e99d99e0de511207d9c01f2cff1d5862b96fdd9726d37f9b023bc2b868ae76ca9311e02f188448f68b74ac73a280f26225d332b011e1e2,JE455758,1170693.0,11/23/2021 08:30:00 PM,CHICAGO,IL,60620,M,27.0,SAFETY BELT USED,NOT APPLICABLE,NONE,NO INDICATION OF INJURY,NONE,NOT OBSCURED,NORMAL,TEST NOT OFFERED,2021,JE455758,11/23/2021 08:30:00 PM,20,STOP SIGN/FLASHER,NO CONTROLS,CLEAR,"DARKNESS, LIGHTED ROAD",TURNING,ONE-WAY,STRAIGHT AND LEVEL,DRY,NO DEFECTS,NOT ON SCENE (DESK REPORT),NO INJURY / DRIVE AWAY,Y,Y,"OVER $1,500",11/24/2021 02:20:00 PM,IMPROPER OVERTAKING/PASSING,NOT APPLICABLE,800,W,82ND ST,613.0,2,NO INDICATION OF INJURY,0.0,0.0,0.0,0.0,0.0,2.0,0.0,20,3,11,41.745287166,-87.643971649,POINT (-87.643971648625 41.745287165763),2021,1230
O1034541,DRIVER,07320593af7b925fab9f901b64f3d685b962e57da65433a16c8f83c8ca711e6914b6129de3e7c83cd714f27cf5e47c013151d5ed55a73dccfbb8c41734f1e197,JE130466,980580.0,02/02/2021 03:29:00 PM,CHICAGO,IL,60624,M,47.0,SAFETY BELT USED,DID NOT DEPLOY,NONE,NO INDICATION OF INJURY,NONE,NOT OBSCURED,NORMAL,TEST NOT OFFERED,2021,JE130466,02/02/2021 03:29:00 PM,30,TRAFFIC SIGNAL,FUNCTIONING PROPERLY,CLEAR,DAYLIGHT,TURNING,FOUR WAY,STRAIGHT AND LEVEL,DRY,NO DEFECTS,ON SCENE,NO INJURY / DRIVE AWAY,Y,Y,"$501 - $1,500",02/02/2021 03:41:00 PM,DISREGARDING TRAFFIC SIGNALS,DRIVING SKILLS/KNOWLEDGE/EXPERIENCE,800,W,MADISON ST,1224.0,2,NO INDICATION OF INJURY,0.0,0.0,0.0,0.0,0.0,2.0,0.0,15,3,2,41.881887057,-87.647392834,POINT (-87.647392833853 41.881887056886),2021,929
O1096345,DRIVER,21437f811f6309cbccfe3b11456e68d8309469b0b60d8701953c850ce741aa8a8eba4f939bf0102c1b50d8390cadbbe3bf1a264d6fe4df9fa1454554e5ac0cdf,JE231592,1039896.0,05/16/2021 01:45:00 AM,CHICAGO,IL,60624,M,34.0,SAFETY BELT USED,DID NOT DEPLOY,NONE,NO INDICATION OF INJURY,NONE,NOT OBSCURED,NORMAL,TEST NOT OFFERED,2021,JE231592,05/16/2021 01:45:00 AM,30,TRAFFIC SIGNAL,FUNCTIONING PROPERLY,CLEAR,"DARKNESS, LIGHTED ROAD",REAR END,NOT DIVIDED,STRAIGHT AND LEVEL,DRY,NO DEFECTS,ON SCENE,NO INJURY / DRIVE AWAY,N,Y,"OVER $1,500",05/16/2021 02:02:00 AM,UNABLE TO DETERMINE,NOT APPLICABLE,24,N,WESTERN AVE,1222.0,2,NO INDICATION OF INJURY,0.0,0.0,0.0,0.0,0.0,6.0,0.0,1,1,5,41.881908156,-87.686597498,POINT (-87.686597498081 41.881908156294),2021,105
O1231900,DRIVER,16e6830f91f0154496152eac078c915fa9fbc3016443d41ffb8acdf56b90b77b50cf59e5bdde89c0f2fc3b0d29fe063711d3d94008c4954f8e9f4c8862af0473,JE453081,1169096.0,11/21/2021 11:40:00 PM,PORTAGE,IN,46368,M,50.0,SAFETY BELT USED,NOT APPLICABLE,NONE,NO INDICATION OF INJURY,NONE,NOT OBSCURED,NORMAL,TEST REFUSED,2021,JE453081,11/21/2021 11:40:00 PM,30,TRAFFIC SIGNAL,NO CONTROLS,CLEAR,"DARKNESS, LIGHTED ROAD",TURNING,FOUR WAY,STRAIGHT AND LEVEL,DRY,NO DEFECTS,NOT ON SCENE (DESK REPORT),NO INJURY / DRIVE AWAY,Y,Y,"OVER $1,500",11/22/2021 12:05:00 AM,FAILING TO YIELD RIGHT-OF-WAY,DISREGARDING TRAFFIC SIGNALS,110,W,PERSHING RD,213.0,2,NO INDICATION OF INJURY,0.0,0.0,0.0,0.0,0.0,2.0,0.0,23,1,11,41.823787815,-87.629247963,POINT (-87.629247962778 41.823787815381),2021,1420
O1023844,DRIVER,1a47c6c64018eb4e7657ae6bfd7798259a1ed8845a0853034a678ce382945e559d11ca99050c4df14f9ae668a3584dbec4737d2face830a20f7ded87205b3fe0,JE111609,970375.0,01/13/2021 01:12:00 PM,CHICAGO,IL,60629,F,39.0,SAFETY BELT USED,DID NOT DEPLOY,NONE,NO INDICATION OF INJURY,NONE,NOT OBSCURED,NORMAL,TEST NOT OFFERED,2021,JE111609,01/13/2021 01:12:00 PM,30,STOP SIGN/FLASHER,FUNCTIONING PROPERLY,CLEAR,DAYLIGHT,ANGLE,FOUR WAY,STRAIGHT AND LEVEL,DRY,NO DEFECTS,ON SCENE,NO INJURY / DRIVE AWAY,Y,Y,"OVER $1,500",01/13/2021 01:12:00 PM,FAILING TO YIELD RIGHT-OF-WAY,UNABLE TO DETERMINE,1439,W,MARQUETTE RD,725.0,2,NO INDICATION OF INJURY,0.0,0.0,0.0,0.0,0.0,2.0,0.0,13,4,1,41.77213106,-87.660685983,POINT (-87.660685982877 41.772131060458),2021,792