PERSON_ID,PERSON_TYPE,CRASH_RECORD_ID,RD_NO_x,VEHICLE_ID,CRASH_DATE_x,CITY,STATE,ZIPCODE,SEX,AGE,SAFETY_EQUIPMENT,AIRBAG_DEPLOYED,EJECTION,INJURY_CLASSIFICATION,DRIVER_ACTION,DRIVER_VISION,PHYSICAL_CONDITION,BAC_RESULT,CRASH_YEAR_x,RD_NO_y,CRASH_DATE_y,POSTED_SPEED_LIMIT,TRAFFIC_CONTROL_DEVICE,DEVICE_CONDITION,WEATHER_CONDITION,LIGHTING_CONDITION,FIRST_CRASH_TYPE,TRAFFICWAY_TYPE,ALIGNMENT,ROADWAY_SURFACE_COND,ROAD_DEFECT,REPORT_TYPE,CRASH_TYPE,INTERSECTION_RELATED_I,HIT_AND_RUN_I,DAMAGE,DATE_POLICE_NOTIFIED,PRIM_CONTRIBUTORY_CAUSE,SEC_CONTRIBUTORY_CAUSE,STREET_NO,STREET_DIRECTION,STREET_NAME,BEAT_OF_OCCURRENCE,NUM_UNITS,MOST_SEVERE_INJURY,INJURIES_TOTAL,INJURIES_FATAL,INJURIES_INCAPACITATING,INJURIES_NON_INCAPACITATING,INJURIES_REPORTED_NOT_EVIDENT,INJURIES_NO_INDICATION,INJURIES_UNKNOWN,CRASH_HOUR,CRASH_DAY_OF_WEEK,CRASH_MONTH,LATITUDE,LONGITUDE,LOCATION,CRASH_YEAR_y,TIME
O1203301,DRIVER,e3679c708ca9bb774025ac23d396654616d3b7ce5e225703d8e22aa82aecae6d2041b9921831f29d44e791aadf93bbf09debad18dfabcda61328dbf7284af984,JE406415,1141727.0,10/11/2021 06:30:00 PM,CHICAGO,IL,60625,F,32.0,USAGE UNKNOWN,DEPLOYMENT UNKNOWN,UNKNOWN,NO INDICATION OF INJURY,UNKNOWN,UNKNOWN,UNKNOWN,TEST NOT OFFERED,2021,JE406415,10/11/2021 06:30:00 PM,30,NO CONTROLS,NO CONTROLS,RAIN,"DARKNESS, LIGHTED ROAD",REAR END,DIVIDED - W/MEDIAN BARRIER,STRAIGHT AND LEVEL,WET,UNKNOWN,NOT ON SCENE (DESK REPORT),NO INJURY / DRIVE AWAY,Y,Y,"OVER $1,500",10/11/2021 07:45:00 PM,UNABLE TO DETERMINE,NOT APPLICABLE,1700,N,KEDZIE AVE,1421.0,2,NO INDICATION OF INJURY,0.0,0.0,0.0,0.0,0.0,3.0,0.0,18,2,10,41.912028244,-87.70694973299999,POINT (-87.70694973345 41.912028243829),2021,1110
O1051513,DRIVER,9e43eaf10ad9d079f3d79c70626893f88b7577bb5fa56cd018932aa4d6517b6ac799b5e76b258f9aceec9f08ea0aba19ebc04f7d4fc7136cd684d439df467aea,JE155505,997018.0,03/01/2021 12:10:00 AM,CHICAGO,IL,60612,M,21.0,USAGE UNKNOWN,DID NOT DEPLOY,NONE,NO INDICATION OF INJURY,UNKNOWN,UNKNOWN,UNKNOWN,TEST NOT OFFERED,2021,JE155505,03/01/2021 12:10:00 AM,30,TRAFFIC SIGNAL,FUNCTIONING PROPERLY,CLEAR,"DARKNESS, LIGHTED ROAD",REAR END,NOT DIVIDED,STRAIGHT AND LEVEL,DRY,NO DEFECTS,ON SCENE,NO INJURY / DRIVE AWAY,Y,Y,"OVER $1,500",03/01/2021 12:12:00 AM,FAILING TO REDUCE SPEED TO AVOID CRASH,UNABLE TO DETERMINE,400,S,MORGAN ST,1232.0,2,NO INDICATION OF INJURY,0.0,0.0,0.0,0.0,0.0,3.0,0.0,0,2,3,41.87656877,-87.652019717,POINT (-87.652019717096 41.876568769918),2021,10
O1057888,DRIVER,e96d174de77e8edcbbdc5dc244d6b7e2bb7db08096b84675d3caaab269f7c32f07a8a942b124d283416db4a0692498ebae9214be59c1881c2384c2720816cfa6,JE167720,1003164.0,03/12/2021 01:15:00 PM,CHICAGO,IL,60647,M,65.0,SAFETY BELT USED,DID NOT DEPLOY,NONE,NO INDICATION OF INJURY,NONE,NOT OBSCURED,NORMAL,TEST NOT OFFERED,2021,JE167720,03/12/2021 01:15:00 PM,30,STOP SIGN/FLASHER,FUNCTIONING PROPERLY,CLEAR,DAYLIGHT,TURNING,NOT DIVIDED,STRAIGHT AND LEVEL,DRY,NO DEFECTS,NOT ON SCENE (DESK REPORT),NO INJURY / DRIVE AWAY,N,Y,"$501 - $1,500",03/13/2021 10:30:00 AM,UNABLE TO DETERMINE,UNABLE TO DETERMINE,1000,W,WILLOW ST,1811.0,2,NO INDICATION OF INJURY,0.0,0.0,0.0,0.0,0.0,2.0,0.0,13,6,3,41.913784565,-87.65350387,POINT (-87.65350386964 41.913784565288),2021,795
O1120799,DRIVER,a11f1531a96f6d94954e7fb72bb63aac9159ec142a739aea540174a7e80a00c32d0d048f99aece142f8067614dc107a8d15a737156de14ff1c8ead0376c44360,JE270661,1063096.0,06/18/2021 01:23:00 PM,CHICAGO,IL,60647,M,37.0,USAGE UNKNOWN,NOT APPLICABLE,NONE,NO INDICATION OF INJURY,NONE,MOVING VEHICLES,NORMAL,TEST NOT OFFERED,2021,JE270661,06/18/2021 01:23:00 PM,30,STOP SIGN/FLASHER,FUNCTIONING PROPERLY,CLEAR,DAYLIGHT,ANGLE,DIVIDED - W/MEDIAN (NOT RAISED),STRAIGHT AND LEVEL,DRY,NO DEFECTS,NOT ON SCENE (DESK REPORT),NO INJURY / DRIVE AWAY,Y,Y,"OVER $1,500",06/18/2021 02:30:00 PM,FAILING TO YIELD RIGHT-OF-WAY,FAILING TO REDUCE SPEED TO AVOID CRASH,2440,W,NORTH AVE,1434.0,2,NO INDICATION OF INJURY,0.0,0.0,0.0,0.0,0.0,3.0,0.0,13,6,6,41.910410939,-87.688899155,POINT (-87.688899154537 41.910410938965),2021,803
O1165214,DRIVER,7bcb000d0c6f2458188804410b10938c7045417a28ffbba144bedbc64c594f80bd25ef5566fdbe4eb875b92789d4ed709878b6d55d6e2e889c4f764761197d2b,JE343050,1105330.0,08/19/2021 09:00:00 AM,CHICAGO,IL,60609,F,27.0,SAFETY BELT USED,DID NOT DEPLOY,NONE,NO INDICATION OF INJURY,NONE,UNKNOWN,NORMAL,TEST NOT OFFERED,2021,JE343050,08/19/2021 09:00:00 AM,30,TRAFFIC SIGNAL,NO CONTROLS,CLEAR,DAYLIGHT,TURNING,Y-INTERSECTION,STRAIGHT AND LEVEL,DRY,NO DEFECTS,NOT ON SCENE (DESK REPORT),NO INJURY / DRIVE AWAY,Y,Y,"OVER $1,500",08/19/2021 07:30:00 PM,DISREGARDING TRAFFIC SIGNALS,UNABLE TO DETERMINE,5253,S,PAULINA ST,932.0,2,NO INDICATION OF INJURY,0.0,0.0,0.0,0.0,0.0,2.0,0.0,9,5,8,41.797912421,-87.666973181,POINT (-87.66697318053 41.797912421358),2021,540
O1157804,DRIVER,217782bfec35a954b4f483e6adc5b10bd0f40d8a4f3c0b50ce211b6c6f1b1bae0b83a4b75a2934b9b849608e2e07092a045b01fda03e47b4f258b2c3d59850c9,JE330967,1098274.0,08/08/2021 09:20:00 PM,MIDLOTHIAN,IL,60445,M,42.0,SAFETY BELT USED,NOT APPLICABLE,NONE,"REPORTED, NOT EVIDENT",NONE,NOT OBSCURED,NORMAL,TEST NOT OFFERED,2021,JE330967,08/08/2021 09:20:00 PM,30,TRAFFIC SIGNAL,FUNCTIONING PROPERLY,CLEAR,"DARKNESS, LIGHTED ROAD",REAR END,NOT DIVIDED,STRAIGHT AND LEVEL,WET,NO DEFECTS,ON SCENE,INJURY AND / OR TOW DUE TO CRASH,Y,Y,"OVER $1,500",08/08/2021 09:24:00 PM,FOLLOWING TOO CLOSELY,UNABLE TO DETERMINE,6701,S,CICERO AVE,833.0,2,"REPORTED, NOT EVIDENT",1.0,0.0,0.0,0.0,1.0,3.0,0.0,21,1,8,41.771044801,-87.74190563200001,POINT (-87.741905631651 41.771044801146),2021,1280
O1157463,DRIVER,ea9211f5c27e467bd63fed9ea1c90b248fbbeaa4a5a0e4bdeb23b81655704ed4ac94358b52d4515c94f906851b29522a6539668cc30757367eb7dd7962c3991d,JE330417,1097953.0,08/08/2021 11:30:00 AM,CHICAGO,IL,60649,F,60.0,SAFETY BELT USED,NOT APPLICABLE,NONE,NO INDICATION OF INJURY,NONE,NOT OBSCURED,NORMAL,TEST NOT OFFERED,2021,JE330417,08/08/2021 11:30:00 AM,30,STOP SIGN/FLASHER,FUNCTIONING PROPERLY,CLEAR,DAYLIGHT,ANGLE,FOUR WAY,STRAIGHT AND LEVEL,DRY,UNKNOWN,ON SCENE,NO INJURY / DRIVE AWAY,Y,Y,$500 OR LESS,08/08/2021 11:46:00 AM,DISREGARDING STOP SIGN,NOT APPLICABLE,7300,S,YATES BLVD,334.0,2,NO INDICATION OF INJURY,0.0,0.0,0.0,0.0,0.0,3.0,0.0,11,1,8,41.762526735,-87.56659497700001,POINT (-87.566594977019 41.762526734679),2021,690
O1182234,DRIVER,bf77b7d9f12509edcd229d2ba2671cb1a4ab390dfd5f17b0ba14032b166fbbbdb3c5a7e210c1d9398caeb06b3c855700a875d4996a4e5981c6d0bb067a7803d4,JE371072,1121595.0,09/12/2021 06:30:00 PM,CHICAGO,IL,60632,M,58.0,SAFETY BELT USED,DID NOT DEPLOY,NONE,NO INDICATION OF INJURY,OTHER,UNKNOWN,NORMAL,TEST NOT OFFERED,2021,JE371072,09/12/2021 06:30:00 PM,30,TRAFFIC SIGNAL,FUNCTIONING PROPERLY,CLEAR,DUSK,TURNING,NOT DIVIDED,STRAIGHT AND LEVEL,UNKNOWN,UNKNOWN,NOT ON SCENE (DESK REPORT),NO INJURY / DRIVE AWAY,Y,Y,"$501 - $1,500",09/12/2021 06:53:00 PM,IMPROPER TURNING/NO SIGNAL,IMPROPER OVERTAKING/PASSING,300,W,BELMONT AVE,1925.0,2,NO INDICATION OF INJURY,0.0,0.0,0.0,0.0,0.0,3.0,0.0,18,1,9,41.940687459,-87.638092129,POINT (-87.638092128602 41.940687458655),2021,1110
O1142728,DRIVER,5b3efcaa12202dd899f6cf76d3b94b8ca0bb78470af88eb7b02af93992d0bac49b1698f7c694238d1cdd6cb46ece6da764c16a65d00301e9cc2bbaa0a2ff5acf,JE306146,1083943.0,07/18/2021 11:25:00 PM,CHICAGO,IL,60632,M,31.0,USAGE UNKNOWN,"DEPLOYED, FRONT",UNKNOWN,NONINCAPACITATING INJURY,NONE,UNKNOWN,UNKNOWN,TEST NOT OFFERED,2021,JE306146,07/18/2021 11:25:00 PM,30,NO CONTROLS,NO CONTROLS,CLEAR,"DARKNESS, LIGHTED ROAD",TURNING,DIVIDED - W/MEDIAN (NOT RAISED),STRAIGHT AND LEVEL,DRY,NO DEFECTS,ON SCENE,INJURY AND / OR TOW DUE TO CRASH,Y,Y,"OVER $1,500",07/18/2021 11:25:00 PM,UNABLE TO DETERMINE,UNABLE TO DETERMINE,3799,S,CALIFORNIA AVE,911.0,2,NONINCAPACITATING INJURY,1.0,0.0,0.0,1.0,0.0,2.0,0.0,23,1,7,41.824661207,-87.694516049,POINT (-87.69451604863 41.82466120681),2021,1405
O1162934,DRIVER,341d8f02ba569d7d42803a6e4b1ce97ed45a3206b5687373376a0c1fb486e66c231c1d3c3d42bc46e2639eac15f9e66a1ca43a655b16b4bf574441fbc255752c,JE339058,1103148.0,08/15/2021 06:00:00 AM,CHICAGO,IL,60620,M,44.0,SAFETY BELT USED,DID NOT DEPLOY,NONE,NO INDICATION OF INJURY,NONE,NOT OBSCURED,NORMAL,TEST NOT OFFERED,2021,JE339058,08/15/2021 06:00:00 AM,30,TRAFFIC SIGNAL,FUNCTIONING PROPERLY,CLEAR,DAWN,ANGLE,FOUR WAY,STRAIGHT AND LEVEL,DRY,NO DEFECTS,NOT ON SCENE (DESK REPORT),NO INJURY / DRIVE AWAY,N,Y,"OVER $1,500",08/16/2021 10:20:00 AM,UNABLE TO DETERMINE,NOT APPLICABLE,6300,S,WOOD ST,726.0,2,NO INDICATION OF INJURY,0.0,0.0,0.0,0.0,0.0,2.0,0.0,6,1,8,41.779301525,-87.669233693,POINT (-87.669233692983 41.779301525282),2021,360
O1206413,DRIVER,b410d7b30eee034f0ad26a93769ac015cbc43a9209dbc63f9db72d4916b54551c0c5fd364a77aedd5a21a6d27a895b069e91e7507794bbcf09b7e33469a52bd4,JE411622,1144725.0,10/16/2021 01:39:00 AM,CHICAGO,IL,60620,M,31.0,SAFETY BELT USED,DID NOT DEPLOY,NONE,NO INDICATION OF INJURY,NONE,NOT OBSCURED,NORMAL,TEST NOT OFFERED,2021,JE411622,10/16/2021 01:39:00 AM,30,TRAFFIC SIGNAL,FUNCTIONING PROPERLY,CLEAR,"DARKNESS, LIGHTED ROAD",SIDESWIPE SAME DIRECTION,T-INTERSECTION,STRAIGHT AND LEVEL,DRY,NO DEFECTS,NOT ON SCENE (DESK REPORT),NO INJURY / DRIVE AWAY,Y,Y,"$501 - $1,500",10/16/2021 11:35:00 AM,IMPROPER TURNING/NO SIGNAL,UNABLE TO DETERMINE,11,W,79TH ST,623.0,2,NO INDICATION OF INJURY,0.0,0.0,0.0,0.0,0.0,2.0,0.0,1,7,10,41.750834386,-87.62499078399999,POINT (-87.624990783975 41.75083438579),2021,99
O1192898,DRIVER,929f3b850f91ac3f96c8a40ff9b0a08711744e6812245b0905c682e936574380c16f99bef61a1a75acf23b97a32b69630d27cd3884de8ae86cf0d126a5737da2,JE388760,1131828.0,09/27/2021 09:00:00 AM,CHICAGO,IL,60629,M,33.0,USAGE UNKNOWN,DID NOT DEPLOY,NONE,NO INDICATION OF INJURY,IMPROPER TURN,UNKNOWN,UNKNOWN,TEST NOT OFFERED,2021,JE388760,09/27/2021 09:00:00 AM,30,TRAFFIC SIGNAL,FUNCTIONING PROPERLY,CLEAR,DAYLIGHT,TURNING,T-INTERSECTION,STRAIGHT AND LEVEL,DRY,NO DEFECTS,ON SCENE,INJURY AND / OR TOW DUE TO CRASH,Y,Y,"OVER $1,500",09/27/2021 09:03:00 AM,IMPROPER TURNING/NO SIGNAL,UNABLE TO DETERMINE,198,E,RANDOLPH ST,114.0,2,NO INDICATION OF INJURY,0.0,0.0,0.0,0.0,0.0,2.0,0.0,9,2,9,41.884631432,-87.622356424,POINT (-87.622356423615 41.884631431555),2021,540
O1022184,DRIVER,0b98303198101ef5b52b7fe9b0fdf8ce3f51973324a482ccb541ef6d7892ee3de6a5bd290ac8c63df56bdc038d2de090f272e23235f35949db3c26c45da2f556,JE108207,968848.0,01/09/2021 05:50:00 PM,CHICAGO,IL,60614,F,55.0,SAFETY BELT USED,NOT APPLICABLE,NONE,NO INDICATION OF INJURY,NONE,NOT OBSCURED,NORMAL,TEST NOT OFFERED,2021,JE108207,01/09/2021 05:50:00 PM,35,TRAFFIC SIGNAL,FUNCTIONING PROPERLY,CLEAR,"DARKNESS, LIGHTED ROAD",SIDESWIPE SAME DIRECTION,NOT DIVIDED,STRAIGHT AND LEVEL,DRY,NO DEFECTS,NOT ON SCENE (DESK REPORT),NO INJURY / DRIVE AWAY,Y,Y,"OVER $1,500",01/09/2021 06:50:00 PM,IMPROPER OVERTAKING/PASSING,IMPROPER LANE USAGE,1738,W,FULLERTON AVE,1931.0,2,NO INDICATION OF INJURY,0.0,0.0,0.0,0.0,0.0,2.0,0.0,17,7,1,41.92520773,-87.672234887,POINT (-87.672234886531 41.925207730157),2021,1070
O1128169,DRIVER,8977311837901450e3597524dc3c9f2ede5c8fbd48f17792f61bc16cc818696492a14fde9f33fc21dde2b90fc6b37182bd04c98e12fe6004fec74a6d4db8f479,JE282283,1070146.0,06/28/2021 11:35:00 AM,CHICAGO,IL,60628,F,55.0,SAFETY BELT USED,DID NOT DEPLOY,NONE,NO INDICATION OF INJURY,NONE,NOT OBSCURED,NORMAL,TEST NOT OFFERED,2021,JE282283,06/28/2021 11:35:00 AM,30,TRAFFIC SIGNAL,FUNCTIONING PROPERLY,CLEAR,DAYLIGHT,TURNING,DIVIDED - W/MEDIAN BARRIER,STRAIGHT ON GRADE,DRY,UNKNOWN,ON SCENE,NO INJURY / DRIVE AWAY,Y,Y,"OVER $1,500",06/28/2021 11:38:00 AM,FOLLOWING TOO CLOSELY,NOT APPLICABLE,2400,S,STATE ST,131.0,2,NO INDICATION OF INJURY,0.0,0.0,0.0,0.0,0.0,2.0,0.0,11,2,6,41.849160403,-87.627147854,POINT (-87.627147854276 41.849160402672),2021,695
O1231008,DRIVER,510bb742b34d271ce4406c52c9201bca21a569eadde528b138de9cf4837e79a1b29373de95b67e39203f570695946fc1d6714df9ddaf55e0ba6f9aa852cc574c,JE451636,1168222.0,11/20/2021 03:30:00 PM,JANESVILLE,WI,53548,M,34.0,USAGE UNKNOWN,NOT APPLICABLE,NONE,NO INDICATION OF INJURY,NONE,UNKNOWN,UNKNOWN,TEST NOT OFFERED,2021,JE451636,11/20/2021 03:30:00 PM,30,TRAFFIC SIGNAL,FUNCTIONING PROPERLY,CLEAR,DAYLIGHT,TURNING,ONE-WAY,STRAIGHT AND LEVEL,UNKNOWN,UNKNOWN,NOT ON SCENE (DESK REPORT),NO INJURY / DRIVE AWAY,Y,Y,"OVER $1,500",11/20/2021 04:00:00 PM,UNABLE TO DETERMINE,NOT APPLICABLE,2,W,GRAND AVE,1831.0,2,NO INDICATION OF INJURY,0.0,0.0,0.0,0.0,0.0,2.0,0.0,15,7,11,41.891778161,-87.628157379,POINT (-87.628157379157 41.891778161357),2021,930
O1110121,DRIVER,ce7457b9c89ee4655ce9739674f1d668eb6d3f8e7d940fea39a775be977a3d37e380b3dd1e7c251ec458024408468b6fd693231af41ea590a24db3edf22b5788,JE253796,1053079.0,06/04/2021 05:25:00 PM,CHICAGO,IL,60638,M,69.0,HELMET NOT USED,NOT APPLICABLE,TOTALLY EJECTED,INCAPACITATING INJURY,NONE,NOT OBSCURED,NORMAL,TEST NOT OFFERED,2021,JE253796,06/04/2021 05:25:00 PM,35,TRAFFIC SIGNAL,FUNCTIONING PROPERLY,CLEAR,DAYLIGHT,TURNING,FOUR WAY,STRAIGHT AND LEVEL,DRY,NO DEFECTS,ON SCENE,INJURY AND / OR TOW DUE TO CRASH,Y,Y,"OVER $1,500",06/04/2021 05:26:00 PM,DISREGARDING TRAFFIC SIGNALS,FAILING TO YIELD RIGHT-OF-WAY,4700,S,CICERO AVE,814.0,2,INCAPACITATING INJURY,1.0,0.0,1.0,0.0,0.0,1.0,0.0,17,6,6,41.807530373,-87.743296821,POINT (-87.743296821242 41.807530372894),2021,1045
O1257931,DRIVER,c59d257b107ea08e8c3df67fba374a67e901ec76a8f5d10053ba6483f37921c9fc7ae456ffa88460dca3a55853e7eaba0b67acf43ab0c29d39b4bdd833d0502a,JF104095,1194046.0,12/31/2021 05:40:00 PM,CHICAGO,IL,60628,M,48.0,SAFETY BELT USED,DID NOT DEPLOY,NONE,NO INDICATION OF INJURY,NONE,NOT OBSCURED,NORMAL,TEST NOT OFFERED,2021,JF104095,12/31/2021 05:40:00 PM,30,TRAFFIC SIGNAL,FUNCTIONING PROPERLY,CLEAR,DAYLIGHT,REAR END,DIVIDED - W/MEDIAN (NOT RAISED),STRAIGHT AND LEVEL,SNOW OR SLUSH,NO DEFECTS,NOT ON SCENE (DESK REPORT),NO INJURY / DRIVE AWAY,Y,Y,"OVER $1,500",01/05/2022 02:00:00 PM,FOLLOWING TOO CLOSELY,UNABLE TO DETERMINE,11100,S,HALSTED ST,2233.0,2,NO INDICATION OF INJURY,0.0,0.0,0.0,0.0,0.0,4.0,0.0,17,6,12,41.692263123000004,-87.64252268799999,POINT (-87.642522687627 41.692263123425),2021,1060
O1106480,DRIVER,68a21204d57253edc129672e8191eee2459e2f191625f9e7114e6e845ef82d1993199068cbdf2e3c3cdf0b8f928d68077adc70a149178a60a6901382fb615229,JE248023,1049613.0,05/30/2021 03:46:00 PM,CHICAGO,IL,60617,M,27.0,SAFETY BELT USED,"DEPLOYED, FRONT",NONE,"REPORTED, NOT EVIDENT",UNKNOWN,NOT OBSCURED,NORMAL,TEST NOT OFFERED,2021,JE248023,05/30/2021 03:46:00 PM,30,TRAFFIC SIGNAL,NOT FUNCTIONING,CLEAR,DAYLIGHT,SIDESWIPE SAME DIRECTION,FOUR WAY,STRAIGHT AND LEVEL,DRY,NO DEFECTS,ON SCENE,INJURY AND / OR TOW DUE TO CRASH,Y,Y,"OVER $1,500",05/30/2021 03:49:00 PM,UNABLE TO DETERMINE,UNABLE TO DETERMINE,8700,S,COTTAGE GROVE AVE,632.0,4,"REPORTED, NOT EVIDENT",1.0,0.0,0.0,0.0,1.0,3.0,0.0,15,1,5,41.736601558000004,-87.6049681,POINT (-87.604968100168 41.736601558476),2021,946
O1114804,DRIVER,e9cb2f229909f7b7760dea2e5b4bd82d080460115b9c3d9ce93697b05eed97e5e82281e9b1ef3894e2a5c0438712d8230f9514161ea92c22f4eb32df4a91373c,JE261137,1057446.0,06/10/2021 04:50:00 PM,CHICAGO,IL,60618,F,19.0,SAFETY BELT USED,DID NOT DEPLOY,NONE,NO INDICATION OF INJURY,NONE,NOT OBSCURED,NORMAL,TEST NOT OFFERED,2021,JE261137,06/10/2021 04:50:00 PM,30,NO CONTROLS,NO CONTROLS,CLEAR,DAYLIGHT,SIDESWIPE SAME DIRECTION,NOT DIVIDED,STRAIGHT AND LEVEL,DRY,NO DEFECTS,ON SCENE,NO INJURY / DRIVE AWAY,N,Y,"OVER $1,500",06/10/2021 05:30:00 PM,UNABLE TO DETERMINE,NOT APPLICABLE,3097,W,NORTH AVE,1423.0,2,NO INDICATION OF INJURY,0.0,0.0,0.0,0.0,0.0,2.0,0.0,16,5,6,41.910040722,-87.70445608700001,POINT (-87.704456087259 41.910040721941),2021,1010
O1240895,DRIVER,628f418e5255a6a050dd94198956d5fbe739b1da86931a36ab2877449bd87d8e4630c8b515fdce940a9aaba3a87742b84c3ca843960bef2cd9dbd6dc9c796299,JE468239,1177773.0,12/06/2021 05:10:00 PM,CHICAGO,IL,60643,F,55.0,SAFETY BELT USED,"DEPLOYED, FRONT",NONE,NO INDICATION OF INJURY,UNKNOWN,NOT OBSCURED,NORMAL,TEST NOT OFFERED,2021,JE468239,12/06/2021 05:10:00 PM,30,TRAFFIC SIGNAL,FUNCTIONING PROPERLY,CLEAR,"DARKNESS, LIGHTED ROAD",SIDESWIPE OPPOSITE DIRECTION,NOT DIVIDED,STRAIGHT AND LEVEL,DRY,NO DEFECTS,ON SCENE,INJURY AND / OR TOW DUE TO CRASH,Y,Y,"OVER $1,500",12/06/2021 05:17:00 PM,UNABLE TO DETERMINE,UNABLE TO DETERMINE,1600,E,79TH ST,411.0,3,"REPORTED, NOT EVIDENT",3.0,0.0,0.0,0.0,3.0,3.0,0.0,17,2,12,41.751611523,-87.585592284,POINT (-87.585592284288 41.751611523273),2021,1030
O1124423,DRIVER,952742e29a8ce4edf7e75f5a370d96f2bde2ae533625de54379927ac1884d08d5ff15c1181b5b5ffd1db3dd56f2263bbc388f420b17f6dc75ba823080dbcb8ac,JE276229,1066558.0,06/22/2021 10:00:00 PM,CHICAGO,IL,60608,M,46.0,USAGE UNKNOWN,NOT APPLICABLE,NONE,NO INDICATION OF INJURY,NONE,NOT OBSCURED,NORMAL,TEST NOT OFFERED,2021,JE276229,06/22/2021 10:00:00 PM,30,TRAFFIC SIGNAL,FUNCTIONING PROPERLY,CLEAR,"DARKNESS, LIGHTED ROAD",ANGLE,FOUR WAY,STRAIGHT AND LEVEL,DRY,NO DEFECTS,ON SCENE,NO INJURY / DRIVE AWAY,Y,Y,"$501 - $1,500",06/22/2021 11:40:00 PM,DISREGARDING TRAFFIC SIGNALS,UNABLE TO DETERMINE,2000,W,33RD ST,912.0,2,NO INDICATION OF INJURY,0.0,0.0,0.0,0.0,0.0,2.0,0.0,22,3,6,41.834131613000004,-87.675441149,POINT (-87.675441148508 41.834131612912),2021,1320
O1076216,DRIVER,f2cd93808e2be7800b2d227d1a798c7b3bdef0bf024515b5fc340a9246b51fd569fb4eb4f373c2d6e7c48ba2f021777a83988f089486620d3992bc4a6417de45,JE198820,1020634.0,04/13/2021 02:30:00 PM,CHICAGO,IL,60616,M,29.0,SAFETY BELT USED,NOT APPLICABLE,NONE,NO INDICATION OF INJURY,NONE,NOT OBSCURED,NORMAL,TEST NOT OFFERED,2021,JE198820,04/13/2021 02:30:00 PM,30,TRAFFIC SIGNAL,FUNCTIONING PROPERLY,CLEAR,DAYLIGHT,REAR TO FRONT,DIVIDED - W/MEDIAN (NOT RAISED),STRAIGHT AND LEVEL,DRY,NO DEFECTS,NOT ON SCENE (DESK REPORT),NO INJURY / DRIVE AWAY,Y,Y,"OVER $1,500",04/14/2021 12:00:00 AM,IMPROPER BACKING,DISREGARDING TRAFFIC SIGNALS,2011,S,CLARK ST,131.0,2,NO INDICATION OF INJURY,0.0,0.0,0.0,0.0,0.0,3.0,0.0,14,3,4,41.85501491,-87.630010704,POINT (-87.630010703682 41.855014910006),2021,870
O1083169,DRIVER,10cac63aeaa5944e8a3ec1c68338e2d127029f227777c743b93f38949e1f09d8d05bac51f6c3b4d432865296148048b32b6d0917bf51385af7a03b1387167bdb,JE210764,1027308.0,04/26/2021 03:32:00 PM,CHICAGO,IL,60645,F,75.0,SAFETY BELT USED,NOT APPLICABLE,NONE,NO INDICATION OF INJURY,NONE,NOT OBSCURED,NORMAL,TEST NOT OFFERED,2021,JE210764,04/26/2021 03:32:00 PM,25,TRAFFIC SIGNAL,FUNCTIONING PROPERLY,CLEAR,DAYLIGHT,TURNING,FOUR WAY,STRAIGHT AND LEVEL,DRY,NO DEFECTS,NOT ON SCENE (DESK REPORT),NO INJURY / DRIVE AWAY,Y,Y,"OVER $1,500",04/26/2021 04:00:00 PM,UNABLE TO DETERMINE,UNABLE TO DETERMINE,6941,N,CLARK ST,2431.0,2,NO INDICATION OF INJURY,0.0,0.0,0.0,0.0,0.0,2.0,0.0,15,2,4,42.007734127,-87.673519536,POINT (-87.673519536231 42.007734126923),2021,932
O1233971,DRIVER,761289d062c0e6070330b9c5913a8d2185ca2fc40070ec760865fe024626d5ad1b88f206936f85657d47832a2b49fb3e78784ed189b0528591b418dcfd74776e,JE456296,1171090.0,11/24/2021 10:10:00 PM,CAROL STREAM,IL,60188,M,55.0,USAGE UNKNOWN,DID NOT DEPLOY,NONE,NO INDICATION OF INJURY,NONE,NOT OBSCURED,NORMAL,TEST NOT OFFERED,2021,JE456296,11/24/2021 10:10:00 PM,30,TRAFFIC SIGNAL,FUNCTIONING PROPERLY,RAIN,"DARKNESS, LIGHTED ROAD",REAR END,DIVIDED - W/MEDIAN (NOT RAISED),STRAIGHT AND LEVEL,WET,NO DEFECTS,ON SCENE,INJURY AND / OR TOW DUE TO CRASH,Y,Y,"OVER $1,500",11/24/2021 10:10:00 PM,FAILING TO REDUCE SPEED TO AVOID CRASH,UNABLE TO DETERMINE,102,N,HOMAN BLVD,1123.0,2,"REPORTED, NOT EVIDENT",2.0,0.0,0.0,0.0,2.0,2.0,0.0,22,4,11,41.882855214,-87.711210598,POINT (-87.71121059817 41.882855213782),2021,1330