PERSON_ID,PERSON_TYPE,CRASH_RECORD_ID,RD_NO_x,VEHICLE_ID,CRASH_DATE_x,CITY,STATE,ZIPCODE,SEX,AGE,SAFETY_EQUIPMENT,AIRBAG_DEPLOYED,EJECTION,INJURY_CLASSIFICATION,DRIVER_ACTION,DRIVER_VISION,PHYSICAL_CONDITION,BAC_RESULT,CRASH_YEAR_x,RD_NO_y,CRASH_DATE_y,POSTED_SPEED_LIMIT,TRAFFIC_CONTROL_DEVICE,DEVICE_CONDITION,WEATHER_CONDITION,LIGHTING_CONDITION,FIRST_CRASH_TYPE,TRAFFICWAY_TYPE,ALIGNMENT,ROADWAY_SURFACE_COND,ROAD_DEFECT,REPORT_TYPE,CRASH_TYPE,INTERSECTION_RELATED_I,HIT_AND_RUN_I,DAMAGE,DATE_POLICE_NOTIFIED,PRIM_CONTRIBUTORY_CAUSE,SEC_CONTRIBUTORY_CAUSE,STREET_NO,STREET_DIRECTION,STREET_NAME,BEAT_OF_OCCURRENCE,NUM_UNITS,MOST_SEVERE_INJURY,INJURIES_TOTAL,INJURIES_FATAL,INJURIES_INCAPACITATING,INJURIES_NON_INCAPACITATING,INJURIES_REPORTED_NOT_EVIDENT,INJURIES_NO_INDICATION,INJURIES_UNKNOWN,CRASH_HOUR,CRASH_DAY_OF_WEEK,CRASH_MONTH,LATITUDE,LONGITUDE,LOCATION,CRASH_YEAR_y,TIME
O1233884,DRIVER,eb4d2469de3488674cbba8964009eafb5f1e7770d035ba1afacdc8d38e51837f25053b9f76af3ed1f13ccef254faab590a3d214401413af630aaee490eaa9573,JE456092,1171018.0,11/24/2021 06:17:00 PM,CHICAGO,IL,60629,M,41.0,USAGE UNKNOWN,DEPLOYMENT UNKNOWN,NONE,NO INDICATION OF INJURY,DISREGARDED CONTROL DEVICES,UNKNOWN,NORMAL,TEST NOT OFFERED,2021,JE456092,11/24/2021 06:17:00 PM,30,TRAFFIC SIGNAL,FUNCTIONING IMPROPERLY,CLEAR,"DARKNESS, LIGHTED ROAD",TURNING,NOT DIVIDED,STRAIGHT AND LEVEL,DRY,NO DEFECTS,ON SCENE,INJURY AND / OR TOW DUE TO CRASH,Y,Y,"OVER $1,500",11/24/2021 06:19:00 PM,DISREGARDING TRAFFIC SIGNALS,DISREGARDING TRAFFIC SIGNALS,2400,W,HARRISON ST,1135.0,2,NO INDICATION OF INJURY,0.0,0.0,0.0,0.0,0.0,2.0,0.0,18,4,11,41.873999139,-87.686358964,POINT (-87.686358964077 41.873999139289),2021,1097
O1155634,DRIVER,04e15ce064ff7bae8fa4fec228cfe5d78e2374cc7a528661d27b5d9cc1858339e17c6f10fbed85f085b636e87ba692ebb2954ad4578ae7ccfa47d53565aa58de,JE327474,1096191.0,08/05/2021 05:00:00 PM,CHICAGO,IL,60637,M,87.0,SAFETY BELT USED,DID NOT DEPLOY,NONE,NO INDICATION OF INJURY,NONE,NOT OBSCURED,NORMAL,TEST NOT OFFERED,2021,JE327474,08/05/2021 05:00:00 PM,30,TRAFFIC SIGNAL,FUNCTIONING PROPERLY,CLEAR,DAYLIGHT,ANGLE,DIVIDED - W/MEDIAN (NOT RAISED),STRAIGHT AND LEVEL,DRY,NO DEFECTS,NOT ON SCENE (DESK REPORT),NO INJURY / DRIVE AWAY,Y,Y,"OVER $1,500",08/05/2021 06:00:00 PM,DISREGARDING TRAFFIC SIGNALS,NOT APPLICABLE,7600,S,VINCENNES AVE,623.0,2,NO INDICATION OF INJURY,0.0,0.0,0.0,0.0,0.0,2.0,0.0,17,5,8,41.756285700999996,-87.632406663,POINT (-87.632406662789 41.756285700818),2021,1020
O1162161,DRIVER,fc9884a2f4dc8ea3daea62ee65f13d7979281f532ca77d32ef78092e6fcc52ebaa48edafa7b95fe3551bb9eb780afc182cbf91cbcd5769f4da161a2c28be0c37,JE337742,1102399.0,08/15/2021 12:43:00 AM,ERIE,PA,16504,F,27.0,SAFETY BELT USED,NOT APPLICABLE,NONE,NO INDICATION OF INJURY,NONE,NOT OBSCURED,NORMAL,TEST NOT OFFERED,2021,JE337742,08/15/2021 12:43:00 AM,30,TRAFFIC SIGNAL,FUNCTIONING PROPERLY,CLEAR,DAYLIGHT,SIDESWIPE OPPOSITE DIRECTION,NOT DIVIDED,STRAIGHT AND LEVEL,DRY,NO DEFECTS,ON SCENE,INJURY AND / OR TOW DUE TO CRASH,Y,Y,"OVER $1,500",08/15/2021 12:43:00 AM,FAILING TO REDUCE SPEED TO AVOID CRASH,NOT APPLICABLE,5500,S,KEDZIE AVE,822.0,2,NO INDICATION OF INJURY,0.0,0.0,0.0,0.0,0.0,2.0,0.0,0,1,8,41.793420237,-87.70369750799999,POINT (-87.703697508454 41.793420236756),2021,43
O1085611,DRIVER,210162e800bf2231b441a7815654b7aa911b1b02c75cb7fe1dc4d23ad8c046e3392853be74182335f427e1740d3d57b46258b07f66314ec7abb16d2526d90f27,JE214582,1029599.0,04/30/2021 04:19:00 AM,CHICAGO,IL,60629,F,45.0,USAGE UNKNOWN,DID NOT DEPLOY,UNKNOWN,NO INDICATION OF INJURY,NONE,UNKNOWN,NORMAL,TEST NOT OFFERED,2021,JE214582,04/30/2021 04:19:00 AM,30,TRAFFIC SIGNAL,FUNCTIONING PROPERLY,CLEAR,"DARKNESS, LIGHTED ROAD",SIDESWIPE OPPOSITE DIRECTION,NOT DIVIDED,STRAIGHT AND LEVEL,DRY,NO DEFECTS,ON SCENE,INJURY AND / OR TOW DUE TO CRASH,Y,Y,"OVER $1,500",04/30/2021 04:24:00 AM,DISREGARDING TRAFFIC SIGNALS,UNABLE TO DETERMINE,5401,S,WESTERN BLVD,932.0,2,NO INDICATION OF INJURY,0.0,0.0,0.0,0.0,0.0,2.0,0.0,4,6,4,41.795552345,-87.68337228600001,POINT (-87.683372285592 41.795552345378),2021,259
O1141677,DRIVER,2b3e9a91730947c250bc001812087065d26022ecf34db7ff9d966dcda5f2fa67af263732491fc332bff03246228a13cf5b66e95a77b2912f8da2f9b7c89a9f5c,JE304667,1082949.0,07/16/2021 05:30:00 PM,CHICAGO,IL,60637,F,31.0,SAFETY BELT USED,DID NOT DEPLOY,NONE,NO INDICATION OF INJURY,NONE,NOT OBSCURED,NORMAL,TEST NOT OFFERED,2021,JE304667,07/16/2021 05:30:00 PM,30,STOP SIGN/FLASHER,FUNCTIONING PROPERLY,CLEAR,DAYLIGHT,TURNING,FOUR WAY,STRAIGHT AND LEVEL,DRY,NO DEFECTS,NOT ON SCENE (DESK REPORT),NO INJURY / DRIVE AWAY,Y,Y,"$501 - $1,500",07/17/2021 03:30:00 PM,UNABLE TO DETERMINE,UNABLE TO DETERMINE,634,E,MARQUETTE RD,321.0,2,NO INDICATION OF INJURY,0.0,0.0,0.0,0.0,0.0,2.0,0.0,17,6,7,41.775008777,-87.609316475,POINT (-87.609316474726 41.775008777405),2021,1050
O1059311,DRIVER,1323dc7c6f32741216be2cd5dc0b8abe9f0d3881302b2a212ba9978770ee7abcc4d10ae94a1e032b29b0ad8ad9eae090d030f1631f122f3002bf8767f9a778f8,JE170128,1004554.0,03/15/2021 01:36:00 AM,CHICAGO,IL,60629,M,34.0,NONE PRESENT,DID NOT DEPLOY,NONE,NO INDICATION OF INJURY,NONE,NOT OBSCURED,NORMAL,TEST NOT OFFERED,2021,JE170128,03/15/2021 01:36:00 AM,25,TRAFFIC SIGNAL,FUNCTIONING PROPERLY,RAIN,"DARKNESS, LIGHTED ROAD",TURNING,DIVIDED - W/MEDIAN BARRIER,STRAIGHT AND LEVEL,WET,NO DEFECTS,ON SCENE,NO INJURY / DRIVE AWAY,Y,Y,"OVER $1,500",03/16/2021 01:42:00 AM,DISREGARDING OTHER TRAFFIC SIGNS,IMPROPER TURNING/NO SIGNAL,9500,S,HALSTED ST,2223.0,3,NO INDICATION OF INJURY,0.0,0.0,0.0,0.0,0.0,3.0,0.0,1,2,3,41.721365061,-87.643358042,POINT (-87.643358042341 41.721365060783),2021,96
O1106470,DRIVER,2c63d994ab9ef46c79c4b593737e2cc1ec4cf571425f2cc82e44c0f70417f78c64e946c14c5b74e84658036de9d62845da314df3e5279a39e53bc9608f608e5f,JE248020,1049598.0,05/30/2021 04:00:00 PM,CHICAGO,IL,60608,M,21.0,USAGE UNKNOWN,DID NOT DEPLOY,NONE,NO INDICATION OF INJURY,NONE,UNKNOWN,NORMAL,TEST NOT OFFERED,2021,JE248020,05/30/2021 04:00:00 PM,30,TRAFFIC SIGNAL,FUNCTIONING PROPERLY,CLEAR,DAYLIGHT,TURNING,FOUR WAY,STRAIGHT AND LEVEL,DRY,NO DEFECTS,ON SCENE,NO INJURY / DRIVE AWAY,Y,Y,"OVER $1,500",05/30/2021 04:00:00 PM,DISREGARDING TRAFFIC SIGNALS,FAILING TO REDUCE SPEED TO AVOID CRASH,3456,S,WESTERN AVE,911.0,2,NO INDICATION OF INJURY,0.0,0.0,0.0,0.0,0.0,2.0,0.0,16,1,5,41.830324216,-87.68518233399999,POINT (-87.685182333559 41.830324216125),2021,960
O1116559,DRIVER,40c9ccda02541a819a1b88de922b6568c53822194d687b776fd12b1dd3a861f605d8a0f5723d1423356f60d745d699e2aa4d19635c0ea8f3cbfb06f29737d1c5,JE263711,1059114.0,06/12/2021 06:46:00 PM,CHICAGO,IL,60617,F,84.0,SAFETY BELT USED,"DEPLOYED, FRONT",NONE,"REPORTED, NOT EVIDENT",NONE,NOT OBSCURED,NORMAL,TEST NOT OFFERED,2021,JE263711,06/12/2021 06:46:00 PM,30,STOP SIGN/FLASHER,FUNCTIONING PROPERLY,CLEAR,DAYLIGHT,ANGLE,NOT DIVIDED,STRAIGHT AND LEVEL,DRY,NO DEFECTS,ON SCENE,INJURY AND / OR TOW DUE TO CRASH,Y,Y,"OVER $1,500",06/12/2021 06:50:00 PM,DISREGARDING STOP SIGN,FAILING TO YIELD RIGHT-OF-WAY,8600,S,JEFFERY BLVD,412.0,4,"REPORTED, NOT EVIDENT",1.0,0.0,0.0,0.0,1.0,1.0,0.0,18,7,6,41.738783137,-87.57589446,POINT (-87.575894459701 41.738783137016),2021,1126
O1204317,DRIVER,e015ef3a45a442646f739ee806018df52342b62f9b3523ad24688b8d2e251c760f7a78f237f42b8e043612707ec20ad2e49b9370386dc74adef2d5e25b92058e,JE408165,1142694.0,10/13/2021 11:25:00 AM,CHICAGO,IL,60637,F,28.0,SAFETY BELT USED,DID NOT DEPLOY,NONE,NO INDICATION OF INJURY,NONE,NOT OBSCURED,NORMAL,TEST NOT OFFERED,2021,JE408165,10/13/2021 11:25:00 AM,30,TRAFFIC SIGNAL,FUNCTIONING PROPERLY,CLEAR,DAYLIGHT,REAR END,ONE-WAY,STRAIGHT AND LEVEL,DRY,NO DEFECTS,ON SCENE,NO INJURY / DRIVE AWAY,Y,Y,"$501 - $1,500",10/13/2021 11:26:00 AM,FOLLOWING TOO CLOSELY,NOT APPLICABLE,6255,S,MICHIGAN AVE,311.0,2,NO INDICATION OF INJURY,0.0,0.0,0.0,0.0,0.0,3.0,0.0,11,4,10,41.780349207,-87.62183622100001,POINT (-87.621836220976 41.780349206814),2021,685
O1206029,DRIVER,6eecf670b774e96da8fc82ac5344e562c27b7eba612aba50c5ca8522011117ed642f440fff93553d1a421c4c462804ef6c41f7330ae1f0430965d019c2753934,JE410957,1144348.0,10/15/2021 06:09:00 PM,CHICAGO,IL,60617,M,30.0,SAFETY BELT USED,DID NOT DEPLOY,NONE,"REPORTED, NOT EVIDENT",UNKNOWN,UNKNOWN,NORMAL,TEST NOT OFFERED,2021,JE410957,10/15/2021 06:09:00 PM,30,TRAFFIC SIGNAL,FUNCTIONING PROPERLY,CLEAR,"DARKNESS, LIGHTED ROAD",ANGLE,FOUR WAY,STRAIGHT AND LEVEL,DRY,NO DEFECTS,ON SCENE,INJURY AND / OR TOW DUE TO CRASH,Y,N,"OVER $1,500",10/15/2021 06:09:00 PM,UNABLE TO DETERMINE,UNABLE TO DETERMINE,760,S,KOSTNER AVE,1131.0,2,"REPORTED, NOT EVIDENT",1.0,0.0,0.0,0.0,1.0,8.0,0.0,18,6,10,41.870648279,-87.73527321700001,POINT (-87.735273216825 41.870648278737),2021,1089
O1152839,DRIVER,a47b5c05177a476d74a41a5eb4b871e79759455df2438df9d08d04ce42c62c70e2918bece1fda8b8c2fba72b86e30ebbbf4dbf4495f546cca3684e9f7fc9f37b,JE322475,1093600.0,08/01/2021 05:50:00 PM,CHICAGO,IL,60608,F,30.0,SAFETY BELT USED,DID NOT DEPLOY,NONE,NO INDICATION OF INJURY,OTHER,NOT OBSCURED,NORMAL,TEST NOT OFFERED,2021,JE322475,08/01/2021 05:50:00 PM,30,NO CONTROLS,NO CONTROLS,CLEAR,DAYLIGHT,ANGLE,NOT DIVIDED,STRAIGHT AND LEVEL,DRY,NO DEFECTS,ON SCENE,NO INJURY / DRIVE AWAY,Y,Y,"OVER $1,500",08/01/2021 05:52:00 PM,DISREGARDING STOP SIGN,NOT APPLICABLE,4200,S,DR MARTIN LUTHER KING JR DR,213.0,2,NO INDICATION OF INJURY,0.0,0.0,0.0,0.0,0.0,2.0,0.0,17,1,8,41.818386516,-87.616989907,POINT (-87.61698990732 41.818386516405),2021,1070
O1234335,DRIVER,ba055aa3f20ccf37290c5288a885a23e2a9e8555f300e2b1d6307899f38088412f3875d7aad0eb3ff199702328fbc839835cac84c1ebbeca3753c70a9f2915a0,JE456857,1171449.0,11/25/2021 05:15:00 PM,CHICAGO,IL,60617,F,47.0,USAGE UNKNOWN,"DEPLOYED, COMBINATION",NONE,NO INDICATION OF INJURY,NONE,NOT OBSCURED,NORMAL,TEST NOT OFFERED,2021,JE456857,11/25/2021 05:15:00 PM,30,TRAFFIC SIGNAL,FUNCTIONING PROPERLY,CLEAR,DUSK,TURNING,NOT DIVIDED,STRAIGHT AND LEVEL,DRY,NO DEFECTS,ON SCENE,INJURY AND / OR TOW DUE TO CRASH,N,Y,"OVER $1,500",11/25/2021 05:16:00 PM,DISREGARDING TRAFFIC SIGNALS,DISREGARDING OTHER TRAFFIC SIGNS,5500,S,WESTERN AVE,824.0,2,NO INDICATION OF INJURY,0.0,0.0,0.0,0.0,0.0,2.0,0.0,17,5,11,41.793370554,-87.684175377,POINT (-87.684175376759 41.79337055433),2021,1035
O1229083,DRIVER,fc03c4d138e77baef737701c978ce0ae44ffe4d9fd65792be499b6e92168954a2df81988c0de2184f7d5ffacded7c47f0a15b38fa078fb5b7cd833b5bf72cee5,JE448519,1166388.0,11/17/2021 06:29:00 PM,MAYWOOD,IL,60153,M,55.0,USAGE UNKNOWN,DID NOT DEPLOY,NONE,NO INDICATION OF INJURY,NONE,NOT OBSCURED,NORMAL,TEST NOT OFFERED,2021,JE448519,11/17/2021 06:29:00 PM,30,NO CONTROLS,NO CONTROLS,CLEAR,"DARKNESS, LIGHTED ROAD",TURNING,T-INTERSECTION,STRAIGHT AND LEVEL,WET,NO DEFECTS,ON SCENE,NO INJURY / DRIVE AWAY,Y,Y,"OVER $1,500",11/17/2021 06:31:00 PM,UNABLE TO DETERMINE,UNABLE TO DETERMINE,3225,S,WESTERN AVE,912.0,2,NO INDICATION OF INJURY,0.0,0.0,0.0,0.0,0.0,2.0,0.0,18,4,11,41.834884847,-87.68441071,POINT (-87.684410709816 41.834884847016),2021,1109
O1200141,DRIVER,77b6baf38879ed66d4723facd83bdb0698ffcb921d084c3ccc54497407b6a1785ec4ffcf3545d45d86fd2d3f3f65375b4103a75f801ed3945886d1a7b026c81e,JE401161,1138747.0,10/07/2021 08:45:00 AM,CHICAGO,IL,60655,F,63.0,SAFETY BELT USED,DEPLOYMENT UNKNOWN,NONE,NONINCAPACITATING INJURY,UNKNOWN,UNKNOWN,UNKNOWN,TEST NOT OFFERED,2021,JE401161,10/07/2021 08:45:00 AM,35,TRAFFIC SIGNAL,UNKNOWN,RAIN,DAYLIGHT,ANGLE,FOUR WAY,STRAIGHT AND LEVEL,WET,UNKNOWN,ON SCENE,INJURY AND / OR TOW DUE TO CRASH,Y,Y,"OVER $1,500",10/07/2021 08:49:00 AM,UNABLE TO DETERMINE,UNABLE TO DETERMINE,7400,S,HALSTED ST,733.0,2,NONINCAPACITATING INJURY,1.0,0.0,0.0,1.0,0.0,1.0,0.0,8,5,10,41.759674581999995,-87.644420239,POINT (-87.644420238889 41.759674581874),2021,525
O1091610,DRIVER,26c0e0108b120b5eb184913be7e48bd3d07c365a72412236249c8509bba29a7b9ec5b9ab52c94639d5d3eb0c59cefa64fe026539e41d093d33719e01b5135990,JE224012,1035361.0,05/08/2021 07:00:00 PM,ALBUQUERQUE,NM,87121,M,35.0,SAFETY BELT USED,DID NOT DEPLOY,NONE,NO INDICATION OF INJURY,IMPROPER PASSING,UNKNOWN,NORMAL,TEST NOT OFFERED,2021,JE224012,05/08/2021 07:00:00 PM,25,TRAFFIC SIGNAL,FUNCTIONING PROPERLY,CLEAR,DAYLIGHT,REAR END,FOUR WAY,STRAIGHT AND LEVEL,DRY,NO DEFECTS,ON SCENE,NO INJURY / DRIVE AWAY,Y,N,"OVER $1,500",05/08/2021 08:18:00 PM,NOT APPLICABLE,NOT APPLICABLE,122,W,CERMAK RD,914.0,2,NO INDICATION OF INJURY,0.0,0.0,0.0,0.0,0.0,2.0,0.0,19,7,5,41.852984031,-87.63032226799999,POINT (-87.63032226832 41.852984031251),2021,1140
O1093197,DRIVER,5f32356980959e7c47f6a6593a763b9778ddfd522190239638066046cb2b22dc919265b7329823b034329dd1b8cac592402f8a28df89ceec25675e20403a551c,JE226536,1036872.0,05/11/2021 07:15:00 AM,BELLWOOD,IL,60104,F,29.0,SAFETY BELT USED,DID NOT DEPLOY,NONE,NO INDICATION OF INJURY,NONE,NOT OBSCURED,NORMAL,TEST NOT OFFERED,2021,JE226536,05/11/2021 07:15:00 AM,30,TRAFFIC SIGNAL,FUNCTIONING PROPERLY,CLEAR,DAYLIGHT,ANGLE,DIVIDED - W/MEDIAN (NOT RAISED),STRAIGHT AND LEVEL,DRY,NO DEFECTS,NOT ON SCENE (DESK REPORT),NO INJURY / DRIVE AWAY,Y,Y,"OVER $1,500",05/11/2021 11:10:00 AM,FAILING TO YIELD RIGHT-OF-WAY,NOT APPLICABLE,2801,W,HARRISON ST,1135.0,2,NO INDICATION OF INJURY,0.0,0.0,0.0,0.0,0.0,3.0,0.0,7,3,5,41.873682885,-87.696222042,POINT (-87.696222042305 41.873682884646),2021,435
O1161776,DRIVER,49075f018db8bec8d4aef2dcea03ca0cd8c775b5b07c48e703ee0e5d4dbd537a31bb91d2250160b5c75caeb566b76cf5e67c7532e6c262e70703317904de607c,JE337195,1102061.0,08/14/2021 02:00:00 PM,CHICAGO,IL,60637,M,20.0,USAGE UNKNOWN,"DEPLOYED, FRONT",NONE,NO INDICATION OF INJURY,UNKNOWN,NOT OBSCURED,NORMAL,TEST NOT OFFERED,2021,JE337195,08/14/2021 02:00:00 PM,30,TRAFFIC SIGNAL,FUNCTIONING PROPERLY,CLEAR,DAYLIGHT,ANGLE,Y-INTERSECTION,STRAIGHT AND LEVEL,DRY,NO DEFECTS,ON SCENE,INJURY AND / OR TOW DUE TO CRASH,Y,Y,"OVER $1,500",08/14/2021 02:01:00 PM,UNABLE TO DETERMINE,NOT APPLICABLE,1900,E,MARQUETTE DR,331.0,2,NO INDICATION OF INJURY,0.0,0.0,0.0,0.0,0.0,4.0,0.0,14,7,8,41.776716401,-87.578753332,POINT (-87.578753331984 41.77671640133),2021,840
O1038603,DRIVER,09889a8b1dc4d92823f3e0b2b936a317899c569c05829160bd7b3057509eb72af1dae97c74be7e3592b4eb5fb79ffab4821df1ad879ac1f4b8a2b4d8c11b1795,JE136147,984479.0,02/04/2021 06:50:00 PM,CHICAGO,IL,60624,F,29.0,SAFETY BELT USED,DID NOT DEPLOY,NONE,NO INDICATION OF INJURY,UNKNOWN,NOT OBSCURED,UNKNOWN,TEST NOT OFFERED,2021,JE136147,02/04/2021 06:50:00 PM,30,NO CONTROLS,NO CONTROLS,CLEAR,"DARKNESS, LIGHTED ROAD",ANGLE,DIVIDED - W/MEDIAN (NOT RAISED),STRAIGHT AND LEVEL,SNOW OR SLUSH,NO DEFECTS,NOT ON SCENE (DESK REPORT),NO INJURY / DRIVE AWAY,Y,Y,"OVER $1,500",02/08/2021 04:00:00 PM,UNABLE TO DETERMINE,NOT APPLICABLE,4100,W,LAKE ST,1114.0,2,NO INDICATION OF INJURY,0.0,0.0,0.0,0.0,0.0,2.0,0.0,18,5,2,41.88571554,-87.728375607,POINT (-87.728375607159 41.885715539593),2021,1130
O1184535,DRIVER,c36b507f62c484631e6a35ad7d8313c66c314def95d3a4579de98178d00a4f6fe95696f3c6148499dfb3c55c3da5a68095244ba131b42022165977e259e85b67,JE374869,1123827.0,09/15/2021 04:00:00 PM,CHICAGO,IL,60609,M,60.0,USAGE UNKNOWN,DID NOT DEPLOY,NONE,NO INDICATION OF INJURY,NONE,NOT OBSCURED,NORMAL,TEST NOT OFFERED,2021,JE374869,09/15/2021 04:00:00 PM,30,STOP SIGN/FLASHER,FUNCTIONING PROPERLY,CLEAR,DAYLIGHT,TURNING,NOT DIVIDED,STRAIGHT AND LEVEL,DRY,NO DEFECTS,NOT ON SCENE (DESK REPORT),NO INJURY / DRIVE AWAY,Y,Y,"OVER $1,500",09/15/2021 06:10:00 PM,DISREGARDING STOP SIGN,DISREGARDING STOP SIGN,3500,S,RHODES AVE,212.0,2,NO INDICATION OF INJURY,0.0,0.0,0.0,0.0,0.0,2.0,0.0,16,4,9,41.831127029,-87.61463065,POINT (-87.61463065044 41.831127029369),2021,960
O1172516,DRIVER,e9776be1e0142d987693241a540379d08cbfe577eb002cfa40101320e6376ab7cdcde22738e8fbe230440c72df17df814820b258e8b2b54662f3cdc401f6f3bf,JE354782,1112281.0,08/30/2021 12:05:00 AM,CHICAGO,IL,60636,F,24.0,NONE PRESENT,"DEPLOYED, FRONT",NONE,"REPORTED, NOT EVIDENT",NONE,NOT OBSCURED,NORMAL,TEST NOT OFFERED,2021,JE354782,08/30/2021 12:05:00 AM,20,TRAFFIC SIGNAL,FUNCTIONING PROPERLY,CLEAR,DARKNESS,ANGLE,FOUR WAY,STRAIGHT AND LEVEL,DRY,NO DEFECTS,ON SCENE,INJURY AND / OR TOW DUE TO CRASH,Y,Y,"OVER $1,500",08/30/2021 12:10:00 AM,DISREGARDING TRAFFIC SIGNALS,UNABLE TO DETERMINE,3198,W,55TH ST,923.0,3,"REPORTED, NOT EVIDENT",2.0,0.0,0.0,0.0,2.0,2.0,0.0,0,2,8,41.793624505,-87.70349595,POINT (-87.703495950362 41.793624504507),2021,5
O1034759,DRIVER,ed1c761b209ff72cf587fe34f7e2e377af5644633af687cf08a801fd4f4db74eff6a2c8be0ea9970c45bfd85b58a6f1606d318f7c7a58d8b075829b895071a20,JE130851,980793.0,02/03/2021 12:35:00 AM,CHICAGO,IL,60649,F,22.0,USAGE UNKNOWN,"DEPLOYED, COMBINATION",NONE,NO INDICATION OF INJURY,UNKNOWN,UNKNOWN,NORMAL,TEST NOT OFFERED,2021,JE130851,02/03/2021 12:35:00 AM,35,TRAFFIC SIGNAL,FUNCTIONING PROPERLY,CLEAR,"DARKNESS, LIGHTED ROAD",TURNING,FOUR WAY,STRAIGHT AND LEVEL,OTHER,NO DEFECTS,ON SCENE,INJURY AND / OR TOW DUE TO CRASH,Y,N,"OVER $1,500",02/03/2021 12:35:00 AM,NOT APPLICABLE,NOT APPLICABLE,198,W,GARFIELD BLVD,225.0,2,NONINCAPACITATING INJURY,1.0,0.0,0.0,1.0,0.0,2.0,0.0,0,4,2,41.794677003000004,-87.630487851,POINT (-87.630487850767 41.79467700255),2021,35
O1075893,DRIVER,92b0f66da1f1b6ba42a3bdefeaefdfb3d225aee9df1aa4655390675d2cb5a7b3af39f15e13f3fbf8d81cc899ed69637de57408e790cc4cac6f54ce2cb72b5048,JE198387,1020355.0,04/13/2021 03:19:00 PM,CHICAGO,IL,60643,M,16.0,SAFETY BELT USED,"DEPLOYED, FRONT",NONE,NO INDICATION OF INJURY,NONE,NOT OBSCURED,NORMAL,TEST NOT OFFERED,2021,JE198387,04/13/2021 03:19:00 PM,30,STOP SIGN/FLASHER,FUNCTIONING PROPERLY,CLEAR,DAYLIGHT,ANGLE,FOUR WAY,STRAIGHT AND LEVEL,DRY,NO DEFECTS,ON SCENE,INJURY AND / OR TOW DUE TO CRASH,Y,Y,"OVER $1,500",04/13/2021 03:36:00 PM,DISREGARDING STOP SIGN,UNABLE TO DETERMINE,10200,S,LOWE AVE,2232.0,2,NO INDICATION OF INJURY,0.0,0.0,0.0,0.0,0.0,2.0,0.0,15,3,4,41.708698813000005,-87.63938388,POINT (-87.639383880455 41.708698812567),2021,919
O1227172,DRIVER,8fc45b613fd85807b6f9a719c32f70df153a92c231db0ec158780de2c73f1b886158401e119f0728c7debb1833e149f37ab8c3f7db9a168c815bef6eeb118c31,JE445392,1164559.0,11/14/2021 09:00:00 PM,CHICAGO,IL,60649,M,46.0,USAGE UNKNOWN,NOT APPLICABLE,NONE,NO INDICATION OF INJURY,OTHER,NOT OBSCURED,NORMAL,TEST NOT OFFERED,2021,JE445392,11/14/2021 09:00:00 PM,30,STOP SIGN/FLASHER,FUNCTIONING PROPERLY,CLEAR,"DARKNESS, LIGHTED ROAD",ANGLE,FOUR WAY,STRAIGHT AND LEVEL,DRY,NO DEFECTS,ON SCENE,NO INJURY / DRIVE AWAY,Y,Y,"OVER $1,500",11/14/2021 09:18:00 PM,UNABLE TO DETERMINE,UNABLE TO DETERMINE,1001,W,82ND ST,613.0,2,NO INDICATION OF INJURY,0.0,0.0,0.0,0.0,0.0,2.0,0.0,21,1,11,41.744996991,-87.64879671899999,POINT (-87.648796719439 41.744996991031),2021,1260
O1094983,DRIVER,767d15d6940ba688385f2f06d7b8177c2659927ebf35e0774a5edff03149c09305cdfedb7c90302a93cf741dced00d4595d6d904ff16821c10f7fb966919dc85,JE229354,1038591.0,05/13/2021 10:40:00 PM,CHICAGO,IL,60629,M,29.0,SAFETY BELT USED,"DEPLOYED, COMBINATION",NONE,NO INDICATION OF INJURY,OTHER,NOT OBSCURED,NORMAL,TEST NOT OFFERED,2021,JE229354,05/13/2021 10:40:00 PM,30,TRAFFIC SIGNAL,FUNCTIONING PROPERLY,CLEAR,"DARKNESS, LIGHTED ROAD",REAR END,DIVIDED - W/MEDIAN BARRIER,STRAIGHT AND LEVEL,DRY,NO DEFECTS,ON SCENE,INJURY AND / OR TOW DUE TO CRASH,Y,Y,"OVER $1,500",05/13/2021 10:40:00 PM,UNABLE TO DETERMINE,UNABLE TO DETERMINE,600,N,LA SALLE DR,1832.0,2,NO INDICATION OF INJURY,0.0,0.0,0.0,0.0,0.0,2.0,0.0,22,5,5,41.892445282,-87.632755374,POINT (-87.632755374411 41.892445282365),2021,1360
O1212129,DRIVER,c653e7f0fa89ce7b8c040372769beaa6914ad093fd4ea7c1fd8b3e62a377d5af242d43cf3aad50b3f89af9a69dc9a154b4206264332f0c490b8ff1b21815f522,JE420994,1150172.0,10/24/2021 03:48:00 PM,CHICAGO,IL,60637,M,21.0,USAGE UNKNOWN,DID NOT DEPLOY,NONE,NO INDICATION OF INJURY,NONE,NOT OBSCURED,NORMAL,TEST NOT OFFERED,2021,JE420994,10/24/2021 03:48:00 PM,30,TRAFFIC SIGNAL,FUNCTIONING PROPERLY,RAIN,DUSK,TURNING,CENTER TURN LANE,STRAIGHT AND LEVEL,WET,NO DEFECTS,ON SCENE,NO INJURY / DRIVE AWAY,Y,Y,"$501 - $1,500",10/24/2021 04:25:00 PM,FAILING TO YIELD RIGHT-OF-WAY,WEATHER,37,W,MARQUETTE RD,722.0,2,NO INDICATION OF INJURY,0.0,0.0,0.0,0.0,0.0,3.0,0.0,15,1,10,41.772576302,-87.626740364,POINT (-87.626740364026 41.772576301797),2021,948