PERSON_ID,PERSON_TYPE,CRASH_RECORD_ID,RD_NO_x,VEHICLE_ID,CRASH_DATE_x,CITY,STATE,ZIPCODE,SEX,AGE,SAFETY_EQUIPMENT,AIRBAG_DEPLOYED,EJECTION,INJURY_CLASSIFICATION,DRIVER_ACTION,DRIVER_VISION,PHYSICAL_CONDITION,BAC_RESULT,CRASH_YEAR_x,RD_NO_y,CRASH_DATE_y,POSTED_SPEED_LIMIT,TRAFFIC_CONTROL_DEVICE,DEVICE_CONDITION,WEATHER_CONDITION,LIGHTING_CONDITION,FIRST_CRASH_TYPE,TRAFFICWAY_TYPE,ALIGNMENT,ROADWAY_SURFACE_COND,ROAD_DEFECT,REPORT_TYPE,CRASH_TYPE,INTERSECTION_RELATED_I,HIT_AND_RUN_I,DAMAGE,DATE_POLICE_NOTIFIED,PRIM_CONTRIBUTORY_CAUSE,SEC_CONTRIBUTORY_CAUSE,STREET_NO,STREET_DIRECTION,STREET_NAME,BEAT_OF_OCCURRENCE,NUM_UNITS,MOST_SEVERE_INJURY,INJURIES_TOTAL,INJURIES_FATAL,INJURIES_INCAPACITATING,INJURIES_NON_INCAPACITATING,INJURIES_REPORTED_NOT_EVIDENT,INJURIES_NO_INDICATION,INJURIES_UNKNOWN,CRASH_HOUR,CRASH_DAY_OF_WEEK,CRASH_MONTH,LATITUDE,LONGITUDE,LOCATION,CRASH_YEAR_y,TIME
O1205298,DRIVER,3da7ff69a031a08a55f79f07cefd50199f58caab67a3689246a17d5aa7c9405d007ed6ef81a93570d7aa0132e914ab78af2bb156b12db77062faf4b2427ef551,JE409837,1143630.0,10/14/2021 05:30:00 PM,CHICAGO,IL,60624,M,28.0,SAFETY BELT USED,DID NOT DEPLOY,NONE,NO INDICATION OF INJURY,NONE,NOT OBSCURED,NORMAL,TEST NOT OFFERED,2021,JE409837,10/14/2021 05:30:00 PM,30,TRAFFIC SIGNAL,FUNCTIONING PROPERLY,CLEAR,DAYLIGHT,TURNING,FOUR WAY,STRAIGHT AND LEVEL,DRY,NO DEFECTS,NOT ON SCENE (DESK REPORT),NO INJURY / DRIVE AWAY,Y,Y,"OVER $1,500",10/14/2021 06:00:00 PM,UNABLE TO DETERMINE,UNABLE TO DETERMINE,732,S,CICERO AVE,1533.0,2,NO INDICATION OF INJURY,0.0,0.0,0.0,0.0,0.0,2.0,0.0,17,5,10,41.871196327,-87.74507246600001,POINT (-87.745072465564 41.871196327219),2021,1050
O1130577,DRIVER,15506a1258f6fad7f92f48a4da5cea66cd855d593ef96cdeff6dafe91d3654b042071c3e2d0a2f82cbd02e742e08534df7b48ce71c3ce3f009857917077d98e5,JE286342,1072447.0,07/01/2021 05:30:00 PM,GARY,IN,46404,F,22.0,SAFETY BELT USED,NOT APPLICABLE,NONE,NO INDICATION OF INJURY,NONE,NOT OBSCURED,NORMAL,TEST NOT OFFERED,2021,JE286342,07/01/2021 05:30:00 PM,30,TRAFFIC SIGNAL,FUNCTIONING PROPERLY,CLEAR,DAYLIGHT,TURNING,T-INTERSECTION,STRAIGHT AND LEVEL,DRY,NO DEFECTS,ON SCENE,NO INJURY / DRIVE AWAY,Y,Y,"OVER $1,500",07/01/2021 05:37:00 PM,IMPROPER TURNING/NO SIGNAL,UNABLE TO DETERMINE,2198,S,CLARK ST,131.0,2,NO INDICATION OF INJURY,0.0,0.0,0.0,0.0,0.0,3.0,0.0,17,5,7,41.852933968,-87.630214239,POINT (-87.630214239166 41.852933967598),2021,1050
O1191732,DRIVER,d6e3ac9fdcf733fe6c2ab1f0e09f2d7c48b7ca5b410160dfce5366923c98e32e84732e1b8c1f8a3cc8e47cc9a309179803f581b9a4e9e3d0d15e1acf96faf38a,JE386893,1130684.0,09/25/2021 12:40:00 PM,PORT CHESTER,NY,10573,M,50.0,SAFETY BELT USED,DID NOT DEPLOY,NONE,NO INDICATION OF INJURY,UNKNOWN,NOT OBSCURED,NORMAL,TEST NOT OFFERED,2021,JE386893,09/25/2021 12:40:00 PM,30,TRAFFIC SIGNAL,FUNCTIONING PROPERLY,CLEAR,DAYLIGHT,REAR END,DIVIDED - W/MEDIAN (NOT RAISED),STRAIGHT AND LEVEL,DRY,NO DEFECTS,NOT ON SCENE (DESK REPORT),NO INJURY / DRIVE AWAY,Y,Y,"$501 - $1,500",09/25/2021 01:50:00 PM,UNABLE TO DETERMINE,NOT APPLICABLE,2700,N,CICERO AVE,2521.0,2,NO INDICATION OF INJURY,0.0,0.0,0.0,0.0,0.0,3.0,0.0,12,7,9,41.929761102,-87.746667931,POINT (-87.746667930815 41.929761102155),2021,760
O1138127,DRIVER,0165054a63e12f6783f488507f29469940109782021e3fa7eb01387a87fbdec162b636316a6bef2e41028ba86e15268124ac242e3544c58ff5b4223b7b207603,JE298391,1079558.0,07/12/2021 12:08:00 AM,CHICAGO,IL,60609,M,23.0,SAFETY BELT USED,"DEPLOYED, FRONT",NONE,"REPORTED, NOT EVIDENT",OTHER,NOT OBSCURED,NORMAL,TEST NOT OFFERED,2021,JE298391,07/12/2021 12:08:00 AM,30,TRAFFIC SIGNAL,FUNCTIONING PROPERLY,CLEAR,DUSK,SIDESWIPE OPPOSITE DIRECTION,FOUR WAY,STRAIGHT AND LEVEL,DRY,NO DEFECTS,ON SCENE,INJURY AND / OR TOW DUE TO CRASH,Y,Y,"OVER $1,500",07/12/2021 12:10:00 AM,DISREGARDING TRAFFIC SIGNALS,UNABLE TO DETERMINE,3058,S,CALIFORNIA AVE,1033.0,3,INCAPACITATING INJURY,4.0,0.0,1.0,0.0,3.0,1.0,0.0,0,2,7,41.837468785,-87.695178072,POINT (-87.69517807175 41.837468784711),2021,8
O1067667,DRIVER,9e38e0437ad4c535ad79a669cfa384c3b957f6927d57a1d3777576d55c72315372312801ba3ceae2e140695ed9aef8efb1c1312002a2cb11ea8dc2e169e22968,JE184655,1012572.0,03/30/2021 08:00:00 AM,SKOKIE,IL,60076,F,28.0,SAFETY BELT USED,DID NOT DEPLOY,NONE,NO INDICATION OF INJURY,OTHER,NOT OBSCURED,NORMAL,TEST NOT OFFERED,2021,JE184655,03/30/2021 08:00:00 AM,30,TRAFFIC SIGNAL,FUNCTIONING PROPERLY,CLEAR,DAYLIGHT,REAR END,OTHER,STRAIGHT AND LEVEL,DRY,NO DEFECTS,NOT ON SCENE (DESK REPORT),NO INJURY / DRIVE AWAY,Y,Y,"OVER $1,500",03/30/2021 07:15:00 PM,FOLLOWING TOO CLOSELY,NOT APPLICABLE,6431,N,NORTHWEST HWY,1611.0,2,NO INDICATION OF INJURY,0.0,0.0,0.0,0.0,0.0,2.0,0.0,8,3,3,41.997661672,-87.80770355700001,POINT (-87.807703557117 41.99766167206),2021,480
O1107512,DRIVER,47c6fe21845cf6b9ad0d6a99c2a7abd460d5e6e34e02c97006777b4e421043959fe48bdb4ea288925fd6f62b9283fd95467748b3c45ae0c6d858adef6d86631f,JE249888,1050596.0,06/01/2021 11:45:00 AM,CHICAGO,IL,60620,F,25.0,SAFETY BELT USED,DID NOT DEPLOY,NONE,NO INDICATION OF INJURY,NONE,NOT OBSCURED,NORMAL,TEST NOT OFFERED,2021,JE249888,06/01/2021 11:45:00 AM,30,STOP SIGN/FLASHER,FUNCTIONING PROPERLY,CLEAR,DAYLIGHT,SIDESWIPE SAME DIRECTION,T-INTERSECTION,STRAIGHT AND LEVEL,DRY,NO DEFECTS,ON SCENE,INJURY AND / OR TOW DUE TO CRASH,Y,Y,"$501 - $1,500",06/01/2021 12:00:00 PM,"OPERATING VEHICLE IN ERRATIC, RECKLESS, CARELESS, NEGLIGENT OR AGGRESSIVE MANNER",UNABLE TO DETERMINE,1628,N,SEDGWICK ST,1813.0,2,NO INDICATION OF INJURY,0.0,0.0,0.0,0.0,0.0,4.0,0.0,11,3,6,41.911973527,-87.638766359,POINT (-87.638766358743 41.911973526661),2021,705
O1059477,DRIVER,eb5bc03107b9397276f31b254a6e372dfe7d1d3de8df2329842074d20f47dc24681dd472b808aaa2ea91444c36506ff74c288a1b55a6cb072acd3479f81b6506,JE170465,1004708.0,03/16/2021 11:00:00 AM,CHICAGO,IL,60620,F,32.0,USAGE UNKNOWN,DEPLOYMENT UNKNOWN,NONE,NO INDICATION OF INJURY,OTHER,MOVING VEHICLES,NORMAL,TEST NOT OFFERED,2021,JE170465,03/16/2021 11:00:00 AM,25,NO CONTROLS,NO CONTROLS,CLEAR,DAYLIGHT,ANGLE,NOT DIVIDED,STRAIGHT AND LEVEL,DRY,NO DEFECTS,ON SCENE,INJURY AND / OR TOW DUE TO CRASH,Y,Y,"OVER $1,500",03/16/2021 12:09:00 PM,DRIVING SKILLS/KNOWLEDGE/EXPERIENCE,FAILING TO REDUCE SPEED TO AVOID CRASH,732,N,CICERO AVE,1531.0,2,NO INDICATION OF INJURY,0.0,0.0,0.0,0.0,0.0,2.0,0.0,11,3,3,41.894098748000005,-87.74592422299999,POINT (-87.74592422287 41.894098748083),2021,660
O1127456,DRIVER,8a36051432623ee5a842d87424b2cb6bf99c414ec414514e02716b59e03177e7f5652000d4ca2554d6e9c7b83ea0a5d576ad057a66da484df758646d48e70516,JE281072,1069468.0,06/15/2021 10:45:00 AM,CHICAGO,IL,60640,M,43.0,SAFETY BELT USED,NOT APPLICABLE,NONE,NO INDICATION OF INJURY,NONE,NOT OBSCURED,NORMAL,TEST NOT OFFERED,2021,JE281072,06/15/2021 10:45:00 AM,30,TRAFFIC SIGNAL,FUNCTIONING PROPERLY,CLEAR,DAYLIGHT,REAR END,NOT DIVIDED,STRAIGHT AND LEVEL,DRY,NO DEFECTS,NOT ON SCENE (DESK REPORT),NO INJURY / DRIVE AWAY,Y,Y,"OVER $1,500",06/27/2021 10:15:00 AM,FOLLOWING TOO CLOSELY,NOT APPLICABLE,2472,W,FOSTER AVE,2011.0,2,NO INDICATION OF INJURY,0.0,0.0,0.0,0.0,0.0,2.0,0.0,10,3,6,41.975978082,-87.69205929299999,POINT (-87.69205929311 41.975978082116),2021,645
O1230991,DRIVER,6dea39222a073ea14f6a4cf751482e8c9c996af6754485f10582db8571582ae0028a64c663a62e15cf325e2d9e615cde268910e40a48652d04539382968b3cc4,JE451590,1168206.0,11/20/2021 02:05:00 AM,CHICAGO,IL,60631,M,23.0,SAFETY BELT USED,NOT APPLICABLE,NONE,NO INDICATION OF INJURY,NONE,NOT OBSCURED,NORMAL,TEST NOT OFFERED,2021,JE451590,11/20/2021 02:05:00 AM,30,TRAFFIC SIGNAL,FUNCTIONING PROPERLY,CLEAR,"DARKNESS, LIGHTED ROAD",TURNING,FOUR WAY,STRAIGHT AND LEVEL,DRY,NO DEFECTS,NOT ON SCENE (DESK REPORT),NO INJURY / DRIVE AWAY,Y,Y,"$501 - $1,500",11/20/2021 03:30:00 PM,FAILING TO YIELD RIGHT-OF-WAY,NOT APPLICABLE,3958,W,IRVING PARK RD,1723.0,2,NO INDICATION OF INJURY,0.0,0.0,0.0,0.0,0.0,3.0,0.0,2,7,11,41.953759575999996,-87.72748033399999,POINT (-87.727480334329 41.953759575772),2021,125
O1082799,DRIVER,93c6b29971a89c86dba5ccc30d8273d07e1fe5269af2274b1ccdf4c6066f812646b09813547a5687192190b98fe2d1b818c4e559a94eddd4f9099b67b0dac064,JE209922,1026958.0,04/25/2021 06:14:00 PM,LAKE STATION,IN,46405,M,49.0,SAFETY BELT USED,DID NOT DEPLOY,NONE,NO INDICATION OF INJURY,NONE,NOT OBSCURED,NORMAL,TEST NOT OFFERED,2021,JE209922,04/25/2021 06:14:00 PM,30,NO CONTROLS,NO CONTROLS,CLEAR,DUSK,SIDESWIPE SAME DIRECTION,NOT DIVIDED,STRAIGHT AND LEVEL,DRY,NO DEFECTS,ON SCENE,NO INJURY / DRIVE AWAY,Y,Y,"$501 - $1,500",04/25/2021 06:15:00 PM,UNABLE TO DETERMINE,UNABLE TO DETERMINE,6900,S,JEFFERY BLVD,332.0,2,NO INDICATION OF INJURY,0.0,0.0,0.0,0.0,0.0,4.0,0.0,18,1,4,41.769707857,-87.57654226,POINT (-87.576542259917 41.769707856796),2021,1094
O1125299,DRIVER,4786243f3cc9619e3a678f0f065f66276aec65bf8022eead949cb92da44562dfab3c02e8cc47bc261ec784a5ae17075be5435ef0f913cbb53b8934599fcddc41,JE277906,1067402.0,06/24/2021 11:35:00 AM,CHICAGO RIDGE,IL,60415,M,35.0,SAFETY BELT USED,DID NOT DEPLOY,NONE,NO INDICATION OF INJURY,NONE,NOT OBSCURED,NORMAL,TEST REFUSED,2021,JE277906,06/24/2021 11:35:00 AM,30,TRAFFIC SIGNAL,FUNCTIONING PROPERLY,CLEAR,DAYLIGHT,TURNING,T-INTERSECTION,STRAIGHT AND LEVEL,DRY,NO DEFECTS,ON SCENE,NO INJURY / DRIVE AWAY,Y,Y,"OVER $1,500",06/24/2021 11:45:00 AM,IMPROPER OVERTAKING/PASSING,DRIVING SKILLS/KNOWLEDGE/EXPERIENCE,4699,S,LA SALLE ST,215.0,2,NO INDICATION OF INJURY,0.0,0.0,0.0,0.0,0.0,3.0,0.0,11,5,6,41.809158319,-87.63071716299999,POINT (-87.630717163121 41.809158319278),2021,695
O1190576,DRIVER,e32b95dc849a7526516acd141c2d9828cdc9293fa8c51f2b6a5aaa2c8237c060490118088df1459e637c8bc654636e2f433e146c912ea116bc01276dfeb28152,JE385018,1129611.0,09/23/2021 09:00:00 PM,CHICAGO,IL,60639,M,30.0,SAFETY BELT USED,NOT APPLICABLE,NONE,NO INDICATION OF INJURY,NONE,NOT OBSCURED,NORMAL,TEST NOT OFFERED,2021,JE385018,09/23/2021 09:00:00 PM,30,TRAFFIC SIGNAL,FUNCTIONING PROPERLY,CLEAR,"DARKNESS, LIGHTED ROAD",REAR END,FOUR WAY,STRAIGHT AND LEVEL,DRY,UNKNOWN,NOT ON SCENE (DESK REPORT),NO INJURY / DRIVE AWAY,Y,Y,"OVER $1,500",09/23/2021 09:30:00 PM,FOLLOWING TOO CLOSELY,FOLLOWING TOO CLOSELY,4817,W,FULLERTON AVE,2522.0,2,NO INDICATION OF INJURY,0.0,0.0,0.0,0.0,0.0,2.0,0.0,21,5,9,41.924119024,-87.747032136,POINT (-87.747032136012 41.924119024175),2021,1260
O1073262,DRIVER,8ec54c2733cc9d9284e1c03991dfaa9aea1e886d384a67642e10296df28591bc5a3ee061eed15fb1a6f52695cfa17e8cd7a6c5df6cb6cc15163de392bdf72a18,JE193979,1017856.0,04/09/2021 02:19:00 AM,CHICAGO,IL,60620,F,23.0,USAGE UNKNOWN,"DEPLOYED, FRONT",NONE,NO INDICATION OF INJURY,NONE,NOT OBSCURED,NORMAL,TEST NOT OFFERED,2021,JE193979,04/09/2021 02:19:00 AM,30,TRAFFIC SIGNAL,FUNCTIONING PROPERLY,CLEAR,"DARKNESS, LIGHTED ROAD",REAR END,NOT DIVIDED,STRAIGHT AND LEVEL,DRY,NO DEFECTS,ON SCENE,INJURY AND / OR TOW DUE TO CRASH,Y,Y,"OVER $1,500",04/09/2021 02:25:00 AM,UNABLE TO DETERMINE,NOT APPLICABLE,8700,S,ASHLAND AVE,2221.0,2,NO INDICATION OF INJURY,0.0,0.0,0.0,0.0,0.0,2.0,0.0,2,6,4,41.735696989000004,-87.663209544,POINT (-87.663209544457 41.735696988636),2021,139
O1049930,DRIVER,b8487f8e333c893f24a97be305e9e0c4c7e9af3e81cabe61157462122fddaa4596f286af85dfb9f0d1c9545d4bc75882846bffecd9136e7e0949a293061c03df,JE152845,995509.0,02/26/2021 11:25:00 AM,CHICAGO,IL,60628,M,54.0,SAFETY BELT USED,DID NOT DEPLOY,NONE,NO INDICATION OF INJURY,UNKNOWN,UNKNOWN,NORMAL,TEST NOT OFFERED,2021,JE152845,02/26/2021 11:25:00 AM,30,TRAFFIC SIGNAL,FUNCTIONING IMPROPERLY,CLEAR,DAYLIGHT,REAR END,FOUR WAY,STRAIGHT AND LEVEL,OTHER,UNKNOWN,ON SCENE,NO INJURY / DRIVE AWAY,Y,Y,"OVER $1,500",02/26/2021 11:28:00 AM,UNABLE TO DETERMINE,UNABLE TO DETERMINE,1000,E,130TH ST,532.0,2,NO INDICATION OF INJURY,0.0,0.0,0.0,0.0,0.0,2.0,0.0,11,6,2,41.659583176999995,-87.597607376,POINT (-87.597607376284 41.659583177355),2021,685
O1158026,DRIVER,8e791b750351bf69a13f3b401d6f73791044c526c81e4e0010ccdf5b2e39bfbe4f238591cdbd566ba0ef464b413817410dd6c3a91219981ecd299e9665b39b41,JE331296,1098505.0,08/09/2021 08:56:00 AM,CHICAGO,IL,60620,F,52.0,SAFETY BELT USED,DID NOT DEPLOY,NONE,NONINCAPACITATING INJURY,NONE,NOT OBSCURED,NORMAL,TEST NOT OFFERED,2021,JE331296,08/09/2021 08:56:00 AM,30,STOP SIGN/FLASHER,FUNCTIONING PROPERLY,CLOUDY/OVERCAST,DAYLIGHT,ANGLE,ONE-WAY,STRAIGHT AND LEVEL,DRY,NO DEFECTS,ON SCENE,INJURY AND / OR TOW DUE TO CRASH,Y,Y,"OVER $1,500",08/09/2021 09:03:00 AM,DISREGARDING STOP SIGN,UNABLE TO DETERMINE,8800,S,LOWE AVE,2223.0,2,NONINCAPACITATING INJURY,1.0,0.0,0.0,1.0,0.0,1.0,0.0,8,2,8,41.734243724,-87.64006489200001,POINT (-87.640064891892 41.734243723949),2021,536
O1039916,DRIVER,45eb2b0900e84aa2b346b07292370650ce0d3b79981264d7663cfc7f296347a73e38be741fa4eab50ccb48b8c617eb5dd22b58382dcac36f954a7397e7a13153,JE138034,985760.0,02/10/2021 03:30:00 PM,EAST CHICAGO,IN,46312,F,33.0,SAFETY BELT USED,DID NOT DEPLOY,NONE,NO INDICATION OF INJURY,NONE,NOT OBSCURED,NORMAL,TEST NOT OFFERED,2021,JE138034,02/10/2021 03:30:00 PM,30,STOP SIGN/FLASHER,FUNCTIONING PROPERLY,CLEAR,DAYLIGHT,ANGLE,OTHER,STRAIGHT AND LEVEL,SNOW OR SLUSH,NO DEFECTS,NOT ON SCENE (DESK REPORT),NO INJURY / DRIVE AWAY,Y,Y,"$501 - $1,500",02/10/2021 04:15:00 PM,DISREGARDING STOP SIGN,NOT APPLICABLE,9300,S,DR MARTIN LUTHER KING JR DR,633.0,2,NO INDICATION OF INJURY,0.0,0.0,0.0,0.0,0.0,2.0,0.0,15,4,2,41.725449939,-87.614381221,POINT (-87.614381220771 41.725449939459),2021,930
O1101027,DRIVER,1ac0f8c560fbe3734cc27f5829332d895ed0b2b53d2d86f548a42c636f5868232fb1ab3f99dd228e80ee834b4e20366fba3e10d7d5b8f6f1e5c4ff34055df5b2,JE239404,1044381.0,05/22/2021 10:44:00 PM,AURORA,IL,60505,F,45.0,SAFETY BELT USED,NOT APPLICABLE,NONE,NO INDICATION OF INJURY,NONE,NOT OBSCURED,NORMAL,TEST NOT OFFERED,2021,JE239404,05/22/2021 10:44:00 PM,35,TRAFFIC SIGNAL,FUNCTIONING PROPERLY,CLEAR,"DARKNESS, LIGHTED ROAD",SIDESWIPE SAME DIRECTION,NOT DIVIDED,STRAIGHT AND LEVEL,DRY,NO DEFECTS,NOT ON SCENE (DESK REPORT),NO INJURY / DRIVE AWAY,N,Y,$500 OR LESS,05/23/2021 12:23:00 AM,IMPROPER LANE USAGE,UNABLE TO DETERMINE,329,W,GRAND AVE,1831.0,2,NO INDICATION OF INJURY,0.0,0.0,0.0,0.0,0.0,2.0,0.0,22,7,5,41.891439782,-87.636792677,POINT (-87.636792677222 41.891439782398),2021,1364
O1067563,DRIVER,06549182623ad7b5d2cc6c60001d2654b923b7028116f36ef4e7cf96cae806a1d71d400b0c4a498a839208cfbb3c1ee4bfbec7f0ef272e4f4e1dc825a3cb66bf,JE184461,1012461.0,03/30/2021 04:07:00 PM,CHICAGO,IL,60632,M,62.0,SAFETY BELT USED,DID NOT DEPLOY,NONE,"REPORTED, NOT EVIDENT",OTHER,NOT OBSCURED,NORMAL,TEST NOT OFFERED,2021,JE184461,03/30/2021 04:07:00 PM,30,TRAFFIC SIGNAL,FUNCTIONING PROPERLY,CLEAR,DAYLIGHT,TURNING,FOUR WAY,STRAIGHT AND LEVEL,DRY,NO DEFECTS,ON SCENE,INJURY AND / OR TOW DUE TO CRASH,Y,Y,"OVER $1,500",03/30/2021 04:09:00 PM,FAILING TO YIELD RIGHT-OF-WAY,IMPROPER TURNING/NO SIGNAL,4339,S,KEDZIE AVE,922.0,2,"REPORTED, NOT EVIDENT",1.0,0.0,0.0,0.0,1.0,1.0,0.0,16,3,3,41.814181352,-87.704066756,POINT (-87.704066755562 41.814181351549),2021,967
O1198886,DRIVER,97bf3419b5821366d6cf653ea735b5b9d306ab53976a344e24a49743069e9454792ede5b7733e0754129e1419c89535ab7e0fce0520e423d223bb3b40e4eff4b,JE398903,1137537.0,10/05/2021 12:00:00 PM,PALATINE,IL,60074,M,74.0,SAFETY BELT USED,DID NOT DEPLOY,NONE,NO INDICATION OF INJURY,NONE,NOT OBSCURED,NORMAL,TEST NOT OFFERED,2021,JE398903,10/05/2021 12:00:00 PM,30,NO CONTROLS,NO CONTROLS,CLEAR,DAYLIGHT,ANGLE,T-INTERSECTION,STRAIGHT AND LEVEL,DRY,NO DEFECTS,NOT ON SCENE (DESK REPORT),NO INJURY / DRIVE AWAY,Y,Y,"OVER $1,500",10/05/2021 01:30:00 PM,FAILING TO YIELD RIGHT-OF-WAY,UNABLE TO DETERMINE,4232,W,ADDISON ST,1731.0,2,NO INDICATION OF INJURY,0.0,0.0,0.0,0.0,0.0,2.0,0.0,12,3,10,41.946403679,-87.73367426899999,POINT (-87.73367426851 41.946403679254),2021,720
O1100539,DRIVER,04e9ea8f1357d5fa8c1a8c3db4b6c1b1998bd5cfc7e6c2142d57d6c3284127bd6a7b27c114870fda3acc4c4fd8f0768a411bdac1371fccde498a518dbcc98dfe,JE238704,1043901.0,05/22/2021 01:10:00 PM,CHICAGO,IL,60634,M,40.0,SAFETY BELT USED,DID NOT DEPLOY,NONE,NO INDICATION OF INJURY,NONE,NOT OBSCURED,NORMAL,TEST NOT OFFERED,2021,JE238704,05/22/2021 01:10:00 PM,30,TRAFFIC SIGNAL,FUNCTIONING PROPERLY,CLEAR,DAYLIGHT,REAR END,UNKNOWN INTERSECTION TYPE,STRAIGHT AND LEVEL,DRY,NO DEFECTS,ON SCENE,NO INJURY / DRIVE AWAY,Y,Y,"OVER $1,500",05/22/2021 01:15:00 PM,FOLLOWING TOO CLOSELY,NOT APPLICABLE,7152,W,ADDISON ST,1632.0,2,NO INDICATION OF INJURY,0.0,0.0,0.0,0.0,0.0,6.0,0.0,13,7,5,41.94540174,-87.805479674,POINT (-87.80547967417 41.945401739897),2021,790
O1148237,DRIVER,247480ffa84e580584e22f2a72db41f1b3199f124049b76592e16746f9039196cf4512f4783e8d485c59965fa04133a69e81da040b83cfbbd92bf9d218cba38b,JE315139,1089189.0,07/23/2021 05:05:00 PM,CHICAGO,IL,60608,F,34.0,SAFETY BELT USED,DID NOT DEPLOY,NONE,NO INDICATION OF INJURY,NONE,NOT OBSCURED,NORMAL,TEST NOT OFFERED,2021,JE315139,07/23/2021 05:05:00 PM,30,TRAFFIC SIGNAL,FUNCTIONING PROPERLY,CLEAR,DAYLIGHT,REAR END,DIVIDED - W/MEDIAN (NOT RAISED),STRAIGHT AND LEVEL,DRY,NO DEFECTS,NOT ON SCENE (DESK REPORT),NO INJURY / DRIVE AWAY,Y,Y,"OVER $1,500",07/26/2021 05:45:00 PM,IMPROPER OVERTAKING/PASSING,UNABLE TO DETERMINE,1234,N,ASHLAND AVE,1433.0,2,NO INDICATION OF INJURY,0.0,0.0,0.0,0.0,0.0,2.0,0.0,17,6,7,41.904196773,-87.66766500600001,POINT (-87.667665005612 41.904196772818),2021,1025
O1062372,DRIVER,f1deea3fee4aaab5ae9ec8906b624010900afda7734f5ce6770b010dd5ab6454e31d7d651d2507f4131c6b168b2e7388fccf856684e4e2e3b0951912ff11c817,JE175317,1007469.0,03/21/2021 02:26:00 PM,CHICAGO,IL,60827,F,27.0,USAGE UNKNOWN,DEPLOYMENT UNKNOWN,NONE,NO INDICATION OF INJURY,DISREGARDED CONTROL DEVICES,UNKNOWN,UNKNOWN,TEST NOT OFFERED,2021,JE175317,03/21/2021 02:26:00 PM,30,STOP SIGN/FLASHER,FUNCTIONING PROPERLY,CLEAR,DAYLIGHT,ANGLE,FOUR WAY,STRAIGHT AND LEVEL,DRY,NO DEFECTS,ON SCENE,INJURY AND / OR TOW DUE TO CRASH,Y,N,"OVER $1,500",03/21/2021 02:30:00 PM,DISREGARDING STOP SIGN,FAILING TO REDUCE SPEED TO AVOID CRASH,9700,S,GREEN ST,2223.0,3,NO INDICATION OF INJURY,0.0,0.0,0.0,0.0,0.0,3.0,0.0,14,1,3,41.717517545999996,-87.644468803,POINT (-87.644468803176 41.717517546008),2021,866
O1073977,DRIVER,a86c55ff8da363960e48d56b466d0aa6afd4c8b92e65801ccc6a20805198559d5e241bafbafb9531c100ae1f1618ac8e49b5aa8309cd3fc6f998be39a672be99,JE195223,1018550.0,04/10/2021 10:10:00 AM,OAK PARK,IL,60302,M,30.0,SAFETY BELT USED,DID NOT DEPLOY,NONE,NO INDICATION OF INJURY,NONE,NOT OBSCURED,NORMAL,TEST NOT OFFERED,2021,JE195223,04/10/2021 10:10:00 AM,30,STOP SIGN/FLASHER,FUNCTIONING PROPERLY,RAIN,DAYLIGHT,ANGLE,FOUR WAY,STRAIGHT AND LEVEL,WET,NO DEFECTS,NOT ON SCENE (DESK REPORT),NO INJURY / DRIVE AWAY,Y,Y,"OVER $1,500",04/10/2021 10:45:00 AM,UNABLE TO DETERMINE,UNABLE TO DETERMINE,3900,N,LOWELL AVE,1731.0,2,NO INDICATION OF INJURY,0.0,0.0,0.0,0.0,0.0,3.0,0.0,10,7,4,41.951820275,-87.73689518,POINT (-87.736895179572 41.951820274676),2021,610
O1120872,DRIVER,e49393999e420e4b3ffd9faa80be7b57927db9a7b0f71e86d0ee75f48a544d769c91906ceff41e166e258df5cf30cb790880c12b745335f75b71b817a3a11ed4,JE270772,1063168.0,06/18/2021 03:00:00 PM,BATAVIA,IL,60510,F,22.0,SAFETY BELT USED,DID NOT DEPLOY,NONE,NO INDICATION OF INJURY,NONE,NOT OBSCURED,NORMAL,TEST NOT OFFERED,2021,JE270772,06/18/2021 03:00:00 PM,30,TRAFFIC SIGNAL,FUNCTIONING PROPERLY,CLEAR,DAYLIGHT,TURNING,NOT DIVIDED,STRAIGHT AND LEVEL,DRY,NO DEFECTS,ON SCENE,NO INJURY / DRIVE AWAY,Y,Y,"OVER $1,500",06/18/2021 04:17:00 PM,UNABLE TO DETERMINE,NOT APPLICABLE,1200,S,ASHLAND AVE,1233.0,2,NO INDICATION OF INJURY,0.0,0.0,0.0,0.0,0.0,2.0,0.0,15,6,6,41.866815784,-87.66652926299999,POINT (-87.666529262922 41.86681578431),2021,900
O1113283,DRIVER,7ab4b540c00f42f4263b82e147e4273dda00d56a3f220c6e506410e30e889f051f79368e264d0783ada8b8170deb91647a7576cd67bf78fb2955f987718eeb04,JE258731,1056089.0,06/08/2021 05:19:00 PM,SCHILLER PARK,IL,60176,M,32.0,USAGE UNKNOWN,NOT APPLICABLE,NONE,NO INDICATION OF INJURY,NONE,NOT OBSCURED,NORMAL,TEST NOT OFFERED,2021,JE258731,06/08/2021 05:19:00 PM,30,NO CONTROLS,NO CONTROLS,CLEAR,DAYLIGHT,ANGLE,DIVIDED - W/MEDIAN (NOT RAISED),STRAIGHT AND LEVEL,DRY,NO DEFECTS,ON SCENE,NO INJURY / DRIVE AWAY,Y,Y,"OVER $1,500",06/08/2021 06:13:00 PM,DISREGARDING STOP SIGN,UNABLE TO DETERMINE,7631,W,IRVING PARK RD,1631.0,3,NO INDICATION OF INJURY,0.0,0.0,0.0,0.0,0.0,4.0,0.0,17,3,6,41.952393163,-87.818236125,POINT (-87.818236125367 41.952393162844),2021,1039