PERSON_ID,PERSON_TYPE,CRASH_RECORD_ID,RD_NO_x,VEHICLE_ID,CRASH_DATE_x,CITY,STATE,ZIPCODE,SEX,AGE,SAFETY_EQUIPMENT,AIRBAG_DEPLOYED,EJECTION,INJURY_CLASSIFICATION,DRIVER_ACTION,DRIVER_VISION,PHYSICAL_CONDITION,BAC_RESULT,CRASH_YEAR_x,RD_NO_y,CRASH_DATE_y,POSTED_SPEED_LIMIT,TRAFFIC_CONTROL_DEVICE,DEVICE_CONDITION,WEATHER_CONDITION,LIGHTING_CONDITION,FIRST_CRASH_TYPE,TRAFFICWAY_TYPE,ALIGNMENT,ROADWAY_SURFACE_COND,ROAD_DEFECT,REPORT_TYPE,CRASH_TYPE,INTERSECTION_RELATED_I,HIT_AND_RUN_I,DAMAGE,DATE_POLICE_NOTIFIED,PRIM_CONTRIBUTORY_CAUSE,SEC_CONTRIBUTORY_CAUSE,STREET_NO,STREET_DIRECTION,STREET_NAME,BEAT_OF_OCCURRENCE,NUM_UNITS,MOST_SEVERE_INJURY,INJURIES_TOTAL,INJURIES_FATAL,INJURIES_INCAPACITATING,INJURIES_NON_INCAPACITATING,INJURIES_REPORTED_NOT_EVIDENT,INJURIES_NO_INDICATION,INJURIES_UNKNOWN,CRASH_HOUR,CRASH_DAY_OF_WEEK,CRASH_MONTH,LATITUDE,LONGITUDE,LOCATION,CRASH_YEAR_y,TIME
O1035936,DRIVER,0a56e1552d0885dec97d00d811cd42607a57a3e9fdf474be9c7c0c526399a2f650ac71654eb939c5e5b80fe84072ed14148a0827a1ac1ed9573b9806ccec5820,JE132732,981929.0,02/04/2021 07:40:00 PM,LANSING,IL,60438,F,30.0,USAGE UNKNOWN,"DEPLOYED, SIDE",NONE,NONINCAPACITATING INJURY,NONE,UNKNOWN,NORMAL,TEST REFUSED,2021,JE132732,02/04/2021 07:40:00 PM,45,TRAFFIC SIGNAL,FUNCTIONING PROPERLY,SNOW,DARKNESS,TURNING,DIVIDED - W/MEDIAN (NOT RAISED),STRAIGHT AND LEVEL,SNOW OR SLUSH,UNKNOWN,ON SCENE,INJURY AND / OR TOW DUE TO CRASH,Y,Y,"OVER $1,500",02/04/2021 08:11:00 PM,DISREGARDING TRAFFIC SIGNALS,FAILING TO YIELD RIGHT-OF-WAY,11100,W,IRVING PARK RD,1654.0,2,NONINCAPACITATING INJURY,1.0,0.0,0.0,1.0,0.0,1.0,0.0,19,5,2,41.951189423,-87.900781229,POINT (-87.900781228565 41.951189422548),2021,1180
O1066166,DRIVER,c7395ba1b7091e6a6eb9ca26b11fe31156ddf46ecafe70faa83077d33fea766c58f6c635cfaa8dfee8b52d6b18db9d5a1f8df80bcb35aff57408b146228411b6,JE181956,1011109.0,03/28/2021 03:10:00 AM,CICERO,IL,60804,F,26.0,SAFETY BELT USED,"DEPLOYED, SIDE",NONE,"REPORTED, NOT EVIDENT",UNKNOWN,NOT OBSCURED,NORMAL,TEST NOT OFFERED,2021,JE181956,03/28/2021 03:10:00 AM,30,TRAFFIC SIGNAL,FUNCTIONING PROPERLY,RAIN,"DARKNESS, LIGHTED ROAD",ANGLE,FOUR WAY,STRAIGHT AND LEVEL,WET,NO DEFECTS,ON SCENE,INJURY AND / OR TOW DUE TO CRASH,Y,Y,"OVER $1,500",03/28/2021 03:16:00 AM,DISREGARDING TRAFFIC SIGNALS,DRIVING SKILLS/KNOWLEDGE/EXPERIENCE,3801,W,CONGRESS PKWY,1133.0,2,"REPORTED, NOT EVIDENT",3.0,0.0,0.0,0.0,3.0,1.0,0.0,3,1,3,41.874332415,-87.720461034,POINT (-87.720461033581 41.874332415049),2021,190
O1230590,DRIVER,fcde8d379af07b2944db09fddfa06b279707cdcb198fb945ed079ac609763bb8da6e81a457cb0fda42c53ef657cf3328a182d10df3ad6eeeffb1850b12fa9ed7,JE450955,1167826.0,11/19/2021 10:44:00 PM,CHICAGO,IL,60618,M,28.0,USAGE UNKNOWN,DID NOT DEPLOY,NONE,"REPORTED, NOT EVIDENT",UNKNOWN,UNKNOWN,NORMAL,TEST NOT OFFERED,2021,JE450955,11/19/2021 10:44:00 PM,30,STOP SIGN/FLASHER,FUNCTIONING PROPERLY,UNKNOWN,UNKNOWN,ANGLE,DIVIDED - W/MEDIAN (NOT RAISED),STRAIGHT AND LEVEL,UNKNOWN,UNKNOWN,NOT ON SCENE (DESK REPORT),INJURY AND / OR TOW DUE TO CRASH,Y,Y,$500 OR LESS,11/19/2021 11:21:00 PM,UNABLE TO DETERMINE,UNABLE TO DETERMINE,930,W,31ST ST,913.0,2,"REPORTED, NOT EVIDENT",1.0,0.0,0.0,0.0,1.0,2.0,0.0,22,6,11,41.838107929,-87.64990124100001,POINT (-87.649901241192 41.838107929106),2021,1364
O1059478,DRIVER,eef172cae2c003260987c2c1441ecdbff7d0c1794b186fe3495481d8fcdc3157e12e57175175acc32bac87aa58add4b7ef3a8db04985e914d700f3fe5954650f,JE170449,1005956.0,03/16/2021 11:52:00 AM,CHICAGO,IL,60659,M,48.0,SAFETY BELT USED,NOT APPLICABLE,NONE,NONINCAPACITATING INJURY,NONE,NOT OBSCURED,NORMAL,TEST NOT OFFERED,2021,JE170449,03/16/2021 11:52:00 AM,30,NO CONTROLS,NO CONTROLS,CLEAR,DAYLIGHT,OTHER OBJECT,DIVIDED - W/MEDIAN (NOT RAISED),STRAIGHT AND LEVEL,DRY,NO DEFECTS,ON SCENE,INJURY AND / OR TOW DUE TO CRASH,Y,N,"OVER $1,500",03/16/2021 11:55:00 AM,"EVASIVE ACTION DUE TO ANIMAL, OBJECT, NONMOTORIST",NOT APPLICABLE,5128,N,CLARK ST,2032.0,2,NONINCAPACITATING INJURY,1.0,0.0,0.0,1.0,0.0,1.0,0.0,11,3,3,41.975223622,-87.66845901,POINT (-87.668459010371 41.97522362153),2021,712
O1115441,DRIVER,3bc3e6f1a3ec882c1f5e0aafc170406409c770db7b55293a0bd073f2829936b98590f109640613706dbfb1ca7b3150da5272ca4de9bb0983b83a4a127502061c,JE262248,1058039.0,06/11/2021 01:15:00 PM,CHICAGO,IL,60640,F,19.0,USAGE UNKNOWN,DEPLOYMENT UNKNOWN,UNKNOWN,NO INDICATION OF INJURY,UNKNOWN,UNKNOWN,UNKNOWN,TEST NOT OFFERED,2021,JE262248,06/11/2021 01:15:00 PM,30,STOP SIGN/FLASHER,FUNCTIONING PROPERLY,CLEAR,DAYLIGHT,REAR END,DIVIDED - W/MEDIAN (NOT RAISED),STRAIGHT AND LEVEL,UNKNOWN,UNKNOWN,NOT ON SCENE (DESK REPORT),NO INJURY / DRIVE AWAY,Y,Y,"OVER $1,500",06/11/2021 04:00:00 PM,UNABLE TO DETERMINE,NOT APPLICABLE,5600,W,GRAND AVE,2515.0,3,NO INDICATION OF INJURY,0.0,0.0,0.0,0.0,0.0,5.0,0.0,13,6,6,41.918870278,-87.765775158,POINT (-87.765775158003 41.918870277663),2021,795
O1042534,DRIVER,83b387f5cc7b939a7c0d92c763bd1d0e8d21adf07bd15872f0ff84c600fa3479cb3c8917e249c4a970417f17be5064526cd01df3d17cd4d91ba90bc7bc95c8ca,JE141737,988317.0,02/14/2021 04:58:00 PM,CHICAGO,IL,60623,M,24.0,USAGE UNKNOWN,NOT APPLICABLE,NONE,NO INDICATION OF INJURY,NONE,UNKNOWN,NORMAL,TEST NOT OFFERED,2021,JE141737,02/14/2021 04:58:00 PM,30,TRAFFIC SIGNAL,FUNCTIONING PROPERLY,SNOW,DAWN,SIDESWIPE SAME DIRECTION,NOT DIVIDED,STRAIGHT AND LEVEL,SNOW OR SLUSH,UNKNOWN,ON SCENE,INJURY AND / OR TOW DUE TO CRASH,Y,Y,"OVER $1,500",02/14/2021 04:59:00 PM,IMPROPER LANE USAGE,IMPROPER OVERTAKING/PASSING,752,N,CICERO AVE,1531.0,2,NO INDICATION OF INJURY,0.0,0.0,0.0,0.0,0.0,7.0,0.0,16,1,2,41.894756699,-87.745946695,POINT (-87.745946695369 41.894756699146),2021,1018
O1188274,DRIVER,e8826e6bf4502d44d3dfe67d837f1db0479511a125211716fe802123586fd64cf548084783f2352efdfe1a60edd15c5b6620707c75d269060262f0dea5d9e78a,JE381000,1127457.0,09/20/2021 03:25:00 PM,3,IL,60609,F,19.0,USAGE UNKNOWN,DID NOT DEPLOY,NONE,NO INDICATION OF INJURY,FAILED TO YIELD,NOT OBSCURED,NORMAL,TEST REFUSED,2021,JE381000,09/20/2021 03:25:00 PM,30,TRAFFIC SIGNAL,FUNCTIONING PROPERLY,CLEAR,DAYLIGHT,TURNING,NOT DIVIDED,STRAIGHT AND LEVEL,DRY,NO DEFECTS,ON SCENE,NO INJURY / DRIVE AWAY,Y,N,"$501 - $1,500",09/20/2021 03:50:00 PM,IMPROPER TURNING/NO SIGNAL,NOT APPLICABLE,4500,S,ASHLAND AVE,924.0,2,NO INDICATION OF INJURY,0.0,0.0,0.0,0.0,0.0,3.0,0.0,15,2,9,41.812130522,-87.66520825299999,POINT (-87.665208252918 41.812130521918),2021,925
O1233830,DRIVER,d1038f9899344af51509a7d5769e32893877c64747e73a17520b0d7ae5486a0b14c7ca6aacfd03853b73939f1ffce25c2d4ac687e441dda4c96c63f37c29f286,JE456106,1170973.0,11/24/2021 06:50:00 PM,CHICAGO,IL,60646,M,69.0,SAFETY BELT USED,DID NOT DEPLOY,NONE,NO INDICATION OF INJURY,NONE,NOT OBSCURED,NORMAL,TEST NOT OFFERED,2021,JE456106,11/24/2021 06:50:00 PM,30,STOP SIGN/FLASHER,FUNCTIONING PROPERLY,CLEAR,DUSK,ANGLE,NOT DIVIDED,STRAIGHT AND LEVEL,DRY,NO DEFECTS,ON SCENE,NO INJURY / DRIVE AWAY,Y,Y,"OVER $1,500",11/24/2021 06:58:00 PM,IMPROPER TURNING/NO SIGNAL,NOT APPLICABLE,6260,W,RAVEN ST,1611.0,2,NO INDICATION OF INJURY,0.0,0.0,0.0,0.0,0.0,2.0,0.0,18,4,11,41.994612828,-87.78519443399999,POINT (-87.785194433958 41.99461282772),2021,1130
O1063169,DRIVER,186be72837187aa34ad93b0aacc76d947d1cf76902766da2caccc1118b4abb0ee4d4c01cf53c2e40c700e87c37c13c6f0eff4cb167619ef42b99ff3354c92ffe,JE176722,1008223.0,03/22/2021 07:54:00 PM,CHICAGO,IL,60609,M,24.0,SAFETY BELT USED,"DEPLOYED, SIDE",NONE,NO INDICATION OF INJURY,NONE,UNKNOWN,NORMAL,TEST NOT OFFERED,2021,JE176722,03/22/2021 07:54:00 PM,30,TRAFFIC SIGNAL,UNKNOWN,CLEAR,DARKNESS,SIDESWIPE SAME DIRECTION,FOUR WAY,STRAIGHT AND LEVEL,UNKNOWN,UNKNOWN,ON SCENE,INJURY AND / OR TOW DUE TO CRASH,Y,Y,"OVER $1,500",03/22/2021 07:55:00 PM,FAILING TO YIELD RIGHT-OF-WAY,NOT APPLICABLE,1399,W,59TH ST,713.0,2,"REPORTED, NOT EVIDENT",1.0,0.0,0.0,0.0,1.0,3.0,0.0,19,2,3,41.786706906,-87.65947920299999,POINT (-87.659479202924 41.786706905508),2021,1194
O1063746,DRIVER,a257bda5b40e5a4c6842784dd98d5ca57d016d969f3636f546bd47369cb407bf8d94f5593663063c1bce3065bf354b163897913169f0e2cb3c9bef6b44b70262,JE177815,1008778.0,03/23/2021 08:26:00 PM,CHICAGO,IL,60624,F,24.0,USAGE UNKNOWN,"DEPLOYED, FRONT",NONE,NONINCAPACITATING INJURY,NONE,NOT OBSCURED,NORMAL,TEST NOT OFFERED,2021,JE177815,03/23/2021 08:26:00 PM,30,STOP SIGN/FLASHER,FUNCTIONING PROPERLY,RAIN,"DARKNESS, LIGHTED ROAD",TURNING,FOUR WAY,STRAIGHT AND LEVEL,WET,NO DEFECTS,ON SCENE,INJURY AND / OR TOW DUE TO CRASH,Y,Y,"OVER $1,500",03/23/2021 08:29:00 PM,FAILING TO YIELD RIGHT-OF-WAY,UNABLE TO DETERMINE,4600,W,WASHINGTON BLVD,1113.0,2,NONINCAPACITATING INJURY,1.0,0.0,0.0,1.0,0.0,1.0,0.0,20,3,3,41.881984435,-87.740163011,POINT (-87.740163011434 41.881984434835),2021,1226
O1190084,DRIVER,dc60df22f04b2d9bbf50c05ee6af099bed95cdc9f5fcd66a12d2d77004101e72bbe2c8749a6e478d46017fb0a22ca2fffab2b3ad4f4f57ba22d5281e00df440e,JE384168,1129113.0,09/22/2021 10:35:00 AM,CHICAGO,IL,60636,M,21.0,SAFETY BELT USED,DID NOT DEPLOY,NONE,NO INDICATION OF INJURY,NONE,NOT OBSCURED,NORMAL,TEST NOT OFFERED,2021,JE384168,09/22/2021 10:35:00 AM,30,STOP SIGN/FLASHER,FUNCTIONING PROPERLY,CLEAR,"DARKNESS, LIGHTED ROAD",TURNING,FOUR WAY,STRAIGHT ON GRADE,DRY,NO DEFECTS,ON SCENE,NO INJURY / DRIVE AWAY,Y,Y,"$501 - $1,500",09/23/2021 10:06:00 AM,FAILING TO REDUCE SPEED TO AVOID CRASH,DISREGARDING STOP SIGN,9900,S,PARNELL AVE,2232.0,2,NO INDICATION OF INJURY,0.0,0.0,0.0,0.0,0.0,2.0,0.0,10,4,9,41.714181657,-87.637115561,POINT (-87.637115560734 41.714181656553),2021,635
O1052612,DRIVER,b9a3ff9b7bea518d2aebcf5a5dadd4800b2f27764e4e2c2f823bd3a56978ce65a6d9c4d9ed9dc96aa8be1489016f05c09f3f4549ac24b22ebfbb6dcb5d993344,JE157504,998065.0,03/03/2021 02:40:00 AM,CHICAGO,IL,60639,F,34.0,SAFETY BELT USED,DID NOT DEPLOY,NONE,NO INDICATION OF INJURY,NONE,UNKNOWN,NORMAL,TEST NOT OFFERED,2021,JE157504,03/03/2021 02:40:00 AM,30,STOP SIGN/FLASHER,NO CONTROLS,CLEAR,"DARKNESS, LIGHTED ROAD",ANGLE,NOT DIVIDED,STRAIGHT AND LEVEL,DRY,UNKNOWN,ON SCENE,INJURY AND / OR TOW DUE TO CRASH,Y,Y,"OVER $1,500",03/03/2021 02:42:00 AM,DISREGARDING STOP SIGN,FAILING TO REDUCE SPEED TO AVOID CRASH,3159,N,LOCKWOOD AVE,2514.0,2,NO INDICATION OF INJURY,0.0,0.0,0.0,0.0,0.0,2.0,0.0,2,4,3,41.938627982,-87.758986847,POINT (-87.758986846988 41.938627981854),2021,160
O1177275,DRIVER,ae81c56b511a083e74d5f84f6643111d7cbd8208af54e0b787b292ca159d145184c084e56f5e6aa1f91159e02b4986cfcfcf59acfa7afc557c0acd3a6b14b31a,JE362595,1116843.0,09/05/2021 09:00:00 AM,NEW LENOX,IL,60451,F,55.0,SAFETY BELT USED,NOT APPLICABLE,NONE,NO INDICATION OF INJURY,NONE,NOT OBSCURED,NORMAL,TEST NOT OFFERED,2021,JE362595,09/05/2021 09:00:00 AM,30,STOP SIGN/FLASHER,FUNCTIONING PROPERLY,CLEAR,DAYLIGHT,REAR END,NOT DIVIDED,STRAIGHT AND LEVEL,DRY,NO DEFECTS,NOT ON SCENE (DESK REPORT),NO INJURY / DRIVE AWAY,Y,Y,$500 OR LESS,09/05/2021 03:25:00 PM,NOT APPLICABLE,NOT APPLICABLE,135,W,CHICAGO AVE,1832.0,2,NO INDICATION OF INJURY,0.0,0.0,0.0,0.0,0.0,2.0,0.0,9,1,9,41.896505755999996,-87.63255981200001,POINT (-87.632559812197 41.89650575599),2021,540
O1081953,DRIVER,a76fe61f0e5ac62e32398796b33551687071fdad482616c5726dbc6ec6414d1d8f48ee3be90c134a4b8b5a94f19f8469b666bdccb4f1bda673afcc160a7aea7e,JE208595,1026142.0,04/24/2021 10:53:00 AM,CHICAGO,IL,60637,F,47.0,SAFETY BELT USED,"DEPLOYED, FRONT",NONE,"REPORTED, NOT EVIDENT",NONE,NOT OBSCURED,NORMAL,TEST NOT OFFERED,2021,JE208595,04/24/2021 10:53:00 AM,30,TRAFFIC SIGNAL,FUNCTIONING PROPERLY,RAIN,DAYLIGHT,TURNING,FOUR WAY,STRAIGHT AND LEVEL,WET,NO DEFECTS,ON SCENE,INJURY AND / OR TOW DUE TO CRASH,Y,Y,"OVER $1,500",04/24/2021 10:54:00 AM,IMPROPER TURNING/NO SIGNAL,IMPROPER TURNING/NO SIGNAL,7059,S,STONY ISLAND AVE,332.0,2,"REPORTED, NOT EVIDENT",1.0,0.0,0.0,0.0,1.0,1.0,0.0,10,7,4,41.766239371,-87.585779805,POINT (-87.585779805054 41.766239371073),2021,653
O1019171,DRIVER,7cb545881ab8e23f48468da9e22e79612c4c45c13a08309b804eb7745b05e17ceeae5af1d650798c6c9146c75069e60d8a07ccfc47665b4d06db3ba25cd038f4,JE102357,965989.0,01/03/2021 06:00:00 PM,CHICAGO,IL,60625,M,28.0,USAGE UNKNOWN,"DEPLOYED, COMBINATION",NONE,NONINCAPACITATING INJURY,NONE,NOT OBSCURED,NORMAL,TEST NOT OFFERED,2021,JE102357,01/03/2021 06:00:00 PM,30,NO CONTROLS,NO CONTROLS,CLEAR,"DARKNESS, LIGHTED ROAD",HEAD ON,NOT DIVIDED,STRAIGHT AND LEVEL,DRY,NO DEFECTS,ON SCENE,INJURY AND / OR TOW DUE TO CRASH,Y,Y,"OVER $1,500",01/03/2021 06:04:00 PM,IMPROPER LANE USAGE,UNABLE TO DETERMINE,3325,W,CHICAGO AVE,1121.0,7,NONINCAPACITATING INJURY,1.0,0.0,0.0,1.0,0.0,5.0,0.0,18,1,1,41.895411218,-87.709859479,POINT (-87.709859479062 41.895411218291),2021,1080
O1233955,DRIVER,9c244688d386668a732573823f6b4f7ce4bd295042bfdd74b014b435c536cdd3fb1a1535142304d5e777464643cedec9127ed4097ee838a4afd8ee5b25d2991e,JE456245,1171069.0,11/24/2021 09:14:00 PM,CHICAGO,IL,60624,F,33.0,USAGE UNKNOWN,"DEPLOYED, COMBINATION",NONE,NONINCAPACITATING INJURY,NONE,UNKNOWN,UNKNOWN,TEST NOT OFFERED,2021,JE456245,11/24/2021 09:14:00 PM,30,TRAFFIC SIGNAL,FUNCTIONING PROPERLY,RAIN,"DARKNESS, LIGHTED ROAD",REAR END,NOT DIVIDED,STRAIGHT AND LEVEL,WET,NO DEFECTS,ON SCENE,INJURY AND / OR TOW DUE TO CRASH,Y,Y,"OVER $1,500",11/24/2021 09:15:00 PM,UNABLE TO DETERMINE,NOT APPLICABLE,4500,W,WASHINGTON BLVD,1113.0,3,NONINCAPACITATING INJURY,5.0,0.0,0.0,5.0,0.0,2.0,0.0,21,4,11,41.882008644,-87.738081069,POINT (-87.73808106854 41.882008643613),2021,1274
O1243534,DRIVER,4fb33c8cb15abaf8c0824c521d71ac875f06126e99510eb983d7ac6ca75ec7957c33bf3e487aa57bf588bc522a3141b9bd404b00d45bb6b5c4f7e4883c82ff7d,JE472973,1180253.0,12/10/2021 05:00:00 PM,MILWAUKEE,WI,53216,M,46.0,SAFETY BELT USED,"DEPLOYED, SIDE",NONE,NONINCAPACITATING INJURY,OTHER,NOT OBSCURED,NORMAL,TEST NOT OFFERED,2021,JE472973,12/10/2021 05:00:00 PM,30,NO CONTROLS,NO CONTROLS,RAIN,DARKNESS,ANGLE,NOT DIVIDED,STRAIGHT AND LEVEL,WET,NO DEFECTS,ON SCENE,INJURY AND / OR TOW DUE TO CRASH,Y,Y,"OVER $1,500",12/10/2021 05:05:00 PM,DISREGARDING STOP SIGN,UNABLE TO DETERMINE,1400,N,KEDZIE AVE,1422.0,2,NONINCAPACITATING INJURY,1.0,0.0,0.0,1.0,0.0,1.0,0.0,17,6,12,41.906519662,-87.707052011,POINT (-87.707052010753 41.906519661981),2021,1020
O1081351,DRIVER,02e9104ef8d7224b6ce8fe2a178bf0aa5d6b564cce925a3b6778e29ce576abfa2e893a0910605f37e93c91bcece3c8e1f8fd57501cc81d83aeb7670517fcd7e7,JE207506,1025580.0,04/23/2021 09:10:00 AM,CHICAGO,IL,60647,F,53.0,USAGE UNKNOWN,NOT APPLICABLE,NONE,NO INDICATION OF INJURY,UNKNOWN,NOT OBSCURED,NORMAL,TEST NOT OFFERED,2021,JE207506,04/23/2021 09:10:00 AM,30,STOP SIGN/FLASHER,FUNCTIONING PROPERLY,CLEAR,DAYLIGHT,REAR END,FOUR WAY,STRAIGHT AND LEVEL,DRY,NO DEFECTS,ON SCENE,INJURY AND / OR TOW DUE TO CRASH,Y,N,"OVER $1,500",04/23/2021 09:20:00 AM,UNABLE TO DETERMINE,UNABLE TO DETERMINE,2300,N,SACRAMENTO AVE,1414.0,4,NONINCAPACITATING INJURY,2.0,0.0,0.0,2.0,0.0,5.0,0.0,9,6,4,41.923282505,-87.70240913,POINT (-87.70240912951 41.923282505353),2021,550
O1233952,DRIVER,558b2610289a761c17737b9d2ee931e487d132c035ca5fda29f7f82fe970eef2fad64c16fa6446b914bbf3caeb523e6d7b6e0465ff0422c6e96c8931f313f5be,JE456302,1171079.0,11/24/2021 11:00:00 PM,CRETE,IL,60417,M,20.0,USAGE UNKNOWN,DEPLOYMENT UNKNOWN,NONE,NO INDICATION OF INJURY,IMPROPER TURN,UNKNOWN,UNKNOWN,TEST NOT OFFERED,2021,JE456302,11/24/2021 11:00:00 PM,35,TRAFFIC SIGNAL,FUNCTIONING PROPERLY,CLEAR,"DARKNESS, LIGHTED ROAD",TURNING,FOUR WAY,STRAIGHT AND LEVEL,WET,NO DEFECTS,NOT ON SCENE (DESK REPORT),INJURY AND / OR TOW DUE TO CRASH,Y,Y,"OVER $1,500",11/24/2021 11:30:00 PM,UNABLE TO DETERMINE,UNABLE TO DETERMINE,6600,S,STATE ST,312.0,2,NONINCAPACITATING INJURY,1.0,0.0,0.0,1.0,0.0,1.0,0.0,23,4,11,41.774915770999996,-87.62532691700001,POINT (-87.625326917393 41.774915771313),2021,1380
O1115200,DRIVER,7e26ce8dd1a217da5d2bfc9d90641185d4bcc1c1817e12795e2997cf1b1d712a48b34bc31de33af0c9c60bfcfdbfb712e7f5226a6c705a1ca99e3f8cdf9614ed,JE261871,1057834.0,06/10/2021 03:00:00 PM,CHICAGO,IL,60617,F,68.0,SAFETY BELT USED,DID NOT DEPLOY,NONE,NO INDICATION OF INJURY,UNKNOWN,NOT OBSCURED,NORMAL,TEST NOT OFFERED,2021,JE261871,06/10/2021 03:00:00 PM,30,TRAFFIC SIGNAL,FUNCTIONING PROPERLY,CLEAR,DAYLIGHT,ANGLE,NOT DIVIDED,STRAIGHT AND LEVEL,DRY,NO DEFECTS,NOT ON SCENE (DESK REPORT),NO INJURY / DRIVE AWAY,Y,Y,"$501 - $1,500",06/11/2021 10:28:00 AM,UNABLE TO DETERMINE,UNABLE TO DETERMINE,1200,S,WABASH AVE,131.0,2,NO INDICATION OF INJURY,0.0,0.0,0.0,0.0,0.0,2.0,0.0,15,5,6,41.867346418000004,-87.62597476399999,POINT (-87.625974764137 41.86734641752),2021,900
O1046000,DRIVER,7d1e0732eabb6b6d760dd76c88bc561b86c5c6f4a375cb655e3291e0d6b05361ebf6fadf70af42023f9dd7ab4714b75c955ff19901bb557ea6ae50d233c65e98,JE146497,991676.0,02/15/2021 09:52:00 AM,WESTCHESTER,IL,60154,F,49.0,SAFETY BELT USED,NOT APPLICABLE,NONE,NONINCAPACITATING INJURY,NONE,NOT OBSCURED,NORMAL,TEST NOT OFFERED,2021,JE146497,02/15/2021 09:52:00 AM,30,TRAFFIC SIGNAL,FUNCTIONING PROPERLY,SNOW,DAYLIGHT,REAR END,FOUR WAY,STRAIGHT AND LEVEL,SNOW OR SLUSH,NO DEFECTS,NOT ON SCENE (DESK REPORT),INJURY AND / OR TOW DUE TO CRASH,Y,Y,"OVER $1,500",02/19/2021 11:00:00 PM,FOLLOWING TOO CLOSELY,WEATHER,2358,W,95TH ST,2221.0,2,NONINCAPACITATING INJURY,1.0,0.0,0.0,1.0,0.0,1.0,0.0,9,2,2,41.721047709000004,-87.682004831,POINT (-87.682004830585 41.721047708948),2021,592
O1129448,DRIVER,a75ca5b604070456c6e83e4f6df59e22d98965566c50d3de2c83babc083e72a10fa79c601ccd2e2cd6754527f55bb383ad0976063dc05b5c5efa73f23d1a4135,JE284431,1071372.0,06/30/2021 08:20:00 AM,CHICAGO,IL,60657,M,54.0,SAFETY BELT USED,NOT APPLICABLE,NONE,NO INDICATION OF INJURY,NONE,NOT OBSCURED,NORMAL,TEST NOT OFFERED,2021,JE284431,06/30/2021 08:20:00 AM,30,TRAFFIC SIGNAL,FUNCTIONING PROPERLY,CLOUDY/OVERCAST,DAYLIGHT,ANGLE,T-INTERSECTION,STRAIGHT AND LEVEL,DRY,NO DEFECTS,ON SCENE,INJURY AND / OR TOW DUE TO CRASH,Y,Y,"OVER $1,500",06/30/2021 08:23:00 AM,DISREGARDING TRAFFIC SIGNALS,FAILING TO YIELD RIGHT-OF-WAY,3200,W,BELMONT AVE,1733.0,2,NO INDICATION OF INJURY,0.0,0.0,0.0,0.0,0.0,2.0,0.0,8,4,6,41.939440561,-87.707718516,POINT (-87.707718516309 41.939440561174),2021,500
O1141338,DRIVER,705e59d717843881214e52aaa149ed472cc850d30b4ecb63afc0e5bdd686d5d3a7e328f9f2e67e71320ea10686ea3f046f5bbed5f76f9eec1f537cecb35fbbc5,JE304048,1082624.0,07/17/2021 12:00:00 AM,ELMWOOD PARK,IL,60707,F,19.0,USAGE UNKNOWN,DID NOT DEPLOY,NONE,NO INDICATION OF INJURY,UNKNOWN,UNKNOWN,NORMAL,TEST NOT OFFERED,2021,JE304048,07/17/2021 12:00:00 AM,30,TRAFFIC SIGNAL,FUNCTIONING PROPERLY,CLEAR,"DARKNESS, LIGHTED ROAD",TURNING,FOUR WAY,STRAIGHT AND LEVEL,DRY,NO DEFECTS,ON SCENE,INJURY AND / OR TOW DUE TO CRASH,Y,Y,"OVER $1,500",07/17/2021 12:45:00 AM,UNABLE TO DETERMINE,UNABLE TO DETERMINE,233,E,WACKER DR,114.0,2,NO INDICATION OF INJURY,0.0,0.0,0.0,0.0,0.0,2.0,0.0,0,7,7,41.887790171999995,-87.621278713,POINT (-87.621278712913 41.887790172258),2021,0
O1197307,DRIVER,e200acbad5b6c10c9825f4abb020b7227702fbc6b06dbbe63e200348918f2058f0740e627f5e6e5d906f9420f7f15ecf2da0ae4f1eb5edca51873f65a97cce7f,JE396047,1136027.0,10/03/2021 12:30:00 AM,CICERO,IL,60804,M,35.0,USAGE UNKNOWN,DID NOT DEPLOY,NONE,"REPORTED, NOT EVIDENT",UNKNOWN,UNKNOWN,NORMAL,TEST NOT OFFERED,2021,JE396047,10/03/2021 12:30:00 AM,30,TRAFFIC SIGNAL,FUNCTIONING PROPERLY,CLEAR,DARKNESS,TURNING,NOT DIVIDED,STRAIGHT AND LEVEL,DRY,NO DEFECTS,ON SCENE,INJURY AND / OR TOW DUE TO CRASH,Y,Y,"OVER $1,500",10/03/2021 01:15:00 AM,UNABLE TO DETERMINE,NOT APPLICABLE,700,S,CICERO AVE,1533.0,2,"REPORTED, NOT EVIDENT",1.0,0.0,0.0,0.0,1.0,1.0,0.0,0,1,10,41.87205805,-87.74507934299999,POINT (-87.745079343101 41.872058050459),2021,30