PERSON_ID,PERSON_TYPE,CRASH_RECORD_ID,RD_NO_x,VEHICLE_ID,CRASH_DATE_x,CITY,STATE,ZIPCODE,SEX,AGE,SAFETY_EQUIPMENT,AIRBAG_DEPLOYED,EJECTION,INJURY_CLASSIFICATION,DRIVER_ACTION,DRIVER_VISION,PHYSICAL_CONDITION,BAC_RESULT,CRASH_YEAR_x,RD_NO_y,CRASH_DATE_y,POSTED_SPEED_LIMIT,TRAFFIC_CONTROL_DEVICE,DEVICE_CONDITION,WEATHER_CONDITION,LIGHTING_CONDITION,FIRST_CRASH_TYPE,TRAFFICWAY_TYPE,ALIGNMENT,ROADWAY_SURFACE_COND,ROAD_DEFECT,REPORT_TYPE,CRASH_TYPE,INTERSECTION_RELATED_I,HIT_AND_RUN_I,DAMAGE,DATE_POLICE_NOTIFIED,PRIM_CONTRIBUTORY_CAUSE,SEC_CONTRIBUTORY_CAUSE,STREET_NO,STREET_DIRECTION,STREET_NAME,BEAT_OF_OCCURRENCE,NUM_UNITS,MOST_SEVERE_INJURY,INJURIES_TOTAL,INJURIES_FATAL,INJURIES_INCAPACITATING,INJURIES_NON_INCAPACITATING,INJURIES_REPORTED_NOT_EVIDENT,INJURIES_NO_INDICATION,INJURIES_UNKNOWN,CRASH_HOUR,CRASH_DAY_OF_WEEK,CRASH_MONTH,LATITUDE,LONGITUDE,LOCATION,CRASH_YEAR_y,TIME
O1101663,DRIVER,4d8c6b82fc7415d7ca1ed4a5b227d575ccfe0d643da1ff1a08abd0a0523c13d59831019246b4e728cc0663b8d8f6fea7c339b4c870ca10d4e8f48455c50d66fa,JE240528,1045004.0,05/23/2021 11:16:00 PM,SKOKIE,IL,60075,M,47.0,SAFETY BELT USED,DID NOT DEPLOY,NONE,NO INDICATION OF INJURY,NONE,NOT OBSCURED,NORMAL,TEST NOT OFFERED,2021,JE240528,05/23/2021 11:16:00 PM,30,TRAFFIC SIGNAL,FUNCTIONING PROPERLY,CLEAR,"DARKNESS, LIGHTED ROAD",REAR END,TRAFFIC ROUTE,STRAIGHT AND LEVEL,DRY,UNKNOWN,NOT ON SCENE (DESK REPORT),NO INJURY / DRIVE AWAY,Y,Y,$500 OR LESS,05/23/2021 11:36:00 PM,FAILING TO REDUCE SPEED TO AVOID CRASH,NOT APPLICABLE,1100,N,LA SALLE DR,1824.0,3,NO INDICATION OF INJURY,0.0,0.0,0.0,0.0,0.0,5.0,0.0,23,1,5,41.901886369,-87.63300508399999,POINT (-87.633005083588 41.901886368565),2021,1396
O1132383,DRIVER,2738dfd74c940b8a2283a8f662d6fc7f91f45f72e9309f2d75f7947bcc5fb44ab235eb6d46682bda135461f0f7469ee418a0394c4bd1a0f5a3ef653b41a6d210,JE289156,1074146.0,07/04/2021 12:00:00 AM,LAKE GENEVA,WI,53147,M,53.0,USAGE UNKNOWN,DID NOT DEPLOY,NONE,NO INDICATION OF INJURY,NONE,NOT OBSCURED,NORMAL,TEST NOT OFFERED,2021,JE289156,07/04/2021 12:00:00 AM,30,NO CONTROLS,NO CONTROLS,CLEAR,"DARKNESS, LIGHTED ROAD",REAR END,NOT DIVIDED,STRAIGHT AND LEVEL,DRY,NO DEFECTS,ON SCENE,NO INJURY / DRIVE AWAY,Y,Y,$500 OR LESS,07/04/2021 12:00:00 AM,FAILING TO REDUCE SPEED TO AVOID CRASH,UNABLE TO DETERMINE,2501,W,DEVON AVE,2413.0,2,NO INDICATION OF INJURY,0.0,0.0,0.0,0.0,0.0,6.0,0.0,0,1,7,41.997577629,-87.692379695,POINT (-87.692379694566 41.997577628602),2021,0
O1131430,DRIVER,be5e1f52743d702955371e11fd7b247911ac7dad42e7f49d181c1599e732a74bca0233da8b450b6a16b13170e3db2d7c19c1c4dc8de18598627ec8d045ef872b,JE287682,1073247.0,07/02/2021 06:00:00 PM,EVERGREEN,IL,60805,F,29.0,NONE PRESENT,NOT APPLICABLE,NONE,NO INDICATION OF INJURY,NONE,NOT OBSCURED,NORMAL,TEST NOT OFFERED,2021,JE287682,07/02/2021 06:00:00 PM,35,TRAFFIC SIGNAL,FUNCTIONING PROPERLY,CLEAR,DAYLIGHT,REAR END,DIVIDED - W/MEDIAN (NOT RAISED),STRAIGHT AND LEVEL,DRY,NO DEFECTS,NOT ON SCENE (DESK REPORT),NO INJURY / DRIVE AWAY,Y,Y,$500 OR LESS,07/02/2021 07:00:00 PM,FOLLOWING TOO CLOSELY,NOT APPLICABLE,2032,W,103RD ST,2213.0,3,NO INDICATION OF INJURY,0.0,0.0,0.0,0.0,0.0,3.0,0.0,18,6,7,41.706627309,-87.67323704,POINT (-87.673237040273 41.706627309048),2021,1080
O1246430,DRIVER,42882332649d77f7c559ec82bceb63657a3f7621019288d568057eef2967b21577a3d685cb513537444bc7f4fa790d36c34a6c40c19c28960ed613fb9f04436d,JE477838,1183032.0,12/14/2021 08:20:00 PM,CHICAGO,IL,60652,F,23.0,SAFETY BELT USED,DID NOT DEPLOY,NONE,"REPORTED, NOT EVIDENT",NONE,NOT OBSCURED,NORMAL,TEST NOT OFFERED,2021,JE477838,12/14/2021 08:20:00 PM,30,TRAFFIC SIGNAL,FUNCTIONING PROPERLY,RAIN,"DARKNESS, LIGHTED ROAD",ANGLE,FOUR WAY,STRAIGHT AND LEVEL,WET,NO DEFECTS,NOT ON SCENE (DESK REPORT),INJURY AND / OR TOW DUE TO CRASH,Y,Y,"OVER $1,500",12/14/2021 11:25:00 PM,DISREGARDING TRAFFIC SIGNALS,NOT APPLICABLE,8100,S,RACINE AVE,613.0,2,"REPORTED, NOT EVIDENT",1.0,0.0,0.0,0.0,1.0,1.0,0.0,20,3,12,41.746765536,-87.653785565,POINT (-87.653785564942 41.746765536142),2021,1220
O1211252,DRIVER,177f19a41e9883d9813b4a9175c55437589a9946d7cccb7af30e3f6ed96b26a7601940250395aa49aa0b990fa7f4b60b9fa9237a9a32a0aa520e5a4eb06cf5d2,JE419802,1149301.0,10/23/2021 03:20:00 AM,CHICAGO,IL,60618,M,51.0,SAFETY BELT USED,DID NOT DEPLOY,NONE,NO INDICATION OF INJURY,OTHER,NOT OBSCURED,NORMAL,TEST NOT OFFERED,2021,JE419802,10/23/2021 03:20:00 AM,30,TRAFFIC SIGNAL,FUNCTIONING PROPERLY,CLEAR,"DARKNESS, LIGHTED ROAD",REAR END,DIVIDED - W/MEDIAN (NOT RAISED),STRAIGHT AND LEVEL,DRY,NO DEFECTS,NOT ON SCENE (DESK REPORT),NO INJURY / DRIVE AWAY,Y,Y,"$501 - $1,500",10/23/2021 01:45:00 PM,IMPROPER OVERTAKING/PASSING,FAILING TO YIELD RIGHT-OF-WAY,3198,W,BELMONT AVE,1733.0,2,NO INDICATION OF INJURY,0.0,0.0,0.0,0.0,0.0,2.0,0.0,3,7,10,41.93944102,-87.707672345,POINT (-87.707672344742 41.939441019937),2021,200
O1134119,DRIVER,891fc91ffc8a77511d8e4b7f97b173333551806bad30036a0e20eed0010bdba1d522cdeb74f6781a0132ac2c686237dd114306acf7f22870a3b222819fb046e5,JE292074,1075756.0,07/06/2021 12:35:00 PM,CHICAGO,IL,60632,F,19.0,SAFETY BELT USED,DID NOT DEPLOY,NONE,NO INDICATION OF INJURY,UNKNOWN,UNKNOWN,NORMAL,TEST NOT OFFERED,2021,JE292074,07/06/2021 12:35:00 PM,30,TRAFFIC SIGNAL,FUNCTIONING PROPERLY,CLEAR,DAYLIGHT,TURNING,FOUR WAY,STRAIGHT AND LEVEL,DRY,UNKNOWN,ON SCENE,NO INJURY / DRIVE AWAY,Y,Y,"OVER $1,500",07/06/2021 12:40:00 PM,UNABLE TO DETERMINE,UNABLE TO DETERMINE,4000,W,71ST ST,833.0,2,NO INDICATION OF INJURY,0.0,0.0,0.0,0.0,0.0,3.0,0.0,12,3,7,41.764230536999996,-87.722438515,POINT (-87.722438515104 41.764230537342),2021,755
O1171837,DRIVER,413ba7d2a60988ccf70715312d4bc081dbf305a7fef26a4f160f75dcd4b9532506cc1b07b0cec488e1e5ce5a1a522bf0f12d7917c481bfac13f789401ef9bf51,JE353777,1111625.0,08/29/2021 04:25:00 AM,CHICAGO,IL,60617,F,28.0,SAFETY BELT USED,NOT APPLICABLE,NONE,NO INDICATION OF INJURY,NONE,UNKNOWN,NORMAL,TEST NOT OFFERED,2021,JE353777,08/29/2021 04:25:00 AM,30,NO CONTROLS,NO CONTROLS,CLEAR,"DARKNESS, LIGHTED ROAD",TURNING,ONE-WAY,STRAIGHT AND LEVEL,DRY,NO DEFECTS,ON SCENE,NO INJURY / DRIVE AWAY,Y,Y,"OVER $1,500",08/29/2021 04:25:00 AM,FAILING TO YIELD RIGHT-OF-WAY,NOT APPLICABLE,2299,W,GARFIELD BLVD,824.0,2,NO INDICATION OF INJURY,0.0,0.0,0.0,0.0,0.0,4.0,0.0,4,1,8,41.793363543000005,-87.68121161100001,POINT (-87.681211610963 41.793363543387),2021,265
O1248777,DRIVER,53eae7dceb60336dd8bdd0a9f24c17013735490dd7ea40c837b0e18f0133bcd4b590788099c1d2093f4492ed30fbe1a79fd60c45107e1f9beb7e684bac70b65d,JE481997,1185293.0,12/18/2021 04:49:00 PM,FOREST PARK,IL,60130,M,46.0,SAFETY BELT USED,NOT APPLICABLE,NONE,NO INDICATION OF INJURY,NONE,UNKNOWN,NORMAL,TEST NOT OFFERED,2021,JE481997,12/18/2021 04:49:00 PM,30,TRAFFIC SIGNAL,FUNCTIONING PROPERLY,RAIN,DAYLIGHT,REAR END,T-INTERSECTION,STRAIGHT AND LEVEL,WET,NO DEFECTS,NOT ON SCENE (DESK REPORT),NO INJURY / DRIVE AWAY,Y,Y,"OVER $1,500",12/18/2021 06:10:00 PM,UNABLE TO DETERMINE,UNABLE TO DETERMINE,1,N,MICHIGAN AVE,114.0,2,NO INDICATION OF INJURY,0.0,0.0,0.0,0.0,0.0,2.0,0.0,16,7,12,41.882168585,-87.62422056700001,POINT (-87.624220566705 41.882168584563),2021,1009
O1034940,DRIVER,e90c2ebcdf4ee3f3d0c183591ec5d511a756bda5644544e0151cbc477a21cda9ba9422868b3a8d440ad23b16e691c6fb9504ceb1e896c1f82cd8197f9bf66739,JE130960,980977.0,02/03/2021 07:55:00 AM,CHICAGO,IL,60622,F,29.0,USAGE UNKNOWN,DID NOT DEPLOY,NONE,NO INDICATION OF INJURY,UNKNOWN,UNKNOWN,NORMAL,TEST NOT OFFERED,2021,JE130960,02/03/2021 07:55:00 AM,30,TRAFFIC SIGNAL,FUNCTIONING PROPERLY,CLEAR,DAYLIGHT,ANGLE,FOUR WAY,STRAIGHT AND LEVEL,DRY,NO DEFECTS,ON SCENE,INJURY AND / OR TOW DUE TO CRASH,Y,Y,"OVER $1,500",02/03/2021 07:57:00 AM,UNABLE TO DETERMINE,UNABLE TO DETERMINE,1632,E,HAYES DR,331.0,2,NO INDICATION OF INJURY,0.0,0.0,0.0,0.0,0.0,2.0,0.0,7,4,2,41.78074323,-87.584654014,POINT (-87.584654013631 41.780743230431),2021,475
O1128176,DRIVER,25dc83b34ad7acfb1e296dc999715e83a15d9d3ed57ba7ed7f32737187d3a6acc44cb05666516e3902cdfffb8a4df65de27974485b526e1d6a74b00c847a12ac,JE282276,1070163.0,06/28/2021 11:15:00 AM,HOMER GLEN,IL,60491,F,49.0,SAFETY BELT USED,"DEPLOYED, COMBINATION",NONE,NO INDICATION OF INJURY,NONE,NOT OBSCURED,NORMAL,TEST NOT OFFERED,2021,JE282276,06/28/2021 11:15:00 AM,30,TRAFFIC SIGNAL,FUNCTIONING PROPERLY,CLEAR,DAYLIGHT,TURNING,FOUR WAY,STRAIGHT AND LEVEL,DRY,NO DEFECTS,ON SCENE,INJURY AND / OR TOW DUE TO CRASH,Y,Y,"OVER $1,500",06/28/2021 11:22:00 AM,TURNING RIGHT ON RED,FAILING TO YIELD RIGHT-OF-WAY,1700,N,LAKE SHORE DR SB,1814.0,2,NONINCAPACITATING INJURY,1.0,0.0,0.0,1.0,0.0,4.0,0.0,11,2,6,41.912960346,-87.626608335,POINT (-87.626608335477 41.912960346202),2021,675
O1095793,DRIVER,8299e3e567a296527eba3cf331df8f10e73dbc28915d44ce80d08ac48c846a91d233b1f61106f59c46475117bdd4f9e26bd4083adbc94a4ec8ad2ec7419e40b1,JE230681,1039362.0,05/15/2021 06:24:00 AM,CHICAGO,IL,60632,F,22.0,SAFETY BELT USED,NOT APPLICABLE,NONE,NO INDICATION OF INJURY,NONE,NOT OBSCURED,NORMAL,TEST NOT OFFERED,2021,JE230681,05/15/2021 06:24:00 AM,30,STOP SIGN/FLASHER,FUNCTIONING PROPERLY,CLEAR,DAYLIGHT,ANGLE,NOT DIVIDED,STRAIGHT AND LEVEL,UNKNOWN,UNKNOWN,NOT ON SCENE (DESK REPORT),NO INJURY / DRIVE AWAY,Y,Y,"OVER $1,500",05/15/2021 06:45:00 AM,UNABLE TO DETERMINE,UNABLE TO DETERMINE,700,S,CALIFORNIA AVE,1135.0,2,NO INDICATION OF INJURY,0.0,0.0,0.0,0.0,0.0,4.0,0.0,6,7,5,41.872833519000004,-87.69621700799999,POINT (-87.696217008232 41.872833519125),2021,384
O1117855,DRIVER,314413dd0c0c393883340cbf4ffd2424bde2ea800cd28a9691981940736dae64b9f561435f37c322106b2dcdc9de8c58801ba066bb3887bf9b664b9f939b30ec,JE265810,1060324.0,06/14/2021 03:30:00 PM,CHICAGO,IL,60643,F,57.0,SAFETY BELT USED,NOT APPLICABLE,NONE,NO INDICATION OF INJURY,NONE,NOT OBSCURED,NORMAL,TEST NOT OFFERED,2021,JE265810,06/14/2021 03:30:00 PM,35,TRAFFIC SIGNAL,FUNCTIONING PROPERLY,CLEAR,DAYLIGHT,REAR END,FOUR WAY,STRAIGHT AND LEVEL,DRY,NO DEFECTS,NOT ON SCENE (DESK REPORT),NO INJURY / DRIVE AWAY,Y,Y,"OVER $1,500",06/14/2021 04:15:00 PM,UNABLE TO DETERMINE,NOT APPLICABLE,8258,S,ASHLAND AVE,614.0,2,NO INDICATION OF INJURY,0.0,0.0,0.0,0.0,0.0,2.0,0.0,15,2,6,41.743166237,-87.663399665,POINT (-87.663399665309 41.743166237395),2021,930
O1224112,DRIVER,061ad010b74d4b5e6dbc095dcd196fde9554e8f89e568421a9171a9ed583a3120a77ff603f7681b14cd582385b4cfba8a43d8923378dd65b75bf8b22b7d897a7,JE440411,1161612.0,11/10/2021 11:20:00 AM,CHICAGO,IL,60651,F,54.0,SAFETY BELT USED,DID NOT DEPLOY,NONE,"REPORTED, NOT EVIDENT",NONE,NOT OBSCURED,NORMAL,TEST NOT OFFERED,2021,JE440411,11/10/2021 11:20:00 AM,30,STOP SIGN/FLASHER,FUNCTIONING PROPERLY,CLEAR,DAYLIGHT,REAR END,FOUR WAY,STRAIGHT AND LEVEL,DRY,NO DEFECTS,NOT ON SCENE (DESK REPORT),INJURY AND / OR TOW DUE TO CRASH,Y,Y,"OVER $1,500",11/10/2021 11:30:00 AM,FOLLOWING TOO CLOSELY,UNABLE TO DETERMINE,1547,N,KOSTNER AVE,2534.0,3,"REPORTED, NOT EVIDENT",1.0,0.0,0.0,0.0,1.0,2.0,0.0,11,4,11,41.909035535,-87.73617623700001,POINT (-87.736176237087 41.909035534582),2021,680
O1122093,DRIVER,3b7374250fa616f64886e68832018512de3c54be52e42951d7d88f6604f332fb9fc40fe875ac32d24b01ed7d8b4aa77d7d32a55059f7d80764195750e333c5be,JE272407,1064333.0,06/19/2021 02:00:00 AM,CHICAGO,IL,60620,F,31.0,SAFETY BELT USED,"DEPLOYED, SIDE",NONE,NO INDICATION OF INJURY,NONE,NOT OBSCURED,NORMAL,TEST NOT OFFERED,2021,JE272407,06/19/2021 02:00:00 AM,30,TRAFFIC SIGNAL,FUNCTIONING PROPERLY,CLEAR,"DARKNESS, LIGHTED ROAD",TURNING,FOUR WAY,STRAIGHT AND LEVEL,DRY,NO DEFECTS,NOT ON SCENE (DESK REPORT),NO INJURY / DRIVE AWAY,Y,Y,"OVER $1,500",06/19/2021 09:30:00 PM,IMPROPER OVERTAKING/PASSING,NOT APPLICABLE,1600,E,75TH ST,324.0,2,NO INDICATION OF INJURY,0.0,0.0,0.0,0.0,0.0,2.0,0.0,2,7,6,41.758877741,-87.585682441,POINT (-87.585682440932 41.758877741252),2021,120
O1219030,DRIVER,5b9508c3d5a3dbbbfb4e6bfbbbc45c4f195ded36032c33953f5975db69d783eb56d569427a6c2a8340c2c1dddab8ec95f2cbbbd84da01038d072e7ccde93f790,JE431412,1156734.0,11/02/2021 12:59:00 PM,EAST CHICAGO,IN,46312,F,20.0,SAFETY BELT USED,DID NOT DEPLOY,NONE,NO INDICATION OF INJURY,NONE,NOT OBSCURED,NORMAL,TEST NOT OFFERED,2021,JE431412,11/02/2021 12:59:00 PM,45,TRAFFIC SIGNAL,FUNCTIONING PROPERLY,CLEAR,DAYLIGHT,TURNING,T-INTERSECTION,STRAIGHT AND LEVEL,DRY,NO DEFECTS,ON SCENE,NO INJURY / DRIVE AWAY,Y,Y,"OVER $1,500",11/02/2021 01:07:00 PM,IMPROPER TURNING/NO SIGNAL,IMPROPER TURNING/NO SIGNAL,702,S,LAKE SHORE DR E,114.0,2,NO INDICATION OF INJURY,0.0,0.0,0.0,0.0,0.0,3.0,0.0,12,3,11,41.873163927,-87.617227881,POINT (-87.617227881235 41.873163927028),2021,779
O1059730,DRIVER,e248b33613ed86bc68a9c37d41e341e5c9b1b488dc407b1f7e8126003a94e47df24204957b5e57a6704c6f0ddd16d5378084c1438939be5e33415c7767975be5,JE170931,1004956.0,03/16/2021 07:19:00 PM,CHICAGO,IL,60651,M,44.0,USAGE UNKNOWN,"DEPLOYED, COMBINATION",NONE,NO INDICATION OF INJURY,NONE,NOT OBSCURED,NORMAL,TEST NOT OFFERED,2021,JE170931,03/16/2021 07:19:00 PM,30,TRAFFIC SIGNAL,FUNCTIONING PROPERLY,CLEAR,"DARKNESS, LIGHTED ROAD",TURNING,DIVIDED - W/MEDIAN BARRIER,STRAIGHT AND LEVEL,DRY,NO DEFECTS,ON SCENE,INJURY AND / OR TOW DUE TO CRASH,Y,Y,"OVER $1,500",03/16/2021 07:49:00 PM,UNABLE TO DETERMINE,UNABLE TO DETERMINE,301,S,HAMLIN BLVD,1133.0,2,NO INDICATION OF INJURY,0.0,0.0,0.0,0.0,0.0,2.0,0.0,19,3,3,41.877164288,-87.720464263,POINT (-87.720464262986 41.877164288333),2021,1159
O1226561,DRIVER,471a6394674d0501e78ae877426d8b5f1c330781fcc2a98e9041baf0ca2b2fc5c1b5d6d4cdcb7de828c0f877f0dcaba23948aefe1f7e19e08c2801fa26e1fb84,JE444415,1163974.0,11/13/2021 09:30:00 PM,CHICAGO,IL,60613,M,29.0,SAFETY BELT USED,NOT APPLICABLE,NONE,NO INDICATION OF INJURY,NONE,NOT OBSCURED,NORMAL,TEST NOT OFFERED,2021,JE444415,11/13/2021 09:30:00 PM,30,STOP SIGN/FLASHER,FUNCTIONING PROPERLY,UNKNOWN,"DARKNESS, LIGHTED ROAD",ANGLE,DIVIDED - W/MEDIAN BARRIER,STRAIGHT AND LEVEL,WET,NO DEFECTS,ON SCENE,NO INJURY / DRIVE AWAY,Y,Y,"OVER $1,500",11/13/2021 09:42:00 PM,DISREGARDING STOP SIGN,FAILING TO YIELD RIGHT-OF-WAY,1100,S,INDEPENDENCE BLVD,1133.0,2,NO INDICATION OF INJURY,0.0,0.0,0.0,0.0,0.0,3.0,0.0,21,7,11,41.868001985,-87.72032507600001,POINT (-87.720325076072 41.868001985061),2021,1290
O1238934,DRIVER,f72215f49082fd29f95728795ce09a4282a0ca55a38cdd85dc43510961f12f8839c08e24856701ddae1111137e39459b7b27ac5943476c928e46903c10539af9,JE465157,1175868.0,12/03/2021 06:56:00 PM,CHICAGO,IL,60652,F,39.0,SAFETY BELT USED,DID NOT DEPLOY,NONE,NO INDICATION OF INJURY,NONE,NOT OBSCURED,NORMAL,TEST NOT OFFERED,2021,JE465157,12/03/2021 06:56:00 PM,30,STOP SIGN/FLASHER,FUNCTIONING PROPERLY,CLEAR,"DARKNESS, LIGHTED ROAD",TURNING,DIVIDED - W/MEDIAN (NOT RAISED),STRAIGHT AND LEVEL,DRY,NO DEFECTS,ON SCENE,NO INJURY / DRIVE AWAY,Y,Y,"OVER $1,500",12/03/2021 06:57:00 PM,DISREGARDING STOP SIGN,NOT APPLICABLE,8300,S,LAWNDALE AVE,834.0,2,NO INDICATION OF INJURY,0.0,0.0,0.0,0.0,0.0,2.0,0.0,18,6,12,41.742251371,-87.714517304,POINT (-87.714517304252 41.742251371415),2021,1136
O1165323,DRIVER,2efb061c8640557af6e1fe8d26c0815ac76669713a0dc0dfc9dec491b7859d66cf24d8a2ea90e0554fc21afaec24c00b9af4fb12a6d6b2e7267c0e722a427e0d,JE343211,1105426.0,08/19/2021 11:33:00 PM,MERRILLVILLE,IN,46410,F,24.0,USAGE UNKNOWN,DID NOT DEPLOY,NONE,NO INDICATION OF INJURY,NONE,UNKNOWN,NORMAL,TEST NOT OFFERED,2021,JE343211,08/19/2021 11:33:00 PM,30,STOP SIGN/FLASHER,FUNCTIONING PROPERLY,CLEAR,"DARKNESS, LIGHTED ROAD",TURNING,FOUR WAY,STRAIGHT AND LEVEL,DRY,NO DEFECTS,ON SCENE,INJURY AND / OR TOW DUE TO CRASH,Y,Y,"OVER $1,500",08/19/2021 11:50:00 PM,UNABLE TO DETERMINE,NOT APPLICABLE,1699,W,52ND ST,932.0,2,NO INDICATION OF INJURY,0.0,0.0,0.0,0.0,0.0,2.0,0.0,23,5,8,41.799364501,-87.667100536,POINT (-87.667100535508 41.79936450105),2021,1413
O1142355,DRIVER,8c3ba8fc6aa881d074b908e0e947cb74c484ed28664b645b1e0e3a656edfa07e4e5565ec66e45e9c6f0de1d115f7425eff3488cb6e8f4a2651f83b908be7bcf6,JE305329,1083583.0,07/18/2021 04:36:00 AM,CHICAGO,IL,60649,F,26.0,USAGE UNKNOWN,DEPLOYMENT UNKNOWN,NONE,NO INDICATION OF INJURY,UNKNOWN,UNKNOWN,UNKNOWN,TEST NOT OFFERED,2021,JE305329,07/18/2021 04:36:00 AM,30,UNKNOWN,UNKNOWN,CLEAR,DAWN,ANGLE,FOUR WAY,STRAIGHT AND LEVEL,DRY,NO DEFECTS,NOT ON SCENE (DESK REPORT),INJURY AND / OR TOW DUE TO CRASH,Y,Y,"OVER $1,500",07/18/2021 06:05:00 AM,UNABLE TO DETERMINE,NOT APPLICABLE,7445,S,PHILLIPS AVE,334.0,2,NONINCAPACITATING INJURY,2.0,0.0,0.0,2.0,0.0,1.0,0.0,4,1,7,41.759543701,-87.564625984,POINT (-87.564625983803 41.759543700972),2021,276
O1172123,DRIVER,0efc58344e5f3026e0059200deebedd08d8cbfa3e70b32bd66c9a5cbacf7445c0f8e9a3ac673870f2515a14d5962c16bf3084f02150e262bebeaeb20df1f5347,JE354244,1111899.0,08/29/2021 11:40:00 AM,CHICAGO,IL,60637,F,42.0,SAFETY BELT USED,DID NOT DEPLOY,NONE,NO INDICATION OF INJURY,NONE,NOT OBSCURED,NORMAL,TEST NOT OFFERED,2021,JE354244,08/29/2021 11:40:00 AM,30,TRAFFIC SIGNAL,FUNCTIONING PROPERLY,CLEAR,DAYLIGHT,TURNING,OTHER,STRAIGHT AND LEVEL,DRY,NO DEFECTS,ON SCENE,INJURY AND / OR TOW DUE TO CRASH,Y,Y,"OVER $1,500",08/29/2021 02:17:00 PM,UNABLE TO DETERMINE,DRIVING SKILLS/KNOWLEDGE/EXPERIENCE,365,E,63RD ST,312.0,2,NO INDICATION OF INJURY,0.0,0.0,0.0,0.0,0.0,2.0,0.0,11,1,8,41.780115723,-87.61631654700001,POINT (-87.616316546558 41.780115722796),2021,700
O1083530,DRIVER,bf68de483f7d3ee17ae3b48a06efa0fce61fe97ed480cd9d02e886f24851fc989c0ae39e05dee00c840ec57768b09f6dd8d85b8e7971ccc3ef431f30b924bae3,JE211150,1027648.0,04/26/2021 08:15:00 PM,CHICAGO,IL,60615,F,46.0,SAFETY BELT USED,NOT APPLICABLE,NONE,NO INDICATION OF INJURY,NONE,NOT OBSCURED,NORMAL,TEST NOT OFFERED,2021,JE211150,04/26/2021 08:15:00 PM,30,STOP SIGN/FLASHER,FUNCTIONING PROPERLY,CLEAR,"DARKNESS, LIGHTED ROAD",TURNING,FOUR WAY,STRAIGHT AND LEVEL,DRY,NO DEFECTS,NOT ON SCENE (DESK REPORT),NO INJURY / DRIVE AWAY,Y,Y,"OVER $1,500",04/26/2021 09:15:00 PM,FAILING TO YIELD RIGHT-OF-WAY,DISREGARDING STOP SIGN,4900,S,DREXEL BLVD,223.0,2,NO INDICATION OF INJURY,0.0,0.0,0.0,0.0,0.0,2.0,0.0,20,2,4,41.805826564,-87.604440342,POINT (-87.604440341609 41.805826563974),2021,1215
O1231272,DRIVER,22a739d773259242f57c7f2e35475d2d425361325208f65bc3ac7f82a1322658852c70262fda2cadea7c0cd0b6319ca3c3d77f03b1c3da3bdc3bdadd8b5b9029,JE452026,1168481.0,11/20/2021 11:35:00 PM,CHICAGO,IL,60632,M,61.0,NONE PRESENT,DID NOT DEPLOY,NONE,NONINCAPACITATING INJURY,NONE,NOT OBSCURED,NORMAL,TEST NOT OFFERED,2021,JE452026,11/20/2021 11:35:00 PM,30,STOP SIGN/FLASHER,FUNCTIONING PROPERLY,CLEAR,"DARKNESS, LIGHTED ROAD",ANGLE,NOT REPORTED,STRAIGHT AND LEVEL,DRY,NO DEFECTS,ON SCENE,INJURY AND / OR TOW DUE TO CRASH,Y,Y,"OVER $1,500",11/20/2021 11:35:00 PM,DRIVING ON WRONG SIDE/WRONG WAY,NOT APPLICABLE,5359,S,CALIFORNIA AVE,923.0,2,NONINCAPACITATING INJURY,1.0,0.0,0.0,1.0,0.0,1.0,0.0,23,7,11,41.795608733,-87.69370298,POINT (-87.693702979789 41.795608732625),2021,1415
O1037475,DRIVER,f3203ea90e6d61c084a5d024fc8b955c4d0d687f0c5c9c873d531fdbfbc33be55a81f90a341898c8f2223c092fea2ee1df1c5ad5da99ceba2b8d3a0eab46727a,JE134729,983401.0,02/06/2021 10:13:00 PM,DES PLLAINES,IL,60018,M,50.0,USAGE UNKNOWN,DID NOT DEPLOY,NONE,INCAPACITATING INJURY,NONE,UNKNOWN,NORMAL,TEST NOT OFFERED,2021,JE134729,02/06/2021 10:13:00 PM,30,TRAFFIC SIGNAL,FUNCTIONING PROPERLY,SNOW,"DARKNESS, LIGHTED ROAD",ANGLE,FOUR WAY,STRAIGHT AND LEVEL,SNOW OR SLUSH,UNKNOWN,ON SCENE,INJURY AND / OR TOW DUE TO CRASH,Y,Y,"OVER $1,500",02/06/2021 10:13:00 PM,DISREGARDING TRAFFIC SIGNALS,DRIVING SKILLS/KNOWLEDGE/EXPERIENCE,225,W,WASHINGTON ST,122.0,2,INCAPACITATING INJURY,2.0,0.0,2.0,0.0,0.0,4.0,0.0,22,7,2,41.883099158,-87.63460036299999,POINT (-87.634600363173 41.883099157823),2021,1333
O1077903,DRIVER,0c0820891501a364f4ea32b8c4fd4e94c7a3682a15c0e5bfe6533d17c83d71c1d1c19789d7c185bc24a3f3a7c8a1aad18060334e2ea1d1ff36524f96d3b24c1f,JE201759,1022250.0,04/17/2021 03:00:00 AM,CHICAGO,IL,60639,M,26.0,SAFETY BELT USED,"DEPLOYED, FRONT",NONE,NO INDICATION OF INJURY,NONE,NOT OBSCURED,NORMAL,TEST NOT OFFERED,2021,JE201759,04/17/2021 03:00:00 AM,30,TRAFFIC SIGNAL,FUNCTIONING PROPERLY,CLEAR,"DARKNESS, LIGHTED ROAD",ANGLE,NOT DIVIDED,STRAIGHT AND LEVEL,DRY,NO DEFECTS,ON SCENE,INJURY AND / OR TOW DUE TO CRASH,Y,Y,"OVER $1,500",04/17/2021 03:12:00 AM,DISREGARDING TRAFFIC SIGNALS,UNABLE TO DETERMINE,5199,W,LAKE ST,1532.0,2,NO INDICATION OF INJURY,0.0,0.0,0.0,0.0,0.0,2.0,0.0,3,7,4,41.887083876999995,-87.755218774,POINT (-87.755218774228 41.88708387666),2021,180