PERSON_ID,PERSON_TYPE,CRASH_RECORD_ID,RD_NO_x,VEHICLE_ID,CRASH_DATE_x,CITY,STATE,ZIPCODE,SEX,AGE,SAFETY_EQUIPMENT,AIRBAG_DEPLOYED,EJECTION,INJURY_CLASSIFICATION,DRIVER_ACTION,DRIVER_VISION,PHYSICAL_CONDITION,BAC_RESULT,CRASH_YEAR_x,RD_NO_y,CRASH_DATE_y,POSTED_SPEED_LIMIT,TRAFFIC_CONTROL_DEVICE,DEVICE_CONDITION,WEATHER_CONDITION,LIGHTING_CONDITION,FIRST_CRASH_TYPE,TRAFFICWAY_TYPE,ALIGNMENT,ROADWAY_SURFACE_COND,ROAD_DEFECT,REPORT_TYPE,CRASH_TYPE,INTERSECTION_RELATED_I,HIT_AND_RUN_I,DAMAGE,DATE_POLICE_NOTIFIED,PRIM_CONTRIBUTORY_CAUSE,SEC_CONTRIBUTORY_CAUSE,STREET_NO,STREET_DIRECTION,STREET_NAME,BEAT_OF_OCCURRENCE,NUM_UNITS,MOST_SEVERE_INJURY,INJURIES_TOTAL,INJURIES_FATAL,INJURIES_INCAPACITATING,INJURIES_NON_INCAPACITATING,INJURIES_REPORTED_NOT_EVIDENT,INJURIES_NO_INDICATION,INJURIES_UNKNOWN,CRASH_HOUR,CRASH_DAY_OF_WEEK,CRASH_MONTH,LATITUDE,LONGITUDE,LOCATION,CRASH_YEAR_y,TIME
O1093378,DRIVER,eb3913866bd956cce7e8e1278b265f89fb4aa90d7cd0058f6722364da5dcf24bd7b91eda43b14513a0129f260e93031de2ecc68e6bfb406cabe314e5304d3ae9,JE226841,1037044.0,05/11/2021 02:50:00 PM,CHICAGO,IL,60628,F,27.0,SAFETY BELT USED,DID NOT DEPLOY,NONE,NO INDICATION OF INJURY,NONE,NOT OBSCURED,NORMAL,TEST NOT OFFERED,2021,JE226841,05/11/2021 02:50:00 PM,30,TRAFFIC SIGNAL,FUNCTIONING PROPERLY,CLEAR,DAYLIGHT,REAR TO FRONT,FOUR WAY,STRAIGHT AND LEVEL,DRY,NO DEFECTS,NOT ON SCENE (DESK REPORT),NO INJURY / DRIVE AWAY,Y,Y,"OVER $1,500",05/11/2021 03:40:00 PM,UNABLE TO DETERMINE,NOT APPLICABLE,630,W,DIVISION ST,1822.0,2,NO INDICATION OF INJURY,0.0,0.0,0.0,0.0,0.0,2.0,0.0,14,3,5,41.90380378,-87.644563747,POINT (-87.64456374717 41.903803780396),2021,890
O1069957,DRIVER,2d3b1aa24ffa9d50f54f390b19f45f40ee9e279efb889a3281b09b874afe7570cafd352328cfa9d0cd185fc2f3578268829059aeb77b055e5e73c3fec3bc0564,JE188312,1014672.0,04/01/2021 09:00:00 AM,CHICAGO,IL,60643,M,38.0,SAFETY BELT USED,DID NOT DEPLOY,NONE,NO INDICATION OF INJURY,NONE,NOT OBSCURED,NORMAL,TEST NOT OFFERED,2021,JE188312,04/01/2021 09:00:00 AM,30,TRAFFIC SIGNAL,FUNCTIONING PROPERLY,CLEAR,DAYLIGHT,SIDESWIPE SAME DIRECTION,FOUR WAY,STRAIGHT ON GRADE,DRY,UNKNOWN,NOT ON SCENE (DESK REPORT),NO INJURY / DRIVE AWAY,Y,Y,"$501 - $1,500",04/03/2021 03:15:00 PM,DRIVING SKILLS/KNOWLEDGE/EXPERIENCE,NOT APPLICABLE,2373,E,79TH ST,414.0,2,NO INDICATION OF INJURY,0.0,0.0,0.0,0.0,0.0,2.0,0.0,9,5,4,41.751617349,-87.56629086299999,POINT (-87.566290863083 41.751617349462),2021,540
O1068903,DRIVER,726742b65681f71be730ee5fc7aa3cf1ffaa41ecfc4f90634a7f3acb7ccd354eda9176b7dc23c20b8d3e6acd0a3dd7265a53b213978493b47b69bcb5c6185cdb,JE186546,1013684.0,04/01/2021 06:00:00 PM,CHICAGO,IL,60636,F,26.0,USAGE UNKNOWN,DID NOT DEPLOY,UNKNOWN,NO INDICATION OF INJURY,NONE,UNKNOWN,NORMAL,TEST NOT OFFERED,2021,JE186546,04/01/2021 06:00:00 PM,30,UNKNOWN,UNKNOWN,CLEAR,DAYLIGHT,TURNING,FOUR WAY,STRAIGHT AND LEVEL,DRY,NO DEFECTS,NOT ON SCENE (DESK REPORT),NO INJURY / DRIVE AWAY,Y,Y,"OVER $1,500",04/01/2021 06:27:00 PM,DISREGARDING TRAFFIC SIGNALS,NOT APPLICABLE,2000,W,83RD ST,614.0,2,NO INDICATION OF INJURY,0.0,0.0,0.0,0.0,0.0,2.0,0.0,18,5,4,41.743052294,-87.67302748899999,POINT (-87.673027488782 41.743052294022),2021,1080
O1127325,DRIVER,03de0a50f258f46831eb10cf06f43ee6c33c515aa82632bf9427c9e0e227d756bbb132065657d66189fccefe86d435f8c1f09b469c897ac4a8755844ec26cb8e,JE280877,1069333.0,06/27/2021 03:25:00 AM,CHICAGO,IL,60623,M,32.0,HELMET NOT USED,NOT APPLICABLE,TOTALLY EJECTED,NONINCAPACITATING INJURY,OTHER,NOT OBSCURED,NORMAL,TEST NOT OFFERED,2021,JE280877,06/27/2021 03:25:00 AM,30,TRAFFIC SIGNAL,FUNCTIONING PROPERLY,CLEAR,"DARKNESS, LIGHTED ROAD",TURNING,FOUR WAY,STRAIGHT AND LEVEL,WET,NO DEFECTS,ON SCENE,INJURY AND / OR TOW DUE TO CRASH,Y,Y,"OVER $1,500",06/27/2021 03:27:00 AM,FAILING TO YIELD RIGHT-OF-WAY,UNABLE TO DETERMINE,800,W,ROOSEVELT RD,1232.0,2,NONINCAPACITATING INJURY,1.0,0.0,0.0,1.0,0.0,1.0,0.0,3,1,6,41.867263098,-87.646972686,POINT (-87.646972686016 41.867263098369),2021,205
O1097617,DRIVER,b87c801679c4796149815f065d45e8902922b3e04a71e231dbc470c1fd332b7b89f17cf18403a0e0497974c3a0da569e6d3c24757f9ba139092c8e464e8a727b,JE233789,1041113.0,05/18/2021 07:10:00 AM,CHICAGO,IL,60620,F,64.0,SAFETY BELT USED,"DEPLOYED, SIDE",NONE,NO INDICATION OF INJURY,NONE,NOT OBSCURED,NORMAL,TEST NOT OFFERED,2021,JE233789,05/18/2021 07:10:00 AM,30,TRAFFIC SIGNAL,FUNCTIONING PROPERLY,CLEAR,DAYLIGHT,ANGLE,FOUR WAY,STRAIGHT AND LEVEL,DRY,UNKNOWN,ON SCENE,INJURY AND / OR TOW DUE TO CRASH,Y,Y,"OVER $1,500",05/18/2021 07:30:00 AM,DISREGARDING TRAFFIC SIGNALS,NOT APPLICABLE,7300,S,RACINE AVE,734.0,2,NO INDICATION OF INJURY,0.0,0.0,0.0,0.0,0.0,2.0,0.0,7,3,5,41.761369171999995,-87.65416583,POINT (-87.6541658301 41.761369171548),2021,430
O1133740,DRIVER,74a251f346e963153808bf2044c2cc8429557bd5bc77b3817bf07c529af1fbf6daf10fbb8dc1b0256c20553eaddb2b404429fbf4d7575d27c11225cb37277f5e,JE291368,1075396.0,07/04/2021 02:30:00 PM,CHICAGO,IL,60628,F,58.0,SAFETY BELT USED,DEPLOYMENT UNKNOWN,NONE,NO INDICATION OF INJURY,UNKNOWN,UNKNOWN,UNKNOWN,TEST NOT OFFERED,2021,JE291368,07/04/2021 02:30:00 PM,30,STOP SIGN/FLASHER,UNKNOWN,UNKNOWN,UNKNOWN,ANGLE,FOUR WAY,STRAIGHT AND LEVEL,UNKNOWN,UNKNOWN,NOT ON SCENE (DESK REPORT),INJURY AND / OR TOW DUE TO CRASH,Y,Y,"OVER $1,500",07/05/2021 08:40:00 PM,UNABLE TO DETERMINE,NOT APPLICABLE,2432,E,91ST ST,423.0,2,NO INDICATION OF INJURY,0.0,0.0,0.0,0.0,0.0,2.0,0.0,14,1,7,41.730017694000004,-87.564545649,POINT (-87.56454564902 41.730017693932),2021,870
O1244295,DRIVER,31a127f963f1a642626131ddc1165e8b007b42b5c89319cd08e26ba863161baf45dc49a65f400d48a703630a7c55325000438493b02e95ea057ca32977ca0ec4,JE474013,1180981.0,12/11/2021 03:50:00 PM,CHICAGO,IL,60629,F,53.0,SAFETY BELT USED,DID NOT DEPLOY,NONE,NO INDICATION OF INJURY,NONE,NOT OBSCURED,NORMAL,TEST NOT OFFERED,2021,JE474013,12/11/2021 03:50:00 PM,30,TRAFFIC SIGNAL,FUNCTIONING PROPERLY,CLEAR,DAYLIGHT,SIDESWIPE SAME DIRECTION,CENTER TURN LANE,STRAIGHT AND LEVEL,DRY,NO DEFECTS,ON SCENE,NO INJURY / DRIVE AWAY,Y,Y,"$501 - $1,500",12/11/2021 03:53:00 PM,IMPROPER OVERTAKING/PASSING,UNABLE TO DETERMINE,7109,S,PULASKI RD,833.0,2,NO INDICATION OF INJURY,0.0,0.0,0.0,0.0,0.0,2.0,0.0,15,7,12,41.763787613000005,-87.722200123,POINT (-87.722200123158 41.763787612504),2021,950
O1100178,DRIVER,e51d6796e9db4d5ec8a887e646f9b46db0b5685d05c7ce56fbdecd000150a2d6454a53fd2e1725101d830b3947a474947dcf6626678947a3517cda97479682dc,JE238111,1043563.0,05/21/2021 10:24:00 PM,CHICAGO,IL,60625,F,32.0,SAFETY BELT USED,NOT APPLICABLE,NONE,NO INDICATION OF INJURY,OTHER,NOT OBSCURED,NORMAL,TEST NOT OFFERED,2021,JE238111,05/21/2021 10:24:00 PM,30,TRAFFIC SIGNAL,FUNCTIONING PROPERLY,CLEAR,"DARKNESS, LIGHTED ROAD",SIDESWIPE SAME DIRECTION,DIVIDED - W/MEDIAN (NOT RAISED),STRAIGHT AND LEVEL,DRY,NO DEFECTS,ON SCENE,NO INJURY / DRIVE AWAY,N,Y,"$501 - $1,500",05/21/2021 10:50:00 PM,UNABLE TO DETERMINE,NOT APPLICABLE,4001,W,PETERSON AVE,1711.0,3,NO INDICATION OF INJURY,0.0,0.0,0.0,0.0,0.0,3.0,0.0,22,6,5,41.990024694,-87.72870887100001,POINT (-87.728708871015 41.990024694008),2021,1344
O1039450,DRIVER,dff9e807e3a07713c4e239a0c20802004972ff2845f93c1b27d8fa914038c79d754fb55609083404159cdb4fa02323cffdec41fa0b2f025acae10525c750699c,JE137270,985310.0,02/09/2021 06:25:00 PM,CHICAGO,IL,60620,M,20.0,SAFETY BELT NOT USED,DID NOT DEPLOY,NONE,NONINCAPACITATING INJURY,UNKNOWN,UNKNOWN,NORMAL,TEST NOT OFFERED,2021,JE137270,02/09/2021 06:25:00 PM,20,STOP SIGN/FLASHER,FUNCTIONING PROPERLY,SNOW,"DARKNESS, LIGHTED ROAD",ANGLE,FOUR WAY,STRAIGHT AND LEVEL,SNOW OR SLUSH,NO DEFECTS,ON SCENE,INJURY AND / OR TOW DUE TO CRASH,Y,Y,"OVER $1,500",02/09/2021 06:29:00 PM,DISREGARDING STOP SIGN,DISREGARDING STOP SIGN,8200,S,DR MARTIN LUTHER KING JR DR,631.0,2,NONINCAPACITATING INJURY,1.0,0.0,0.0,1.0,0.0,1.0,0.0,18,3,2,41.745543872,-87.614962965,POINT (-87.614962965114 41.745543872257),2021,1105
O1023700,DRIVER,e7f888d5f55f7db99d7ba22c330662829ec40fcbb84636a72f20a3f58d415e743a05f9bc66ef4ab2aac532bd02064b49b3e32dc5fefba4c3f66dc3b6a7043ece,JE111325,970242.0,01/13/2021 06:01:00 AM,CHICAGO,IL,60639,F,41.0,SAFETY BELT USED,DID NOT DEPLOY,NONE,NO INDICATION OF INJURY,OTHER,NOT OBSCURED,NORMAL,TEST NOT OFFERED,2021,JE111325,01/13/2021 06:01:00 AM,30,STOP SIGN/FLASHER,FUNCTIONING PROPERLY,CLEAR,DARKNESS,ANGLE,T-INTERSECTION,STRAIGHT AND LEVEL,DRY,NO DEFECTS,ON SCENE,NO INJURY / DRIVE AWAY,Y,Y,"OVER $1,500",01/13/2021 07:16:00 AM,FAILING TO YIELD RIGHT-OF-WAY,NOT APPLICABLE,3051,N,AUSTIN AVE,2514.0,2,NO INDICATION OF INJURY,0.0,0.0,0.0,0.0,0.0,2.0,0.0,6,4,1,41.936344305,-87.77599560799999,POINT (-87.775995608116 41.936344304741),2021,361
O1229586,DRIVER,b39b8b181dc408b557011f34decd92ef19a0cb232230857cc013e0ab90da13e7115780cb2086f617b18d6db41070e1af886defa5d27eff0c7481970befeb3e9f,JE449435,1166851.0,11/18/2021 01:20:00 PM,CHICAGO,IL,60626,M,38.0,SAFETY BELT USED,DID NOT DEPLOY,NONE,NO INDICATION OF INJURY,OTHER,UNKNOWN,NORMAL,TEST REFUSED,2021,JE449435,11/18/2021 01:20:00 PM,30,TRAFFIC SIGNAL,FUNCTIONING PROPERLY,CLEAR,DAYLIGHT,TURNING,T-INTERSECTION,STRAIGHT AND LEVEL,DRY,NO DEFECTS,NOT ON SCENE (DESK REPORT),NO INJURY / DRIVE AWAY,Y,Y,"$501 - $1,500",11/18/2021 03:30:00 PM,UNABLE TO DETERMINE,NOT APPLICABLE,102,W,DIVISION ST,1821.0,2,NO INDICATION OF INJURY,0.0,0.0,0.0,0.0,0.0,2.0,0.0,13,5,11,41.904007749,-87.631610845,POINT (-87.631610844945 41.904007749058),2021,800
O1187474,DRIVER,dcfae687b66f8be379cc143794ce2386b1c78ea25a97f63cc37c6cec6dfd02399972f3a2e8de113ec55ad586e12a8d73c9f9aca9885ed98ab7be28ba9aa7897a,JE379670,1126584.0,09/18/2021 11:30:00 PM,CHICAGO,IL,60651,M,20.0,SAFETY BELT USED,DID NOT DEPLOY,NONE,NO INDICATION OF INJURY,UNKNOWN,NOT OBSCURED,UNKNOWN,TEST NOT OFFERED,2021,JE379670,09/18/2021 11:30:00 PM,25,TRAFFIC SIGNAL,FUNCTIONING PROPERLY,CLEAR,"DARKNESS, LIGHTED ROAD",REAR END,ONE-WAY,STRAIGHT AND LEVEL,DRY,NO DEFECTS,NOT ON SCENE (DESK REPORT),INJURY AND / OR TOW DUE TO CRASH,Y,Y,"OVER $1,500",09/19/2021 02:45:00 PM,UNABLE TO DETERMINE,NOT APPLICABLE,299,N,KARLOV AVE,1114.0,2,NO INDICATION OF INJURY,0.0,0.0,0.0,0.0,0.0,4.0,0.0,23,7,9,41.88555393,-87.728115602,POINT (-87.728115602274 41.885553929536),2021,1410
O1018625,DRIVER,3d1f0983873e706e9335e213e8f6c959524b756174abb9ebd660cf286916c824e751607ead9829e0dd19639a04e9fe4c05a56c8bfcbc908c93a19f1a2c4a205c,JE101274,965471.0,01/02/2021 12:30:00 PM,EVANSTON,IL,60202,F,41.0,SAFETY BELT USED,DID NOT DEPLOY,NONE,NO INDICATION OF INJURY,NONE,NOT OBSCURED,NORMAL,TEST NOT OFFERED,2021,JE101274,01/02/2021 12:30:00 PM,35,TRAFFIC SIGNAL,FUNCTIONING PROPERLY,CLEAR,DAYLIGHT,REAR END,DIVIDED - W/MEDIAN (NOT RAISED),STRAIGHT AND LEVEL,WET,NO DEFECTS,ON SCENE,NO INJURY / DRIVE AWAY,Y,Y,"OVER $1,500",01/02/2021 01:04:00 PM,FOLLOWING TOO CLOSELY,UNABLE TO DETERMINE,298,S,LAKE SHORE DR SB,114.0,3,NO INDICATION OF INJURY,0.0,0.0,0.0,0.0,0.0,7.0,0.0,12,7,1,41.878437453000004,-87.61757918100001,POINT (-87.6175791807 41.878437452526),2021,750
O1118183,DRIVER,bf2e2ae72e173b45cb0037f08cdbcb769a3bb9972544c63fe4e0fa5d8e4a79c223d8010e13b339b637ec7d3563a7fee9dbb8b11598b4de568965de84cc12e8d6,JE266293,1060636.0,06/14/2021 09:15:00 PM,CHICAGO,IL,60639,M,24.0,SAFETY BELT USED,NOT APPLICABLE,NONE,NO INDICATION OF INJURY,NONE,NOT OBSCURED,NORMAL,TEST NOT OFFERED,2021,JE266293,06/14/2021 09:15:00 PM,30,TRAFFIC SIGNAL,UNKNOWN,CLEAR,"DARKNESS, LIGHTED ROAD",SIDESWIPE SAME DIRECTION,NOT DIVIDED,STRAIGHT AND LEVEL,DRY,UNKNOWN,NOT ON SCENE (DESK REPORT),NO INJURY / DRIVE AWAY,Y,Y,"$501 - $1,500",06/14/2021 10:15:00 PM,IMPROPER OVERTAKING/PASSING,NOT APPLICABLE,2775,N,CENTRAL AVE,2514.0,2,NO INDICATION OF INJURY,0.0,0.0,0.0,0.0,0.0,2.0,0.0,21,2,6,41.931234553,-87.766097825,POINT (-87.76609782463 41.931234552822),2021,1275
O1135358,DRIVER,b782e82721c0f03df847ca4c6c8e01f4b4196599cab349e0dfa0d0a116a4b1840d9104da9050c328ef82bcf53f446b08e8004dc6a3e9c9a6e0cb58fcb74c1a79,JE294007,1076916.0,07/07/2021 02:50:00 PM,CHICAGO,IL,60652,M,33.0,USAGE UNKNOWN,NOT APPLICABLE,NONE,NO INDICATION OF INJURY,NONE,NOT OBSCURED,NORMAL,TEST NOT OFFERED,2021,JE294007,07/07/2021 02:50:00 PM,30,NO CONTROLS,NO CONTROLS,CLEAR,DAYLIGHT,TURNING,NOT DIVIDED,STRAIGHT AND LEVEL,DRY,NO DEFECTS,NOT ON SCENE (DESK REPORT),NO INJURY / DRIVE AWAY,Y,Y,"$501 - $1,500",07/07/2021 10:50:00 PM,IMPROPER TURNING/NO SIGNAL,NOT APPLICABLE,5158,W,47TH ST,814.0,2,NO INDICATION OF INJURY,0.0,0.0,0.0,0.0,0.0,2.0,0.0,14,4,7,41.807604223,-87.75287577,POINT (-87.752875769697 41.807604222757),2021,890
O1024056,DRIVER,435f28e2ab6375c74ab7884bd83ac946f6e174954e1d7cd05bd4757986fdb1696b136a28bb8993d86b5d498a6d3b69ebf83fd97dfbb3e49818eefffcddcacaae,JE111967,970569.0,01/13/2021 07:45:00 PM,CHCIAGO,IL,60621,F,29.0,SAFETY BELT USED,"DEPLOYED, SIDE",NONE,"REPORTED, NOT EVIDENT",NONE,NOT OBSCURED,NORMAL,TEST NOT OFFERED,2021,JE111967,01/13/2021 07:45:00 PM,30,TRAFFIC SIGNAL,FUNCTIONING PROPERLY,CLEAR,"DARKNESS, LIGHTED ROAD",TURNING,NOT DIVIDED,STRAIGHT AND LEVEL,DRY,NO DEFECTS,ON SCENE,INJURY AND / OR TOW DUE TO CRASH,Y,Y,"OVER $1,500",01/13/2021 07:49:00 PM,IMPROPER TURNING/NO SIGNAL,NOT APPLICABLE,7400,S,DAMEN AVE,735.0,2,"REPORTED, NOT EVIDENT",1.0,0.0,0.0,0.0,1.0,1.0,0.0,19,4,1,41.759239025,-87.67353683200001,POINT (-87.673536832185 41.759239025043),2021,1185
O1157256,DRIVER,09c62d510ca8d9b9b1080091687637ff120f674daedf828f4cf73da6c91c7cce64d5003f311ae4726988f3184436b92d8921bd10e254bddc892e13eb14fa4da5,JE330021,1097754.0,08/07/2021 11:10:00 PM,CHICAGO,IL,60643,F,30.0,SAFETY BELT USED,NOT APPLICABLE,NONE,NO INDICATION OF INJURY,NONE,NOT OBSCURED,NORMAL,TEST NOT OFFERED,2021,JE330021,08/07/2021 11:10:00 PM,30,TRAFFIC SIGNAL,FUNCTIONING PROPERLY,CLEAR,"DARKNESS, LIGHTED ROAD",ANGLE,FOUR WAY,STRAIGHT AND LEVEL,DRY,NO DEFECTS,ON SCENE,INJURY AND / OR TOW DUE TO CRASH,Y,Y,"OVER $1,500",08/07/2021 11:15:00 PM,DISREGARDING TRAFFIC SIGNALS,NOT APPLICABLE,12700,S,HALSTED ST,523.0,2,NO INDICATION OF INJURY,0.0,0.0,0.0,0.0,0.0,3.0,0.0,23,7,8,41.663182101,-87.641565265,POINT (-87.641565265157 41.663182101231),2021,1390
O1237785,DRIVER,1551fa0140921611c2e718faecac44263e4bcae87ba647caaee249298784b6d88b87a9cc0e87dd124f032e39cf0d97dd88b7085f917eed62017e00fcd3163e7f,JE462404,1174781.0,12/01/2021 12:30:00 PM,CHICAGO,IL,60615,F,27.0,SAFETY BELT USED,DID NOT DEPLOY,NONE,NO INDICATION OF INJURY,NONE,NOT OBSCURED,NORMAL,TEST NOT OFFERED,2021,JE462404,12/01/2021 12:30:00 PM,35,TRAFFIC SIGNAL,FUNCTIONING PROPERLY,CLEAR,DAYLIGHT,TURNING,FOUR WAY,STRAIGHT AND LEVEL,DRY,NO DEFECTS,ON SCENE,NO INJURY / DRIVE AWAY,Y,Y,"$501 - $1,500",12/01/2021 12:40:00 PM,IMPROPER OVERTAKING/PASSING,IMPROPER LANE USAGE,5501,S,STATE ST,225.0,2,NO INDICATION OF INJURY,0.0,0.0,0.0,0.0,0.0,2.0,0.0,12,4,12,41.794229728000005,-87.62554271100001,POINT (-87.625542710987 41.794229727661),2021,750
O1124144,DRIVER,1b07a7e0f5a285f2fc8fd0a509f28af04f3a4ce0b0960f6b17101a8dacb363c79da40b3e39dcad00d6b0ea96fecdbfb6458b4995e920732b02b3ad0f5c5081c4,JE275840,1066282.0,06/22/2021 04:11:00 PM,BURR RIDGE,IL,60527,M,65.0,SAFETY BELT USED,DID NOT DEPLOY,NONE,NO INDICATION OF INJURY,NONE,NOT OBSCURED,NORMAL,TEST NOT OFFERED,2021,JE275840,06/22/2021 04:11:00 PM,30,TRAFFIC SIGNAL,FUNCTIONING PROPERLY,CLEAR,DAYLIGHT,SIDESWIPE SAME DIRECTION,DIVIDED - W/MEDIAN (NOT RAISED),STRAIGHT AND LEVEL,DRY,NO DEFECTS,NOT ON SCENE (DESK REPORT),NO INJURY / DRIVE AWAY,Y,Y,"OVER $1,500",06/22/2021 04:53:00 PM,IMPROPER LANE USAGE,FAILING TO YIELD RIGHT-OF-WAY,7600,S,VERNON AVE,624.0,2,NO INDICATION OF INJURY,0.0,0.0,0.0,0.0,0.0,2.0,0.0,16,3,6,41.756511985,-87.61398686700001,POINT (-87.613986867095 41.756511985381),2021,971
O1178499,DRIVER,c8a57d52870fbc297be41d275c1335bf8cc30564bd0cb4649a3857c56e6c4a71a8a50290f97949b98c5f48f6b6e482fb2102bb10815a46ea783926d2b9838fd8,JE364857,1118026.0,09/07/2021 01:51:00 PM,CHICAGO,IL,60612,F,25.0,SAFETY BELT USED,"DEPLOYED, SIDE",NONE,NONINCAPACITATING INJURY,UNKNOWN,UNKNOWN,NORMAL,TEST NOT OFFERED,2021,JE364857,09/07/2021 01:51:00 PM,30,TRAFFIC SIGNAL,FUNCTIONING PROPERLY,CLEAR,DAYLIGHT,TURNING,T-INTERSECTION,STRAIGHT AND LEVEL,DRY,NO DEFECTS,ON SCENE,INJURY AND / OR TOW DUE TO CRASH,Y,Y,"OVER $1,500",09/07/2021 03:11:00 PM,UNABLE TO DETERMINE,NOT APPLICABLE,34,N,WESTERN AVE,1222.0,2,NONINCAPACITATING INJURY,1.0,0.0,0.0,1.0,0.0,1.0,0.0,13,3,9,41.882127728,-87.686605939,POINT (-87.686605939074 41.882127727678),2021,831
O1119033,DRIVER,3fcb80d37fad9d5f94194feb1388b4d8b6ffa4b1765456ffa189749f774de1f3b4e25f2caabe35730a31c5c1b881b4ba022843dac34bd9a8b162864a1d1551c4,JE267694,1061434.0,06/16/2021 06:01:00 AM,CHICAGO,IL,60609,M,22.0,USAGE UNKNOWN,DID NOT DEPLOY,NONE,NO INDICATION OF INJURY,NONE,NOT OBSCURED,NORMAL,TEST NOT OFFERED,2021,JE267694,06/16/2021 06:01:00 AM,30,STOP SIGN/FLASHER,FUNCTIONING PROPERLY,CLEAR,DAYLIGHT,REAR END,FOUR WAY,STRAIGHT AND LEVEL,DRY,NO DEFECTS,ON SCENE,NO INJURY / DRIVE AWAY,Y,Y,"$501 - $1,500",06/16/2021 06:03:00 AM,FOLLOWING TOO CLOSELY,FAILING TO REDUCE SPEED TO AVOID CRASH,4900,S,MORGAN ST,933.0,2,NO INDICATION OF INJURY,0.0,0.0,0.0,0.0,0.0,2.0,0.0,6,4,6,41.805054554,-87.65043788,POINT (-87.650437880025 41.805054554128),2021,361
O1231302,DRIVER,4567d7a328f972709f4a074e839875ee33ee267b70e86afe1b7692037bccce1f3620f3181b25ba4a527020cc247c853fd2c7fb5b8cd705c88809153fa6f99b92,JE452104,1168512.0,11/21/2021 01:27:00 AM,CHICAGO,IL,60639,F,42.0,SAFETY BELT USED,DID NOT DEPLOY,NONE,NO INDICATION OF INJURY,NONE,NOT OBSCURED,NORMAL,TEST NOT OFFERED,2021,JE452104,11/21/2021 01:27:00 AM,30,NO CONTROLS,NO CONTROLS,CLEAR,"DARKNESS, LIGHTED ROAD",SIDESWIPE SAME DIRECTION,NOT DIVIDED,STRAIGHT AND LEVEL,DRY,NO DEFECTS,ON SCENE,NO INJURY / DRIVE AWAY,Y,Y,"OVER $1,500",11/21/2021 01:29:00 AM,UNABLE TO DETERMINE,UNABLE TO DETERMINE,6498,W,HIGGINS AVE,1613.0,3,NO INDICATION OF INJURY,0.0,0.0,0.0,0.0,0.0,5.0,0.0,1,1,11,41.977146035,-87.79015351700001,POINT (-87.790153516937 41.977146034923),2021,87
O1079314,DRIVER,92a5ca0a98dee9671190113762ff7809c2135544f02d7980987fb94aa7cf31de31b38d81cd080b202b372cca1c14d04c3e70408f867c7a1f30b96a6339a6c6ea,JE204078,1023618.0,04/19/2021 04:30:00 PM,CHICAGO,IL,60623,M,33.0,SAFETY BELT USED,DID NOT DEPLOY,NONE,NO INDICATION OF INJURY,NONE,NOT OBSCURED,NORMAL,TEST NOT OFFERED,2021,JE204078,04/19/2021 04:30:00 PM,30,STOP SIGN/FLASHER,NO CONTROLS,CLEAR,DAYLIGHT,TURNING,FOUR WAY,STRAIGHT AND LEVEL,DRY,NO DEFECTS,ON SCENE,INJURY AND / OR TOW DUE TO CRASH,Y,Y,"OVER $1,500",04/19/2021 04:33:00 PM,IMPROPER TURNING/NO SIGNAL,DRIVING SKILLS/KNOWLEDGE/EXPERIENCE,3001,S,KEDZIE AVE,1033.0,2,NO INDICATION OF INJURY,0.0,0.0,0.0,0.0,0.0,2.0,0.0,16,2,4,41.838968219,-87.70472442399999,POINT (-87.704724423511 41.838968219323),2021,990
O1174133,DRIVER,d5efd9dfd16194fb30bfbb38348aa2b0dacd94a4cd0c7edee7a203e6cdc511f31ef8aaf9238c581212c7df639bc47d14d81edf809d5d517daed36d6659ed2ebe,JE357480,1113828.0,09/01/2021 07:40:00 AM,CHICAGO,IL,60638,F,27.0,SAFETY BELT USED,DID NOT DEPLOY,NONE,NO INDICATION OF INJURY,NONE,NOT OBSCURED,NORMAL,TEST NOT OFFERED,2021,JE357480,09/01/2021 07:40:00 AM,20,STOP SIGN/FLASHER,FUNCTIONING PROPERLY,CLEAR,DAYLIGHT,ANGLE,FOUR WAY,STRAIGHT AND LEVEL,DRY,NO DEFECTS,ON SCENE,NO INJURY / DRIVE AWAY,Y,Y,"$501 - $1,500",09/01/2021 07:41:00 AM,UNABLE TO DETERMINE,UNABLE TO DETERMINE,5300,S,TRIPP AVE,815.0,2,NO INDICATION OF INJURY,0.0,0.0,0.0,0.0,0.0,2.0,0.0,7,4,9,41.796725216,-87.729536292,POINT (-87.729536291557 41.796725215656),2021,460
O1167134,DRIVER,74e2205dad925c091bd0c45d683e24c9c1bb196163f0e6bacd5629dd5097f2467586d1e0f0523be57ee2e45097954497c3361e7d0c56dcb2ffd6c4de3ba69a2b,JE346051,1107134.0,08/22/2021 01:00:00 AM,CHICAGO,IL,60619,M,33.0,SAFETY BELT USED,"DEPLOYED, FRONT",NONE,"REPORTED, NOT EVIDENT",NONE,UNKNOWN,UNKNOWN,TEST NOT OFFERED,2021,JE346051,08/22/2021 01:00:00 AM,35,STOP SIGN/FLASHER,FUNCTIONING PROPERLY,CLEAR,"DARKNESS, LIGHTED ROAD",TURNING,T-INTERSECTION,STRAIGHT AND LEVEL,DRY,NO DEFECTS,NOT ON SCENE (DESK REPORT),INJURY AND / OR TOW DUE TO CRASH,Y,Y,"OVER $1,500",08/22/2021 12:30:00 PM,FAILING TO YIELD RIGHT-OF-WAY,NOT APPLICABLE,6500,S,STATE ST,312.0,2,"REPORTED, NOT EVIDENT",1.0,0.0,0.0,0.0,1.0,1.0,0.0,1,1,8,41.776362587,-87.625368941,POINT (-87.625368940615 41.776362586673),2021,60