PERSON_ID,PERSON_TYPE,CRASH_RECORD_ID,RD_NO_x,VEHICLE_ID,CRASH_DATE_x,CITY,STATE,ZIPCODE,SEX,AGE,SAFETY_EQUIPMENT,AIRBAG_DEPLOYED,EJECTION,INJURY_CLASSIFICATION,DRIVER_ACTION,DRIVER_VISION,PHYSICAL_CONDITION,BAC_RESULT,CRASH_YEAR_x,RD_NO_y,CRASH_DATE_y,POSTED_SPEED_LIMIT,TRAFFIC_CONTROL_DEVICE,DEVICE_CONDITION,WEATHER_CONDITION,LIGHTING_CONDITION,FIRST_CRASH_TYPE,TRAFFICWAY_TYPE,ALIGNMENT,ROADWAY_SURFACE_COND,ROAD_DEFECT,REPORT_TYPE,CRASH_TYPE,INTERSECTION_RELATED_I,HIT_AND_RUN_I,DAMAGE,DATE_POLICE_NOTIFIED,PRIM_CONTRIBUTORY_CAUSE,SEC_CONTRIBUTORY_CAUSE,STREET_NO,STREET_DIRECTION,STREET_NAME,BEAT_OF_OCCURRENCE,NUM_UNITS,MOST_SEVERE_INJURY,INJURIES_TOTAL,INJURIES_FATAL,INJURIES_INCAPACITATING,INJURIES_NON_INCAPACITATING,INJURIES_REPORTED_NOT_EVIDENT,INJURIES_NO_INDICATION,INJURIES_UNKNOWN,CRASH_HOUR,CRASH_DAY_OF_WEEK,CRASH_MONTH,LATITUDE,LONGITUDE,LOCATION,CRASH_YEAR_y,TIME
O1025338,DRIVER,c26ec8367bf557faaf64fe9f891b2e0c40382ca8140be8717ad401fa9ce03566abe69df6fb4e9443d7ce9b9ff22350caa74d11d270634936b9cee36cd99a60ee,JE114250,971786.0,01/16/2021 06:38:00 AM,CHICAGO,IL,60636,M,43.0,SAFETY BELT USED,DID NOT DEPLOY,NONE,NO INDICATION OF INJURY,NONE,NOT OBSCURED,NORMAL,TEST NOT OFFERED,2021,JE114250,01/16/2021 06:38:00 AM,30,TRAFFIC SIGNAL,FUNCTIONING PROPERLY,SNOW,DAWN,ANGLE,FOUR WAY,STRAIGHT AND LEVEL,SNOW OR SLUSH,NO DEFECTS,ON SCENE,NO INJURY / DRIVE AWAY,Y,Y,"$501 - $1,500",01/16/2021 06:45:00 AM,WEATHER,NOT APPLICABLE,2,W,63RD ST,311.0,2,NO INDICATION OF INJURY,0.0,0.0,0.0,0.0,0.0,2.0,0.0,6,7,1,41.780167678000005,-87.625429799,POINT (-87.625429798661 41.780167678293),2021,398
O1049548,DRIVER,9ffcf13787d62e20057289ebe570da940ed514b30439bf22f4943c7e038031185145520635ec4c7f490923e0d93a3e989ba6b8462dede9e0efae4f06f5dbdbbe,JE152058,995142.0,02/25/2021 06:25:00 AM,CHICAGO,IL,60608,M,26.0,USAGE UNKNOWN,DID NOT DEPLOY,NONE,NO INDICATION OF INJURY,OTHER,UNKNOWN,UNKNOWN,TEST NOT OFFERED,2021,JE152058,02/25/2021 06:25:00 AM,25,STOP SIGN/FLASHER,FUNCTIONING PROPERLY,CLEAR,DAYLIGHT,TURNING,NOT DIVIDED,STRAIGHT AND LEVEL,DRY,NO DEFECTS,NOT ON SCENE (DESK REPORT),NO INJURY / DRIVE AWAY,Y,Y,"OVER $1,500",02/25/2021 03:00:00 PM,FAILING TO YIELD RIGHT-OF-WAY,NOT APPLICABLE,6957,N,GREENVIEW AVE,2431.0,2,NO INDICATION OF INJURY,0.0,0.0,0.0,0.0,0.0,2.0,0.0,6,5,2,42.008362111,-87.66773207700001,POINT (-87.66773207747 42.008362110868),2021,385
O1166081,DRIVER,afba9ab556bbf5a6720032fc1a489d1843d0138130b8f1139ba7d180c8628c1e30ec5c37b7c878c2775ac45e836fa52bc73c1a627b4867f8d65330de4c6c2ee5,JE344368,1106146.0,08/20/2021 11:51:00 PM,CHICAGO,IL,60644,M,28.0,NONE PRESENT,DEPLOYMENT UNKNOWN,NONE,NO INDICATION OF INJURY,DISREGARDED CONTROL DEVICES,NOT OBSCURED,NORMAL,TEST NOT OFFERED,2021,JE344368,08/20/2021 11:51:00 PM,30,TRAFFIC SIGNAL,FUNCTIONING PROPERLY,CLEAR,"DARKNESS, LIGHTED ROAD",ANGLE,FOUR WAY,STRAIGHT AND LEVEL,DRY,NO DEFECTS,ON SCENE,INJURY AND / OR TOW DUE TO CRASH,Y,N,"OVER $1,500",08/20/2021 11:53:00 PM,DISREGARDING TRAFFIC SIGNALS,DISREGARDING TRAFFIC SIGNALS,5600,W,WASHINGTON BLVD,1512.0,3,NONINCAPACITATING INJURY,1.0,0.0,0.0,1.0,0.0,1.0,0.0,23,6,8,41.882353136,-87.765010275,POINT (-87.765010275085 41.882353135739),2021,1431
O1068245,DRIVER,7ece188f16719de4a4a363b346e932eabfcb67c374a71be91cf727a11795e5a8dccea5cc2236189522ba899004106abcfab44e13bc8eda5238cc56a47f488038,JE185602,1013129.0,03/31/2021 06:10:00 PM,CHICAGO,IL,60636,M,43.0,SAFETY BELT USED,DID NOT DEPLOY,NONE,NO INDICATION OF INJURY,OTHER,NOT OBSCURED,NORMAL,TEST NOT OFFERED,2021,JE185602,03/31/2021 06:10:00 PM,30,STOP SIGN/FLASHER,FUNCTIONING PROPERLY,CLEAR,DAYLIGHT,SIDESWIPE OPPOSITE DIRECTION,FOUR WAY,STRAIGHT AND LEVEL,DRY,UNKNOWN,NOT ON SCENE (DESK REPORT),NO INJURY / DRIVE AWAY,N,Y,$500 OR LESS,03/31/2021 06:15:00 PM,IMPROPER LANE USAGE,NOT APPLICABLE,6400,S,JUSTINE ST,725.0,2,NO INDICATION OF INJURY,0.0,0.0,0.0,0.0,0.0,2.0,0.0,18,4,3,41.777579312,-87.66308286,POINT (-87.663082859744 41.777579311907),2021,1090
O1240832,DRIVER,8009ab83b2c0aee596c5d6869d5bf1e541081147bb48ca16419829f025a021e0468f4e3a440422ceb0891d4952a453cc2dedda8b19c574b04431ac7ef415af2c,JE468172,1177691.0,12/06/2021 03:56:00 PM,MARENGO,IL,60152,M,49.0,USAGE UNKNOWN,DID NOT DEPLOY,NONE,NO INDICATION OF INJURY,NONE,NOT OBSCURED,NORMAL,TEST NOT OFFERED,2021,JE468172,12/06/2021 03:56:00 PM,30,TRAFFIC SIGNAL,FUNCTIONING PROPERLY,CLEAR,DUSK,REAR END,DIVIDED - W/MEDIAN (NOT RAISED),STRAIGHT AND LEVEL,DRY,NO DEFECTS,ON SCENE,INJURY AND / OR TOW DUE TO CRASH,Y,Y,"OVER $1,500",12/06/2021 04:35:00 PM,FOLLOWING TOO CLOSELY,NOT APPLICABLE,603,S,WESTERN AVE,1225.0,3,NO INDICATION OF INJURY,0.0,0.0,0.0,0.0,0.0,3.0,0.0,15,2,12,41.873785536999996,-87.68608707,POINT (-87.68608706956 41.873785536745),2021,956
O1091537,DRIVER,926a05cb9b3312f3167a2e11e1869c64488cdb375b7692572f7c8498f0bb0a302a3ba6cc8914c122bd7ed96a73c8bbc075e0bd8daee51e3b44b944d3a30784a6,JE223842,1035284.0,05/08/2021 04:28:00 PM,CHICAGO,IL,60622,F,22.0,USAGE UNKNOWN,DID NOT DEPLOY,NONE,NO INDICATION OF INJURY,OTHER,NOT OBSCURED,NORMAL,TEST NOT OFFERED,2021,JE223842,05/08/2021 04:28:00 PM,30,OTHER,WORN REFLECTIVE MATERIAL,CLEAR,DAYLIGHT,REAR END,FOUR WAY,STRAIGHT AND LEVEL,DRY,NO DEFECTS,ON SCENE,NO INJURY / DRIVE AWAY,Y,Y,"OVER $1,500",05/08/2021 04:30:00 PM,FAILING TO REDUCE SPEED TO AVOID CRASH,UNABLE TO DETERMINE,1701,W,DIVISION ST,1213.0,2,NO INDICATION OF INJURY,0.0,0.0,0.0,0.0,0.0,2.0,0.0,16,7,5,41.903195593,-87.669965312,POINT (-87.669965311686 41.903195593015),2021,988
O1211623,DRIVER,3d10df01435b279ce3c79d5ba1249d77d564bce3d960bfa309a609b820e8617f298424b7c4a2e4bcc4449c3487eebed3f3d58172207b1b42a2332e3fda759273,JE420351,1149663.0,10/24/2021 12:29:00 AM,CHICAGO,IL,60608,F,55.0,SAFETY BELT USED,NOT APPLICABLE,NONE,NO INDICATION OF INJURY,NONE,NOT OBSCURED,NORMAL,TEST NOT OFFERED,2021,JE420351,10/24/2021 12:29:00 AM,30,TRAFFIC SIGNAL,FUNCTIONING PROPERLY,CLEAR,"DARKNESS, LIGHTED ROAD",REAR END,NOT DIVIDED,STRAIGHT AND LEVEL,DRY,NO DEFECTS,ON SCENE,NO INJURY / DRIVE AWAY,Y,Y,"$501 - $1,500",10/24/2021 12:29:00 AM,UNABLE TO DETERMINE,NOT APPLICABLE,5058,S,CALIFORNIA AVE,923.0,2,NO INDICATION OF INJURY,0.0,0.0,0.0,0.0,0.0,4.0,0.0,0,1,10,41.801077758000005,-87.69414962100001,POINT (-87.69414962137 41.801077757838),2021,29
O1034803,DRIVER,dccd816b21ca07fa7e0020181ec868602822223b4182a7acce23c70a73d043d0d0fce17990e823cd52623968d551318a6ac68e06cbe64776d229823a0147fc0a,JE130953,980840.0,02/03/2021 07:15:00 AM,CHICAGO,IL,60615,F,23.0,SAFETY BELT USED,DID NOT DEPLOY,NONE,NO INDICATION OF INJURY,UNKNOWN,UNKNOWN,NORMAL,TEST REFUSED,2021,JE130953,02/03/2021 07:15:00 AM,30,NO CONTROLS,NO CONTROLS,CLEAR,DAYLIGHT,SIDESWIPE SAME DIRECTION,ONE-WAY,STRAIGHT AND LEVEL,DRY,NO DEFECTS,ON SCENE,NO INJURY / DRIVE AWAY,N,Y,"OVER $1,500",02/03/2021 07:31:00 AM,"OPERATING VEHICLE IN ERRATIC, RECKLESS, CARELESS, NEGLIGENT OR AGGRESSIVE MANNER",NOT APPLICABLE,5172,S,MICHIGAN AVE,225.0,2,NO INDICATION OF INJURY,0.0,0.0,0.0,0.0,0.0,2.0,0.0,7,4,2,41.80005955,-87.62274757700001,POINT (-87.622747577013 41.800059550069),2021,435
O1142658,DRIVER,0a9da7d88cddc09edd964387ff8b11c8d63267c2178bcd66d52c0cdc523aa48e2ddd8f52ac498ff88c827670f7f182d8dfea127f71846c4122b412e922ba2fa6,JE306027,1083878.0,07/18/2021 08:45:00 PM,LANSING,IL,60438,F,20.0,SAFETY BELT USED,NOT APPLICABLE,NONE,NO INDICATION OF INJURY,OVERCORRECTED,NOT OBSCURED,NORMAL,TEST NOT OFFERED,2021,JE306027,07/18/2021 08:45:00 PM,35,STOP SIGN/FLASHER,FUNCTIONING PROPERLY,CLEAR,"DARKNESS, LIGHTED ROAD",ANGLE,FOUR WAY,STRAIGHT AND LEVEL,DRY,NO DEFECTS,NOT ON SCENE (DESK REPORT),NO INJURY / DRIVE AWAY,Y,N,"$501 - $1,500",07/18/2021 09:30:00 PM,UNABLE TO DETERMINE,UNABLE TO DETERMINE,7429,S,STONY ISLAND AVE,324.0,2,NO INDICATION OF INJURY,0.0,0.0,0.0,0.0,0.0,2.0,0.0,20,1,7,41.759728538000005,-87.585612043,POINT (-87.585612043204 41.759728537788),2021,1245
O1102087,DRIVER,fe24549ac26eaf75f11f4dc295fb70f4dde78cfdbd3ef0e375a054ae05787717db7f2d217cd58d56378b2d8a9541d42b7f3ae200c5e5a2fe438012d908c3842a,JE241227,1045394.0,05/24/2021 03:19:00 PM,CHICAGO,IL,60653,F,29.0,USAGE UNKNOWN,DID NOT DEPLOY,NONE,NO INDICATION OF INJURY,NONE,UNKNOWN,EMOTIONAL,TEST NOT OFFERED,2021,JE241227,05/24/2021 03:19:00 PM,30,TRAFFIC SIGNAL,FUNCTIONING PROPERLY,CLEAR,DAYLIGHT,SIDESWIPE OPPOSITE DIRECTION,NOT DIVIDED,STRAIGHT AND LEVEL,DRY,NO DEFECTS,ON SCENE,NO INJURY / DRIVE AWAY,Y,Y,"OVER $1,500",05/24/2021 03:25:00 PM,IMPROPER OVERTAKING/PASSING,NOT APPLICABLE,358,E,43RD ST,213.0,2,NO INDICATION OF INJURY,0.0,0.0,0.0,0.0,0.0,4.0,0.0,15,2,5,41.816736886,-87.617453787,POINT (-87.617453787084 41.816736886449),2021,919
O1092009,DRIVER,2c3d20c6fb7c958c37cbdaaf6929780be0b1c5f2676ff07fb864c2412224595de7b2189e23756bfac8e6e3482eca7d24500df6aa0c99e97a45dd5073351117ae,JE224603,1035746.0,05/09/2021 12:30:00 PM,RIVERDALE,IL,60827,F,76.0,USAGE UNKNOWN,DID NOT DEPLOY,NONE,NO INDICATION OF INJURY,UNKNOWN,UNKNOWN,NORMAL,TEST NOT OFFERED,2021,JE224603,05/09/2021 12:30:00 PM,30,UNKNOWN,FUNCTIONING PROPERLY,CLEAR,DAYLIGHT,ANGLE,FOUR WAY,STRAIGHT AND LEVEL,WET,UNKNOWN,ON SCENE,INJURY AND / OR TOW DUE TO CRASH,Y,Y,"OVER $1,500",05/09/2021 12:41:00 PM,DISREGARDING TRAFFIC SIGNALS,NOT APPLICABLE,6700,S,HALSTED ST,723.0,2,NO INDICATION OF INJURY,0.0,0.0,0.0,0.0,0.0,2.0,0.0,12,1,5,41.772379617,-87.64474164200001,POINT (-87.644741641913 41.772379616506),2021,750
O1041433,DRIVER,755902bce21eb7bb16e2534c900485950e164ec4d6cb7eb14df2c95538f0842ce8be382c7677297d408d0060458795a8e64a822e28215d6cdf424e5deb1861b8,JE140330,987239.0,02/12/2021 11:47:00 PM,CHICAGO,IL,60632,F,28.0,USAGE UNKNOWN,DEPLOYMENT UNKNOWN,NONE,NO INDICATION OF INJURY,UNKNOWN,UNKNOWN,NORMAL,TEST NOT OFFERED,2021,JE140330,02/12/2021 11:47:00 PM,30,TRAFFIC SIGNAL,FUNCTIONING PROPERLY,SNOW,"DARKNESS, LIGHTED ROAD",REAR TO SIDE,FOUR WAY,STRAIGHT AND LEVEL,SNOW OR SLUSH,UNKNOWN,ON SCENE,INJURY AND / OR TOW DUE TO CRASH,Y,Y,"OVER $1,500",02/13/2021 12:20:00 AM,DISREGARDING TRAFFIC SIGNALS,NOT APPLICABLE,200,W,43RD ST,925.0,2,NO INDICATION OF INJURY,0.0,0.0,0.0,0.0,0.0,2.0,0.0,23,6,2,41.816527339000004,-87.631255959,POINT (-87.63125595851 41.816527339334),2021,1427
O1077719,DRIVER,e872d1e91b924fd481c1541f027c582cf8cd45268f241e456fe6914b8b0347fe15410c5f4355ea2ceec58db3fe67df14f502735c64825d2fc2ae68b237a9902f,JE201456,1022067.0,04/16/2021 06:09:00 PM,BURBANK,IL,60459,F,55.0,SAFETY BELT USED,DID NOT DEPLOY,NONE,NO INDICATION OF INJURY,NONE,UNKNOWN,NORMAL,TEST NOT OFFERED,2021,JE201456,04/16/2021 06:09:00 PM,35,TRAFFIC SIGNAL,FUNCTIONING PROPERLY,CLEAR,DAYLIGHT,TURNING,DIVIDED - W/MEDIAN (NOT RAISED),STRAIGHT AND LEVEL,DRY,NO DEFECTS,ON SCENE,INJURY AND / OR TOW DUE TO CRASH,Y,Y,"OVER $1,500",04/16/2021 06:45:00 PM,FAILING TO YIELD RIGHT-OF-WAY,FAILING TO REDUCE SPEED TO AVOID CRASH,5000,S,CICERO AVE,814.0,2,NO INDICATION OF INJURY,0.0,0.0,0.0,0.0,0.0,2.0,0.0,18,6,4,41.802055878000004,-87.743147853,POINT (-87.743147853345 41.802055877794),2021,1089
O1083185,DRIVER,8a28c90f0836080220bbd4ff1b829ce6e2d860e74764bee9d046e1d3743f363ee6ec2f9bba14dcba799b1e093a146ea54a81fca3f298645d0462e7dca08d5db6,JE210771,1027318.0,04/26/2021 03:45:00 PM,CHICAGO,IL,60620,F,57.0,SAFETY BELT USED,DID NOT DEPLOY,NONE,NO INDICATION OF INJURY,NONE,NOT OBSCURED,NORMAL,TEST NOT OFFERED,2021,JE210771,04/26/2021 03:45:00 PM,25,TRAFFIC SIGNAL,FUNCTIONING PROPERLY,CLEAR,DAYLIGHT,TURNING,NOT DIVIDED,STRAIGHT AND LEVEL,DRY,NO DEFECTS,NOT ON SCENE (DESK REPORT),NO INJURY / DRIVE AWAY,Y,Y,"OVER $1,500",04/26/2021 04:10:00 PM,FAILING TO YIELD RIGHT-OF-WAY,NOT APPLICABLE,6900,S,HALSTED ST,733.0,2,NO INDICATION OF INJURY,0.0,0.0,0.0,0.0,0.0,2.0,0.0,15,2,4,41.768744341,-87.64465137799999,POINT (-87.644651378169 41.768744340933),2021,945
O1102435,DRIVER,5d5d7a331232546954ef77f0f5dcdede536c8c400727edf1f5afabd5ff966d65e0cb9451355e5edaf0fb2e46a0384d63113a7d8c69f5b6ce78520b9cfca83059,JE241628,1045727.0,05/21/2021 10:00:00 PM,CHICAGO,IL,60657,F,51.0,SAFETY BELT USED,DID NOT DEPLOY,NONE,NO INDICATION OF INJURY,UNKNOWN,NOT OBSCURED,NORMAL,TEST NOT OFFERED,2021,JE241628,05/21/2021 10:00:00 PM,30,TRAFFIC SIGNAL,FUNCTIONING PROPERLY,CLEAR,"DARKNESS, LIGHTED ROAD",TURNING,NOT DIVIDED,STRAIGHT AND LEVEL,UNKNOWN,UNKNOWN,NOT ON SCENE (DESK REPORT),INJURY AND / OR TOW DUE TO CRASH,Y,Y,"OVER $1,500",05/24/2021 08:05:00 PM,IMPROPER TURNING/NO SIGNAL,UNABLE TO DETERMINE,1000,N,DAMEN AVE,1212.0,2,NO INDICATION OF INJURY,0.0,0.0,0.0,0.0,0.0,3.0,0.0,22,6,5,41.899594831,-87.677303736,POINT (-87.677303736498 41.899594831439),2021,1320
O1111005,DRIVER,2d41dc3b9ad2bcee5b8f935f75a40dd455a2809b8f87a84e2c9f9a5d10f6fd6acae654996b55ed3d4695f52e809c1046bcc341887e80ea9264b74dae9588f040,JE255087,1053927.0,06/05/2021 06:40:00 PM,CHICAGO,IL,60636,M,32.0,SAFETY BELT USED,NOT APPLICABLE,NONE,NO INDICATION OF INJURY,NONE,NOT OBSCURED,NORMAL,TEST NOT OFFERED,2021,JE255087,06/05/2021 06:40:00 PM,30,STOP SIGN/FLASHER,FUNCTIONING PROPERLY,CLEAR,DAYLIGHT,TURNING,ONE-WAY,STRAIGHT AND LEVEL,DRY,NO DEFECTS,ON SCENE,NO INJURY / DRIVE AWAY,Y,Y,"$501 - $1,500",06/05/2021 06:45:00 PM,FAILING TO REDUCE SPEED TO AVOID CRASH,DISREGARDING OTHER TRAFFIC SIGNS,8658,S,JUSTINE ST,614.0,2,NO INDICATION OF INJURY,0.0,0.0,0.0,0.0,0.0,2.0,0.0,18,7,6,41.73589673,-87.661997794,POINT (-87.661997794082 41.735896729559),2021,1120
O1149160,DRIVER,0f87d68bc09551a80a0583011dd9790e6b344e1082ecd89dd3025506261a51832af5ed54333d8cb3a6f262640fdd4ecd16dc7f303c6ccb1edd2c7d2d431b6d27,JE316796,1090048.0,07/28/2021 02:21:00 AM,CHICAGO,IL,60628,M,29.0,USAGE UNKNOWN,DID NOT DEPLOY,NONE,NO INDICATION OF INJURY,UNKNOWN,UNKNOWN,UNKNOWN,TEST NOT OFFERED,2021,JE316796,07/28/2021 02:21:00 AM,35,TRAFFIC SIGNAL,FUNCTIONING PROPERLY,CLEAR,"DARKNESS, LIGHTED ROAD",TURNING,Y-INTERSECTION,STRAIGHT AND LEVEL,DRY,NO DEFECTS,ON SCENE,INJURY AND / OR TOW DUE TO CRASH,Y,Y,"OVER $1,500",07/28/2021 02:28:00 AM,UNABLE TO DETERMINE,NOT APPLICABLE,7900,S,SOUTH CHICAGO AVE,411.0,2,NO INDICATION OF INJURY,0.0,0.0,0.0,0.0,0.0,2.0,0.0,2,4,7,41.751339705,-87.585632266,POINT (-87.585632265652 41.751339704589),2021,141
O1207913,DRIVER,427ebb89d6e109ce5786a023020030fc214880c63575febd349a47a6e3e2ea7b1caecd69e9ef1f0b84179ecd7b965717496c50f43898dab7fbb54e1eae397300,JE414170,1146142.0,10/18/2021 04:30:00 PM,CRYSTAL LAKE,IL,60014,M,28.0,SAFETY BELT USED,NOT APPLICABLE,NONE,NO INDICATION OF INJURY,NONE,NOT OBSCURED,NORMAL,TEST NOT OFFERED,2021,JE414170,10/18/2021 04:30:00 PM,30,NO CONTROLS,NO CONTROLS,CLEAR,DAYLIGHT,SIDESWIPE SAME DIRECTION,NOT DIVIDED,STRAIGHT AND LEVEL,DRY,NO DEFECTS,ON SCENE,NO INJURY / DRIVE AWAY,Y,Y,"OVER $1,500",10/18/2021 05:00:00 PM,FOLLOWING TOO CLOSELY,DRIVING ON WRONG SIDE/WRONG WAY,2329,W,NORTH AVE,1424.0,2,NO INDICATION OF INJURY,0.0,0.0,0.0,0.0,0.0,2.0,0.0,16,2,10,41.910229125,-87.685934505,POINT (-87.685934505054 41.910229124978),2021,990
O1174640,DRIVER,196485bbba68906612e8a170e1c97b74d2ad4993c6495ce4516cd350f47896c713d309cbd2a5ee6cebebfbbf42ff01b7ee971316c48ffba91c2f595bf2d97d9f,JE358245,1114322.0,09/01/2021 06:10:00 PM,CHICAGO,IL,60629,M,21.0,SAFETY BELT USED,DID NOT DEPLOY,NONE,NO INDICATION OF INJURY,FOLLOWED TOO CLOSELY,NOT OBSCURED,NORMAL,TEST NOT OFFERED,2021,JE358245,09/01/2021 06:10:00 PM,30,NO CONTROLS,NO CONTROLS,CLEAR,DAYLIGHT,REAR END,NOT DIVIDED,STRAIGHT AND LEVEL,DRY,NO DEFECTS,NOT ON SCENE (DESK REPORT),NO INJURY / DRIVE AWAY,Y,Y,$500 OR LESS,09/01/2021 06:40:00 PM,FOLLOWING TOO CLOSELY,NOT APPLICABLE,3900,W,63RD ST,823.0,2,NO INDICATION OF INJURY,0.0,0.0,0.0,0.0,0.0,3.0,0.0,18,4,9,41.778803528000005,-87.720432985,POINT (-87.720432984625 41.778803528412),2021,1090
O1058185,DRIVER,b16e6a347216b2736d18469f67e1b2b75e22b425e6ee2dfa43253f5ecbaab6de0c72c5f4e2d9a9ce10b8e80cdb1b19bb0c3b203ef3061bca81440b7e65e85e34,JE168131,1003472.0,03/13/2021 05:30:00 PM,WHEATON,IL,60189,M,44.0,SAFETY BELT USED,DID NOT DEPLOY,NONE,NO INDICATION OF INJURY,NONE,NOT OBSCURED,NORMAL,TEST NOT OFFERED,2021,JE168131,03/13/2021 05:30:00 PM,30,TRAFFIC SIGNAL,FUNCTIONING PROPERLY,CLEAR,DUSK,ANGLE,FOUR WAY,STRAIGHT AND LEVEL,DRY,NO DEFECTS,ON SCENE,INJURY AND / OR TOW DUE TO CRASH,Y,Y,"OVER $1,500",03/13/2021 05:35:00 PM,DISREGARDING TRAFFIC SIGNALS,"OPERATING VEHICLE IN ERRATIC, RECKLESS, CARELESS, NEGLIGENT OR AGGRESSIVE MANNER",2,E,51ST ST,224.0,2,NO INDICATION OF INJURY,0.0,0.0,0.0,0.0,0.0,4.0,0.0,17,7,3,41.80205703,-87.62581256200001,POINT (-87.625812561936 41.802057030418),2021,1050
O1185716,DRIVER,899c057fe1baf786cd37d09887d0fc7db4451485994379a428189ff4eb034e6aeeaa7e631601d9edc2d4018054e5574f3a541e815318ad2081740f4137cfa764,JE376954,1124909.0,09/17/2021 11:10:00 AM,CHICAGO,IL,60617,F,29.0,SAFETY BELT USED,DID NOT DEPLOY,NONE,"REPORTED, NOT EVIDENT",NONE,NOT OBSCURED,NORMAL,TEST NOT OFFERED,2021,JE376954,09/17/2021 11:10:00 AM,30,TRAFFIC SIGNAL,FUNCTIONING PROPERLY,CLEAR,DAYLIGHT,SIDESWIPE SAME DIRECTION,NOT DIVIDED,STRAIGHT AND LEVEL,DRY,NO DEFECTS,ON SCENE,INJURY AND / OR TOW DUE TO CRASH,Y,Y,"OVER $1,500",09/17/2021 11:10:00 AM,IMPROPER LANE USAGE,NOT APPLICABLE,2000,S,MICHIGAN AVE,131.0,2,"REPORTED, NOT EVIDENT",1.0,0.0,0.0,0.0,1.0,1.0,0.0,11,6,9,41.855429558000004,-87.624021841,POINT (-87.624021841401 41.855429557743),2021,670
O1109290,DRIVER,90867209d184f408b1bbb1c34a8c3f4de12d21f4a2726b18f3566b0f6272ad9990f529073f7be5ed9aa0b5b2844e28afaea773998c7e2e613e12268b5686d0d3,JE252686,1052289.0,06/03/2021 06:35:00 PM,CICERO,IL,60804,F,59.0,SAFETY BELT USED,"DEPLOYED, SIDE",NONE,NO INDICATION OF INJURY,NONE,NOT OBSCURED,NORMAL,TEST NOT OFFERED,2021,JE252686,06/03/2021 06:35:00 PM,30,STOP SIGN/FLASHER,FUNCTIONING PROPERLY,CLEAR,DAYLIGHT,ANGLE,NOT DIVIDED,STRAIGHT AND LEVEL,DRY,NO DEFECTS,ON SCENE,INJURY AND / OR TOW DUE TO CRASH,Y,Y,"OVER $1,500",06/03/2021 06:45:00 PM,FAILING TO YIELD RIGHT-OF-WAY,UNABLE TO DETERMINE,3000,W,PERSHING RD,911.0,3,NO INDICATION OF INJURY,0.0,0.0,0.0,0.0,0.0,2.0,0.0,18,5,6,41.822796456,-87.699664052,POINT (-87.699664052499 41.822796455523),2021,1115
O1140812,DRIVER,3cafa5438bbde6b7fce6b2746ed4d224c8cdd7cfb45837d8c16553a01ac5f5e32bf3952493f3417ecc750ef7bfd13ec41f4276598dc41b1e955c75ffc687ec79,JE303277,1082121.0,07/16/2021 11:25:00 AM,CHICAGO,IL,60622,F,56.0,SAFETY BELT USED,NOT APPLICABLE,NONE,NO INDICATION OF INJURY,NONE,NOT OBSCURED,NORMAL,TEST NOT OFFERED,2021,JE303277,07/16/2021 11:25:00 AM,30,TRAFFIC SIGNAL,FUNCTIONING PROPERLY,CLEAR,DAYLIGHT,TURNING,FOUR WAY,STRAIGHT AND LEVEL,DRY,NO DEFECTS,ON SCENE,INJURY AND / OR TOW DUE TO CRASH,Y,Y,"OVER $1,500",07/16/2021 11:30:00 AM,UNABLE TO DETERMINE,UNABLE TO DETERMINE,2001,N,KOSTNER AVE,2522.0,2,NO INDICATION OF INJURY,0.0,0.0,0.0,0.0,0.0,2.0,0.0,11,6,7,41.917093451999996,-87.736182525,POINT (-87.736182525417 41.917093452467),2021,685
O1203817,DRIVER,3a5a250e978075f81d8c3d7234a74b6a43b8b66e204f35c8d31be6531e0fe687438ca6cba90e498cc63fb11039c62636d1ac04d9975dbb215f8ccf06995c6a88,JE407335,1142214.0,10/12/2021 03:07:00 PM,CHICAGO,IL,60617,M,39.0,SAFETY BELT USED,NOT APPLICABLE,NONE,NO INDICATION OF INJURY,NONE,NOT OBSCURED,NORMAL,TEST REFUSED,2021,JE407335,10/12/2021 03:07:00 PM,30,NO CONTROLS,NO CONTROLS,CLEAR,DAYLIGHT,TURNING,NOT DIVIDED,STRAIGHT AND LEVEL,DRY,NO DEFECTS,ON SCENE,NO INJURY / DRIVE AWAY,Y,Y,"OVER $1,500",10/12/2021 03:45:00 PM,FAILING TO YIELD RIGHT-OF-WAY,UNABLE TO DETERMINE,2563,N,MAPLEWOOD AVE,1431.0,2,NO INDICATION OF INJURY,0.0,0.0,0.0,0.0,0.0,2.0,0.0,15,3,10,41.928506903,-87.69129133,POINT (-87.691291330193 41.928506903112),2021,907