PERSON_ID,PERSON_TYPE,CRASH_RECORD_ID,RD_NO_x,VEHICLE_ID,CRASH_DATE_x,CITY,STATE,ZIPCODE,SEX,AGE,SAFETY_EQUIPMENT,AIRBAG_DEPLOYED,EJECTION,INJURY_CLASSIFICATION,DRIVER_ACTION,DRIVER_VISION,PHYSICAL_CONDITION,BAC_RESULT,CRASH_YEAR_x,RD_NO_y,CRASH_DATE_y,POSTED_SPEED_LIMIT,TRAFFIC_CONTROL_DEVICE,DEVICE_CONDITION,WEATHER_CONDITION,LIGHTING_CONDITION,FIRST_CRASH_TYPE,TRAFFICWAY_TYPE,ALIGNMENT,ROADWAY_SURFACE_COND,ROAD_DEFECT,REPORT_TYPE,CRASH_TYPE,INTERSECTION_RELATED_I,HIT_AND_RUN_I,DAMAGE,DATE_POLICE_NOTIFIED,PRIM_CONTRIBUTORY_CAUSE,SEC_CONTRIBUTORY_CAUSE,STREET_NO,STREET_DIRECTION,STREET_NAME,BEAT_OF_OCCURRENCE,NUM_UNITS,MOST_SEVERE_INJURY,INJURIES_TOTAL,INJURIES_FATAL,INJURIES_INCAPACITATING,INJURIES_NON_INCAPACITATING,INJURIES_REPORTED_NOT_EVIDENT,INJURIES_NO_INDICATION,INJURIES_UNKNOWN,CRASH_HOUR,CRASH_DAY_OF_WEEK,CRASH_MONTH,LATITUDE,LONGITUDE,LOCATION,CRASH_YEAR_y,TIME
O1234965,DRIVER,b161e25a9b51aede8d69cfc46a676185bc4ebe417010684b1676627f923d268bb2400910366cbce371f77b4f103eae7670362b4c6f7615e31a5a1e0bb06a52ca,JE457982,1172058.0,11/27/2021 01:25:00 AM,CHICAGO,IL,60623,F,24.0,USAGE UNKNOWN,"DEPLOYED, COMBINATION",NONE,INCAPACITATING INJURY,DISREGARDED CONTROL DEVICES,UNKNOWN,UNKNOWN,TEST NOT OFFERED,2021,JE457982,11/27/2021 01:25:00 AM,30,STOP SIGN/FLASHER,FUNCTIONING PROPERLY,CLEAR,"DARKNESS, LIGHTED ROAD",ANGLE,T-INTERSECTION,STRAIGHT AND LEVEL,DRY,NO DEFECTS,ON SCENE,INJURY AND / OR TOW DUE TO CRASH,Y,Y,"OVER $1,500",11/27/2021 01:37:00 AM,DISREGARDING STOP SIGN,FAILING TO YIELD RIGHT-OF-WAY,3659,W,47TH ST,821.0,2,INCAPACITATING INJURY,2.0,0.0,2.0,0.0,0.0,1.0,0.0,1,7,11,41.807856929,-87.71612509299999,POINT (-87.716125093195 41.807856929254),2021,85
O1114025,DRIVER,16f7d3194e523e7f2a997ddf5539bb0a51204bd42e847dd7ed997c7a1c1641da435f49ca6fe6c0567cf3b80408abf0fcec20e2634955b01d224072eadcdab2ec,JE260005,1056755.0,06/09/2021 06:05:00 PM,CHICAGO,IL,60632,F,28.0,SAFETY BELT USED,DID NOT DEPLOY,NONE,NO INDICATION OF INJURY,NONE,NOT OBSCURED,NORMAL,TEST NOT OFFERED,2021,JE260005,06/09/2021 06:05:00 PM,30,TRAFFIC SIGNAL,FUNCTIONING PROPERLY,CLEAR,DAYLIGHT,REAR END,NOT DIVIDED,STRAIGHT AND LEVEL,DRY,NO DEFECTS,NOT ON SCENE (DESK REPORT),NO INJURY / DRIVE AWAY,Y,Y,$500 OR LESS,06/09/2021 06:35:00 PM,UNABLE TO DETERMINE,IMPROPER BACKING,2400,W,PERSHING RD,911.0,2,NO INDICATION OF INJURY,0.0,0.0,0.0,0.0,0.0,2.0,0.0,18,4,6,41.82309676,-87.685018951,POINT (-87.685018950616 41.823096760166),2021,1085
O1113963,DRIVER,52fef1481627758bc0be9e262d1a9f4259635ddb5ef33b6d3dbd98e5a978f4c22375d8a0676ee79502539b40cfc450844a6e60a91a5d898912265a8d1cce8f1d,JE259886,1056698.0,06/09/2021 04:44:00 PM,TINLEY PARK,IL,60477,F,30.0,USAGE UNKNOWN,DID NOT DEPLOY,NONE,NO INDICATION OF INJURY,UNKNOWN,NOT OBSCURED,NORMAL,TEST NOT OFFERED,2021,JE259886,06/09/2021 04:44:00 PM,30,TRAFFIC SIGNAL,FUNCTIONING PROPERLY,CLEAR,DAYLIGHT,REAR END,FOUR WAY,STRAIGHT AND LEVEL,DRY,NO DEFECTS,ON SCENE,NO INJURY / DRIVE AWAY,Y,Y,$500 OR LESS,06/09/2021 04:46:00 PM,UNABLE TO DETERMINE,NOT APPLICABLE,2200,N,CICERO AVE,2522.0,2,NO INDICATION OF INJURY,0.0,0.0,0.0,0.0,0.0,2.0,0.0,16,4,6,41.920673812,-87.74635940600001,POINT (-87.746359405534 41.920673812039),2021,1004
O1233592,DRIVER,65a57e409d75921d04e7b14cd30c4f89e509db8ecc0da59a8b3b6f4271fdb804601b93fedb2468a29e5b8f90f97e985e52094f91f216f3ce14f175d9191d11a8,JE455818,1170749.0,11/24/2021 01:50:00 PM,CHICAGO,IL,60636,M,49.0,USAGE UNKNOWN,NOT APPLICABLE,UNKNOWN,NO INDICATION OF INJURY,NONE,NOT OBSCURED,NORMAL,TEST NOT OFFERED,2021,JE455818,11/24/2021 01:50:00 PM,30,TRAFFIC SIGNAL,FUNCTIONING PROPERLY,CLEAR,DAYLIGHT,REAR END,FOUR WAY,STRAIGHT AND LEVEL,DRY,NO DEFECTS,NOT ON SCENE (DESK REPORT),NO INJURY / DRIVE AWAY,Y,Y,"$501 - $1,500",11/24/2021 03:00:00 PM,FOLLOWING TOO CLOSELY,UNABLE TO DETERMINE,5458,S,DAMEN AVE,932.0,2,NO INDICATION OF INJURY,0.0,0.0,0.0,0.0,0.0,3.0,0.0,13,4,11,41.794004295,-87.674452218,POINT (-87.674452218239 41.794004294572),2021,830
O1108281,DRIVER,5bcd9cb0ac4091cb7bf6fae29f42d61d419fc2295980b27410d6352767c9aa46b3e2516c48c3b003675b781e0ccf61e720ef6d59beae4918f883ec408c2cd440,JE251074,1051319.0,05/29/2021 12:30:00 PM,PLAINFIELD,IL,60586,F,19.0,SAFETY BELT USED,DID NOT DEPLOY,NONE,NO INDICATION OF INJURY,NONE,NOT OBSCURED,NORMAL,TEST NOT OFFERED,2021,JE251074,05/29/2021 12:30:00 PM,30,TRAFFIC SIGNAL,FUNCTIONING PROPERLY,CLEAR,DAYLIGHT,SIDESWIPE SAME DIRECTION,ONE-WAY,STRAIGHT AND LEVEL,DRY,NO DEFECTS,NOT ON SCENE (DESK REPORT),NO INJURY / DRIVE AWAY,Y,Y,"$501 - $1,500",06/02/2021 01:05:00 PM,IMPROPER LANE USAGE,IMPROPER LANE USAGE,500,W,MADISON ST,121.0,2,NO INDICATION OF INJURY,0.0,0.0,0.0,0.0,0.0,3.0,0.0,12,7,5,41.881994338,-87.639758685,POINT (-87.639758684881 41.881994338205),2021,750
O1124969,DRIVER,6968eca1dcbdef5f8a9f1cd81c3283bc26600e15780f0fb22b82d46c350145328c3cfca23bee3e7b437ad4b4d85312a7bcb06bfc9789bd001eae866872a4e4f9,JE277158,1067084.0,06/23/2021 04:19:00 PM,CHICAGO,IL,60628,M,65.0,SAFETY BELT USED,DEPLOYMENT UNKNOWN,UNKNOWN,NO INDICATION OF INJURY,NONE,NOT OBSCURED,NORMAL,TEST NOT OFFERED,2021,JE277158,06/23/2021 04:19:00 PM,30,TRAFFIC SIGNAL,FUNCTIONING PROPERLY,CLEAR,DAYLIGHT,TURNING,NOT DIVIDED,STRAIGHT AND LEVEL,DRY,NO DEFECTS,NOT ON SCENE (DESK REPORT),NO INJURY / DRIVE AWAY,N,Y,"$501 - $1,500",06/23/2021 07:14:00 PM,IMPROPER OVERTAKING/PASSING,IMPROPER OVERTAKING/PASSING,9500,S,COTTAGE GROVE AVE,511.0,2,NO INDICATION OF INJURY,0.0,0.0,0.0,0.0,0.0,4.0,0.0,16,4,6,41.721970465,-87.60334804,POINT (-87.603348040077 41.721970465227),2021,979
O1071383,DRIVER,5a04018b1089c1363cdd15cde2a52487fd3a076fabb8e15a01f3f59d52cf7ae657845ae6f2fb2e3d7e4636943c9bf983feee8a7017bcea1f037406688ce4bfd6,JE190490,1016022.0,04/05/2021 06:26:00 PM,CALUMET PARK,IL,60827,F,27.0,USAGE UNKNOWN,"DEPLOYED, SIDE",NONE,NO INDICATION OF INJURY,UNKNOWN,NOT OBSCURED,NORMAL,TEST NOT OFFERED,2021,JE190490,04/05/2021 06:26:00 PM,30,STOP SIGN/FLASHER,FUNCTIONING PROPERLY,CLEAR,DAYLIGHT,ANGLE,DIVIDED - W/MEDIAN (NOT RAISED),STRAIGHT AND LEVEL,DRY,NO DEFECTS,ON SCENE,INJURY AND / OR TOW DUE TO CRASH,Y,Y,"OVER $1,500",04/05/2021 06:26:00 PM,DISREGARDING STOP SIGN,NOT APPLICABLE,626,W,VERMONT ST,523.0,2,NO INDICATION OF INJURY,0.0,0.0,0.0,0.0,0.0,2.0,0.0,18,2,4,41.663108378000004,-87.637726753,POINT (-87.637726752614 41.663108377955),2021,1106
O1066902,DRIVER,7b40c501dbd005b28d428ec3863435494939f7d3da4243d6606ce92fcc7edb162888bb6789b13e7974ae45b4c0fdbfd4c8a9e3331aa0fa997911f564ce98ecd1,JE183324,1011830.0,03/29/2021 03:15:00 PM,CHICAGO,IL,60623,F,33.0,USAGE UNKNOWN,NOT APPLICABLE,NONE,NO INDICATION OF INJURY,NONE,NOT OBSCURED,NORMAL,TEST NOT OFFERED,2021,JE183324,03/29/2021 03:15:00 PM,30,TRAFFIC SIGNAL,FUNCTIONING PROPERLY,CLEAR,DAYLIGHT,TURNING,FOUR WAY,STRAIGHT AND LEVEL,DRY,UNKNOWN,ON SCENE,NO INJURY / DRIVE AWAY,Y,Y,"OVER $1,500",03/29/2021 03:41:00 PM,IMPROPER TURNING/NO SIGNAL,UNABLE TO DETERMINE,2462,S,BLUE ISLAND AVE,1034.0,2,NO INDICATION OF INJURY,0.0,0.0,0.0,0.0,0.0,2.0,0.0,15,2,3,41.84767720000001,-87.678316682,POINT (-87.678316682197 41.847677200391),2021,915
O1063511,DRIVER,321e1575e166ad49fa3c77118013b81df6dc2cbdf60e284a6204baf926d1252e9c3a55b5648480fd1acf6953ffb4076ed310cdda8e41cda02228ca9f9e4228b7,JE177444,1008540.0,03/23/2021 01:55:00 PM,BURBANK,IL,60459,M,41.0,SAFETY BELT USED,NOT APPLICABLE,NONE,NO INDICATION OF INJURY,NONE,NOT OBSCURED,NORMAL,TEST NOT OFFERED,2021,JE177444,03/23/2021 01:55:00 PM,30,TRAFFIC SIGNAL,FUNCTIONING PROPERLY,CLOUDY/OVERCAST,DAYLIGHT,ANGLE,FOUR WAY,STRAIGHT AND LEVEL,WET,NO DEFECTS,NOT ON SCENE (DESK REPORT),NO INJURY / DRIVE AWAY,Y,Y,"$501 - $1,500",03/23/2021 02:35:00 PM,DISREGARDING TRAFFIC SIGNALS,UNABLE TO DETERMINE,8700,S,STONY ISLAND AVE,412.0,2,NO INDICATION OF INJURY,0.0,0.0,0.0,0.0,0.0,3.0,0.0,13,3,3,41.73682263,-87.58578342,POINT (-87.585783420329 41.736822630157),2021,835
O1132044,DRIVER,bc13921553d52c0cbcf73d775e234c2603d8d16e166de4080b0e02f0b84a9f330ad5b738f20ec37612224b87776dc65de6d536234ba494e979be8cb2cf17d78e,JE288654,1073868.0,07/03/2021 02:10:00 PM,CHICAGO,IL,60620,F,27.0,USAGE UNKNOWN,DID NOT DEPLOY,NONE,NO INDICATION OF INJURY,OTHER,NOT OBSCURED,NORMAL,TEST NOT OFFERED,2021,JE288654,07/03/2021 02:10:00 PM,30,TRAFFIC SIGNAL,FUNCTIONING PROPERLY,CLEAR,DAYLIGHT,TURNING,NOT DIVIDED,STRAIGHT AND LEVEL,DRY,NO DEFECTS,ON SCENE,INJURY AND / OR TOW DUE TO CRASH,Y,Y,"OVER $1,500",07/03/2021 03:15:00 PM,DISREGARDING TRAFFIC SIGNALS,UNABLE TO DETERMINE,1606,W,76TH ST,611.0,2,NO INDICATION OF INJURY,0.0,0.0,0.0,0.0,0.0,2.0,0.0,14,7,7,41.75591859,-87.66389095299999,POINT (-87.663890953319 41.755918589787),2021,850
O1091888,DRIVER,f0d9351e3cc92bf106e2b22782ffe79ddcab1918bff2eb94360b5e81fb5fbdecd0227a1dd77f8ee8dc775f7c1c397d700526903a70f7a3f73bbecbbd19a13e79,JE224372,1035626.0,05/09/2021 06:53:00 AM,CHICAGO,IL,60609,M,53.0,SAFETY BELT USED,NOT APPLICABLE,NONE,NO INDICATION OF INJURY,NONE,NOT OBSCURED,NORMAL,TEST NOT OFFERED,2021,JE224372,05/09/2021 06:53:00 AM,30,TRAFFIC SIGNAL,FUNCTIONING PROPERLY,RAIN,DAYLIGHT,ANGLE,NOT DIVIDED,STRAIGHT AND LEVEL,WET,NO DEFECTS,ON SCENE,INJURY AND / OR TOW DUE TO CRASH,Y,Y,"OVER $1,500",05/09/2021 06:54:00 AM,DISREGARDING TRAFFIC SIGNALS,NOT APPLICABLE,4700,S,WENTWORTH AVE,224.0,2,NO INDICATION OF INJURY,0.0,0.0,0.0,0.0,0.0,2.0,0.0,6,1,5,41.809082437,-87.63103087399999,POINT (-87.63103087365 41.809082436649),2021,413
O1198057,DRIVER,d34c8d271972b0ecaba03118362937c0a969de8396ae97f856f3edc41b7cd61f955b3ab2b99e4d89f22adaa2a450f1c418e5fc7fb2376df62e9d28a04fe53e73,JE397355,1136746.0,10/04/2021 08:40:00 AM,CHICAGO,IL,60639,F,40.0,NONE PRESENT,NOT APPLICABLE,NONE,NONINCAPACITATING INJURY,NONE,NOT OBSCURED,NORMAL,TEST NOT OFFERED,2021,JE397355,10/04/2021 08:40:00 AM,30,NO CONTROLS,NO CONTROLS,RAIN,DAYLIGHT,TURNING,NOT DIVIDED,STRAIGHT AND LEVEL,WET,NO DEFECTS,ON SCENE,INJURY AND / OR TOW DUE TO CRASH,Y,Y,"OVER $1,500",10/04/2021 08:40:00 AM,IMPROPER OVERTAKING/PASSING,UNABLE TO DETERMINE,4528,W,DIVERSEY AVE,2521.0,2,NONINCAPACITATING INJURY,1.0,0.0,0.0,1.0,0.0,5.0,0.0,8,2,10,41.931724286,-87.74039598600001,POINT (-87.740395986381 41.931724285986),2021,520
O1227470,DRIVER,cc74502e7b1b46f7a45f32b22938888ed69f66308b2894fe4b1cf9cfbabf0f3298a4238c327b66de51e1a58a939e3876963fdd39f8237f86f0191b6e7c0f00f0,JE445944,1164838.0,11/15/2021 11:40:00 AM,CHICAGO,IL,60637,M,17.0,SAFETY BELT USED,"DEPLOYED, FRONT",NONE,"REPORTED, NOT EVIDENT",NONE,NOT OBSCURED,NORMAL,TEST NOT OFFERED,2021,JE445944,11/15/2021 11:40:00 AM,30,TRAFFIC SIGNAL,FUNCTIONING PROPERLY,SNOW,DAYLIGHT,TURNING,FOUR WAY,STRAIGHT AND LEVEL,WET,NO DEFECTS,ON SCENE,INJURY AND / OR TOW DUE TO CRASH,Y,Y,"OVER $1,500",11/15/2021 12:24:00 PM,FAILING TO YIELD RIGHT-OF-WAY,UNABLE TO DETERMINE,402,S,SACRAMENTO BLVD,1134.0,2,"REPORTED, NOT EVIDENT",1.0,0.0,0.0,0.0,1.0,2.0,0.0,11,2,11,41.875839798,-87.701221941,POINT (-87.701221941055 41.87583979757),2021,700
O1244182,DRIVER,f8e48bee60507631889ed12e8536cffe3ba285233cc3c0556e1919ec17d2b8389ec9cb61233cc3cc5d84f7dbdef68ba1007e84832767aa597c0b9a560ed9335a,JE573881,1180871.0,12/11/2021 01:30:00 PM,CHICAGO,IL,60641,M,35.0,SAFETY BELT USED,DID NOT DEPLOY,NONE,NO INDICATION OF INJURY,NONE,NOT OBSCURED,NORMAL,TEST NOT OFFERED,2021,JE573881,12/11/2021 01:30:00 PM,30,STOP SIGN/FLASHER,FUNCTIONING PROPERLY,CLEAR,DAYLIGHT,ANGLE,NOT DIVIDED,STRAIGHT AND LEVEL,DRY,NO DEFECTS,NOT ON SCENE (DESK REPORT),NO INJURY / DRIVE AWAY,Y,N,"OVER $1,500",12/11/2021 02:01:00 PM,FAILING TO YIELD RIGHT-OF-WAY,DRIVING SKILLS/KNOWLEDGE/EXPERIENCE,7100,S,FAIRFIELD AVE,831.0,2,NO INDICATION OF INJURY,0.0,0.0,0.0,0.0,0.0,2.0,0.0,13,7,12,41.764465908000005,-87.691947961,POINT (-87.691947960702 41.764465908027),2021,810
O1138777,DRIVER,5cac6ec71969dc594bdcdc6cbaa0ce3c26e3d15e67bf1a9eaa245994e1520366cf386d0f7dac2416d87f2ca98f2be3b0f59e5f2f4c2bc6f92a943f53123c3de2,JE299545,1080160.0,07/12/2021 11:25:00 PM,CHICAGO,IL,60621,M,23.0,SAFETY BELT USED,"DEPLOYED, SIDE",NONE,NONINCAPACITATING INJURY,UNKNOWN,NOT OBSCURED,NORMAL,TEST NOT OFFERED,2021,JE299545,07/12/2021 11:25:00 PM,30,TRAFFIC SIGNAL,FUNCTIONING PROPERLY,CLOUDY/OVERCAST,DARKNESS,ANGLE,NOT DIVIDED,STRAIGHT AND LEVEL,DRY,NO DEFECTS,ON SCENE,INJURY AND / OR TOW DUE TO CRASH,Y,Y,"OVER $1,500",07/12/2021 11:25:00 PM,FAILING TO YIELD RIGHT-OF-WAY,UNABLE TO DETERMINE,2000,W,59TH ST,715.0,2,NONINCAPACITATING INJURY,1.0,0.0,0.0,1.0,0.0,2.0,0.0,23,2,7,41.786737153000004,-87.67415859,POINT (-87.674158590031 41.786737152567),2021,1405
O1151014,DRIVER,bc5ef509b0b3c95ccbecd4abb48c1aa1a8dfba9945b9afb58faf92a172079983b350d376d92fc72568cf72df6c950ac3638ab7082d0a31e029c2cae5b5fe8368,JE319822,1091819.0,07/29/2021 01:30:00 PM,CHGO,IL,60639,M,34.0,SAFETY BELT USED,"DEPLOYED, FRONT",NONE,NONINCAPACITATING INJURY,NONE,NOT OBSCURED,NORMAL,TEST NOT OFFERED,2021,JE319822,07/29/2021 01:30:00 PM,30,TRAFFIC SIGNAL,FUNCTIONING PROPERLY,CLEAR,DAYLIGHT,SIDESWIPE OPPOSITE DIRECTION,DIVIDED - W/MEDIAN (NOT RAISED),STRAIGHT AND LEVEL,DRY,NO DEFECTS,NOT ON SCENE (DESK REPORT),INJURY AND / OR TOW DUE TO CRASH,Y,Y,"OVER $1,500",07/30/2021 01:30:00 PM,UNABLE TO DETERMINE,UNABLE TO DETERMINE,601,S,AUSTIN BLVD,1513.0,2,NONINCAPACITATING INJURY,1.0,0.0,0.0,1.0,0.0,1.0,0.0,13,5,7,41.872698223,-87.774259199,POINT (-87.774259199052 41.872698222768),2021,810
O1084679,DRIVER,f996b961db5c14d08d4cb02af50c3cb805eaa33c70ffa4109d0f0be5402225d2c7dc01c418c489f4f9604aa8ae199c3a9463fbdabc2e992c7f216997e2c6b1f4,JE213088,1028813.0,04/28/2021 03:45:00 PM,CHICAGO,IL,60652,M,20.0,SAFETY BELT USED,NOT APPLICABLE,NONE,NO INDICATION OF INJURY,NONE,NOT OBSCURED,NORMAL,TEST NOT OFFERED,2021,JE213088,04/28/2021 03:45:00 PM,30,STOP SIGN/FLASHER,FUNCTIONING PROPERLY,RAIN,DAYLIGHT,ANGLE,T-INTERSECTION,STRAIGHT AND LEVEL,WET,NO DEFECTS,ON SCENE,INJURY AND / OR TOW DUE TO CRASH,Y,N,"OVER $1,500",04/28/2021 03:47:00 PM,FAILING TO YIELD RIGHT-OF-WAY,NOT APPLICABLE,1099,W,77TH ST,612.0,3,NONINCAPACITATING INJURY,2.0,0.0,0.0,2.0,0.0,4.0,0.0,15,4,4,41.754066191999996,-87.651345935,POINT (-87.651345935227 41.754066192334),2021,945
O1218427,DRIVER,e4b0dc63d63a27a95c81cb48fd7dc6f3f37649bb15b8109715a96e70c6259d373ccc1ebcc2a8baf78639460e36f36005d57baabd638b251fc437cf4ca145e044,JE430498,1156150.0,11/01/2021 05:30:00 PM,CHICGO,IL,60652,F,44.0,USAGE UNKNOWN,NOT APPLICABLE,NONE,NO INDICATION OF INJURY,NONE,UNKNOWN,UNKNOWN,TEST NOT OFFERED,2021,JE430498,11/01/2021 05:30:00 PM,30,TRAFFIC SIGNAL,FUNCTIONING PROPERLY,CLEAR,UNKNOWN,SIDESWIPE SAME DIRECTION,DIVIDED - W/MEDIAN (NOT RAISED),STRAIGHT AND LEVEL,DRY,UNKNOWN,NOT ON SCENE (DESK REPORT),NO INJURY / DRIVE AWAY,Y,Y,"OVER $1,500",11/01/2021 05:45:00 PM,UNABLE TO DETERMINE,NOT APPLICABLE,700,W,GARFIELD BLVD,935.0,2,NO INDICATION OF INJURY,0.0,0.0,0.0,0.0,0.0,2.0,0.0,17,2,11,41.794453385,-87.642854236,POINT (-87.642854236249 41.794453385018),2021,1050
O1024741,DRIVER,08edfdaab0ff2097eea4a8595d830c5b2557923c747db69506ae2d48c920ab7a581723d1b704275d732f8d029b4fb3f9abe21156172579e1b0e9d22ba15ffbdd,JE113152,971213.0,01/15/2021 03:39:00 AM,LANSING,IL,60438,M,41.0,SAFETY BELT USED,DID NOT DEPLOY,NONE,NO INDICATION OF INJURY,UNKNOWN,NOT OBSCURED,NORMAL,TEST NOT OFFERED,2021,JE113152,01/15/2021 03:39:00 AM,35,TRAFFIC SIGNAL,FUNCTIONING PROPERLY,RAIN,"DARKNESS, LIGHTED ROAD",ANGLE,FOUR WAY,STRAIGHT AND LEVEL,WET,NO DEFECTS,ON SCENE,NO INJURY / DRIVE AWAY,Y,Y,"OVER $1,500",01/15/2021 03:40:00 AM,HAD BEEN DRINKING (USE WHEN ARREST IS NOT MADE),HAD BEEN DRINKING (USE WHEN ARREST IS NOT MADE),36,E,18TH ST,131.0,2,NO INDICATION OF INJURY,0.0,0.0,0.0,0.0,0.0,2.0,0.0,3,6,1,41.857964138,-87.625656,POINT (-87.625655999989 41.857964138422),2021,219
O1020668,DRIVER,4faebed4cc1d1688c67788a5e06f08b3adc3f1231832b5b854f3165195d20df01e5f311988a4b87fe1355aec872ff5a971d0dbf3ab3fad42bcb20a46b158bef7,JD105274,967402.0,01/06/2021 05:09:00 PM,CALUMET CITY,IL,60409,M,33.0,SAFETY BELT USED,NOT APPLICABLE,NONE,NO INDICATION OF INJURY,NONE,NOT OBSCURED,NORMAL,TEST NOT OFFERED,2021,JD105274,01/06/2021 05:09:00 PM,30,TRAFFIC SIGNAL,FUNCTIONING PROPERLY,CLEAR,DAYLIGHT,REAR END,NOT DIVIDED,STRAIGHT AND LEVEL,DRY,NO DEFECTS,ON SCENE,INJURY AND / OR TOW DUE TO CRASH,Y,Y,"OVER $1,500",01/06/2021 05:09:00 PM,IMPROPER BACKING,NOT APPLICABLE,526,E,83RD ST,631.0,3,NO INDICATION OF INJURY,0.0,0.0,0.0,0.0,0.0,3.0,0.0,17,4,1,41.743980840999996,-87.611113192,POINT (-87.611113192176 41.743980840966),2021,1029
O1113025,DRIVER,4eaad6751341b65b646fbf1d186d4c35502daa03d6896f33b59703725540c09248c80203ab24e49d2351e12480ce511f77d2598c1b00d2551492af86c7d89283,JE258510,1055856.0,06/06/2021 02:15:00 AM,BURBANK,IL,60459,M,41.0,USAGE UNKNOWN,DEPLOYMENT UNKNOWN,UNKNOWN,NO INDICATION OF INJURY,OTHER,UNKNOWN,UNKNOWN,TEST NOT OFFERED,2021,JE258510,06/06/2021 02:15:00 AM,30,TRAFFIC SIGNAL,UNKNOWN,CLEAR,"DARKNESS, LIGHTED ROAD",TURNING,FOUR WAY,STRAIGHT AND LEVEL,DRY,UNKNOWN,NOT ON SCENE (DESK REPORT),NO INJURY / DRIVE AWAY,Y,Y,"OVER $1,500",06/08/2021 03:45:00 PM,FOLLOWING TOO CLOSELY,"OPERATING VEHICLE IN ERRATIC, RECKLESS, CARELESS, NEGLIGENT OR AGGRESSIVE MANNER",200,N,HALSTED ST,1214.0,2,NO INDICATION OF INJURY,0.0,0.0,0.0,0.0,0.0,2.0,0.0,2,1,6,41.885689616,-87.647621732,POINT (-87.647621731544 41.88568961566),2021,135
O1248165,DRIVER,88c65dc6fd9da4c2990741c9e1730948f441aa968c4e531abe599bce372dedece617463295a75c2c36e565f813c001343136f4703c0576012057073b167f0efe,JE481066,1184676.0,12/17/2021 06:35:00 PM,CHICAGO,IL,60644,F,23.0,SAFETY BELT USED,DID NOT DEPLOY,NONE,NO INDICATION OF INJURY,NONE,NOT OBSCURED,NORMAL,TEST NOT OFFERED,2021,JE481066,12/17/2021 06:35:00 PM,30,STOP SIGN/FLASHER,NOT FUNCTIONING,CLEAR,"DARKNESS, LIGHTED ROAD",ANGLE,FOUR WAY,STRAIGHT AND LEVEL,DRY,NO DEFECTS,ON SCENE,INJURY AND / OR TOW DUE TO CRASH,Y,Y,"OVER $1,500",12/17/2021 06:36:00 PM,FAILING TO YIELD RIGHT-OF-WAY,UNABLE TO DETERMINE,1200,W,GRAND AVE,1214.0,2,NO INDICATION OF INJURY,0.0,0.0,0.0,0.0,0.0,2.0,0.0,18,6,12,41.891189414,-87.65747030899999,POINT (-87.657470309402 41.891189414133),2021,1115
O1193387,DRIVER,1ac079c0026bdfb4f33f01acdc75ea88b542299cecb47982095e4afe358f9151b66d501fb5024e8cf1103b63ef40afe2f77be48c46ca417ee3ffb343b433f6e4,JE389461,1132310.0,09/27/2021 05:35:00 PM,CHICAGO,IL,60621,M,58.0,SAFETY BELT USED,"DEPLOYED, FRONT",NONE,NO INDICATION OF INJURY,NONE,NOT OBSCURED,NORMAL,TEST NOT OFFERED,2021,JE389461,09/27/2021 05:35:00 PM,30,TRAFFIC SIGNAL,FUNCTIONING PROPERLY,CLEAR,DAYLIGHT,ANGLE,FOUR WAY,STRAIGHT AND LEVEL,DRY,NO DEFECTS,ON SCENE,INJURY AND / OR TOW DUE TO CRASH,Y,Y,"OVER $1,500",09/27/2021 05:37:00 PM,DISREGARDING TRAFFIC SIGNALS,DISREGARDING TRAFFIC SIGNALS,6656,S,COTTAGE GROVE AVE,321.0,3,NONINCAPACITATING INJURY,2.0,0.0,0.0,2.0,0.0,4.0,0.0,17,2,9,41.77328619,-87.60591910299999,POINT (-87.60591910261 41.773286190051),2021,1055
O1111591,DRIVER,df4c9f943a23f53ca140e172b223094ec95b0cd9128d1fcef553478b9b0ee834eb3d96524b9eeba12fa195346122d6de8c095d48b4e03a4b2aeb6b29ffe9cc6f,JE256045,1054471.0,06/06/2021 04:36:00 PM,BOLINGBROOK,IL,60440,F,28.0,USAGE UNKNOWN,NOT APPLICABLE,NONE,NO INDICATION OF INJURY,NONE,NOT OBSCURED,NORMAL,TEST NOT OFFERED,2021,JE256045,06/06/2021 04:36:00 PM,30,TRAFFIC SIGNAL,FUNCTIONING PROPERLY,CLEAR,DAYLIGHT,REAR END,NOT DIVIDED,STRAIGHT AND LEVEL,DRY,NO DEFECTS,NOT ON SCENE (DESK REPORT),NO INJURY / DRIVE AWAY,N,Y,"OVER $1,500",06/06/2021 04:54:00 PM,FOLLOWING TOO CLOSELY,NOT APPLICABLE,8100,S,ASHLAND AVE,614.0,2,NO INDICATION OF INJURY,0.0,0.0,0.0,0.0,0.0,2.0,0.0,16,1,6,41.746622063000004,-87.66348933299999,POINT (-87.663489333293 41.746622062843),2021,996
O1041723,DRIVER,3cfbf157e427a7f3c77c07a0ac6eb284f2d234e2153ba0cb0d5bf13f416afeeec48104942f501ed07d4f23c76a2078c976602d0bd5fa3c26e3756871a9287aec,JE140752,987520.0,02/13/2021 01:43:00 PM,CHICAGO,IL,60624,F,28.0,SAFETY BELT USED,DID NOT DEPLOY,NONE,NO INDICATION OF INJURY,NONE,UNKNOWN,NORMAL,TEST NOT OFFERED,2021,JE140752,02/13/2021 01:43:00 PM,30,TRAFFIC SIGNAL,FUNCTIONING PROPERLY,SNOW,DAYLIGHT,HEAD ON,NOT DIVIDED,STRAIGHT AND LEVEL,SNOW OR SLUSH,UNKNOWN,NOT ON SCENE (DESK REPORT),NO INJURY / DRIVE AWAY,Y,Y,$500 OR LESS,02/13/2021 02:02:00 PM,DISREGARDING OTHER TRAFFIC SIGNS,FAILING TO REDUCE SPEED TO AVOID CRASH,1501,S,PULASKI RD,1014.0,2,NO INDICATION OF INJURY,0.0,0.0,0.0,0.0,0.0,6.0,0.0,13,7,2,41.860605946,-87.72485907,POINT (-87.724859070158 41.860605946492),2021,823