PERSON_ID,PERSON_TYPE,CRASH_RECORD_ID,RD_NO_x,VEHICLE_ID,CRASH_DATE_x,CITY,STATE,ZIPCODE,SEX,AGE,SAFETY_EQUIPMENT,AIRBAG_DEPLOYED,EJECTION,INJURY_CLASSIFICATION,DRIVER_ACTION,DRIVER_VISION,PHYSICAL_CONDITION,BAC_RESULT,CRASH_YEAR_x,RD_NO_y,CRASH_DATE_y,POSTED_SPEED_LIMIT,TRAFFIC_CONTROL_DEVICE,DEVICE_CONDITION,WEATHER_CONDITION,LIGHTING_CONDITION,FIRST_CRASH_TYPE,TRAFFICWAY_TYPE,ALIGNMENT,ROADWAY_SURFACE_COND,ROAD_DEFECT,REPORT_TYPE,CRASH_TYPE,INTERSECTION_RELATED_I,HIT_AND_RUN_I,DAMAGE,DATE_POLICE_NOTIFIED,PRIM_CONTRIBUTORY_CAUSE,SEC_CONTRIBUTORY_CAUSE,STREET_NO,STREET_DIRECTION,STREET_NAME,BEAT_OF_OCCURRENCE,NUM_UNITS,MOST_SEVERE_INJURY,INJURIES_TOTAL,INJURIES_FATAL,INJURIES_INCAPACITATING,INJURIES_NON_INCAPACITATING,INJURIES_REPORTED_NOT_EVIDENT,INJURIES_NO_INDICATION,INJURIES_UNKNOWN,CRASH_HOUR,CRASH_DAY_OF_WEEK,CRASH_MONTH,LATITUDE,LONGITUDE,LOCATION,CRASH_YEAR_y,TIME
O1205601,DRIVER,c5b65b1e49160421c230d983ea4b32a98d510af326a2ea0452894ddfc526457e1396a5505c36499f9ffe612c4fc36996a9ad99c14ad65556c97e1bdee5b1fb26,JE409354,1143931.0,10/13/2021 09:20:00 AM,CHICAGO,IL,60660,F,74.0,SAFETY BELT USED,NOT APPLICABLE,NONE,NO INDICATION OF INJURY,NONE,UNKNOWN,NORMAL,TEST NOT OFFERED,2021,JE409354,10/13/2021 09:20:00 AM,30,TRAFFIC SIGNAL,FUNCTIONING PROPERLY,UNKNOWN,DAYLIGHT,SIDESWIPE SAME DIRECTION,NOT DIVIDED,STRAIGHT AND LEVEL,UNKNOWN,UNKNOWN,NOT ON SCENE (DESK REPORT),NO INJURY / DRIVE AWAY,Y,Y,"OVER $1,500",10/14/2021 12:10:00 PM,DRIVING SKILLS/KNOWLEDGE/EXPERIENCE,UNABLE TO DETERMINE,5600,N,SHERIDAN RD,2022.0,2,NO INDICATION OF INJURY,0.0,0.0,0.0,0.0,0.0,2.0,0.0,9,4,10,41.983886041,-87.655342351,POINT (-87.655342351398 41.983886040841),2021,560
O1254613,DRIVER,54d162367f6fcdb1ded0f091b5be4517df16a8c164e2d3d398d8566bbd740e5cb5d6f68f075717d1428bd8e7e4a601fb82c146edcb7c36cfefeb20f3f7502009,JE492466,1190918.0,12/29/2021 11:07:00 PM,CHICAGO,IL,60649,M,30.0,SAFETY BELT NOT USED,DID NOT DEPLOY,NONE,NO INDICATION OF INJURY,EVADING POLICE VEHICLE,UNKNOWN,NORMAL,TEST NOT OFFERED,2021,JE492466,12/29/2021 11:07:00 PM,30,UNKNOWN,UNKNOWN,SNOW,"DARKNESS, LIGHTED ROAD",FIXED OBJECT,NOT DIVIDED,STRAIGHT AND LEVEL,SNOW OR SLUSH,UNKNOWN,ON SCENE,INJURY AND / OR TOW DUE TO CRASH,Y,Y,"OVER $1,500",12/29/2021 11:07:00 PM,"OPERATING VEHICLE IN ERRATIC, RECKLESS, CARELESS, NEGLIGENT OR AGGRESSIVE MANNER","OPERATING VEHICLE IN ERRATIC, RECKLESS, CARELESS, NEGLIGENT OR AGGRESSIVE MANNER",541,E,PERSHING RD,214.0,1,NO INDICATION OF INJURY,0.0,0.0,0.0,0.0,0.0,1.0,0.0,23,4,12,41.823771592,-87.613353586,POINT (-87.613353586275 41.823771592094),2021,1387
O1030972,DRIVER,a7874d50bbfb577d42d035e86c4de41ce9027cc64e028023e52db32b9d060310fbbb23fc31bee20f498c9ba7e5fdfc0ce2dd7aaf9bb05b5d02f45a71b40a661e,JE124494,977166.0,01/27/2021 10:40:00 AM,CHICAGO,IL,60636,M,66.0,SAFETY BELT USED,NOT APPLICABLE,NONE,NO INDICATION OF INJURY,NONE,NOT OBSCURED,NORMAL,TEST NOT OFFERED,2021,JE124494,01/27/2021 10:40:00 AM,35,STOP SIGN/FLASHER,FUNCTIONING PROPERLY,SNOW,DAYLIGHT,REAR END,NOT DIVIDED,STRAIGHT AND LEVEL,WET,NO DEFECTS,ON SCENE,NO INJURY / DRIVE AWAY,Y,Y,"OVER $1,500",01/27/2021 10:51:00 AM,FOLLOWING TOO CLOSELY,UNABLE TO DETERMINE,1800,W,69TH ST,726.0,2,NO INDICATION OF INJURY,0.0,0.0,0.0,0.0,0.0,2.0,0.0,10,4,1,41.768604567,-87.668836721,POINT (-87.668836720835 41.768604567274),2021,640
O1051388,DRIVER,b940c1e8542556a6b6565f936f139789320e768a27bd40268b94578f2fddbae738198a1e43fbbbcfa2d020cdd81ca69729477be37dd79e16ef2b226b15ea1dd8,JE155224,996898.0,02/28/2021 03:43:00 PM,LE GRANGE,IL,60525,F,27.0,SAFETY BELT USED,DID NOT DEPLOY,NONE,NO INDICATION OF INJURY,FAILED TO YIELD,NOT OBSCURED,NORMAL,TEST NOT OFFERED,2021,JE155224,02/28/2021 03:43:00 PM,30,TRAFFIC SIGNAL,FUNCTIONING PROPERLY,CLOUDY/OVERCAST,DAYLIGHT,REAR END,FOUR WAY,STRAIGHT AND LEVEL,DRY,NO DEFECTS,NOT ON SCENE (DESK REPORT),NO INJURY / DRIVE AWAY,Y,N,"OVER $1,500",02/28/2021 04:45:00 PM,FAILING TO REDUCE SPEED TO AVOID CRASH,NOT APPLICABLE,1223,W,DIVISION ST,1213.0,2,NO INDICATION OF INJURY,0.0,0.0,0.0,0.0,0.0,2.0,0.0,15,1,2,41.903387876,-87.658309052,POINT (-87.658309051604 41.903387876415),2021,943
O1163254,DRIVER,45d1a57af8d530be8ce916844247e78c8f5a0f467b46d161e970e2825c29427eba9d2fb413de19b88a74cd1ff53fbbcacc1dc9f3c7ecafdab43b58dba3580e7a,JE339466,1103446.0,08/16/2021 04:00:00 PM,JOLIET,IL,60433,M,49.0,USAGE UNKNOWN,DEPLOYMENT UNKNOWN,NONE,NO INDICATION OF INJURY,FAILED TO YIELD,UNKNOWN,UNKNOWN,TEST NOT OFFERED,2021,JE339466,08/16/2021 04:00:00 PM,30,STOP SIGN/FLASHER,FUNCTIONING PROPERLY,CLEAR,DAYLIGHT,HEAD ON,FOUR WAY,STRAIGHT AND LEVEL,DRY,UNKNOWN,NOT ON SCENE (DESK REPORT),NO INJURY / DRIVE AWAY,Y,N,$500 OR LESS,08/16/2021 04:30:00 PM,FAILING TO YIELD RIGHT-OF-WAY,NOT APPLICABLE,725,W,ROOSEVELT RD,1232.0,2,NO INDICATION OF INJURY,0.0,0.0,0.0,0.0,0.0,2.0,0.0,16,2,8,41.86705505,-87.646147775,POINT (-87.646147774563 41.867055049543),2021,960
O1072650,DRIVER,09aa132eeb450a9d194c4c7705c9547a4446b5d3c0e89101d6f5a4efc9ad8a591a03a45ccef24bfadab89f57e00c2c731317dfba7f7cafcc637b5198f18ed107,JE192871,1017263.0,04/07/2021 09:00:00 PM,NORTHBROOK,IL,60062,M,24.0,SAFETY BELT USED,DID NOT DEPLOY,NONE,NO INDICATION OF INJURY,NONE,UNKNOWN,NORMAL,TEST NOT OFFERED,2021,JE192871,04/07/2021 09:00:00 PM,30,TRAFFIC SIGNAL,UNKNOWN,CLEAR,"DARKNESS, LIGHTED ROAD",REAR END,FOUR WAY,STRAIGHT AND LEVEL,DRY,UNKNOWN,ON SCENE,NO INJURY / DRIVE AWAY,Y,Y,"OVER $1,500",04/07/2021 09:05:00 PM,FOLLOWING TOO CLOSELY,NOT APPLICABLE,1569,N,HALSTED ST,1822.0,2,NO INDICATION OF INJURY,0.0,0.0,0.0,0.0,0.0,2.0,0.0,21,4,4,41.910621955,-87.648117573,POINT (-87.648117572952 41.910621954793),2021,1260
O1040754,DRIVER,e9bd135dd9925bfa5a5349f729f0a1d5c4a1f965254ce30676e65bc35958ac2c3c5083c858854e4843d95c61b026dddb8949d9c72cd36139dbb5ecf4b87c35ea,JE139354,986581.0,02/11/2021 11:40:00 PM,CHICAGO,IL,60629,M,33.0,SAFETY BELT USED,NOT APPLICABLE,NONE,NO INDICATION OF INJURY,NONE,NOT OBSCURED,NORMAL,TEST NOT OFFERED,2021,JE139354,02/11/2021 11:40:00 PM,30,TRAFFIC SIGNAL,FUNCTIONING PROPERLY,CLEAR,DARKNESS,SIDESWIPE SAME DIRECTION,ONE-WAY,STRAIGHT AND LEVEL,SNOW OR SLUSH,NO DEFECTS,NOT ON SCENE (DESK REPORT),NO INJURY / DRIVE AWAY,Y,Y,"OVER $1,500",02/12/2021 12:49:00 AM,NOT APPLICABLE,NOT APPLICABLE,3381,W,CONGRESS PKWY,1134.0,2,NO INDICATION OF INJURY,0.0,0.0,0.0,0.0,0.0,2.0,0.0,23,5,2,41.874434778,-87.710765075,POINT (-87.710765075441 41.874434778336),2021,1420
O1066629,DRIVER,f30da537347032a9d693936dd23a635394ec1a6ac058926d0e4956d05da255fce4c601edfd022ddf7d03f491f41efa56ac7747d43be42ba2f9e90d2504d230ed,JE182787,1011561.0,03/29/2021 01:15:00 AM,CHICAGO,IL,60624,M,35.0,USAGE UNKNOWN,DEPLOYMENT UNKNOWN,NONE,NO INDICATION OF INJURY,NONE,UNKNOWN,NORMAL,TEST NOT OFFERED,2021,JE182787,03/29/2021 01:15:00 AM,30,TRAFFIC SIGNAL,NO CONTROLS,CLEAR,"DARKNESS, LIGHTED ROAD",REAR END,DIVIDED - W/MEDIAN (NOT RAISED),STRAIGHT AND LEVEL,DRY,UNKNOWN,NOT ON SCENE (DESK REPORT),NO INJURY / DRIVE AWAY,Y,N,"$501 - $1,500",03/29/2021 01:45:00 AM,FAILING TO REDUCE SPEED TO AVOID CRASH,NOT APPLICABLE,1,S,KOSTNER AVE,1115.0,2,NO INDICATION OF INJURY,0.0,0.0,0.0,0.0,0.0,2.0,0.0,1,2,3,41.880565333,-87.73532710399999,POINT (-87.73532710411 41.880565333258),2021,75
O1028221,DRIVER,1d8382c6d1fcd512aa9480835de5053087d70f00d40bf4b082e6b4943fce58ede8afd6b5210a49270e84cfbc1421bcab9d435e32bdcb9ca96788f04d7e8e4096,JE119282,974525.0,01/21/2021 04:30:00 PM,CHICAGO,IL,60612,M,16.0,USAGE UNKNOWN,DID NOT DEPLOY,NONE,NO INDICATION OF INJURY,UNKNOWN,UNKNOWN,UNKNOWN,TEST NOT OFFERED,2021,JE119282,01/21/2021 04:30:00 PM,30,UNKNOWN,UNKNOWN,CLEAR,DAYLIGHT,REAR END,OTHER,STRAIGHT AND LEVEL,UNKNOWN,UNKNOWN,ON SCENE,INJURY AND / OR TOW DUE TO CRASH,Y,Y,"$501 - $1,500",01/21/2021 04:30:00 PM,NOT APPLICABLE,NOT APPLICABLE,400,E,ONTARIO ST,1834.0,2,NO INDICATION OF INJURY,0.0,0.0,0.0,0.0,0.0,4.0,0.0,16,5,1,41.893560673,-87.617600179,POINT (-87.617600178786 41.893560672864),2021,990
O1211026,DRIVER,8e5b10f0e3d747053b0099e62c69382be70aacf1fe3f792d9c88784685a193f00d0132146a7809bd2b6c98806803f22b7708396c81c6051b12960076bc27113e,JE419409,1149079.0,10/23/2021 04:00:00 AM,JUSTICE,IL,60458,M,33.0,SAFETY BELT USED,DID NOT DEPLOY,NONE,NO INDICATION OF INJURY,NONE,NOT OBSCURED,NORMAL,TEST NOT OFFERED,2021,JE419409,10/23/2021 04:00:00 AM,30,TRAFFIC SIGNAL,FUNCTIONING PROPERLY,CLEAR,"DARKNESS, LIGHTED ROAD",ANGLE,NOT DIVIDED,STRAIGHT AND LEVEL,DRY,NO DEFECTS,ON SCENE,INJURY AND / OR TOW DUE TO CRASH,Y,Y,"OVER $1,500",10/23/2021 04:04:00 AM,FAILING TO YIELD RIGHT-OF-WAY,DISREGARDING TRAFFIC SIGNALS,4000,W,ROOSEVELT RD,1132.0,2,NO INDICATION OF INJURY,0.0,0.0,0.0,0.0,0.0,2.0,0.0,4,7,10,41.866281003000005,-87.72523422,POINT (-87.725234219839 41.866281002665),2021,240
O1233676,DRIVER,b61c732a66384bc9566c393125a0cbd33dfc69d684572cd70de5d481d587226c61a38cba9fd3a913864a1be92ff689aecfa09e4767783c403cb83c5eb815bf9f,JE455918,1170817.0,11/24/2021 03:18:00 PM,NILES,IL,60714,M,43.0,SAFETY BELT USED,DID NOT DEPLOY,NONE,NO INDICATION OF INJURY,NONE,NOT OBSCURED,NORMAL,TEST NOT OFFERED,2021,JE455918,11/24/2021 03:18:00 PM,30,TRAFFIC SIGNAL,FUNCTIONING PROPERLY,CLOUDY/OVERCAST,DAYLIGHT,REAR END,DIVIDED - W/MEDIAN (NOT RAISED),STRAIGHT AND LEVEL,DRY,NO DEFECTS,NOT ON SCENE (DESK REPORT),NO INJURY / DRIVE AWAY,Y,Y,"$501 - $1,500",11/24/2021 04:10:00 PM,FAILING TO REDUCE SPEED TO AVOID CRASH,UNABLE TO DETERMINE,9500,S,LAFAYETTE AVE,511.0,2,NO INDICATION OF INJURY,0.0,0.0,0.0,0.0,0.0,2.0,0.0,15,4,11,41.721566293,-87.62516951799999,POINT (-87.625169517699 41.721566292573),2021,918
O1094789,DRIVER,57800982f225fcbf4d2ef2e21c48068e85b9e150b980ec854b75ed9df891cce39339289b995c5f64218e66bdaa28ed8dbcbaf318f5918d74c851ddaae74779ff,JE229103,1038406.0,05/13/2021 04:20:00 PM,OAKBROOK,IL,60523,F,28.0,SAFETY BELT USED,DID NOT DEPLOY,NONE,NO INDICATION OF INJURY,NONE,NOT OBSCURED,NORMAL,TEST NOT OFFERED,2021,JE229103,05/13/2021 04:20:00 PM,30,TRAFFIC SIGNAL,FUNCTIONING PROPERLY,CLEAR,DAYLIGHT,REAR END,DIVIDED - W/MEDIAN (NOT RAISED),STRAIGHT AND LEVEL,DRY,NO DEFECTS,NOT ON SCENE (DESK REPORT),NO INJURY / DRIVE AWAY,Y,Y,"$501 - $1,500",05/13/2021 05:40:00 PM,UNABLE TO DETERMINE,UNABLE TO DETERMINE,150,W,31ST ST,914.0,3,NO INDICATION OF INJURY,0.0,0.0,0.0,0.0,0.0,3.0,0.0,16,5,5,41.838365192,-87.630428361,POINT (-87.630428361106 41.838365192275),2021,980
O1040708,DRIVER,093f1503d48bf3d5e2a7ae9b42ebd729c6c26bf6453a5530a79bcb65d937c53b131f53e16ec9ff464fa9218aab46003d14c266b8f39d7d602b87ff4e601d44c5,JE139266,986538.0,02/05/2021 07:34:00 PM,OAK LAWN,IL,60453,M,47.0,USAGE UNKNOWN,DEPLOYMENT UNKNOWN,NONE,NO INDICATION OF INJURY,UNKNOWN,UNKNOWN,NORMAL,TEST NOT OFFERED,2021,JE139266,02/05/2021 07:34:00 PM,30,TRAFFIC SIGNAL,FUNCTIONING PROPERLY,CLEAR,"DARKNESS, LIGHTED ROAD",REAR END,DIVIDED - W/MEDIAN (NOT RAISED),STRAIGHT AND LEVEL,DRY,UNKNOWN,NOT ON SCENE (DESK REPORT),NO INJURY / DRIVE AWAY,N,N,"OVER $1,500",02/11/2021 09:45:00 PM,FAILING TO REDUCE SPEED TO AVOID CRASH,NOT APPLICABLE,6,N,CICERO AVE,1533.0,2,NO INDICATION OF INJURY,0.0,0.0,0.0,0.0,0.0,2.0,0.0,19,6,2,41.880692758,-87.745431759,POINT (-87.745431759172 41.880692757567),2021,1174
O1202376,DRIVER,2acde2a91dd6b0fc5fc7f2376651bdf22ed6b6ca74588c95233c86c4baf2578272407255d6af8989ec9ca843d02eaf72fbd72efd1ad0f41179505b9323d47cfc,JE404733,1140872.0,10/10/2021 09:03:00 AM,GLENWOOD,IL,60425,F,29.0,SAFETY BELT USED,NOT APPLICABLE,NONE,NO INDICATION OF INJURY,NONE,NOT OBSCURED,NORMAL,TEST NOT OFFERED,2021,JE404733,10/10/2021 09:03:00 AM,30,TRAFFIC SIGNAL,FUNCTIONING PROPERLY,CLEAR,DAYLIGHT,SIDESWIPE SAME DIRECTION,FOUR WAY,STRAIGHT AND LEVEL,DRY,NO DEFECTS,NOT ON SCENE (DESK REPORT),NO INJURY / DRIVE AWAY,Y,Y,$500 OR LESS,10/10/2021 10:15:00 AM,UNABLE TO DETERMINE,UNABLE TO DETERMINE,1701,E,103RD ST,434.0,2,NO INDICATION OF INJURY,0.0,0.0,0.0,0.0,0.0,3.0,0.0,9,1,10,41.707722898,-87.583023554,POINT (-87.583023554127 41.707722898022),2021,543
O1245114,DRIVER,590ed39c658a127258052ec4451abb4dd4fbc678d6a8ed248e6c4d4304cc400c49651ac0578ee27521b50ebd3ed65d474455fe72c2dd0bf5d8774a8eb745ef43,JE475360,1181773.0,12/12/2021 07:30:00 PM,CHICAGO,IL,60617,M,33.0,NONE PRESENT,"DEPLOYED, FRONT",NONE,NONINCAPACITATING INJURY,OTHER,NOT OBSCURED,EMOTIONAL,TEST NOT OFFERED,2021,JE475360,12/12/2021 07:30:00 PM,30,TRAFFIC SIGNAL,FUNCTIONING PROPERLY,CLEAR,"DARKNESS, LIGHTED ROAD",SIDESWIPE OPPOSITE DIRECTION,FOUR WAY,STRAIGHT AND LEVEL,DRY,NO DEFECTS,ON SCENE,INJURY AND / OR TOW DUE TO CRASH,Y,N,"OVER $1,500",12/12/2021 07:55:00 PM,PHYSICAL CONDITION OF DRIVER,PHYSICAL CONDITION OF DRIVER,2634,E,100TH ST,431.0,2,NONINCAPACITATING INJURY,1.0,0.0,0.0,1.0,0.0,1.0,0.0,19,1,12,41.7135479,-87.559647471,POINT (-87.559647470504 41.713547900261),2021,1170
O1183943,DRIVER,4d67967195583e23cb0703b46ec28f4408cf060c581947417e262338d54a6c85e0db43d97ce0142ad2cfca36dab090db117d7ef3c09de8076cccde8b2213baf5,JE374022,1123217.0,09/15/2021 01:42:00 AM,CHICAGO,IL,60639,F,48.0,USAGE UNKNOWN,"DEPLOYED, SIDE",NONE,INCAPACITATING INJURY,NONE,NOT OBSCURED,NORMAL,TEST NOT OFFERED,2021,JE374022,09/15/2021 01:42:00 AM,30,OTHER REG. SIGN,FUNCTIONING PROPERLY,CLEAR,"DARKNESS, LIGHTED ROAD",ANGLE,FOUR WAY,STRAIGHT AND LEVEL,DRY,NO DEFECTS,ON SCENE,INJURY AND / OR TOW DUE TO CRASH,Y,Y,"OVER $1,500",09/15/2021 01:42:00 AM,FAILING TO YIELD RIGHT-OF-WAY,DISREGARDING TRAFFIC SIGNALS,4798,N,CENTRAL AVE,1622.0,2,INCAPACITATING INJURY,1.0,0.0,1.0,0.0,0.0,1.0,0.0,1,4,9,41.967734907,-87.76762262700001,POINT (-87.767622626845 41.967734907219),2021,102
O1091701,DRIVER,656a89dc8f2467890400a2307e9f596a8bc7139c87b7b8efc7c2074a020c5f8056aa3a0244b79e22a7afcd46feaf0a446d21f671f8e0d33f3909470964d61d03,JE224163,1035450.0,05/08/2021 10:08:00 PM,HIGHLAND PARK,IL,60035,M,49.0,SAFETY BELT USED,NOT APPLICABLE,NONE,NO INDICATION OF INJURY,NONE,NOT OBSCURED,NORMAL,TEST NOT OFFERED,2021,JE224163,05/08/2021 10:08:00 PM,30,TRAFFIC SIGNAL,FUNCTIONING PROPERLY,RAIN,"DARKNESS, LIGHTED ROAD",TURNING,FOUR WAY,STRAIGHT AND LEVEL,WET,NO DEFECTS,NOT ON SCENE (DESK REPORT),NO INJURY / DRIVE AWAY,Y,Y,"OVER $1,500",05/08/2021 11:18:00 PM,WEATHER,UNABLE TO DETERMINE,2600,N,WESTERN AVE,1411.0,2,NO INDICATION OF INJURY,0.0,0.0,0.0,0.0,0.0,3.0,0.0,22,7,5,41.92866979,-87.687922236,POINT (-87.687922235539 41.92866978991),2021,1328
O1064830,DRIVER,0ec4b16679b56bab0df48a7d07c1e63a58a9daf40a65a056f6a3d9ebd2ae64ee24d966ecfeb89e4d4c677aa3e8952017d386f72787d3d56bd4e22438d4b95672,JE179853,1009816.0,03/25/2021 10:50:00 PM,JUSTICE,IL,60458,M,23.0,USAGE UNKNOWN,NOT APPLICABLE,NONE,NO INDICATION OF INJURY,UNKNOWN,UNKNOWN,NORMAL,TEST NOT OFFERED,2021,JE179853,03/25/2021 10:50:00 PM,30,TRAFFIC SIGNAL,FUNCTIONING PROPERLY,RAIN,"DARKNESS, LIGHTED ROAD",TURNING,FOUR WAY,STRAIGHT AND LEVEL,WET,NO DEFECTS,ON SCENE,NO INJURY / DRIVE AWAY,Y,Y,"OVER $1,500",03/25/2021 11:04:00 PM,NOT APPLICABLE,NOT APPLICABLE,198,W,OAK ST,1824.0,2,NO INDICATION OF INJURY,0.0,0.0,0.0,0.0,0.0,2.0,0.0,22,5,3,41.900652406,-87.634277734,POINT (-87.634277734317 41.900652406333),2021,1370
O1250059,DRIVER,d7f380ba0879afa8bfc1a4972e6558154d17eb9069cf40d55df50853c156d85fab95dd641a29f3a2e8147c1b86b9e5ac724d64a97f15e495cff60f0506d321c9,JE484293,1186534.0,12/20/2021 10:05:00 PM,CHICAGO,IL,60615,M,57.0,USAGE UNKNOWN,"DEPLOYED, FRONT",UNKNOWN,"REPORTED, NOT EVIDENT",UNKNOWN,UNKNOWN,NORMAL,TEST NOT OFFERED,2021,JE484293,12/20/2021 10:05:00 PM,30,TRAFFIC SIGNAL,UNKNOWN,CLEAR,"DARKNESS, LIGHTED ROAD",ANGLE,FOUR WAY,STRAIGHT AND LEVEL,DRY,UNKNOWN,ON SCENE,INJURY AND / OR TOW DUE TO CRASH,Y,Y,"OVER $1,500",12/20/2021 10:08:00 PM,DISREGARDING TRAFFIC SIGNALS,UNABLE TO DETERMINE,1200,S,KEELER AVE,1011.0,2,"REPORTED, NOT EVIDENT",1.0,0.0,0.0,0.0,1.0,3.0,0.0,22,2,12,41.866007833000005,-87.730207944,POINT (-87.730207943805 41.866007832779),2021,1325
O1227972,DRIVER,4ae9ce2e709aae4b8655b5f4a2d8848dadfcf2f3d4d80d36bdae6185805528f33ef679252443fbbbd3933feb022786d184efc289b0c4b9b36704628c23c3b4fa,JE446754,1165314.0,11/16/2021 07:45:00 AM,CHICAGO,IL,60629,F,1.0,SAFETY BELT USED,DID NOT DEPLOY,NONE,NO INDICATION OF INJURY,IMPROPER LANE CHANGE,UNKNOWN,NORMAL,TEST NOT OFFERED,2021,JE446754,11/16/2021 07:45:00 AM,30,STOP SIGN/FLASHER,NO CONTROLS,CLEAR,DAYLIGHT,ANGLE,T-INTERSECTION,STRAIGHT AND LEVEL,DRY,NO DEFECTS,ON SCENE,NO INJURY / DRIVE AWAY,Y,N,"OVER $1,500",11/16/2021 08:20:00 AM,IMPROPER OVERTAKING/PASSING,FAILING TO YIELD RIGHT-OF-WAY,2800,S,WESTERN AVE,1034.0,2,NO INDICATION OF INJURY,0.0,0.0,0.0,0.0,0.0,2.0,0.0,7,3,11,41.841110175,-87.685425545,POINT (-87.685425544687 41.841110175378),2021,465
O1119044,DRIVER,7f696f140cd16d54ea26642daf5cc140f645d6865194da505699af865fea8849ca9bf61d4adaf0ab5852da63649775fec9011059dc22f98bf3f6ec481695b79c,JE266813,1061444.0,06/15/2021 12:25:00 PM,NORRIDGE,IL,60706,M,36.0,SAFETY BELT USED,NOT APPLICABLE,NONE,NO INDICATION OF INJURY,NONE,UNKNOWN,NORMAL,TEST NOT OFFERED,2021,JE266813,06/15/2021 12:25:00 PM,30,NO CONTROLS,NO CONTROLS,CLEAR,DAYLIGHT,TURNING,T-INTERSECTION,STRAIGHT AND LEVEL,DRY,NO DEFECTS,ON SCENE,NO INJURY / DRIVE AWAY,Y,Y,"OVER $1,500",06/15/2021 12:26:00 PM,UNABLE TO DETERMINE,UNABLE TO DETERMINE,4235,S,WESTERN BLVD,924.0,2,NO INDICATION OF INJURY,0.0,0.0,0.0,0.0,0.0,2.0,0.0,12,3,6,41.816506319,-87.68394535600001,POINT (-87.683945356125 41.816506318546),2021,745
O1112380,DRIVER,6aef15ac253864b79fc58fadd1be38aa559951e0b6a9a14fde7d0ae648259662e43c021df13f8e1c545e09013e8e4620d65bdaa4d330219f2d3ff28a8a4b8d43,JE257351,1055250.0,06/06/2021 04:43:00 PM,CHICAGO,IL,60629,M,54.0,SAFETY BELT USED,"DEPLOYED, SIDE",NONE,NO INDICATION OF INJURY,NONE,NOT OBSCURED,NORMAL,TEST NOT OFFERED,2021,JE257351,06/06/2021 04:43:00 PM,30,STOP SIGN/FLASHER,NO CONTROLS,CLEAR,DAYLIGHT,TURNING,FOUR WAY,STRAIGHT AND LEVEL,DRY,NO DEFECTS,ON SCENE,INJURY AND / OR TOW DUE TO CRASH,Y,Y,"OVER $1,500",06/07/2021 04:53:00 PM,FAILING TO YIELD RIGHT-OF-WAY,NOT APPLICABLE,6900,S,BELL AVE,832.0,2,NO INDICATION OF INJURY,0.0,0.0,0.0,0.0,0.0,2.0,0.0,16,1,6,41.76828206,-87.679735156,POINT (-87.679735156295 41.768282060432),2021,1003
O1144699,DRIVER,b3af1c55e1f2de7dd365140be0f2b7a554f3116dbcb6622fe407fce7acbb67b3cdbc00f618139347f036c1ee4114400a83a63448cee6cc1b6ec0a793931a375c,JE309495,1085842.0,07/21/2021 07:55:00 PM,HOMEWOOD,IL,60430,F,72.0,USAGE UNKNOWN,DID NOT DEPLOY,NONE,NONINCAPACITATING INJURY,NONE,UNKNOWN,NORMAL,TEST NOT OFFERED,2021,JE309495,07/21/2021 07:55:00 PM,30,STOP SIGN/FLASHER,FUNCTIONING PROPERLY,CLEAR,DAYLIGHT,TURNING,DIVIDED - W/MEDIAN BARRIER,STRAIGHT AND LEVEL,DRY,NO DEFECTS,ON SCENE,INJURY AND / OR TOW DUE TO CRASH,Y,Y,"OVER $1,500",07/21/2021 07:55:00 PM,DRIVING SKILLS/KNOWLEDGE/EXPERIENCE,UNABLE TO DETERMINE,12401,S,HALSTED ST,523.0,3,NONINCAPACITATING INJURY,1.0,0.0,0.0,1.0,0.0,2.0,0.0,19,4,7,41.66862653,-87.641454572,POINT (-87.641454571743 41.668626530316),2021,1195
O1192846,DRIVER,66e6c11d23c2359716fe5f5a238f9b95cb3051da6dcede9f2303428215ab1bb21a5a77bf42d3f401979091fdca67b29b6e3e020dce64b4d27f168f70cbbd0b6f,JE388737,1131777.0,09/27/2021 08:39:00 AM,CHICAGO,IL,60661,M,45.0,SAFETY BELT USED,DID NOT DEPLOY,NONE,NO INDICATION OF INJURY,NONE,NOT OBSCURED,NORMAL,TEST NOT OFFERED,2021,JE388737,09/27/2021 08:39:00 AM,30,TRAFFIC SIGNAL,FUNCTIONING PROPERLY,CLEAR,DAYLIGHT,SIDESWIPE SAME DIRECTION,DIVIDED - W/MEDIAN (NOT RAISED),STRAIGHT AND LEVEL,DRY,NO DEFECTS,ON SCENE,NO INJURY / DRIVE AWAY,Y,Y,"$501 - $1,500",09/27/2021 08:58:00 AM,UNABLE TO DETERMINE,UNABLE TO DETERMINE,4401,W,IRVING PARK RD,1731.0,2,NO INDICATION OF INJURY,0.0,0.0,0.0,0.0,0.0,3.0,0.0,8,2,9,41.953418486,-87.73812100100001,POINT (-87.738121000933 41.953418486198),2021,519