PERSON_ID,PERSON_TYPE,CRASH_RECORD_ID,RD_NO_x,VEHICLE_ID,CRASH_DATE_x,CITY,STATE,ZIPCODE,SEX,AGE,SAFETY_EQUIPMENT,AIRBAG_DEPLOYED,EJECTION,INJURY_CLASSIFICATION,DRIVER_ACTION,DRIVER_VISION,PHYSICAL_CONDITION,BAC_RESULT,CRASH_YEAR_x,RD_NO_y,CRASH_DATE_y,POSTED_SPEED_LIMIT,TRAFFIC_CONTROL_DEVICE,DEVICE_CONDITION,WEATHER_CONDITION,LIGHTING_CONDITION,FIRST_CRASH_TYPE,TRAFFICWAY_TYPE,ALIGNMENT,ROADWAY_SURFACE_COND,ROAD_DEFECT,REPORT_TYPE,CRASH_TYPE,INTERSECTION_RELATED_I,HIT_AND_RUN_I,DAMAGE,DATE_POLICE_NOTIFIED,PRIM_CONTRIBUTORY_CAUSE,SEC_CONTRIBUTORY_CAUSE,STREET_NO,STREET_DIRECTION,STREET_NAME,BEAT_OF_OCCURRENCE,NUM_UNITS,MOST_SEVERE_INJURY,INJURIES_TOTAL,INJURIES_FATAL,INJURIES_INCAPACITATING,INJURIES_NON_INCAPACITATING,INJURIES_REPORTED_NOT_EVIDENT,INJURIES_NO_INDICATION,INJURIES_UNKNOWN,CRASH_HOUR,CRASH_DAY_OF_WEEK,CRASH_MONTH,LATITUDE,LONGITUDE,LOCATION,CRASH_YEAR_y,TIME
O1144658,DRIVER,a8d7008235a92b43968d73a947171a4673f3bd0f8a2edb70d8bb33d9a4a2a090474b075041f5b2f0337152688b1f66658606413a08d8f2e31e6b345a0d4071e5,JE309438,1085783.0,07/21/2021 06:50:00 PM,EVERGREEN PARK,IL,60805,F,29.0,SAFETY BELT USED,"DEPLOYED, FRONT",NONE,NO INDICATION OF INJURY,NONE,NOT OBSCURED,NORMAL,TEST NOT OFFERED,2021,JE309438,07/21/2021 06:50:00 PM,30,TRAFFIC SIGNAL,FUNCTIONING PROPERLY,CLEAR,DAYLIGHT,TURNING,FOUR WAY,STRAIGHT AND LEVEL,DRY,NO DEFECTS,ON SCENE,INJURY AND / OR TOW DUE TO CRASH,Y,Y,"OVER $1,500",07/21/2021 06:55:00 PM,IMPROPER TURNING/NO SIGNAL,FAILING TO YIELD RIGHT-OF-WAY,200,N,ASHLAND AVE,1215.0,2,NO INDICATION OF INJURY,0.0,0.0,0.0,0.0,0.0,2.0,0.0,18,4,7,41.885348559,-87.667114404,POINT (-87.667114403773 41.88534855881),2021,1130
O1116189,DRIVER,432456fadb2cae0cfa52f2e6dac693ae4615058a2af634bdd3c8cd6d8f86e2ab09d9cfd3ce019947db54c7be1d66801462ee61b51f610a401be2ab8b1d01e562,JE263193,1058757.0,06/12/2021 11:20:00 AM,CHICAGO,IL,60645,F,29.0,SAFETY BELT USED,NOT APPLICABLE,NONE,NONINCAPACITATING INJURY,NONE,NOT OBSCURED,NORMAL,TEST NOT OFFERED,2021,JE263193,06/12/2021 11:20:00 AM,30,TRAFFIC SIGNAL,FUNCTIONING PROPERLY,CLEAR,DAYLIGHT,REAR END,DIVIDED - W/MEDIAN (NOT RAISED),STRAIGHT AND LEVEL,DRY,NO DEFECTS,ON SCENE,INJURY AND / OR TOW DUE TO CRASH,Y,Y,"OVER $1,500",06/12/2021 11:22:00 AM,DRIVING SKILLS/KNOWLEDGE/EXPERIENCE,UNABLE TO DETERMINE,3557,N,WESTERN AVE,1921.0,2,NONINCAPACITATING INJURY,1.0,0.0,0.0,1.0,0.0,1.0,0.0,11,7,6,41.946585715,-87.688107585,POINT (-87.688107585488 41.946585715274),2021,680
O1187546,DRIVER,ddc585d7258b2f7c88fbb000f3025f892db370201aa10596bc2645277ec277ee81bb356aa785c830edf90fe2f6ed7fcb63bb2f29cd2f9db347c3a0fff6591ad0,JE379448,1126654.0,09/19/2021 11:38:00 AM,CHICAGO,IL,60624,M,18.0,USAGE UNKNOWN,"DEPLOYED, FRONT",NONE,NO INDICATION OF INJURY,EVADING POLICE VEHICLE,NOT OBSCURED,UNKNOWN,TEST NOT OFFERED,2021,JE379448,09/19/2021 11:38:00 AM,35,NO CONTROLS,NO CONTROLS,CLEAR,DAYLIGHT,PARKED MOTOR VEHICLE,ONE-WAY,STRAIGHT AND LEVEL,DRY,UNKNOWN,ON SCENE,INJURY AND / OR TOW DUE TO CRASH,N,Y,"OVER $1,500",09/19/2021 11:38:00 AM,DRIVING SKILLS/KNOWLEDGE/EXPERIENCE,UNABLE TO DETERMINE,3408,W,CONGRESS PKWY,1133.0,3,NO INDICATION OF INJURY,0.0,0.0,0.0,0.0,0.0,1.0,0.0,11,1,9,41.874647646999996,-87.71121099,POINT (-87.711210990416 41.87464764661),2021,698
O1126292,DRIVER,8d855726072731e0893fabc3dad40910d2a09e27302f0e1202f083aeddc8d57109ac3f1aa790ceaf4eb7cc2bfb13907568cc711cfd96f41f3b1d107e842b6ac1,JE279388,1068338.0,06/25/2021 05:30:00 PM,CHICAGO,IL,60619,F,27.0,USAGE UNKNOWN,DID NOT DEPLOY,NONE,NO INDICATION OF INJURY,NONE,NOT OBSCURED,NORMAL,TEST NOT OFFERED,2021,JE279388,06/25/2021 05:30:00 PM,30,STOP SIGN/FLASHER,FUNCTIONING PROPERLY,CLEAR,DAYLIGHT,ANGLE,ONE-WAY,STRAIGHT AND LEVEL,DRY,NO DEFECTS,ON SCENE,NO INJURY / DRIVE AWAY,Y,Y,"OVER $1,500",06/25/2021 05:50:00 PM,DISREGARDING STOP SIGN,NOT APPLICABLE,7300,S,BENNETT AVE,324.0,2,NO INDICATION OF INJURY,0.0,0.0,0.0,0.0,0.0,2.0,0.0,17,6,6,41.762388215,-87.57943009,POINT (-87.579430089922 41.762388215315),2021,1050
O1084674,DRIVER,1e1f16d77e333b1597f7593748d9af92de9a8ffa081fcdc516eec77a2c6aaaafefcfc11598956a34daaf8047b67dad0470d8e117a5e63c081bc31ffa9effffd8,JE213182,1028726.0,04/28/2021 04:30:00 PM,CHICAGO,IL,60651,F,73.0,USAGE UNKNOWN,DID NOT DEPLOY,NONE,NO INDICATION OF INJURY,NONE,NOT OBSCURED,NORMAL,TEST NOT OFFERED,2021,JE213182,04/28/2021 04:30:00 PM,30,NO CONTROLS,NO CONTROLS,CLEAR,DAYLIGHT,SIDESWIPE OPPOSITE DIRECTION,NOT DIVIDED,STRAIGHT AND LEVEL,DRY,NO DEFECTS,NOT ON SCENE (DESK REPORT),NO INJURY / DRIVE AWAY,N,Y,"OVER $1,500",04/28/2021 05:38:00 PM,UNABLE TO DETERMINE,NOT APPLICABLE,1003,N,CENTRAL AVE,1524.0,2,NO INDICATION OF INJURY,0.0,0.0,0.0,0.0,0.0,2.0,0.0,16,4,4,41.898613934000004,-87.765381527,POINT (-87.765381527478 41.898613933995),2021,990
O1054779,DRIVER,6cdf963d40771a447a917cad6d2a2debc19ecf802500bfc3744b822ba928a0967680f3c0b9168fc6348f614d09425069197d06164233e98f3837f8022d527a5c,JE161407,1000152.0,03/06/2021 11:10:00 PM,STREAMWOOD,IL,60107,F,32.0,USAGE UNKNOWN,"DEPLOYED, FRONT",NONE,NONINCAPACITATING INJURY,NONE,NOT OBSCURED,NORMAL,TEST NOT OFFERED,2021,JE161407,03/06/2021 11:10:00 PM,30,TRAFFIC SIGNAL,FUNCTIONING PROPERLY,CLEAR,"DARKNESS, LIGHTED ROAD",TURNING,FOUR WAY,STRAIGHT ON GRADE,DRY,NO DEFECTS,ON SCENE,INJURY AND / OR TOW DUE TO CRASH,Y,Y,"OVER $1,500",03/06/2021 11:13:00 PM,IMPROPER TURNING/NO SIGNAL,FAILING TO REDUCE SPEED TO AVOID CRASH,2200,S,CANAL ST,914.0,2,NONINCAPACITATING INJURY,1.0,0.0,0.0,1.0,0.0,2.0,0.0,23,7,3,41.852769173,-87.638678499,POINT (-87.638678498821 41.852769172801),2021,1390
O1085973,DRIVER,21e635bc54c7e342fb3a085060a9cd894e8f03c611878cd34a2bc1563ab897c68fff01d867f95ebf6a4dd490daa3fe4aec6fc1e1084b0692d17bee910b9872cf,JE215193,1029942.0,04/30/2021 11:00:00 AM,CHICAGO,IL,60618,F,53.0,SAFETY BELT USED,DID NOT DEPLOY,NONE,NO INDICATION OF INJURY,NONE,NOT OBSCURED,NORMAL,TEST NOT OFFERED,2021,JE215193,04/30/2021 11:00:00 AM,30,TRAFFIC SIGNAL,FUNCTIONING PROPERLY,CLEAR,DAYLIGHT,TURNING,NOT DIVIDED,STRAIGHT AND LEVEL,DRY,NO DEFECTS,NOT ON SCENE (DESK REPORT),NO INJURY / DRIVE AWAY,Y,Y,"$501 - $1,500",04/30/2021 04:55:00 PM,FOLLOWING TOO CLOSELY,NOT APPLICABLE,2800,W,LOGAN BLVD,1411.0,2,NO INDICATION OF INJURY,0.0,0.0,0.0,0.0,0.0,2.0,0.0,11,6,4,41.928574981,-87.697578354,POINT (-87.697578353694 41.928574981126),2021,660
O1177186,DRIVER,f699a3c3ba43d63bf4823f8dc8165995858574faf59d9c888c4711ca61d71b53aa1c0441f2cbac381f91a4614f21e6fe22863a18b1cdda7e6fa7e77a13e5431c,JE362456,1116749.0,09/05/2021 12:00:00 PM,CHESTER,IL,62233,F,54.0,SAFETY BELT USED,DID NOT DEPLOY,NONE,NO INDICATION OF INJURY,NONE,NOT OBSCURED,NORMAL,TEST NOT OFFERED,2021,JE362456,09/05/2021 12:00:00 PM,30,STOP SIGN/FLASHER,FUNCTIONING PROPERLY,CLEAR,DAYLIGHT,REAR END,NOT DIVIDED,STRAIGHT AND LEVEL,DRY,NO DEFECTS,ON SCENE,NO INJURY / DRIVE AWAY,Y,Y,"$501 - $1,500",09/05/2021 12:35:00 PM,UNABLE TO DETERMINE,"DISTRACTION - OTHER ELECTRONIC DEVICE (NAVIGATION DEVICE, DVD PLAYER, ETC.)",2858,S,PULASKI RD,1031.0,2,NO INDICATION OF INJURY,0.0,0.0,0.0,0.0,0.0,6.0,0.0,12,1,9,41.838813029,-87.72454903299999,POINT (-87.724549032788 41.838813028694),2021,720
O1248529,DRIVER,6116be2ae09956784108c3a5c3e83568706163149055ffb5688a6081da8283dd8b6e1812b24678a3ab81ec4b8a593b01dee09fd8f28d9b6e312856f9bdb45df5,JE481643,1185042.0,12/17/2021 04:00:00 PM,CHICAGO,IL,60649,F,85.0,SAFETY BELT USED,DID NOT DEPLOY,NONE,NO INDICATION OF INJURY,NONE,NOT OBSCURED,NORMAL,TEST NOT OFFERED,2021,JE481643,12/17/2021 04:00:00 PM,30,TRAFFIC SIGNAL,FUNCTIONING PROPERLY,UNKNOWN,UNKNOWN,REAR END,FOUR WAY,STRAIGHT AND LEVEL,UNKNOWN,UNKNOWN,NOT ON SCENE (DESK REPORT),NO INJURY / DRIVE AWAY,Y,N,$500 OR LESS,12/18/2021 11:40:00 AM,UNABLE TO DETERMINE,NOT APPLICABLE,1559,E,76TH ST,411.0,2,NO INDICATION OF INJURY,0.0,0.0,0.0,0.0,0.0,2.0,0.0,16,6,12,41.756833695,-87.586198074,POINT (-87.586198073731 41.756833695478),2021,960
O1062676,DRIVER,e83e4f468f60b0f95eee0701b2be5ec6cfa558bc20e99e78630441f25279255d1e98cadc35d646c303da5adc19cff4f69a08043f85c12f4d0d1b0870157a07ca,JE175793,1007746.0,03/22/2021 01:38:00 AM,CHICAGO,IL,60624,F,25.0,SAFETY BELT USED,"DEPLOYED, SIDE",NONE,NO INDICATION OF INJURY,FAILED TO YIELD,NOT OBSCURED,NORMAL,TEST NOT OFFERED,2021,JE175793,03/22/2021 01:38:00 AM,30,TRAFFIC SIGNAL,FUNCTIONING PROPERLY,CLEAR,"DARKNESS, LIGHTED ROAD",TURNING,FOUR WAY,STRAIGHT AND LEVEL,DRY,NO DEFECTS,ON SCENE,INJURY AND / OR TOW DUE TO CRASH,Y,Y,"OVER $1,500",03/22/2021 01:38:00 AM,DRIVING ON WRONG SIDE/WRONG WAY,FAILING TO YIELD RIGHT-OF-WAY,3599,W,JACKSON BLVD,1133.0,3,NO INDICATION OF INJURY,0.0,0.0,0.0,0.0,0.0,4.0,0.0,1,2,3,41.877103212,-87.715657084,POINT (-87.715657084153 41.877103212035),2021,98
O1097510,DRIVER,3f3ecfc46fba4ab5b4cd64975134ac928f2b7216348d90c89499db99ca6ea3c5eaf5ec5b919612bbac1ae836f6e54ad5280f91d2fd18250ae68bbd6d123f4e6d,JE233587,1041004.0,05/10/2021 11:00:00 AM,CHICAGO,IL,60612,F,44.0,USAGE UNKNOWN,DEPLOYMENT UNKNOWN,NONE,NO INDICATION OF INJURY,UNKNOWN,UNKNOWN,UNKNOWN,TEST NOT OFFERED,2021,JE233587,05/10/2021 11:00:00 AM,30,UNKNOWN,UNKNOWN,UNKNOWN,UNKNOWN,SIDESWIPE SAME DIRECTION,UNKNOWN,STRAIGHT AND LEVEL,UNKNOWN,UNKNOWN,NOT ON SCENE (DESK REPORT),NO INJURY / DRIVE AWAY,Y,Y,"OVER $1,500",05/17/2021 09:30:00 PM,UNABLE TO DETERMINE,NOT APPLICABLE,3000,W,HARRISON ST,1134.0,2,NO INDICATION OF INJURY,0.0,0.0,0.0,0.0,0.0,2.0,0.0,11,2,5,41.873855998,-87.701137345,POINT (-87.701137344971 41.873855998209),2021,660
O1227231,DRIVER,5f9c2df2b583a8cfffe74cb2cc11014a00b0d880ef8c3c82a7f33c4334abc75da16cf11b9fb6757a907b6b8244ad5ad8d3be00c9063937a12492f53a19179b94,JE445525,1164611.0,11/14/2021 07:30:00 PM,CHICAGO,IL,60659,M,42.0,USAGE UNKNOWN,DID NOT DEPLOY,NONE,NO INDICATION OF INJURY,FAILED TO YIELD,NOT OBSCURED,NORMAL,TEST NOT OFFERED,2021,JE445525,11/14/2021 07:30:00 PM,30,NO CONTROLS,NO CONTROLS,CLEAR,"DARKNESS, LIGHTED ROAD",SIDESWIPE SAME DIRECTION,ONE-WAY,STRAIGHT AND LEVEL,DRY,UNKNOWN,NOT ON SCENE (DESK REPORT),NO INJURY / DRIVE AWAY,Y,Y,"$501 - $1,500",11/15/2021 03:50:00 AM,FAILING TO YIELD RIGHT-OF-WAY,DRIVING SKILLS/KNOWLEDGE/EXPERIENCE,6342,N,WASHTENAW AVE,2413.0,2,NO INDICATION OF INJURY,0.0,0.0,0.0,0.0,0.0,2.0,0.0,19,1,11,41.997063237,-87.69732910399999,POINT (-87.697329104204 41.997063236751),2021,1170
O1253761,DRIVER,49fcb512ba3da46578967fd8b6563f1852cdcbb0533c98262cd733be5856bcf47dd028ad91eb8112ad4cfa28165d4c15a1a1e93c8299cc519e898e5372cd43f7,JE490970,1190091.0,12/28/2021 12:13:00 PM,GRAYSLAKE,IL,60030,F,19.0,USAGE UNKNOWN,DEPLOYMENT UNKNOWN,NONE,NO INDICATION OF INJURY,UNKNOWN,UNKNOWN,NORMAL,TEST NOT OFFERED,2021,JE490970,12/28/2021 12:13:00 PM,30,TRAFFIC SIGNAL,UNKNOWN,SNOW,DAYLIGHT,REAR END,DIVIDED - W/MEDIAN (NOT RAISED),STRAIGHT AND LEVEL,SNOW OR SLUSH,UNKNOWN,NOT ON SCENE (DESK REPORT),NO INJURY / DRIVE AWAY,Y,N,$500 OR LESS,12/28/2021 01:00:00 PM,UNABLE TO DETERMINE,NOT APPLICABLE,6943,N,SHERIDAN RD,2431.0,2,NO INDICATION OF INJURY,0.0,0.0,0.0,0.0,0.0,2.0,0.0,12,3,12,42.007944253000005,-87.661529444,POINT (-87.661529443876 42.007944253129),2021,733
O1154438,DRIVER,cdf77ce4670a6adb5be8966a2feb0eaa291a6b7222956056489cf0a8f0bd1799f470bb49242e0b6c8df587c3fb4e3569e52ad6a0a7e891df878bfe0be90d819a,JE325177,1095055.0,08/04/2021 03:02:00 AM,CHICAGO,IL,60638,M,31.0,USAGE UNKNOWN,DID NOT DEPLOY,NONE,NO INDICATION OF INJURY,OTHER,NOT OBSCURED,NORMAL,TEST NOT OFFERED,2021,JE325177,08/04/2021 03:02:00 AM,30,TRAFFIC SIGNAL,FUNCTIONING PROPERLY,CLEAR,"DARKNESS, LIGHTED ROAD",TURNING,NOT DIVIDED,STRAIGHT AND LEVEL,DRY,NO DEFECTS,ON SCENE,NO INJURY / DRIVE AWAY,N,Y,"OVER $1,500",08/04/2021 03:10:00 AM,NOT APPLICABLE,NOT APPLICABLE,700,W,63RD ST,711.0,2,NO INDICATION OF INJURY,0.0,0.0,0.0,0.0,0.0,4.0,0.0,3,4,8,41.779888996,-87.642842345,POINT (-87.642842344768 41.77988899606),2021,182
O1216491,DRIVER,df9aa41a1f2f5dae7140b680f015f5dfe327398f2a8ff81389584f193462aaff29759a9e8c10fc91c0402acfc335fdb2e3ef822e46d8b7ef57c94e7bc334be01,JE427455,1154291.0,10/30/2021 02:52:00 AM,CHICAGO,IL,60644,F,46.0,USAGE UNKNOWN,"DEPLOYED, COMBINATION",NONE,NO INDICATION OF INJURY,UNKNOWN,NOT OBSCURED,NORMAL,TEST NOT OFFERED,2021,JE427455,10/30/2021 02:52:00 AM,30,NO CONTROLS,OTHER,RAIN,"DARKNESS, LIGHTED ROAD",REAR END,NOT DIVIDED,STRAIGHT AND LEVEL,WET,NO DEFECTS,ON SCENE,INJURY AND / OR TOW DUE TO CRASH,Y,Y,"OVER $1,500",10/30/2021 03:17:00 AM,UNABLE TO DETERMINE,NOT APPLICABLE,3841,N,AUSTIN AVE,1633.0,2,NO INDICATION OF INJURY,0.0,0.0,0.0,0.0,0.0,2.0,0.0,2,7,10,41.950647186,-87.776545401,POINT (-87.776545400971 41.950647186161),2021,172
O1150390,DRIVER,1f7ac315f45daa3edd90df58f63b320e557af6a8825b478e6ecf41398327974da75cf73e995298a96c4477c3c8152d2f9de2be029073d4ef59b89e6581d6a7d4,JE318824,1091227.0,07/29/2021 03:30:00 PM,CHICAGO,IL,60641,M,19.0,SAFETY BELT USED,DID NOT DEPLOY,NONE,"REPORTED, NOT EVIDENT",OTHER,NOT OBSCURED,NORMAL,TEST NOT OFFERED,2021,JE318824,07/29/2021 03:30:00 PM,30,STOP SIGN/FLASHER,OTHER,CLEAR,DAYLIGHT,REAR END,OTHER,STRAIGHT AND LEVEL,DRY,NO DEFECTS,NOT ON SCENE (DESK REPORT),INJURY AND / OR TOW DUE TO CRASH,Y,Y,"OVER $1,500",07/29/2021 04:45:00 PM,FOLLOWING TOO CLOSELY,NOT APPLICABLE,4719,W,ADDISON ST,1731.0,2,"REPORTED, NOT EVIDENT",1.0,0.0,0.0,0.0,1.0,1.0,0.0,15,5,7,41.946039929,-87.745356105,POINT (-87.745356105144 41.946039929385),2021,930
O1091939,DRIVER,5733474a638f89f244d49b41a74e0ee1b8ecffd2c6754ff673b0b662c7465a8e4255e7e9650d0034191783a4b12227fd878b92b59e042dfc0bc8076000f6c8ba,JE224433,1035681.0,05/09/2021 09:30:00 AM,CHICAGO,IL,60637,M,32.0,USAGE UNKNOWN,NOT APPLICABLE,NONE,NO INDICATION OF INJURY,NONE,NOT OBSCURED,NORMAL,TEST NOT OFFERED,2021,JE224433,05/09/2021 09:30:00 AM,30,NO CONTROLS,NO CONTROLS,RAIN,DAYLIGHT,ANGLE,NOT DIVIDED,STRAIGHT AND LEVEL,WET,NO DEFECTS,ON SCENE,INJURY AND / OR TOW DUE TO CRASH,N,Y,"OVER $1,500",05/09/2021 09:35:00 AM,"OPERATING VEHICLE IN ERRATIC, RECKLESS, CARELESS, NEGLIGENT OR AGGRESSIVE MANNER","OPERATING VEHICLE IN ERRATIC, RECKLESS, CARELESS, NEGLIGENT OR AGGRESSIVE MANNER",1730,W,115TH ST,2234.0,2,NO INDICATION OF INJURY,0.0,0.0,0.0,0.0,0.0,2.0,0.0,9,1,5,41.684861324,-87.665236639,POINT (-87.665236638859 41.684861324264),2021,570
O1026995,DRIVER,58ce368bf9e1a06c1954c3c4e0bf931b1d54b118444d61a351da89837ae41a70cdd7c3f74d1ce4f971ee7c9753c493e54540fdb7adc3871e7a76d9399d974437,JE117223,973410.0,01/19/2021 03:23:00 PM,OAKLAWN,IL,60453,F,24.0,USAGE UNKNOWN,NOT APPLICABLE,NONE,NO INDICATION OF INJURY,NONE,NOT OBSCURED,NORMAL,TEST NOT OFFERED,2021,JE117223,01/19/2021 03:23:00 PM,30,TRAFFIC SIGNAL,FUNCTIONING PROPERLY,SNOW,DAYLIGHT,TURNING,FOUR WAY,STRAIGHT AND LEVEL,WET,NO DEFECTS,ON SCENE,INJURY AND / OR TOW DUE TO CRASH,Y,Y,"OVER $1,500",01/19/2021 03:30:00 PM,IMPROPER OVERTAKING/PASSING,DRIVING SKILLS/KNOWLEDGE/EXPERIENCE,1600,W,JACKSON BLVD,1231.0,2,NO INDICATION OF INJURY,0.0,0.0,0.0,0.0,0.0,5.0,0.0,15,3,1,41.877732218,-87.666815951,POINT (-87.666815950554 41.877732218454),2021,923
O1217514,DRIVER,28566de484f20d5bc36179f30923d3487605f7f28915d1dcc60fa459efcdffed55badacd6b98984d021ffe3f007746d9aae3a7bdf18a2ba2e6e83c4fd6c59264,JE429007,1155375.0,10/31/2021 12:15:00 PM,LINDENHURST,IL,60046,F,34.0,SAFETY BELT USED,DID NOT DEPLOY,NONE,NO INDICATION OF INJURY,OTHER,NOT OBSCURED,NORMAL,TEST NOT OFFERED,2021,JE429007,10/31/2021 12:15:00 PM,30,STOP SIGN/FLASHER,FUNCTIONING PROPERLY,CLEAR,DAYLIGHT,TURNING,FOUR WAY,STRAIGHT AND LEVEL,DRY,NO DEFECTS,NOT ON SCENE (DESK REPORT),NO INJURY / DRIVE AWAY,Y,Y,"OVER $1,500",10/31/2021 01:10:00 PM,UNABLE TO DETERMINE,NOT APPLICABLE,7101,N,RIDGE BLVD,2424.0,2,NO INDICATION OF INJURY,0.0,0.0,0.0,0.0,0.0,2.0,0.0,12,1,10,42.011333048000004,-87.68258643200001,POINT (-87.682586431591 42.011333047766),2021,735
O1045646,DRIVER,702f6f0561016dbae726a4f54904a9b32f45c541276bbdece19a4c49a0aee53a125e2ee350d22ce4d2dc8914eabf66ce5b035022e97aa2d359defce1c4efa80e,JE146074,991349.0,02/19/2021 02:15:00 PM,CHICAGO,IL,60617,F,17.0,SAFETY BELT USED,DID NOT DEPLOY,NONE,NO INDICATION OF INJURY,NONE,NOT OBSCURED,NORMAL,TEST NOT OFFERED,2021,JE146074,02/19/2021 02:15:00 PM,30,TRAFFIC SIGNAL,FUNCTIONING PROPERLY,CLEAR,DAYLIGHT,TURNING,FOUR WAY,STRAIGHT AND LEVEL,DRY,NO DEFECTS,ON SCENE,INJURY AND / OR TOW DUE TO CRASH,Y,Y,"OVER $1,500",02/19/2021 03:40:00 PM,PHYSICAL CONDITION OF DRIVER,UNABLE TO DETERMINE,8700,S,HALSTED ST,2223.0,2,NO INDICATION OF INJURY,0.0,0.0,0.0,0.0,0.0,2.0,0.0,14,6,2,41.735785266,-87.64375883,POINT (-87.643758829628 41.735785266472),2021,855
O1170531,DRIVER,86ade89c892d8821ec8cc6537d2f72817b3d8b44efa6509f67f14a1678230253b7dacc7292783667a96314c8a1f9c270750b6c7801f3a06cffd709761194f17d,JE351830,1110373.0,08/27/2021 12:00:00 PM,CANTON,MA,02021,M,30.0,USAGE UNKNOWN,DID NOT DEPLOY,NONE,NO INDICATION OF INJURY,UNKNOWN,UNKNOWN,UNKNOWN,TEST NOT OFFERED,2021,JE351830,08/27/2021 12:00:00 PM,30,STOP SIGN/FLASHER,FUNCTIONING PROPERLY,CLEAR,DAYLIGHT,REAR END,NOT DIVIDED,STRAIGHT AND LEVEL,DRY,UNKNOWN,NOT ON SCENE (DESK REPORT),NO INJURY / DRIVE AWAY,Y,Y,$500 OR LESS,08/27/2021 01:32:00 PM,UNABLE TO DETERMINE,UNABLE TO DETERMINE,4700,S,PULASKI RD,815.0,2,NO INDICATION OF INJURY,0.0,0.0,0.0,0.0,0.0,2.0,0.0,12,6,8,41.807788769,-87.723730332,POINT (-87.72373033158 41.807788769095),2021,720
O1114186,DRIVER,2e23d3d1fc4f3a69ea4e84994bf56f787c96ace71861295e340c3b133c1fc66e433c389d430d726abea1c595e546483423a9299860c063e4fe49b5cf158af580,JE260211,1056921.0,06/09/2021 11:30:00 AM,ELMHURST,IL,60126,M,35.0,USAGE UNKNOWN,DID NOT DEPLOY,UNKNOWN,NO INDICATION OF INJURY,NONE,NOT OBSCURED,UNKNOWN,TEST NOT OFFERED,2021,JE260211,06/09/2021 11:30:00 AM,30,NO CONTROLS,FUNCTIONING PROPERLY,CLEAR,DAYLIGHT,REAR END,DIVIDED - W/MEDIAN (NOT RAISED),STRAIGHT AND LEVEL,DRY,NO DEFECTS,NOT ON SCENE (DESK REPORT),NO INJURY / DRIVE AWAY,Y,N,"OVER $1,500",06/09/2021 10:30:00 PM,UNABLE TO DETERMINE,NOT APPLICABLE,140,E,47TH ST,215.0,2,NO INDICATION OF INJURY,0.0,0.0,0.0,0.0,0.0,2.0,0.0,11,4,6,41.809420044,-87.621296235,POINT (-87.621296234781 41.809420043619),2021,690
O1167279,DRIVER,59c7d161ed651a8de01716bbe1ffc0aff81962fb96c74cb6eda38d8adad9cb6f238e63c40a85d9f779a8a405b15310ae5732018be917f25bbfe29dae42ca8615,JE346289,1107284.0,08/22/2021 04:00:00 PM,CHICAGO,IL,60619,F,29.0,USAGE UNKNOWN,NOT APPLICABLE,NONE,NO INDICATION OF INJURY,NONE,NOT OBSCURED,NORMAL,TEST NOT OFFERED,2021,JE346289,08/22/2021 04:00:00 PM,30,STOP SIGN/FLASHER,FUNCTIONING PROPERLY,CLEAR,DAYLIGHT,ANGLE,FOUR WAY,STRAIGHT AND LEVEL,DRY,NO DEFECTS,NOT ON SCENE (DESK REPORT),NO INJURY / DRIVE AWAY,Y,Y,"$501 - $1,500",08/22/2021 04:25:00 PM,DISREGARDING STOP SIGN,UNABLE TO DETERMINE,7400,S,GREENWOOD AVE,323.0,2,NO INDICATION OF INJURY,0.0,0.0,0.0,0.0,0.0,5.0,0.0,16,1,8,41.760466005,-87.59828644299999,POINT (-87.598286442975 41.760466005087),2021,960
O1255465,DRIVER,b7ada4de853d9d2c57586b5df88006bd5c51ce98c450154644ea9a71a5d7522a52e841564833fce034a0f3ed54b34a16b406d71773ca120b863999feb7c7b065,JE494209,1191721.0,12/31/2021 05:40:00 PM,CHICAGO,IL,60626,M,46.0,SAFETY BELT USED,NOT APPLICABLE,NONE,NO INDICATION OF INJURY,NONE,NOT OBSCURED,NORMAL,TEST NOT OFFERED,2021,JE494209,12/31/2021 05:40:00 PM,30,STOP SIGN/FLASHER,NO CONTROLS,CLEAR,"DARKNESS, LIGHTED ROAD",ANGLE,NOT DIVIDED,STRAIGHT AND LEVEL,DRY,NO DEFECTS,NOT ON SCENE (DESK REPORT),NO INJURY / DRIVE AWAY,Y,Y,"OVER $1,500",12/31/2021 05:50:00 PM,FAILING TO YIELD RIGHT-OF-WAY,NOT APPLICABLE,1900,W,TOUHY AVE,2424.0,2,NO INDICATION OF INJURY,0.0,0.0,0.0,0.0,0.0,2.0,0.0,17,6,12,42.012683604,-87.67829381799999,POINT (-87.678293818494 42.012683604389),2021,1060