PERSON_ID,PERSON_TYPE,CRASH_RECORD_ID,RD_NO_x,VEHICLE_ID,CRASH_DATE_x,CITY,STATE,ZIPCODE,SEX,AGE,SAFETY_EQUIPMENT,AIRBAG_DEPLOYED,EJECTION,INJURY_CLASSIFICATION,DRIVER_ACTION,DRIVER_VISION,PHYSICAL_CONDITION,BAC_RESULT,CRASH_YEAR_x,RD_NO_y,CRASH_DATE_y,POSTED_SPEED_LIMIT,TRAFFIC_CONTROL_DEVICE,DEVICE_CONDITION,WEATHER_CONDITION,LIGHTING_CONDITION,FIRST_CRASH_TYPE,TRAFFICWAY_TYPE,ALIGNMENT,ROADWAY_SURFACE_COND,ROAD_DEFECT,REPORT_TYPE,CRASH_TYPE,INTERSECTION_RELATED_I,HIT_AND_RUN_I,DAMAGE,DATE_POLICE_NOTIFIED,PRIM_CONTRIBUTORY_CAUSE,SEC_CONTRIBUTORY_CAUSE,STREET_NO,STREET_DIRECTION,STREET_NAME,BEAT_OF_OCCURRENCE,NUM_UNITS,MOST_SEVERE_INJURY,INJURIES_TOTAL,INJURIES_FATAL,INJURIES_INCAPACITATING,INJURIES_NON_INCAPACITATING,INJURIES_REPORTED_NOT_EVIDENT,INJURIES_NO_INDICATION,INJURIES_UNKNOWN,CRASH_HOUR,CRASH_DAY_OF_WEEK,CRASH_MONTH,LATITUDE,LONGITUDE,LOCATION,CRASH_YEAR_y,TIME
O1112735,DRIVER,871d8fee086ffdfb4bac3c570a76b3181f7da4df79ebe5531dbfc8256d3d150486d28c07f1ea3a01ffd6925c6a3501c8e112d904713d71a76850cda6c3327908,JE258066,1055567.0,06/07/2021 09:10:00 PM,CHICAGO,IL,60608,M,33.0,USAGE UNKNOWN,DID NOT DEPLOY,NONE,NO INDICATION OF INJURY,UNKNOWN,NOT OBSCURED,NORMAL,TEST NOT OFFERED,2021,JE258066,06/07/2021 09:10:00 PM,30,STOP SIGN/FLASHER,UNKNOWN,CLEAR,DUSK,TURNING,NOT DIVIDED,STRAIGHT AND LEVEL,UNKNOWN,UNKNOWN,NOT ON SCENE (DESK REPORT),NO INJURY / DRIVE AWAY,Y,Y,"OVER $1,500",06/08/2021 10:00:00 AM,IMPROPER LANE USAGE,NOT APPLICABLE,1976,S,CANALPORT AVE,1235.0,2,NO INDICATION OF INJURY,0.0,0.0,0.0,0.0,0.0,2.0,0.0,21,2,6,41.855844248000004,-87.644387705,POINT (-87.644387704824 41.855844248148),2021,1270
O1151958,DRIVER,5a1bab2bf9f4403a76082e6aae51b4d7e2b77424dac096e4b9d103578c9341da0281021e469eb900c8ae4f8469b94b5258fbc6b377bd891c1d8a66fa8590c49e,JE321242,1092713.0,07/31/2021 04:30:00 PM,CHICAGO,IL,60639,F,27.0,SAFETY BELT USED,NOT APPLICABLE,NONE,NO INDICATION OF INJURY,FAILED TO YIELD,NOT OBSCURED,NORMAL,TEST NOT OFFERED,2021,JE321242,07/31/2021 04:30:00 PM,20,NO CONTROLS,NO CONTROLS,CLEAR,DAYLIGHT,PEDALCYCLIST,T-INTERSECTION,STRAIGHT AND LEVEL,DRY,NO DEFECTS,ON SCENE,INJURY AND / OR TOW DUE TO CRASH,Y,N,$500 OR LESS,07/31/2021 04:30:00 PM,FAILING TO YIELD RIGHT-OF-WAY,NOT APPLICABLE,6339,W,WRIGHTWOOD AVE,2512.0,2,NONINCAPACITATING INJURY,1.0,0.0,0.0,1.0,0.0,2.0,0.0,16,7,7,41.927240671999996,-87.784724716,POINT (-87.784724715856 41.927240672093),2021,990
O1078390,DRIVER,dcc31c49f4a3dccf26c7c36c401776d16718c9b63952e9a968bd83dea267b61fc5e467e9707d83418ea7e7e0db0549ec2e794f969ba9991e269dedba8bbc93d0,JE202549,1022704.0,04/17/2021 10:55:00 PM,CHICAGO,IL,60623,M,19.0,USAGE UNKNOWN,DID NOT DEPLOY,NONE,NO INDICATION OF INJURY,UNKNOWN,NOT OBSCURED,NORMAL,TEST NOT OFFERED,2021,JE202549,04/17/2021 10:55:00 PM,30,UNKNOWN,UNKNOWN,CLEAR,"DARKNESS, LIGHTED ROAD",TURNING,NOT DIVIDED,STRAIGHT AND LEVEL,DRY,NO DEFECTS,ON SCENE,INJURY AND / OR TOW DUE TO CRASH,Y,Y,"OVER $1,500",04/18/2021 12:13:00 AM,UNABLE TO DETERMINE,UNABLE TO DETERMINE,3600,W,31ST ST,1032.0,2,NO INDICATION OF INJURY,0.0,0.0,0.0,0.0,0.0,2.0,0.0,22,7,4,41.837164802,-87.71465787700001,POINT (-87.714657876743 41.837164801519),2021,1375
O1235456,DRIVER,f12e910ef4e630adea4daa42e7c4ecf580ef009e551851d6a7ab881405875c04d7b4ed094cc62d5dea4e6f82af450ea6e448a614b107a3ef5b9aa339c889650d,JE458859,1172543.0,11/28/2021 12:45:00 AM,CHICAGO,IL,60649,M,27.0,SAFETY BELT USED,NOT APPLICABLE,NONE,NO INDICATION OF INJURY,NONE,NOT OBSCURED,NORMAL,TEST NOT OFFERED,2021,JE458859,11/28/2021 12:45:00 AM,30,STOP SIGN/FLASHER,FUNCTIONING PROPERLY,CLEAR,"DARKNESS, LIGHTED ROAD",ANGLE,FOUR WAY,STRAIGHT AND LEVEL,DRY,NO DEFECTS,ON SCENE,INJURY AND / OR TOW DUE TO CRASH,Y,Y,"OVER $1,500",11/28/2021 12:46:00 AM,FAILING TO YIELD RIGHT-OF-WAY,FAILING TO YIELD RIGHT-OF-WAY,900,W,RANDOLPH ST,1224.0,2,NO INDICATION OF INJURY,0.0,0.0,0.0,0.0,0.0,3.0,0.0,0,1,11,41.884476187,-87.649832934,POINT (-87.649832934091 41.884476186837),2021,45
O1022853,DRIVER,1cd19a49e90228c83ec51034ad80a072abe19fa1cee484b653f6e6db0a645697624d0e91639a704982f2762050d7e6ecc068bd4c8744fcac58b774d280f106b6,JE109794,969495.0,01/11/2021 02:23:00 PM,CHICAGO,IL,60659,F,42.0,SAFETY BELT USED,NOT APPLICABLE,NONE,NO INDICATION OF INJURY,NONE,NOT OBSCURED,NORMAL,TEST NOT OFFERED,2021,JE109794,01/11/2021 02:23:00 PM,25,TRAFFIC SIGNAL,FUNCTIONING PROPERLY,CLOUDY/OVERCAST,DAYLIGHT,REAR END,NOT DIVIDED,STRAIGHT AND LEVEL,DRY,NO DEFECTS,NOT ON SCENE (DESK REPORT),NO INJURY / DRIVE AWAY,Y,Y,"$501 - $1,500",01/11/2021 03:00:00 PM,UNABLE TO DETERMINE,UNABLE TO DETERMINE,6402,N,SHERIDAN RD,2432.0,2,NO INDICATION OF INJURY,0.0,0.0,0.0,0.0,0.0,2.0,0.0,14,2,1,41.998271761,-87.66070278299999,POINT (-87.660702783257 41.998271761482),2021,863
O1143099,DRIVER,2437b484d8a459668c8340a638bf8ac9709bb1cbd7568de801a861446fe5eff83ea95e012fb466a61c1cf2480a333f243924d13d0b924e47d8c3283c28ebf28a,JE306836,1084303.0,07/19/2021 03:20:00 PM,OAK LAWN,IL,60453,F,52.0,USAGE UNKNOWN,DID NOT DEPLOY,NONE,NO INDICATION OF INJURY,NONE,UNKNOWN,NORMAL,TEST NOT OFFERED,2021,JE306836,07/19/2021 03:20:00 PM,40,TRAFFIC SIGNAL,UNKNOWN,CLEAR,DAYLIGHT,SIDESWIPE SAME DIRECTION,DIVIDED - W/MEDIAN (NOT RAISED),STRAIGHT AND LEVEL,DRY,UNKNOWN,NOT ON SCENE (DESK REPORT),NO INJURY / DRIVE AWAY,Y,Y,"OVER $1,500",07/19/2021 03:40:00 PM,FAILING TO YIELD RIGHT-OF-WAY,NOT APPLICABLE,3972,W,COLUMBUS AVE,834.0,2,NO INDICATION OF INJURY,0.0,0.0,0.0,0.0,0.0,2.0,0.0,15,2,7,41.735997256,-87.72116604700001,POINT (-87.721166046602 41.735997255804),2021,920
O1064657,DRIVER,fcd2ae5412b15ca0e8feaaaed7072c78b1744157d8147d5192ef2b20689f54517e57f64bd6047a2be111a95e44cac5d315cf4de4abaf34ab95ac9557b685c521,JE179609,1009683.0,03/25/2021 04:55:00 PM,CHICAGO,IL,60608,F,26.0,SAFETY BELT USED,NOT APPLICABLE,NONE,NO INDICATION OF INJURY,UNKNOWN,UNKNOWN,UNKNOWN,TEST NOT OFFERED,2021,JE179609,03/25/2021 04:55:00 PM,30,TRAFFIC SIGNAL,FUNCTIONING PROPERLY,CLEAR,DAYLIGHT,REAR END,NOT DIVIDED,STRAIGHT AND LEVEL,DRY,NO DEFECTS,NOT ON SCENE (DESK REPORT),NO INJURY / DRIVE AWAY,Y,N,"OVER $1,500",03/25/2021 05:25:00 PM,DRIVING SKILLS/KNOWLEDGE/EXPERIENCE,FAILING TO REDUCE SPEED TO AVOID CRASH,1064,N,MILWAUKEE AVE,1213.0,2,NO INDICATION OF INJURY,0.0,0.0,0.0,0.0,0.0,2.0,0.0,16,5,3,41.9011391,-87.66325548399999,POINT (-87.663255483991 41.90113910034),2021,1015
O1152432,DRIVER,141ee8580911104f4cba497a1c97b01b0fe6dd3e5d0437d256bba055917885ac39877850be41a6e170e3a7dfa021c53fe7b60d5e8b34232aef14022321ac1456,JE321911,1093164.0,08/01/2021 01:20:00 AM,CHICAGO,IL,60642,M,29.0,SAFETY BELT USED,DID NOT DEPLOY,NONE,NO INDICATION OF INJURY,NONE,NOT OBSCURED,NORMAL,TEST NOT OFFERED,2021,JE321911,08/01/2021 01:20:00 AM,30,TRAFFIC SIGNAL,FUNCTIONING PROPERLY,CLEAR,DAYLIGHT,ANGLE,NOT DIVIDED,STRAIGHT AND LEVEL,DRY,NO DEFECTS,NOT ON SCENE (DESK REPORT),NO INJURY / DRIVE AWAY,Y,Y,"OVER $1,500",08/01/2021 09:00:00 AM,DISREGARDING TRAFFIC SIGNALS,NOT APPLICABLE,637,W,MADISON ST,121.0,2,NO INDICATION OF INJURY,0.0,0.0,0.0,0.0,0.0,2.0,0.0,1,1,8,41.881711375,-87.644051246,POINT (-87.644051245984 41.881711374867),2021,80
O1066774,DRIVER,bd58734b57a147040c30a1c74cb52d7c3ec215fc52c34cc0f80b36f6a8cac0493b25e8c840dfb7567a951f35be5aca320c21443badd9d1937cb9ae5742bf3600,JE183093,1011709.0,03/29/2021 11:45:00 AM,NORRIDGE,IL,60706,M,38.0,SAFETY BELT USED,DID NOT DEPLOY,NONE,NO INDICATION OF INJURY,NONE,NOT OBSCURED,NORMAL,TEST NOT OFFERED,2021,JE183093,03/29/2021 11:45:00 AM,30,TRAFFIC SIGNAL,FUNCTIONING PROPERLY,CLEAR,DAYLIGHT,SIDESWIPE SAME DIRECTION,NOT DIVIDED,STRAIGHT AND LEVEL,DRY,NO DEFECTS,ON SCENE,NO INJURY / DRIVE AWAY,Y,Y,"OVER $1,500",03/29/2021 11:55:00 AM,IMPROPER OVERTAKING/PASSING,RELATED TO BUS STOP,3758,W,IRVING PARK RD,1723.0,2,NO INDICATION OF INJURY,0.0,0.0,0.0,0.0,0.0,2.0,0.0,11,2,3,41.95383612,-87.722651433,POINT (-87.722651433205 41.95383612048),2021,705
O1225720,DRIVER,d08a1aa671c96139479cc1a682caac081f47600cfb70d48b51d979b791efb8e8601190f501ebfca0ce034802d8a7b57b1f500591c694c8217103274fcac77f4e,JE443027,1163199.0,11/12/2021 05:37:00 PM,VERNON HILLS,IL,60061,M,23.0,USAGE UNKNOWN,NOT APPLICABLE,NONE,NO INDICATION OF INJURY,OTHER,NOT OBSCURED,NORMAL,TEST NOT OFFERED,2021,JE443027,11/12/2021 05:37:00 PM,30,TRAFFIC SIGNAL,FUNCTIONING PROPERLY,CLEAR,"DARKNESS, LIGHTED ROAD",TURNING,FOUR WAY,STRAIGHT AND LEVEL,WET,NO DEFECTS,ON SCENE,NO INJURY / DRIVE AWAY,Y,N,"OVER $1,500",11/12/2021 05:37:00 PM,FAILING TO REDUCE SPEED TO AVOID CRASH,UNABLE TO DETERMINE,3500,S,HALSTED ST,915.0,3,NO INDICATION OF INJURY,0.0,0.0,0.0,0.0,0.0,3.0,0.0,17,6,11,41.830695335,-87.646250916,POINT (-87.646250915767 41.830695335202),2021,1057
O1035104,DRIVER,04a1f4c79af1bb7d66255e78ad8fae301d6e0b00b8be484b6fecff38a0b1c56e2a5d18967348bfb6c510946e4c054c36f4af46a78e2fceac4aa50d1dc41f3ddd,JE131444,981128.0,02/03/2021 02:03:00 PM,OAK LAW,IL,60453,F,48.0,USAGE UNKNOWN,"DEPLOYED, SIDE",NONE,NO INDICATION OF INJURY,NONE,NOT OBSCURED,NORMAL,TEST NOT OFFERED,2021,JE131444,02/03/2021 02:03:00 PM,30,UNKNOWN,FUNCTIONING PROPERLY,CLEAR,DAYLIGHT,ANGLE,FOUR WAY,STRAIGHT AND LEVEL,SNOW OR SLUSH,NO DEFECTS,ON SCENE,INJURY AND / OR TOW DUE TO CRASH,Y,Y,"OVER $1,500",02/03/2021 03:26:00 PM,UNABLE TO DETERMINE,UNABLE TO DETERMINE,423,S,WESTERN AVE,1225.0,2,NO INDICATION OF INJURY,0.0,0.0,0.0,0.0,0.0,3.0,0.0,14,4,2,41.875471119000004,-87.68610080299999,POINT (-87.686100802937 41.87547111946),2021,843
O1087120,DRIVER,7fb99229284b8171cf23f3cf9600345c7d15bf4172dca53f138fb50a5c9bd5e10f6a30cde29f8837be6cc52b6625cc9e85a9dc257c73a0355dea623831980e2d,JE217002,1031055.0,05/02/2021 07:15:00 AM,CHICAGO,IL,60628,F,20.0,USAGE UNKNOWN,DID NOT DEPLOY,NONE,NO INDICATION OF INJURY,NONE,UNKNOWN,NORMAL,TEST NOT OFFERED,2021,JE217002,05/02/2021 07:15:00 AM,25,TRAFFIC SIGNAL,FUNCTIONING PROPERLY,CLEAR,DAYLIGHT,SIDESWIPE SAME DIRECTION,T-INTERSECTION,STRAIGHT AND LEVEL,DRY,UNKNOWN,ON SCENE,NO INJURY / DRIVE AWAY,N,Y,$500 OR LESS,05/02/2021 11:00:00 AM,UNABLE TO DETERMINE,UNABLE TO DETERMINE,10300,S,STONY ISLAND EXT AVE,512.0,2,NO INDICATION OF INJURY,0.0,0.0,0.0,0.0,0.0,2.0,0.0,7,1,5,41.707715064,-87.58624979700001,POINT (-87.586249797188 41.707715064049),2021,435
O1166662,DRIVER,9aa871958ea78d21fa0ed4164e83d5e345be06d501a0f9e035b631b7931d6ab74e25e4ac2b2b002da2918b336deb7a48eb0a2df10863fb9967bd1ea64991d194,JE345266,1106710.0,08/21/2021 05:42:00 PM,CHICAGO,IL,60608,M,26.0,SAFETY BELT USED,"DEPLOYED, FRONT",NONE,NO INDICATION OF INJURY,NONE,NOT OBSCURED,NORMAL,TEST NOT OFFERED,2021,JE345266,08/21/2021 05:42:00 PM,30,NO CONTROLS,NO CONTROLS,CLOUDY/OVERCAST,DAYLIGHT,ANGLE,NOT DIVIDED,STRAIGHT AND LEVEL,DRY,NO DEFECTS,ON SCENE,INJURY AND / OR TOW DUE TO CRASH,Y,Y,"OVER $1,500",08/21/2021 05:44:00 PM,FAILING TO YIELD RIGHT-OF-WAY,UNABLE TO DETERMINE,6600,W,63RD ST,812.0,2,NO INDICATION OF INJURY,0.0,0.0,0.0,0.0,0.0,2.0,0.0,17,7,8,41.777715119,-87.786215321,POINT (-87.786215321408 41.777715119321),2021,1062
O1132318,DRIVER,9c098885c2eaa7c0b263d4dc4ebb082276c7367a02f19e46196b8a8642c64b0754a71997db2d8d51cfbb5e38b9e67c416fc4c39289e193ef90dc538fb54455ef,JE289051,1074091.0,07/03/2021 09:22:00 PM,CHICAGO,IL,60652,F,32.0,SAFETY BELT USED,DID NOT DEPLOY,NONE,NO INDICATION OF INJURY,UNKNOWN,NOT OBSCURED,NORMAL,TEST NOT OFFERED,2021,JE289051,07/03/2021 09:22:00 PM,35,TRAFFIC SIGNAL,FUNCTIONING PROPERLY,CLEAR,"DARKNESS, LIGHTED ROAD",SIDESWIPE SAME DIRECTION,FOUR WAY,STRAIGHT AND LEVEL,DRY,NO DEFECTS,NOT ON SCENE (DESK REPORT),NO INJURY / DRIVE AWAY,Y,Y,"OVER $1,500",07/03/2021 10:45:00 PM,UNABLE TO DETERMINE,NOT APPLICABLE,407,E,75TH ST,624.0,2,NO INDICATION OF INJURY,0.0,0.0,0.0,0.0,0.0,3.0,0.0,21,7,7,41.758303488,-87.61483130399999,POINT (-87.614831303578 41.758303487883),2021,1282
O1237357,DRIVER,86736627aca59be22aaf424b78f8b808bfbc9e6af7f7fea4739733f75eea6bb947aa29ddb0d1760afcc5e1e9b2208fc646030a9b6abd70421011b0ef01285f80,JE462422,1174404.0,12/01/2021 12:30:00 PM,CHICAGO,IL,60636,F,41.0,SAFETY BELT USED,NOT APPLICABLE,NONE,NO INDICATION OF INJURY,NONE,NOT OBSCURED,NORMAL,TEST NOT OFFERED,2021,JE462422,12/01/2021 12:30:00 PM,40,TRAFFIC SIGNAL,FUNCTIONING PROPERLY,CLEAR,DAYLIGHT,SIDESWIPE SAME DIRECTION,NOT DIVIDED,STRAIGHT AND LEVEL,DRY,NO DEFECTS,NOT ON SCENE (DESK REPORT),NO INJURY / DRIVE AWAY,Y,Y,"OVER $1,500",12/01/2021 01:15:00 PM,FOLLOWING TOO CLOSELY,FOLLOWING TOO CLOSELY,5500,S,STATE ST,225.0,2,NO INDICATION OF INJURY,0.0,0.0,0.0,0.0,0.0,2.0,0.0,12,4,12,41.794225291,-87.62583601600001,POINT (-87.625836015583 41.79422529104),2021,750
O1193304,DRIVER,cc9a05c73ebf720dc146abe8bfa216bf3120bbdaf68d17b7a56aff118e32e117db04c749f9cf5b837feeb65fd5d07944f44a85134122d2998eb799ce91986dfe,JE389423,1132222.0,09/27/2021 04:40:00 PM,HARVEY,IL,60426,M,25.0,SAFETY BELT USED,NOT APPLICABLE,NONE,NO INDICATION OF INJURY,NONE,NOT OBSCURED,NORMAL,TEST NOT OFFERED,2021,JE389423,09/27/2021 04:40:00 PM,30,TRAFFIC SIGNAL,FUNCTIONING PROPERLY,CLEAR,DAYLIGHT,REAR END,DIVIDED - W/MEDIAN BARRIER,STRAIGHT AND LEVEL,DRY,NO DEFECTS,ON SCENE,NO INJURY / DRIVE AWAY,Y,Y,"OVER $1,500",09/27/2021 04:43:00 PM,FOLLOWING TOO CLOSELY,FAILING TO REDUCE SPEED TO AVOID CRASH,1000,S,HALSTED ST,1232.0,2,NO INDICATION OF INJURY,0.0,0.0,0.0,0.0,0.0,3.0,0.0,16,2,9,41.869560875,-87.647106584,POINT (-87.647106583884 41.869560875398),2021,1000
O1193927,DRIVER,3d8033ed6bdd0667ac76d57e4c8906ef509bb3b31a82f1e0b49e9e81bcced658892adbd983f48c1b0f6f81931bcb46039f5996daae45dc0d07c5555b02e549be,JE390509,1132781.0,09/28/2021 02:29:00 PM,CHICAGO,IL,60617,M,46.0,USAGE UNKNOWN,"DEPLOYED, SIDE",NONE,NONINCAPACITATING INJURY,FAILED TO YIELD,UNKNOWN,UNKNOWN,TEST NOT OFFERED,2021,JE390509,09/28/2021 02:29:00 PM,30,STOP SIGN/FLASHER,FUNCTIONING PROPERLY,CLEAR,DAYLIGHT,ANGLE,FOUR WAY,STRAIGHT AND LEVEL,DRY,NO DEFECTS,ON SCENE,INJURY AND / OR TOW DUE TO CRASH,Y,Y,"OVER $1,500",09/28/2021 02:31:00 PM,FAILING TO YIELD RIGHT-OF-WAY,DISREGARDING STOP SIGN,5100,W,GLADYS AVE,1533.0,2,NONINCAPACITATING INJURY,1.0,0.0,0.0,1.0,0.0,1.0,0.0,14,3,9,41.875882986,-87.753460921,POINT (-87.753460921228 41.875882985741),2021,869
O1096541,DRIVER,385542e29eccf0548cef8eed09911c55d78f56b2d5bad87fad14de4d81db8bb5ab35a40d3840fd19001d293aa6b29e37d273151e4ed5fcd241dc668b37775c78,JE231968,1040090.0,05/16/2021 01:30:00 PM,CHICAGO,IL,60620,F,47.0,SAFETY BELT USED,DID NOT DEPLOY,NONE,NO INDICATION OF INJURY,NONE,NOT OBSCURED,NORMAL,TEST NOT OFFERED,2021,JE231968,05/16/2021 01:30:00 PM,30,TRAFFIC SIGNAL,FUNCTIONING PROPERLY,CLEAR,DAYLIGHT,SIDESWIPE SAME DIRECTION,NOT DIVIDED,STRAIGHT AND LEVEL,DRY,NO DEFECTS,NOT ON SCENE (DESK REPORT),NO INJURY / DRIVE AWAY,Y,Y,"$501 - $1,500",05/16/2021 01:49:00 PM,UNABLE TO DETERMINE,NOT APPLICABLE,7900,S,HALSTED ST,621.0,2,NO INDICATION OF INJURY,0.0,0.0,0.0,0.0,0.0,2.0,0.0,13,1,5,41.750549559,-87.64418836799999,POINT (-87.644188367841 41.750549559439),2021,810
O1119664,DRIVER,884dd11ea5a8029d6cc387bf7154b63fe833097044bcaf901ed1d1c925a9b1c0dd9579984cd85afd0b091e5e9dbc450cc42045056a02b461cff97f8c706428c9,JE268597,1062034.0,06/16/2021 06:58:00 PM,EVANSVILLE,IN,47714,M,53.0,USAGE UNKNOWN,NOT APPLICABLE,NONE,NO INDICATION OF INJURY,NONE,UNKNOWN,NORMAL,TEST NOT OFFERED,2021,JE268597,06/16/2021 06:58:00 PM,30,TRAFFIC SIGNAL,FUNCTIONING PROPERLY,CLEAR,DAYLIGHT,REAR END,DIVIDED - W/MEDIAN BARRIER,STRAIGHT AND LEVEL,DRY,NO DEFECTS,ON SCENE,INJURY AND / OR TOW DUE TO CRASH,Y,N,"OVER $1,500",06/16/2021 07:02:00 PM,FOLLOWING TOO CLOSELY,UNABLE TO DETERMINE,10254,S,HALSTED ST,2232.0,3,NO INDICATION OF INJURY,0.0,0.0,0.0,0.0,0.0,3.0,0.0,18,4,6,41.707118382,-87.642986995,POINT (-87.642986995 41.70711838183),2021,1138
O1128589,DRIVER,e13ecd39a761b7db25b20c0bb25e47a2b8afb14ebea22fb43c24aa06e713629cb58bc1ff391a89d2a76e101bc55ee1f4c2aa640a2cb1af89695556769667e9e5,JE282930,1070549.0,06/28/2021 07:36:00 PM,BERWYN,IL,60402,F,20.0,USAGE UNKNOWN,DID NOT DEPLOY,NONE,NO INDICATION OF INJURY,NONE,NOT OBSCURED,NORMAL,TEST NOT OFFERED,2021,JE282930,06/28/2021 07:36:00 PM,35,TRAFFIC SIGNAL,FUNCTIONING PROPERLY,CLOUDY/OVERCAST,DAYLIGHT,ANGLE,FOUR WAY,STRAIGHT AND LEVEL,DRY,NO DEFECTS,NOT ON SCENE (DESK REPORT),INJURY AND / OR TOW DUE TO CRASH,Y,Y,"$501 - $1,500",06/28/2021 07:54:00 PM,DISREGARDING TRAFFIC SIGNALS,NOT APPLICABLE,3999,W,HARRISON ST,1132.0,2,NO INDICATION OF INJURY,0.0,0.0,0.0,0.0,0.0,2.0,0.0,19,2,6,41.873333685,-87.725329005,POINT (-87.72532900451 41.873333685166),2021,1176
O1173398,DRIVER,ae43e36329576cf22e9ce0f2138394310319ecdd5f429b97b36bd9f5f81a16d959d8d69b173465edc6e0a67db6385b0ad4f5eb10415b8ef245ec9de49b753117,JE356260,1113131.0,08/31/2021 08:30:00 AM,MIDLOTHIAN,IL,60445,M,54.0,SAFETY BELT USED,DID NOT DEPLOY,NONE,NO INDICATION OF INJURY,NONE,NOT OBSCURED,NORMAL,TEST NOT OFFERED,2021,JE356260,08/31/2021 08:30:00 AM,30,TRAFFIC SIGNAL,FUNCTIONING PROPERLY,CLEAR,DAYLIGHT,TURNING,FOUR WAY,STRAIGHT AND LEVEL,DRY,NO DEFECTS,ON SCENE,INJURY AND / OR TOW DUE TO CRASH,Y,Y,"OVER $1,500",08/31/2021 08:49:00 AM,FAILING TO YIELD RIGHT-OF-WAY,UNABLE TO DETERMINE,4300,S,PULASKI RD,815.0,3,NONINCAPACITATING INJURY,1.0,0.0,0.0,1.0,0.0,2.0,0.0,8,3,8,41.815101021,-87.72400523299999,POINT (-87.724005233406 41.815101021137),2021,510
O1228175,DRIVER,c6ef3621b694f6b5aed44705f6936ba0109e862226fede45086f32883ca0e6c51d72a385f058764013eac55e6fe08854f78765eb624742b6f54f2608d191599f,JE447062,1165511.0,11/16/2021 12:17:00 PM,CHICAGO,IL,60618,M,75.0,USAGE UNKNOWN,NOT APPLICABLE,NONE,NO INDICATION OF INJURY,FAILED TO YIELD,NOT OBSCURED,NORMAL,TEST NOT OFFERED,2021,JE447062,11/16/2021 12:17:00 PM,30,STOP SIGN/FLASHER,FUNCTIONING PROPERLY,CLEAR,DAYLIGHT,ANGLE,DIVIDED - W/MEDIAN (NOT RAISED),STRAIGHT AND LEVEL,DRY,NO DEFECTS,ON SCENE,NO INJURY / DRIVE AWAY,Y,Y,"OVER $1,500",11/16/2021 12:19:00 PM,UNABLE TO DETERMINE,UNABLE TO DETERMINE,2900,W,IRVING PARK RD,1724.0,2,NO INDICATION OF INJURY,0.0,0.0,0.0,0.0,0.0,2.0,0.0,12,3,11,41.954071454,-87.700745235,POINT (-87.700745234529 41.954071454445),2021,737
O1084792,DRIVER,1f0d48a3e276b2008fe1037fb64841e1d1c0155ce04ebd72257d4cb0409b954290dede0260f0c5ef93534371c174b87632776d1fe3a7b26d9edd0e10ef6f4e38,JE213343,1028828.0,04/28/2021 07:45:00 PM,BLOOMINGDALE,IL,60108,M,78.0,SAFETY BELT USED,DID NOT DEPLOY,NONE,NO INDICATION OF INJURY,UNKNOWN,NOT OBSCURED,NORMAL,TEST NOT OFFERED,2021,JE213343,04/28/2021 07:45:00 PM,30,TRAFFIC SIGNAL,FUNCTIONING PROPERLY,CLEAR,DAYLIGHT,ANGLE,FOUR WAY,STRAIGHT AND LEVEL,DRY,UNKNOWN,NOT ON SCENE (DESK REPORT),NO INJURY / DRIVE AWAY,Y,Y,"OVER $1,500",04/28/2021 08:20:00 PM,UNABLE TO DETERMINE,HAD BEEN DRINKING (USE WHEN ARREST IS NOT MADE),1600,S,KEDZIE AVE,1022.0,2,NO INDICATION OF INJURY,0.0,0.0,0.0,0.0,0.0,2.0,0.0,19,4,4,41.859029827,-87.705600995,POINT (-87.705600995256 41.859029826536),2021,1185
O1111181,DRIVER,d7f1bd2fa138afb24c182db3cfe1feb65640983b544cbb16cdc58db432cb1fa1f62c87511ab94f646b8f038cdbcafdeeeaaeff51f8fa1dcd35bec368be8a4dd4,JE255307,1054093.0,06/06/2021 12:01:00 AM,CHICAGO,IL,60622,F,38.0,SAFETY BELT USED,DID NOT DEPLOY,NONE,NO INDICATION OF INJURY,NONE,NOT OBSCURED,NORMAL,TEST NOT OFFERED,2021,JE255307,06/06/2021 12:01:00 AM,30,TRAFFIC SIGNAL,FUNCTIONING PROPERLY,CLEAR,"DARKNESS, LIGHTED ROAD",ANGLE,FOUR WAY,STRAIGHT AND LEVEL,DRY,NO DEFECTS,ON SCENE,INJURY AND / OR TOW DUE TO CRASH,Y,Y,"OVER $1,500",06/06/2021 12:07:00 AM,DISREGARDING TRAFFIC SIGNALS,FAILING TO REDUCE SPEED TO AVOID CRASH,1600,W,LAKE ST,1215.0,2,NO INDICATION OF INJURY,0.0,0.0,0.0,0.0,0.0,7.0,0.0,0,1,6,41.885434986,-87.667088055,POINT (-87.667088055261 41.885434986143),2021,1
O1158455,DRIVER,53eb93a72fbd98e3355928b7150bb35e965dcfd34e6979e88f34ecaa53560c7935bf62907b8db0d9a7de1f39ab9acd08ef3ee17c28d91b67e428dec02ad1e738,JE332011,1098903.0,08/04/2021 02:30:00 PM,CHICAGO,IL,60617,F,27.0,SAFETY BELT USED,"DEPLOYED, COMBINATION",NONE,NO INDICATION OF INJURY,NONE,NOT OBSCURED,NORMAL,TEST NOT OFFERED,2021,JE332011,08/04/2021 02:30:00 PM,30,NO CONTROLS,NO CONTROLS,CLEAR,DAYLIGHT,ANGLE,T-INTERSECTION,STRAIGHT AND LEVEL,DRY,NO DEFECTS,NOT ON SCENE (DESK REPORT),INJURY AND / OR TOW DUE TO CRASH,Y,Y,"OVER $1,500",08/09/2021 07:00:00 PM,UNABLE TO DETERMINE,UNABLE TO DETERMINE,319,S,KOSTNER AVE,1131.0,2,NO INDICATION OF INJURY,0.0,0.0,0.0,0.0,0.0,2.0,0.0,14,4,8,41.876309988,-87.73517857,POINT (-87.735178569998 41.876309988239),2021,870