PERSON_ID,PERSON_TYPE,CRASH_RECORD_ID,RD_NO_x,VEHICLE_ID,CRASH_DATE_x,CITY,STATE,ZIPCODE,SEX,AGE,SAFETY_EQUIPMENT,AIRBAG_DEPLOYED,EJECTION,INJURY_CLASSIFICATION,DRIVER_ACTION,DRIVER_VISION,PHYSICAL_CONDITION,BAC_RESULT,CRASH_YEAR_x,RD_NO_y,CRASH_DATE_y,POSTED_SPEED_LIMIT,TRAFFIC_CONTROL_DEVICE,DEVICE_CONDITION,WEATHER_CONDITION,LIGHTING_CONDITION,FIRST_CRASH_TYPE,TRAFFICWAY_TYPE,ALIGNMENT,ROADWAY_SURFACE_COND,ROAD_DEFECT,REPORT_TYPE,CRASH_TYPE,INTERSECTION_RELATED_I,HIT_AND_RUN_I,DAMAGE,DATE_POLICE_NOTIFIED,PRIM_CONTRIBUTORY_CAUSE,SEC_CONTRIBUTORY_CAUSE,STREET_NO,STREET_DIRECTION,STREET_NAME,BEAT_OF_OCCURRENCE,NUM_UNITS,MOST_SEVERE_INJURY,INJURIES_TOTAL,INJURIES_FATAL,INJURIES_INCAPACITATING,INJURIES_NON_INCAPACITATING,INJURIES_REPORTED_NOT_EVIDENT,INJURIES_NO_INDICATION,INJURIES_UNKNOWN,CRASH_HOUR,CRASH_DAY_OF_WEEK,CRASH_MONTH,LATITUDE,LONGITUDE,LOCATION,CRASH_YEAR_y,TIME
O1234455,DRIVER,1fe6c12b57bca612870d6ee166d5b054a08fabeaa212a62985069f96636127a62c1f5e253a9b0ab5d815170c34183bb198d1d349ddfea4fdf21e9545a40ef77e,JE457103,1171560.0,11/26/2021 03:10:00 AM,RIVERDALE,IL,60827,M,35.0,USAGE UNKNOWN,NOT APPLICABLE,NONE,NO INDICATION OF INJURY,UNKNOWN,UNKNOWN,UNKNOWN,TEST NOT OFFERED,2021,JE457103,11/26/2021 03:10:00 AM,30,TRAFFIC SIGNAL,FUNCTIONING PROPERLY,UNKNOWN,UNKNOWN,ANGLE,FOUR WAY,STRAIGHT AND LEVEL,UNKNOWN,NO DEFECTS,ON SCENE,INJURY AND / OR TOW DUE TO CRASH,Y,Y,"OVER $1,500",11/26/2021 03:10:00 AM,DISREGARDING OTHER TRAFFIC SIGNS,DISREGARDING TRAFFIC SIGNALS,2,E,103RD ST,511.0,2,NO INDICATION OF INJURY,0.0,0.0,0.0,0.0,0.0,2.0,0.0,3,6,11,41.707275322,-87.62346617200001,POINT (-87.623466171882 41.707275321599),2021,190
O1132976,DRIVER,b511b8ffcba535ba7fd159ebd588773fb56a27fddd788c82176edca64850a78520f109380f2f452d98615ce77633934b1540dfcfc435ebc95180868117bcfd77,JE290017,1074703.0,07/04/2021 07:00:00 PM,CHICAGO,IL,60644,F,31.0,SAFETY BELT USED,DID NOT DEPLOY,NONE,NO INDICATION OF INJURY,NONE,NOT OBSCURED,NORMAL,TEST NOT OFFERED,2021,JE290017,07/04/2021 07:00:00 PM,35,TRAFFIC SIGNAL,FUNCTIONING PROPERLY,CLEAR,DAYLIGHT,ANGLE,FOUR WAY,STRAIGHT AND LEVEL,DRY,NO DEFECTS,ON SCENE,INJURY AND / OR TOW DUE TO CRASH,Y,Y,"$501 - $1,500",07/04/2021 07:08:00 PM,IMPROPER LANE USAGE,FAILING TO YIELD RIGHT-OF-WAY,4500,W,MADISON ST,1113.0,2,NO INDICATION OF INJURY,0.0,0.0,0.0,0.0,0.0,7.0,0.0,19,1,7,41.880691076,-87.73803813100001,POINT (-87.738038131465 41.880691075693),2021,1140
O1165565,DRIVER,9e1de874b26080ae8528c3e5de9e8291fdc9a1eb74039b0c6c528395ff0538f3e20e30cabf889ffe27e7cc0f64d962f9cde7202c68673d62ff5c784c3c4c7109,JE343704,1105645.0,08/19/2021 10:33:00 PM,CHICAGO,IL,60636,F,42.0,SAFETY BELT USED,DID NOT DEPLOY,NONE,NO INDICATION OF INJURY,NONE,NOT OBSCURED,NORMAL,TEST NOT OFFERED,2021,JE343704,08/19/2021 10:33:00 PM,30,TRAFFIC SIGNAL,FUNCTIONING PROPERLY,CLEAR,"DARKNESS, LIGHTED ROAD",REAR END,DIVIDED - W/MEDIAN (NOT RAISED),STRAIGHT AND LEVEL,DRY,NO DEFECTS,NOT ON SCENE (DESK REPORT),NO INJURY / DRIVE AWAY,Y,Y,"$501 - $1,500",08/20/2021 12:55:00 PM,PHYSICAL CONDITION OF DRIVER,FAILING TO REDUCE SPEED TO AVOID CRASH,400,S,HALSTED ST,1232.0,2,NO INDICATION OF INJURY,0.0,0.0,0.0,0.0,0.0,3.0,0.0,22,5,8,41.876656066,-87.647348924,POINT (-87.647348924464 41.876656065835),2021,1353
O1165158,DRIVER,dd819a6678392f847626b3ff428dcc5002c652073140633721b3be3fc9094fd2aff23d8344a2f4d42f4ee00483debb6eecd8f3e63557c8519597b82f2bbd99ce,JE342969,1105278.0,08/19/2021 05:30:00 PM,CHICAGO,IL,60629,F,49.0,SAFETY BELT USED,DID NOT DEPLOY,NONE,NO INDICATION OF INJURY,FAILED TO YIELD,UNKNOWN,NORMAL,TEST NOT OFFERED,2021,JE342969,08/19/2021 05:30:00 PM,30,STOP SIGN/FLASHER,FUNCTIONING PROPERLY,CLEAR,DAYLIGHT,REAR END,FOUR WAY,STRAIGHT AND LEVEL,UNKNOWN,NO DEFECTS,NOT ON SCENE (DESK REPORT),NO INJURY / DRIVE AWAY,Y,N,"OVER $1,500",08/19/2021 06:20:00 PM,FAILING TO REDUCE SPEED TO AVOID CRASH,UNABLE TO DETERMINE,5300,S,CALIFORNIA AVE,923.0,2,NO INDICATION OF INJURY,0.0,0.0,0.0,0.0,0.0,2.0,0.0,17,5,8,41.79724535,-87.69404441,POINT (-87.694044409543 41.797245350107),2021,1050
O1126832,DRIVER,500e4dd6e3b4ade3b63bbd561dba4f8768e77eee4b449d26becb5b841e473d7a3d7d0dc5a4cc512a7acc6d6d7ec57920b657cd85cecd73dabc68a500e988aec3,JE280223,1068866.0,06/26/2021 11:54:00 AM,HILTON HEAD ISLAND,SC,29926,F,19.0,USAGE UNKNOWN,DID NOT DEPLOY,NONE,NO INDICATION OF INJURY,NONE,NOT OBSCURED,NORMAL,TEST NOT OFFERED,2021,JE280223,06/26/2021 11:54:00 AM,30,TRAFFIC SIGNAL,FUNCTIONING PROPERLY,CLEAR,DAYLIGHT,REAR END,NOT DIVIDED,STRAIGHT AND LEVEL,DRY,NO DEFECTS,NOT ON SCENE (DESK REPORT),INJURY AND / OR TOW DUE TO CRASH,Y,Y,"OVER $1,500",06/26/2021 02:00:00 PM,FOLLOWING TOO CLOSELY,NOT APPLICABLE,1013,N,MILWAUKEE AVE,1213.0,3,NO INDICATION OF INJURY,0.0,0.0,0.0,0.0,0.0,4.0,0.0,11,7,6,41.900179565,-87.661286727,POINT (-87.661286727171 41.900179564983),2021,714
O1156287,DRIVER,016e38d4e914d565eac0bc951eab0163776c5806c4c4b2f8f2627196f33572ec5ddbff8ef793083626ccca632678f2f608a9a6d3478f770b7320ef073e9bd35a,JE328585,1096849.0,08/06/2021 04:40:00 PM,CHICAGO,IL,60621,F,38.0,USAGE UNKNOWN,DID NOT DEPLOY,NONE,NO INDICATION OF INJURY,UNKNOWN,UNKNOWN,EMOTIONAL,TEST NOT OFFERED,2021,JE328585,08/06/2021 04:40:00 PM,30,STOP SIGN/FLASHER,FUNCTIONING PROPERLY,CLEAR,DAYLIGHT,ANGLE,T-INTERSECTION,STRAIGHT AND LEVEL,DRY,UNKNOWN,NOT ON SCENE (DESK REPORT),NO INJURY / DRIVE AWAY,Y,Y,$500 OR LESS,08/06/2021 05:15:00 PM,UNABLE TO DETERMINE,UNABLE TO DETERMINE,5300,S,RACINE AVE,934.0,2,NO INDICATION OF INJURY,0.0,0.0,0.0,0.0,0.0,2.0,0.0,16,6,8,41.797717195,-87.65510226,POINT (-87.655102259947 41.797717195175),2021,1000
O1174523,DRIVER,5ba4f1e149f0e690c8f3bd4a7c86642aeb2b68f36137561d47eaf7aecbfcb566f444074c5f558e57137cc7e875316ba5a62c9fff9d6f964cba0047b45f915650,JE358077,1114222.0,09/01/2021 03:20:00 PM,CHICAGO,IL,60612,F,21.0,USAGE UNKNOWN,DID NOT DEPLOY,NONE,NONINCAPACITATING INJURY,UNKNOWN,UNKNOWN,UNKNOWN,TEST NOT OFFERED,2021,JE358077,09/01/2021 03:20:00 PM,30,TRAFFIC SIGNAL,FUNCTIONING PROPERLY,CLEAR,DAYLIGHT,SIDESWIPE SAME DIRECTION,OTHER,STRAIGHT AND LEVEL,DRY,NO DEFECTS,ON SCENE,INJURY AND / OR TOW DUE TO CRASH,N,Y,"OVER $1,500",09/01/2021 03:25:00 PM,UNABLE TO DETERMINE,UNABLE TO DETERMINE,3798,W,MADISON ST,1122.0,3,NONINCAPACITATING INJURY,1.0,0.0,0.0,1.0,0.0,5.0,0.0,15,4,9,41.880901191999996,-87.72064607,POINT (-87.72064606991 41.880901192182),2021,920
O1082359,DRIVER,808a8d2b6b4b34b25bd471707cc9108aec5efdcba509398fc554f7f382d62970ab94a26072bad6a712f4133f51d0a242a1ed8665403cce5085df2f72bf300135,JE209241,1026529.0,04/24/2021 11:30:00 PM,CHICAGO,IL,60642,F,27.0,SAFETY BELT USED,DID NOT DEPLOY,NONE,NO INDICATION OF INJURY,NONE,UNKNOWN,NORMAL,TEST NOT OFFERED,2021,JE209241,04/24/2021 11:30:00 PM,35,TRAFFIC SIGNAL,FUNCTIONING PROPERLY,CLEAR,"DARKNESS, LIGHTED ROAD",TURNING,FOUR WAY,STRAIGHT AND LEVEL,DRY,NO DEFECTS,ON SCENE,NO INJURY / DRIVE AWAY,Y,Y,"OVER $1,500",04/24/2021 11:40:00 PM,IMPROPER TURNING/NO SIGNAL,IMPROPER LANE USAGE,1600,W,CHICAGO AVE,1213.0,2,NO INDICATION OF INJURY,0.0,0.0,0.0,0.0,0.0,3.0,0.0,23,7,4,41.896182324,-87.66735606399999,POINT (-87.667356064232 41.896182324222),2021,1410
O1185177,DRIVER,f3d95a2595b3c28674a5938ba107374cbec0a05255c6fc400610474d0afe20c920f78e6a962188aac1fd46add11b52a36fe7105508894591df3d65a85d4079b8,JE375999,1124401.0,09/16/2021 03:28:00 PM,CHICAGO,IL,60615,F,56.0,SAFETY BELT USED,"DEPLOYED, COMBINATION",NONE,NONINCAPACITATING INJURY,OTHER,NOT OBSCURED,NORMAL,TEST NOT OFFERED,2021,JE375999,09/16/2021 03:28:00 PM,30,TRAFFIC SIGNAL,FUNCTIONING PROPERLY,CLEAR,DAYLIGHT,ANGLE,UNKNOWN INTERSECTION TYPE,STRAIGHT AND LEVEL,DRY,NO DEFECTS,ON SCENE,INJURY AND / OR TOW DUE TO CRASH,Y,Y,"OVER $1,500",09/16/2021 03:29:00 PM,FAILING TO YIELD RIGHT-OF-WAY,UNABLE TO DETERMINE,2299,W,WARREN BLVD,1223.0,3,NONINCAPACITATING INJURY,1.0,0.0,0.0,1.0,0.0,1.0,0.0,15,5,9,41.882008237,-87.68385702100001,POINT (-87.683857021143 41.882008237256),2021,928
O1188273,DRIVER,e8826e6bf4502d44d3dfe67d837f1db0479511a125211716fe802123586fd64cf548084783f2352efdfe1a60edd15c5b6620707c75d269060262f0dea5d9e78a,JE381000,1127370.0,09/20/2021 03:25:00 PM,CHICAGO,IL,60609,F,25.0,USAGE UNKNOWN,NOT APPLICABLE,NONE,NO INDICATION OF INJURY,IMPROPER TURN,NOT OBSCURED,NORMAL,TEST NOT OFFERED,2021,JE381000,09/20/2021 03:25:00 PM,30,TRAFFIC SIGNAL,FUNCTIONING PROPERLY,CLEAR,DAYLIGHT,TURNING,NOT DIVIDED,STRAIGHT AND LEVEL,DRY,NO DEFECTS,ON SCENE,NO INJURY / DRIVE AWAY,Y,N,"$501 - $1,500",09/20/2021 03:50:00 PM,IMPROPER TURNING/NO SIGNAL,NOT APPLICABLE,4500,S,ASHLAND AVE,924.0,2,NO INDICATION OF INJURY,0.0,0.0,0.0,0.0,0.0,3.0,0.0,15,2,9,41.812130522,-87.66520825299999,POINT (-87.665208252918 41.812130521918),2021,925
O1059200,DRIVER,b0c8f132578d855b337903284695c132771f77b7dccc3ccb574b13fa7b9ee73cecdb4979a2658817a5564b1ccbe9ef920a1cc543902e66ede84fc501a5523d4e,JE169931,1004441.0,03/15/2021 06:05:00 PM,HAZEL CREST,IL,60429,M,60.0,SAFETY BELT USED,DID NOT DEPLOY,NONE,NO INDICATION OF INJURY,NONE,NOT OBSCURED,NORMAL,TEST NOT OFFERED,2021,JE169931,03/15/2021 06:05:00 PM,30,TRAFFIC SIGNAL,FUNCTIONING PROPERLY,RAIN,"DARKNESS, LIGHTED ROAD",TURNING,FOUR WAY,STRAIGHT ON GRADE,WET,NO DEFECTS,NOT ON SCENE (DESK REPORT),NO INJURY / DRIVE AWAY,Y,Y,"OVER $1,500",03/15/2021 06:45:00 PM,IMPROPER OVERTAKING/PASSING,NOT APPLICABLE,11900,S,HALSTED ST,524.0,2,NO INDICATION OF INJURY,0.0,0.0,0.0,0.0,0.0,2.0,0.0,18,2,3,41.677720829,-87.642051845,POINT (-87.642051844982 41.677720829248),2021,1085
O1222722,DRIVER,cf7be7de1c5ab7d5a92b5fc7efa197a1c6fc563ab9eb9d748463dfcb2266585a84a478f109d961d3c5a6a8c482937b783d2fe37797b556ce56e36d14e209abfc,JE436609,1160277.0,11/07/2021 12:54:00 AM,CHICAGO,IL,60608,M,34.0,SAFETY BELT USED,DID NOT DEPLOY,NONE,NO INDICATION OF INJURY,UNKNOWN,UNKNOWN,NORMAL,TEST NOT OFFERED,2021,JE436609,11/07/2021 12:54:00 AM,30,UNKNOWN,UNKNOWN,CLEAR,DUSK,TURNING,NOT DIVIDED,STRAIGHT AND LEVEL,DRY,UNKNOWN,NOT ON SCENE (DESK REPORT),NO INJURY / DRIVE AWAY,Y,Y,"OVER $1,500",11/07/2021 01:15:00 AM,UNABLE TO DETERMINE,NOT APPLICABLE,2200,S,ASHLAND AVE,1034.0,2,NO INDICATION OF INJURY,0.0,0.0,0.0,0.0,0.0,2.0,0.0,0,1,11,41.852217997,-87.66617016200001,POINT (-87.666170161509 41.852217996528),2021,54
O1071984,DRIVER,8a6ca24f03a21e37b994799ec90188ccb5c90973c5d468831f6790a07b3d2f3a6e7eb236b28f924818ef5a65e275ef360b3ae8dc0e321190c63c02b6ffb86db6,JE191569,1016614.0,04/06/2021 06:19:00 PM,CHICAGO,IL,60637,F,32.0,NONE PRESENT,DID NOT DEPLOY,NONE,NO INDICATION OF INJURY,NONE,NOT OBSCURED,NORMAL,TEST NOT OFFERED,2021,JE191569,04/06/2021 06:19:00 PM,30,TRAFFIC SIGNAL,NO CONTROLS,CLEAR,DUSK,ANGLE,FOUR WAY,STRAIGHT AND LEVEL,DRY,NO DEFECTS,NOT ON SCENE (DESK REPORT),NO INJURY / DRIVE AWAY,Y,Y,"$501 - $1,500",04/06/2021 06:50:00 PM,UNABLE TO DETERMINE,NOT APPLICABLE,6600,S,COTTAGE GROVE AVE,321.0,2,NO INDICATION OF INJURY,0.0,0.0,0.0,0.0,0.0,2.0,0.0,18,3,4,41.774867002,-87.60595327600001,POINT (-87.605953276101 41.774867001838),2021,1099
O1251361,DRIVER,0525393837f5c2bbb70392ae8b1925225a0788cf40b2b5e56d6f979e39c21d0bc9c5b8ce4048f853eb416c07ece261fd4f2e5c44772a1925e106cd58b59a7001,JE486820,1187770.0,12/23/2021 12:00:00 PM,NORRIDGE,IL,60706,M,31.0,SAFETY BELT USED,"DEPLOYED, FRONT",NONE,NO INDICATION OF INJURY,NONE,UNKNOWN,NORMAL,TEST NOT OFFERED,2021,JE486820,12/23/2021 12:00:00 PM,30,TRAFFIC SIGNAL,FUNCTIONING PROPERLY,CLEAR,DAYLIGHT,TURNING,DIVIDED - W/MEDIAN (NOT RAISED),STRAIGHT AND LEVEL,DRY,NO DEFECTS,ON SCENE,INJURY AND / OR TOW DUE TO CRASH,Y,Y,"OVER $1,500",12/23/2021 12:12:00 PM,FAILING TO YIELD RIGHT-OF-WAY,UNABLE TO DETERMINE,5200,W,FOSTER AVE,1623.0,3,NO INDICATION OF INJURY,0.0,0.0,0.0,0.0,0.0,4.0,0.0,12,5,12,41.975328264,-87.75783826,POINT (-87.75783826009 41.975328264207),2021,720
O1080570,DRIVER,7b3ab29b6aef96b8c650c8fbb950a2c4255c5fe07bbbf66c9ade1809b3a85ee1194721c319ce6946c3d8a58a8a1f016243df4b2ed0aec96d6ba8d8779925e1a0,JE206178,1024803.0,04/21/2021 08:30:00 PM,CHICAGO,IL,60644,M,29.0,USAGE UNKNOWN,DID NOT DEPLOY,NONE,NO INDICATION OF INJURY,IMPROPER TURN,NOT OBSCURED,NORMAL,TEST NOT OFFERED,2021,JE206178,04/21/2021 08:30:00 PM,30,TRAFFIC SIGNAL,FUNCTIONING PROPERLY,CLEAR,"DARKNESS, LIGHTED ROAD",PARKED MOTOR VEHICLE,FOUR WAY,STRAIGHT AND LEVEL,DRY,NO DEFECTS,ON SCENE,INJURY AND / OR TOW DUE TO CRASH,Y,N,"OVER $1,500",04/21/2021 08:32:00 PM,IMPROPER TURNING/NO SIGNAL,NOT APPLICABLE,5202,W,OHIO ST,1524.0,6,NONINCAPACITATING INJURY,1.0,0.0,0.0,1.0,0.0,3.0,0.0,20,4,4,41.891304993,-87.75560251200001,POINT (-87.755602512383 41.891304993322),2021,1230
O1243532,DRIVER,27541e921230ade8576670f12092c3c1dfe76747f2e3b42579a055fb11f50c48055117eaed53bb42fb451ed9da2f604a1dcfcdb7f1eec40bdc419c40f6c05016,JE473014,1180250.0,12/10/2021 03:30:00 PM,CHICAGO,IL,60651,M,51.0,SAFETY BELT USED,DID NOT DEPLOY,NONE,NO INDICATION OF INJURY,NONE,NOT OBSCURED,NORMAL,TEST NOT OFFERED,2021,JE473014,12/10/2021 03:30:00 PM,30,TRAFFIC SIGNAL,FUNCTIONING PROPERLY,RAIN,"DARKNESS, LIGHTED ROAD",TURNING,FOUR WAY,STRAIGHT AND LEVEL,WET,NO DEFECTS,NOT ON SCENE (DESK REPORT),NO INJURY / DRIVE AWAY,Y,N,$500 OR LESS,12/10/2021 06:30:00 PM,UNABLE TO DETERMINE,UNABLE TO DETERMINE,2914,W,GRAND AVE,1211.0,2,NO INDICATION OF INJURY,0.0,0.0,0.0,0.0,0.0,3.0,0.0,15,6,12,41.895740616,-87.699879515,POINT (-87.699879515009 41.895740616098),2021,930
O1252684,DRIVER,6731ac5d990118996661e095404c4e350fc32dfbc691fde99796ff2ae9aad27b25d899137cd3253598011cb8eeaf6367b209f64b32f3f0696eb58861c28fed42,JE488986,1189051.0,12/26/2021 02:00:00 AM,JUSTICE,IL,60458,F,24.0,SAFETY BELT USED,"DEPLOYED, SIDE",NONE,NO INDICATION OF INJURY,OTHER,NOT OBSCURED,NORMAL,TEST NOT OFFERED,2021,JE488986,12/26/2021 02:00:00 AM,30,TRAFFIC SIGNAL,FUNCTIONING PROPERLY,CLEAR,"DARKNESS, LIGHTED ROAD",TURNING,DIVIDED - W/MEDIAN (NOT RAISED),STRAIGHT AND LEVEL,DRY,SHOULDER DEFECT,ON SCENE,INJURY AND / OR TOW DUE TO CRASH,Y,Y,"OVER $1,500",12/26/2021 02:07:00 AM,UNABLE TO DETERMINE,UNABLE TO DETERMINE,7198,W,65TH ST,812.0,2,NO INDICATION OF INJURY,0.0,0.0,0.0,0.0,0.0,2.0,0.0,2,1,12,41.773809426999996,-87.800682775,POINT (-87.800682775238 41.77380942733),2021,120
O1175509,DRIVER,78d1e51424515ebd24871ff3ead498ab1a52d8386e22a9c814dc625f9da3b230a65fca3f017193d68e790175444979e37481fcecae7695fdc134ec645f7ed672,JE359622,1115147.0,09/02/2021 09:40:00 PM,CHICAGO,IL,60629,M,38.0,USAGE UNKNOWN,NOT APPLICABLE,NONE,NO INDICATION OF INJURY,NONE,NOT OBSCURED,NORMAL,TEST REFUSED,2021,JE359622,09/02/2021 09:40:00 PM,30,TRAFFIC SIGNAL,FUNCTIONING PROPERLY,CLEAR,"DARKNESS, LIGHTED ROAD",TURNING,DIVIDED - W/MEDIAN (NOT RAISED),STRAIGHT AND LEVEL,DRY,NO DEFECTS,NOT ON SCENE (DESK REPORT),NO INJURY / DRIVE AWAY,Y,Y,"OVER $1,500",09/02/2021 10:50:00 PM,UNABLE TO DETERMINE,NOT APPLICABLE,5901,S,KEDZIE AVE,824.0,2,NO INDICATION OF INJURY,0.0,0.0,0.0,0.0,0.0,2.0,0.0,21,5,9,41.786159325999996,-87.703199859,POINT (-87.703199859408 41.78615932619),2021,1300
O1181053,DRIVER,dfcb1989d06a945229db2ed48fc2584376a1d16f13bff6eabca61a445512381b47f2f227974404e5e582ae34b0e04c50e824821082327ad1915eb786e70b2891,JE368987,1120481.0,09/10/2021 10:01:00 PM,CHICAGO,IL,60651,M,26.0,SAFETY BELT USED,DID NOT DEPLOY,NONE,NO INDICATION OF INJURY,NONE,NOT OBSCURED,NORMAL,TEST NOT OFFERED,2021,JE368987,09/10/2021 10:01:00 PM,30,STOP SIGN/FLASHER,FUNCTIONING PROPERLY,CLEAR,"DARKNESS, LIGHTED ROAD",REAR END,NOT DIVIDED,STRAIGHT AND LEVEL,DRY,NO DEFECTS,ON SCENE,INJURY AND / OR TOW DUE TO CRASH,N,Y,"OVER $1,500",09/10/2021 10:01:00 PM,UNABLE TO DETERMINE,UNABLE TO DETERMINE,3701,W,CHICAGO AVE,1112.0,4,NONINCAPACITATING INJURY,4.0,0.0,0.0,4.0,0.0,7.0,0.0,22,6,9,41.895326505999996,-87.71881360299999,POINT (-87.718813603023 41.895326506241),2021,1321
O1061877,DRIVER,03a10083ccb2dd0f008089bafb48127200627c7d9e4df1b412e27f4a14701603b014404f02bb7e27dcfd6417e404edf5f0758b84f25e402e2ff695fb1dab279e,JE174573,1006990.0,03/20/2021 05:32:00 PM,ROMEOVILLE,IL,60446,F,39.0,SAFETY BELT USED,NOT APPLICABLE,NONE,NO INDICATION OF INJURY,NONE,NOT OBSCURED,NORMAL,TEST NOT OFFERED,2021,JE174573,03/20/2021 05:32:00 PM,30,TRAFFIC SIGNAL,FUNCTIONING PROPERLY,CLEAR,DAYLIGHT,SIDESWIPE SAME DIRECTION,FOUR WAY,STRAIGHT AND LEVEL,DRY,UNKNOWN,NOT ON SCENE (DESK REPORT),NO INJURY / DRIVE AWAY,Y,Y,"$501 - $1,500",03/20/2021 05:45:00 PM,IMPROPER OVERTAKING/PASSING,NOT APPLICABLE,3058,S,HALSTED ST,913.0,2,NO INDICATION OF INJURY,0.0,0.0,0.0,0.0,0.0,2.0,0.0,17,7,3,41.838134225,-87.64642743299999,POINT (-87.646427432684 41.838134224586),2021,1052
O1072074,DRIVER,bec07f63def45f1f85a4d0284ae2b55b445bba4e508c6cc848a241010a0889b18a6e8daeba2a3ab6210116e01a8f17eb5e9dbdf6bfbffc6f0e36ab871bb6cf38,JE191742,1016699.0,04/06/2021 10:13:00 PM,EAST CHICAGO,IL,46312,M,31.0,USAGE UNKNOWN,NOT APPLICABLE,NONE,NO INDICATION OF INJURY,UNKNOWN,UNKNOWN,NORMAL,TEST NOT OFFERED,2021,JE191742,04/06/2021 10:13:00 PM,30,TRAFFIC SIGNAL,FUNCTIONING PROPERLY,CLEAR,DARKNESS,TURNING,FOUR WAY,STRAIGHT AND LEVEL,DRY,NO DEFECTS,ON SCENE,INJURY AND / OR TOW DUE TO CRASH,Y,N,"OVER $1,500",04/06/2021 10:17:00 PM,FAILING TO YIELD RIGHT-OF-WAY,NOT APPLICABLE,6800,W,GRAND AVE,2512.0,2,NO INDICATION OF INJURY,0.0,0.0,0.0,0.0,0.0,5.0,0.0,22,3,4,41.923708193,-87.79530078100001,POINT (-87.795300781231 41.92370819286),2021,1333
O1131252,DRIVER,eae4feff3603125c3530e9de98d298185f3a9192053902a8b747336adf9237b87f4ad75f128c9f994f370b706d766236ae090532298cb946f33fa1ab3fbb9633,JE287419,1073093.0,07/02/2021 02:05:00 PM,HARVEY,IL,60426,M,52.0,USAGE UNKNOWN,NOT APPLICABLE,NONE,NO INDICATION OF INJURY,NONE,NOT OBSCURED,NORMAL,TEST NOT OFFERED,2021,JE287419,07/02/2021 02:05:00 PM,30,TRAFFIC SIGNAL,FUNCTIONING PROPERLY,CLEAR,DAYLIGHT,REAR END,OTHER,STRAIGHT AND LEVEL,DRY,NO DEFECTS,NOT ON SCENE (DESK REPORT),NO INJURY / DRIVE AWAY,Y,Y,"$501 - $1,500",07/02/2021 03:15:00 PM,UNABLE TO DETERMINE,UNABLE TO DETERMINE,5958,S,CORNELL DR,331.0,3,NO INDICATION OF INJURY,0.0,0.0,0.0,0.0,0.0,4.0,0.0,14,6,7,41.78628219,-87.585318229,POINT (-87.585318228941 41.786282189551),2021,845
O1183213,DRIVER,bebd4e8830c81a132060361e2bf35aa9c740173c99d002f9667e0b255b618d38bbb7e0fc67299500363318eb074222f9f5bd01eb8883c368cf17734a337e765c,JE372793,1122551.0,09/14/2021 06:55:00 AM,CHICAGO,IL,60621,F,26.0,SAFETY BELT USED,"DEPLOYED, FRONT",NONE,NO INDICATION OF INJURY,UNKNOWN,NOT OBSCURED,NORMAL,TEST NOT OFFERED,2021,JE372793,09/14/2021 06:55:00 AM,30,STOP SIGN/FLASHER,NO CONTROLS,CLEAR,DAWN,ANGLE,Y-INTERSECTION,STRAIGHT AND LEVEL,DRY,NO DEFECTS,NOT ON SCENE (DESK REPORT),NO INJURY / DRIVE AWAY,Y,Y,"OVER $1,500",09/14/2021 08:01:00 AM,FAILING TO YIELD RIGHT-OF-WAY,NOT APPLICABLE,7310,S,HARVARD AVE,731.0,2,NO INDICATION OF INJURY,0.0,0.0,0.0,0.0,0.0,2.0,0.0,6,3,9,41.761361509000004,-87.63349786200001,POINT (-87.633497861707 41.761361508983),2021,415
O1095220,DRIVER,70bf7a28b52c9a437ca11168544076f932a4f757743bced382b57851736969687bd80089daa84eda047492296fb82d9991211818e373196c220df083bc11b40a,JE229884,1038816.0,05/06/2021 07:00:00 PM,CHICAGO,IL,60608,M,39.0,SAFETY BELT USED,DID NOT DEPLOY,NONE,NO INDICATION OF INJURY,NONE,NOT OBSCURED,NORMAL,TEST NOT OFFERED,2021,JE229884,05/06/2021 07:00:00 PM,30,TRAFFIC SIGNAL,NO CONTROLS,CLEAR,DAYLIGHT,ANGLE,DIVIDED - W/MEDIAN (NOT RAISED),STRAIGHT AND LEVEL,DRY,NO DEFECTS,NOT ON SCENE (DESK REPORT),NO INJURY / DRIVE AWAY,Y,Y,"$501 - $1,500",05/14/2021 01:30:00 PM,FAILING TO YIELD RIGHT-OF-WAY,NOT APPLICABLE,1400,W,CULLERTON ST,1235.0,2,NO INDICATION OF INJURY,0.0,0.0,0.0,0.0,0.0,3.0,0.0,19,5,5,41.855260849000004,-87.66136117799999,POINT (-87.661361178259 41.855260848656),2021,1140