PERSON_ID,PERSON_TYPE,CRASH_RECORD_ID,RD_NO_x,VEHICLE_ID,CRASH_DATE_x,CITY,STATE,ZIPCODE,SEX,AGE,SAFETY_EQUIPMENT,AIRBAG_DEPLOYED,EJECTION,INJURY_CLASSIFICATION,DRIVER_ACTION,DRIVER_VISION,PHYSICAL_CONDITION,BAC_RESULT,CRASH_YEAR_x,RD_NO_y,CRASH_DATE_y,POSTED_SPEED_LIMIT,TRAFFIC_CONTROL_DEVICE,DEVICE_CONDITION,WEATHER_CONDITION,LIGHTING_CONDITION,FIRST_CRASH_TYPE,TRAFFICWAY_TYPE,ALIGNMENT,ROADWAY_SURFACE_COND,ROAD_DEFECT,REPORT_TYPE,CRASH_TYPE,INTERSECTION_RELATED_I,HIT_AND_RUN_I,DAMAGE,DATE_POLICE_NOTIFIED,PRIM_CONTRIBUTORY_CAUSE,SEC_CONTRIBUTORY_CAUSE,STREET_NO,STREET_DIRECTION,STREET_NAME,BEAT_OF_OCCURRENCE,NUM_UNITS,MOST_SEVERE_INJURY,INJURIES_TOTAL,INJURIES_FATAL,INJURIES_INCAPACITATING,INJURIES_NON_INCAPACITATING,INJURIES_REPORTED_NOT_EVIDENT,INJURIES_NO_INDICATION,INJURIES_UNKNOWN,CRASH_HOUR,CRASH_DAY_OF_WEEK,CRASH_MONTH,LATITUDE,LONGITUDE,LOCATION,CRASH_YEAR_y,TIME
O1142043,DRIVER,688e9bd720615fa137fad9e7e842dd5b080663308ab390b359a9d80f20058bee64c572a95507798240194a3635fad9079c3fc2e476dd88b6357cc146963cdb2f,JE305145,1083289.0,07/18/2021 01:12:00 AM,GLENDALE HEIGHTS,IL,60139,F,7.0,SAFETY BELT USED,DID NOT DEPLOY,NONE,NO INDICATION OF INJURY,NONE,NOT OBSCURED,NORMAL,TEST NOT OFFERED,2021,JE305145,07/18/2021 01:12:00 AM,30,STOP SIGN/FLASHER,FUNCTIONING PROPERLY,CLEAR,"DARKNESS, LIGHTED ROAD",ANGLE,FOUR WAY,STRAIGHT AND LEVEL,DRY,NO DEFECTS,ON SCENE,NO INJURY / DRIVE AWAY,Y,Y,"OVER $1,500",07/18/2021 01:16:00 AM,DISREGARDING STOP SIGN,NOT APPLICABLE,5600,W,CATALPA AVE,1622.0,2,NO INDICATION OF INJURY,0.0,0.0,0.0,0.0,0.0,2.0,0.0,1,1,7,41.981226989,-87.768445326,POINT (-87.768445325669 41.981226988953),2021,72
O1180762,DRIVER,902d23acf08a373aa1ecbe51a494cf1b331bdaaba3e24f018d2f60e63feb860bc03204c1cb1276e82eb293851398f24ec447d19e707eb8b66acb66564edec2b2,JE368626,1120243.0,09/10/2021 03:54:00 PM,CHICAGO,IL,60653,M,61.0,USAGE UNKNOWN,DID NOT DEPLOY,NONE,NO INDICATION OF INJURY,OTHER,UNKNOWN,NORMAL,TEST NOT OFFERED,2021,JE368626,09/10/2021 03:54:00 PM,20,NO CONTROLS,NO CONTROLS,CLEAR,DAYLIGHT,TURNING,NOT DIVIDED,STRAIGHT AND LEVEL,DRY,NO DEFECTS,ON SCENE,INJURY AND / OR TOW DUE TO CRASH,Y,Y,"OVER $1,500",09/10/2021 04:13:00 PM,IMPROPER OVERTAKING/PASSING,FAILING TO YIELD RIGHT-OF-WAY,740,E,45TH ST,221.0,2,NO INDICATION OF INJURY,0.0,0.0,0.0,0.0,0.0,2.0,0.0,15,6,9,41.813270075,-87.60746543,POINT (-87.607465429919 41.813270074508),2021,954
O1217182,DRIVER,79764140e254529a2bf1af063acab7e6382fa27b3fb13f7d0c53fc933e8fa8858b87e5bde6ce784f99c8fae7ad0fbbee94f23719ca7d847fdf241f2206a517db,JE428477,1154962.0,10/30/2021 11:01:00 PM,CHICAGO,IL,60609,F,48.0,SAFETY BELT USED,DID NOT DEPLOY,NONE,NO INDICATION OF INJURY,NONE,NOT OBSCURED,NORMAL,TEST NOT OFFERED,2021,JE428477,10/30/2021 11:01:00 PM,30,TRAFFIC SIGNAL,FUNCTIONING PROPERLY,CLEAR,"DARKNESS, LIGHTED ROAD",TURNING,FOUR WAY,STRAIGHT AND LEVEL,DRY,NO DEFECTS,NOT ON SCENE (DESK REPORT),NO INJURY / DRIVE AWAY,Y,Y,"$501 - $1,500",10/31/2021 01:06:00 AM,DRIVING ON WRONG SIDE/WRONG WAY,NOT APPLICABLE,3501,S,WESTERN AVE,911.0,2,NO INDICATION OF INJURY,0.0,0.0,0.0,0.0,0.0,2.0,0.0,23,7,10,41.830192538,-87.68488447899999,POINT (-87.684884479439 41.83019253816),2021,1381
O1103482,DRIVER,67f46b661f6af43143d7180ae89108a5f31bbe349e2297b769c177e9efd07a01fb9eb22664255cd687ead15662087ed85f2c2a3a37c9ba75f7af49a212d6867d,JE243499,1046738.0,05/26/2021 12:30:00 PM,CHICAGO,IL,60620,F,82.0,SAFETY BELT USED,NOT APPLICABLE,NONE,NO INDICATION OF INJURY,NONE,NOT OBSCURED,NORMAL,TEST NOT OFFERED,2021,JE243499,05/26/2021 12:30:00 PM,25,TRAFFIC SIGNAL,FUNCTIONING PROPERLY,CLEAR,DAYLIGHT,TURNING,NOT DIVIDED,STRAIGHT AND LEVEL,DRY,NO DEFECTS,ON SCENE,INJURY AND / OR TOW DUE TO CRASH,Y,Y,"OVER $1,500",05/26/2021 12:38:00 PM,UNABLE TO DETERMINE,UNABLE TO DETERMINE,400,E,95TH ST,633.0,2,NO INDICATION OF INJURY,0.0,0.0,0.0,0.0,0.0,3.0,0.0,12,4,5,41.722003125,-87.614085636,POINT (-87.614085636296 41.722003125289),2021,750
O1019812,DRIVER,346f5bdc8e0b2b0ec2234363341030268071bdc4bb8b04521aa1f0e41fd1d2dc80daeb0482c9c1251a478ff15e1e3dd6efe4540e6cc316ff2d24d6f31b10d297,JE103637,966601.0,01/05/2021 05:50:00 AM,CHICAGO,IL,60643,F,56.0,SAFETY BELT USED,DEPLOYMENT UNKNOWN,NONE,NO INDICATION OF INJURY,UNKNOWN,UNKNOWN,NORMAL,TEST NOT OFFERED,2021,JE103637,01/05/2021 05:50:00 AM,30,STOP SIGN/FLASHER,FUNCTIONING PROPERLY,CLEAR,DAWN,ANGLE,FOUR WAY,STRAIGHT AND LEVEL,WET,NO DEFECTS,ON SCENE,INJURY AND / OR TOW DUE TO CRASH,Y,Y,"OVER $1,500",01/05/2021 06:14:00 AM,FAILING TO YIELD RIGHT-OF-WAY,NOT APPLICABLE,1438,W,113TH PL,2234.0,2,NO INDICATION OF INJURY,0.0,0.0,0.0,0.0,0.0,2.0,0.0,5,3,1,41.687619368,-87.65836982299999,POINT (-87.658369822645 41.687619368031),2021,350
O1239652,DRIVER,9bc02684a3d43b2b0d0cf9b5ba8af8b0f4c189cae490b2b5aa75ab3297d13748eca2cd66b7509c00fb23be93d6f34d94562618a69ff08ec9a3cacff3351e445d,JE466323,1176555.0,12/04/2021 08:36:00 PM,CHICAGO,IL,60651,F,30.0,SAFETY BELT USED,DID NOT DEPLOY,NONE,NO INDICATION OF INJURY,NONE,NOT OBSCURED,NORMAL,TEST NOT OFFERED,2021,JE466323,12/04/2021 08:36:00 PM,30,STOP SIGN/FLASHER,NO CONTROLS,CLEAR,"DARKNESS, LIGHTED ROAD",TURNING,NOT DIVIDED,STRAIGHT AND LEVEL,DRY,NO DEFECTS,ON SCENE,INJURY AND / OR TOW DUE TO CRASH,Y,Y,"OVER $1,500",12/04/2021 08:50:00 PM,FAILING TO YIELD RIGHT-OF-WAY,NOT APPLICABLE,7559,S,ASHLAND AVE,612.0,2,NO INDICATION OF INJURY,0.0,0.0,0.0,0.0,0.0,2.0,0.0,20,7,12,41.755881798000004,-87.66343114200001,POINT (-87.66343114229 41.755881798405),2021,1236
O1123296,DRIVER,135af653289f0e7b596056c3dbdec47cf8c89ca365c4d011e32f4883092970f541d25bd498ad4ed3fdd8233b8db83dade58f44fd616f5d1cd883e49db0cdc300,JE274373,1065469.0,06/20/2021 03:30:00 PM,CHICAGO,IL,60619,M,27.0,SAFETY BELT USED,DID NOT DEPLOY,NONE,NO INDICATION OF INJURY,NONE,NOT OBSCURED,NORMAL,TEST NOT OFFERED,2021,JE274373,06/20/2021 03:30:00 PM,30,STOP SIGN/FLASHER,FUNCTIONING PROPERLY,CLOUDY/OVERCAST,DAYLIGHT,ANGLE,ONE-WAY,STRAIGHT AND LEVEL,DRY,NO DEFECTS,NOT ON SCENE (DESK REPORT),INJURY AND / OR TOW DUE TO CRASH,Y,Y,"OVER $1,500",06/21/2021 02:45:00 PM,FAILING TO YIELD RIGHT-OF-WAY,UNABLE TO DETERMINE,8930,S,STATE ST,634.0,2,NO INDICATION OF INJURY,0.0,0.0,0.0,0.0,0.0,2.0,0.0,15,1,6,41.731807051,-87.62415823,POINT (-87.624158229729 41.731807050604),2021,930
O1076210,DRIVER,6deb38a771021ee5813ebacf8734a7936103003e0961c981acf410199fe8b21567738e0521acd47116548253bb8a1fa21e8cb512841d7f441cf7e0bb90d19a77,JE198810,1020636.0,04/13/2021 10:50:00 PM,CHICAGO,IL,60639,F,22.0,SAFETY BELT USED,NOT APPLICABLE,NONE,"REPORTED, NOT EVIDENT",NONE,NOT OBSCURED,NORMAL,TEST NOT OFFERED,2021,JE198810,04/13/2021 10:50:00 PM,30,TRAFFIC SIGNAL,FUNCTIONING PROPERLY,CLEAR,"DARKNESS, LIGHTED ROAD",ANGLE,FOUR WAY,STRAIGHT AND LEVEL,DRY,NO DEFECTS,ON SCENE,INJURY AND / OR TOW DUE TO CRASH,Y,Y,"OVER $1,500",04/13/2021 11:44:00 PM,DISREGARDING TRAFFIC SIGNALS,UNABLE TO DETERMINE,1,S,HOMAN AVE,1124.0,2,"REPORTED, NOT EVIDENT",1.0,0.0,0.0,0.0,1.0,2.0,0.0,22,3,4,41.880853228,-87.71085657,POINT (-87.710856570143 41.880853227502),2021,1370
O1176363,DRIVER,3b055bb20a383101eada7bca146ecef2e782e031f3d304e19b795fbf5ac1bb42e222d10b14f72a492dc44e7eac6c58962c7b1be06a9542c59af4814db531585e,JE360952,1115963.0,09/04/2021 02:44:00 AM,MERRILLVILLE,IN,46410,F,21.0,USAGE UNKNOWN,"DEPLOYED, COMBINATION",NONE,"REPORTED, NOT EVIDENT",NONE,UNKNOWN,UNKNOWN,TEST NOT OFFERED,2021,JE360952,09/04/2021 02:44:00 AM,35,TRAFFIC SIGNAL,FUNCTIONING PROPERLY,CLEAR,"DARKNESS, LIGHTED ROAD",ANGLE,FOUR WAY,STRAIGHT AND LEVEL,DRY,NO DEFECTS,ON SCENE,INJURY AND / OR TOW DUE TO CRASH,Y,Y,"OVER $1,500",09/04/2021 02:44:00 AM,DISREGARDING TRAFFIC SIGNALS,DISREGARDING TRAFFIC SIGNALS,100,E,LOWER WACKER DR,114.0,3,NONINCAPACITATING INJURY,2.0,0.0,0.0,1.0,1.0,3.0,0.0,2,7,9,41.888432091999995,-87.624424687,POINT (-87.624424686932 41.88843209205),2021,164
O1190487,DRIVER,0406f1a1bef6f4d142d683754057d44d941ea85f1e8f56eac8f53b2dd124bee8c0c893ba1995ee92649a07b676f750123edf294a2f90418c38b27084d62492f9,JE384785,1129520.0,09/23/2021 05:32:00 PM,LINCOLNWOOD,IL,60712,F,35.0,USAGE UNKNOWN,NOT APPLICABLE,NONE,NONINCAPACITATING INJURY,NONE,NOT OBSCURED,NORMAL,TEST NOT OFFERED,2021,JE384785,09/23/2021 05:32:00 PM,20,STOP SIGN/FLASHER,FUNCTIONING PROPERLY,CLEAR,DAYLIGHT,ANGLE,ONE-WAY,STRAIGHT AND LEVEL,DRY,NO DEFECTS,ON SCENE,INJURY AND / OR TOW DUE TO CRASH,Y,Y,"OVER $1,500",09/23/2021 05:42:00 PM,DISREGARDING STOP SIGN,DISREGARDING STOP SIGN,3499,W,GRACE ST,1732.0,2,NONINCAPACITATING INJURY,1.0,0.0,0.0,1.0,0.0,2.0,0.0,17,5,9,41.950071445,-87.715197119,POINT (-87.715197119136 41.950071444523),2021,1052
O1099839,DRIVER,db67d0ed9b89d4e89e84d3307edabbda188db5745f4d5e8ff9b8252af5393cbbfda7632c92aa2423c9a7728521b26cbaad3cb2768dbc9020cb2a8793e46d847d,JE237693,1043230.0,05/21/2021 01:35:00 PM,CHICAGO,IL,60639,F,50.0,SAFETY BELT USED,DID NOT DEPLOY,NONE,NO INDICATION OF INJURY,FAILED TO YIELD,NOT OBSCURED,NORMAL,TEST NOT OFFERED,2021,JE237693,05/21/2021 01:35:00 PM,30,NO CONTROLS,NO CONTROLS,CLEAR,DAYLIGHT,TURNING,NOT DIVIDED,STRAIGHT AND LEVEL,DRY,NO DEFECTS,NOT ON SCENE (DESK REPORT),NO INJURY / DRIVE AWAY,Y,Y,"OVER $1,500",05/21/2021 04:00:00 PM,UNABLE TO DETERMINE,NOT APPLICABLE,2712,N,CICERO AVE,2521.0,2,NO INDICATION OF INJURY,0.0,0.0,0.0,0.0,0.0,2.0,0.0,13,6,5,41.930092359,-87.74668128299999,POINT (-87.746681283426 41.930092359429),2021,815
O1217752,DRIVER,26bf27a03fb29481c70bdf77bc67f3b73092f6b57d1bcfc02ffa6727e8d400ca3dd03079c875828ad8609dc5675150e0d439db2ccb5e74983ea213a9ecf398a1,JE429342,1155513.0,10/31/2021 06:25:00 PM,SUMMIT,IL,60501,M,20.0,SAFETY BELT USED,NOT APPLICABLE,NONE,"REPORTED, NOT EVIDENT",NONE,NOT OBSCURED,NORMAL,TEST NOT OFFERED,2021,JE429342,10/31/2021 06:25:00 PM,30,STOP SIGN/FLASHER,FUNCTIONING PROPERLY,CLEAR,"DARKNESS, LIGHTED ROAD",ANGLE,NOT DIVIDED,STRAIGHT AND LEVEL,DRY,NO DEFECTS,ON SCENE,INJURY AND / OR TOW DUE TO CRASH,Y,Y,"OVER $1,500",10/31/2021 06:40:00 PM,FAILING TO YIELD RIGHT-OF-WAY,UNABLE TO DETERMINE,5101,S,TRIPP AVE,815.0,2,"REPORTED, NOT EVIDENT",1.0,0.0,0.0,0.0,1.0,1.0,0.0,18,1,10,41.800372679,-87.729343361,POINT (-87.729343360983 41.800372678511),2021,1105
O1199041,DRIVER,e8d65d3537db0f894798d0ece63b8ecf92b5d25adcd150d3c0d744ab87a2bb8755769a5607432e25a48af7febe10e32266d10e4fab157ab1fd4ced87458cb741,JE399211,1137674.0,10/05/2021 04:50:00 PM,CHICAGO,IL,60624,F,44.0,SAFETY BELT USED,DID NOT DEPLOY,NONE,NO INDICATION OF INJURY,NONE,NOT OBSCURED,NORMAL,TEST NOT OFFERED,2021,JE399211,10/05/2021 04:50:00 PM,30,TRAFFIC SIGNAL,UNKNOWN,CLEAR,DAYLIGHT,TURNING,NOT DIVIDED,STRAIGHT AND LEVEL,DRY,UNKNOWN,NOT ON SCENE (DESK REPORT),NO INJURY / DRIVE AWAY,Y,Y,"$501 - $1,500",10/05/2021 05:05:00 PM,IMPROPER TURNING/NO SIGNAL,IMPROPER TURNING/NO SIGNAL,3148,W,JACKSON BLVD,1124.0,2,NO INDICATION OF INJURY,0.0,0.0,0.0,0.0,0.0,2.0,0.0,16,3,10,41.877437023,-87.705530706,POINT (-87.705530705537 41.877437022765),2021,1010
O1085394,DRIVER,2e3e9ce12eda1d81f898d2af5e7519d8201c68931e5e9caac3584ce05e026f9f994df45c1b58cbb83b3f91da74e0658e0929d3f2178cc8ceeafaf9a78bee773f,JE214220,1029400.0,04/29/2021 05:31:00 PM,CHICAGO,IL,60656,M,23.0,SAFETY BELT USED,DID NOT DEPLOY,NONE,NO INDICATION OF INJURY,NONE,NOT OBSCURED,NORMAL,TEST NOT OFFERED,2021,JE214220,04/29/2021 05:31:00 PM,30,TRAFFIC SIGNAL,FUNCTIONING PROPERLY,CLEAR,DAYLIGHT,TURNING,FOUR WAY,STRAIGHT AND LEVEL,WET,UNKNOWN,ON SCENE,NO INJURY / DRIVE AWAY,Y,Y,"OVER $1,500",04/29/2021 05:36:00 PM,FOLLOWING TOO CLOSELY,FAILING TO REDUCE SPEED TO AVOID CRASH,7600,S,VINCENNES AVE,623.0,2,NO INDICATION OF INJURY,0.0,0.0,0.0,0.0,0.0,4.0,0.0,17,5,4,41.756285700999996,-87.632406663,POINT (-87.632406662789 41.756285700818),2021,1051
O1056206,DRIVER,387b2de910a573cf7fdab0d4867aa06bd79da691b36aaeaf4c0e32171250f187a478f81605a3874da46c800f399f3c0ff2928851dd016c2ee8f426975a333d1b,JE164380,1001537.0,03/09/2021 11:36:00 PM,CHICAGO,IL,60619,M,22.0,USAGE UNKNOWN,DEPLOYMENT UNKNOWN,NONE,NO INDICATION OF INJURY,NONE,NOT OBSCURED,NORMAL,TEST NOT OFFERED,2021,JE164380,03/09/2021 11:36:00 PM,30,TRAFFIC SIGNAL,FUNCTIONING PROPERLY,CLEAR,"DARKNESS, LIGHTED ROAD",ANGLE,DIVIDED - W/MEDIAN BARRIER,STRAIGHT AND LEVEL,DRY,NO DEFECTS,ON SCENE,INJURY AND / OR TOW DUE TO CRASH,Y,Y,"OVER $1,500",03/09/2021 11:36:00 PM,DISREGARDING TRAFFIC SIGNALS,UNABLE TO DETERMINE,8900,S,STONY ISLAND AVE,413.0,2,NO INDICATION OF INJURY,0.0,0.0,0.0,0.0,0.0,2.0,0.0,23,3,3,41.733187965999996,-87.585712698,POINT (-87.585712697936 41.733187965898),2021,1416
O1024555,DRIVER,dfe341ade8e1cdaf4f33766e471c16d188cb0658938e6ba399c3b6a2a65e98adae94564363444aabf1428d6c9a24993dd9a11e2a2d7916c2d7597b9c655f72f4,JE112848,971044.0,01/14/2021 05:35:00 PM,CHCIAGO,IL,60618,M,30.0,USAGE UNKNOWN,DID NOT DEPLOY,NONE,NO INDICATION OF INJURY,NONE,NOT OBSCURED,NORMAL,TEST NOT OFFERED,2021,JE112848,01/14/2021 05:35:00 PM,30,TRAFFIC SIGNAL,FUNCTIONING PROPERLY,RAIN,"DARKNESS, LIGHTED ROAD",SIDESWIPE SAME DIRECTION,DIVIDED - W/MEDIAN (NOT RAISED),STRAIGHT AND LEVEL,WET,NO DEFECTS,ON SCENE,INJURY AND / OR TOW DUE TO CRASH,Y,Y,"OVER $1,500",01/14/2021 05:42:00 PM,UNABLE TO DETERMINE,"OPERATING VEHICLE IN ERRATIC, RECKLESS, CARELESS, NEGLIGENT OR AGGRESSIVE MANNER",3153,N,KIMBALL AVE,1412.0,7,"REPORTED, NOT EVIDENT",1.0,0.0,0.0,0.0,1.0,7.0,0.0,17,5,1,41.939024904,-87.71232813399999,POINT (-87.71232813413 41.939024903573),2021,1055
O1025345,DRIVER,b41ead32410a7ab8fe86610fdb93d0037429ccb1b5ff99aa4f02d89e01889be46b75d961c7970ae02d97b1ef0b0f688f9878df67ff8d8480b7c45f81c6c65fff,JE114253,971788.0,01/16/2021 06:40:00 AM,CHICAGO,IL,60652,M,26.0,USAGE UNKNOWN,"DEPLOYED, FRONT",NONE,NO INDICATION OF INJURY,UNKNOWN,UNKNOWN,NORMAL,TEST NOT OFFERED,2021,JE114253,01/16/2021 06:40:00 AM,30,NO CONTROLS,NO CONTROLS,SNOW,UNKNOWN,REAR END,DIVIDED - W/MEDIAN BARRIER,STRAIGHT AND LEVEL,SNOW OR SLUSH,NO DEFECTS,ON SCENE,NO INJURY / DRIVE AWAY,Y,Y,"OVER $1,500",01/16/2021 07:00:00 AM,WEATHER,UNABLE TO DETERMINE,6000,S,HALSTED ST,712.0,2,NO INDICATION OF INJURY,0.0,0.0,0.0,0.0,0.0,2.0,0.0,6,7,1,41.785119617,-87.64506419799999,POINT (-87.645064198476 41.785119617011),2021,400
O1050744,DRIVER,f93fb4047f56121106815dd0d6dafc2f578aa4c922808c1bb3084f1d6ab1738dd80f2f00829d4739228f39cdb89e93baddf44d64016dc2dedbf0cb2df0dd9bef,JE154185,996287.0,02/27/2021 03:10:00 PM,CHICAGO,IL,60617,F,60.0,SAFETY BELT USED,DID NOT DEPLOY,NONE,NO INDICATION OF INJURY,NONE,NOT OBSCURED,NORMAL,TEST NOT OFFERED,2021,JE154185,02/27/2021 03:10:00 PM,30,STOP SIGN/FLASHER,FUNCTIONING PROPERLY,CLEAR,DAYLIGHT,ANGLE,NOT DIVIDED,STRAIGHT AND LEVEL,DRY,NO DEFECTS,ON SCENE,NO INJURY / DRIVE AWAY,Y,Y,"OVER $1,500",02/27/2021 03:18:00 PM,DISREGARDING STOP SIGN,FAILING TO YIELD RIGHT-OF-WAY,1300,W,97TH PL,2213.0,2,NO INDICATION OF INJURY,0.0,0.0,0.0,0.0,0.0,2.0,0.0,15,7,2,41.717068504000004,-87.655382415,POINT (-87.655382414953 41.717068503503),2021,910
O1224202,DRIVER,50d3e3b0e4bb359a75faea6fc63a965154c83835448c24901023fdec4e916a0fffa77e087926a55020804976001e141d87c37fea475e7267faffbdc2b677cc8e,JE440516,1161700.0,11/10/2021 12:30:00 PM,CHICAGO,IL,60616,M,44.0,SAFETY BELT USED,DID NOT DEPLOY,NONE,NO INDICATION OF INJURY,NONE,NOT OBSCURED,NORMAL,TEST NOT OFFERED,2021,JE440516,11/10/2021 12:30:00 PM,30,TRAFFIC SIGNAL,FUNCTIONING PROPERLY,CLEAR,DAYLIGHT,ANGLE,FOUR WAY,STRAIGHT AND LEVEL,DRY,NO DEFECTS,ON SCENE,INJURY AND / OR TOW DUE TO CRASH,Y,Y,"OVER $1,500",11/10/2021 01:03:00 PM,DISREGARDING TRAFFIC SIGNALS,NOT APPLICABLE,400,S,WACKER DR,122.0,2,NO INDICATION OF INJURY,0.0,0.0,0.0,0.0,0.0,2.0,0.0,12,4,11,41.87676748,-87.636991043,POINT (-87.636991043165 41.876767479861),2021,750
O1066108,DRIVER,862224164f719197144e5b3a5c34b5e68aa76ae5558bf183708ab18cb8fc52232640c28ee6e1c093410933cf74a08c107be029cb38be450c3a100e45342cc0fa,JE181836,1011062.0,03/27/2021 11:05:00 PM,CHICAGO,IL,60628,M,58.0,SAFETY BELT NOT USED,DID NOT DEPLOY,NONE,NO INDICATION OF INJURY,NONE,UNKNOWN,UNKNOWN,TEST NOT OFFERED,2021,JE181836,03/27/2021 11:05:00 PM,30,TRAFFIC SIGNAL,FUNCTIONING PROPERLY,CLEAR,"DARKNESS, LIGHTED ROAD",ANGLE,FOUR WAY,STRAIGHT AND LEVEL,DRY,NO DEFECTS,ON SCENE,INJURY AND / OR TOW DUE TO CRASH,Y,Y,"OVER $1,500",03/27/2021 11:23:00 PM,DISREGARDING TRAFFIC SIGNALS,NOT APPLICABLE,6300,S,STATE ST,312.0,2,INCAPACITATING INJURY,2.0,0.0,2.0,0.0,0.0,3.0,0.0,23,7,3,41.780008277,-87.625522512,POINT (-87.625522511916 41.780008277408),2021,1385
O1225282,DRIVER,11045be5acb1fcb1df9a73d53b43d720cfa452653b744a1c877552ceff7736013de797d4c250206eda2d56c3da228380e8c3c59670e6b4a16c8ea40dcc44ec6e,JE442425,1162755.0,11/12/2021 07:55:00 AM,CHICAGO,IL,60643,M,48.0,SAFETY BELT USED,DID NOT DEPLOY,NONE,NO INDICATION OF INJURY,UNKNOWN,NOT OBSCURED,NORMAL,TEST NOT OFFERED,2021,JE442425,11/12/2021 07:55:00 AM,30,NO CONTROLS,NO CONTROLS,CLEAR,DAYLIGHT,REAR END,NOT DIVIDED,STRAIGHT AND LEVEL,UNKNOWN,UNKNOWN,NOT ON SCENE (DESK REPORT),NO INJURY / DRIVE AWAY,Y,Y,$500 OR LESS,11/12/2021 08:50:00 AM,IMPROPER BACKING,NOT APPLICABLE,7776,S,SOUTH SHORE DR,421.0,2,NO INDICATION OF INJURY,0.0,0.0,0.0,0.0,0.0,2.0,0.0,7,6,11,41.755294856999996,-87.551787596,POINT (-87.551787595534 41.755294856537),2021,475
O1195156,DRIVER,98073c43a652e2c4f90d7644a59809b98457cc17b4f19c7b04dbdf8e4520a0446b72afc77070978191630e030f4c66efe0242895526d799333ad2404f9803360,JE392777,1133975.0,09/26/2021 01:20:00 PM,JOLIET,IL,60431,M,60.0,SAFETY BELT USED,DID NOT DEPLOY,NONE,NO INDICATION OF INJURY,NONE,NOT OBSCURED,NORMAL,TEST NOT OFFERED,2021,JE392777,09/26/2021 01:20:00 PM,30,TRAFFIC SIGNAL,FUNCTIONING PROPERLY,CLEAR,DAYLIGHT,SIDESWIPE SAME DIRECTION,NOT DIVIDED,STRAIGHT AND LEVEL,DRY,NO DEFECTS,NOT ON SCENE (DESK REPORT),NO INJURY / DRIVE AWAY,Y,Y,"OVER $1,500",09/30/2021 12:33:00 PM,IMPROPER OVERTAKING/PASSING,NOT APPLICABLE,525,N,STATE ST,1834.0,2,NO INDICATION OF INJURY,0.0,0.0,0.0,0.0,0.0,2.0,0.0,13,1,9,41.891632734,-87.627922044,POINT (-87.627922043996 41.891632733609),2021,800
O1020964,DRIVER,7394c8dec02e8e7cbc4e0bb152c15ccb3ec077052de56276a6d2dddd975aa92b912c634218e64ec3b67419bd58e8e07bfefab946cf4761163f274189c34ec2a5,JE105873,967695.0,01/06/2021 11:30:00 PM,FLOSSMOOR,IL,60422,F,20.0,SAFETY BELT USED,DID NOT DEPLOY,NONE,"REPORTED, NOT EVIDENT",NONE,NOT OBSCURED,NORMAL,TEST NOT OFFERED,2021,JE105873,01/06/2021 11:30:00 PM,30,TRAFFIC SIGNAL,FUNCTIONING PROPERLY,CLEAR,"DARKNESS, LIGHTED ROAD",ANGLE,FOUR WAY,STRAIGHT AND LEVEL,DRY,NO DEFECTS,NOT ON SCENE (DESK REPORT),INJURY AND / OR TOW DUE TO CRASH,Y,Y,"$501 - $1,500",01/07/2021 12:00:00 PM,DISREGARDING TRAFFIC SIGNALS,UNABLE TO DETERMINE,100,E,ILLINOIS ST,1834.0,2,"REPORTED, NOT EVIDENT",1.0,0.0,0.0,0.0,1.0,1.0,0.0,23,4,1,41.891024513000005,-87.625290151,POINT (-87.625290150715 41.891024513358),2021,1410
O1050889,DRIVER,f2f4968d38f81765ba6e6ff8a063eb2d6ee443f68e3e5fa7e958463ad629cab0178d22983d702cca18e9763382237a99836734555db9045498fde1b7da2cd06a,JE154344,996424.0,02/27/2021 05:05:00 PM,BELLWOOD,IL,60104,M,43.0,SAFETY BELT USED,DID NOT DEPLOY,NONE,NO INDICATION OF INJURY,NONE,NOT OBSCURED,NORMAL,TEST NOT OFFERED,2021,JE154344,02/27/2021 05:05:00 PM,30,STOP SIGN/FLASHER,FUNCTIONING PROPERLY,CLEAR,DAYLIGHT,REAR END,FOUR WAY,STRAIGHT AND LEVEL,DRY,NO DEFECTS,ON SCENE,INJURY AND / OR TOW DUE TO CRASH,Y,Y,"OVER $1,500",02/27/2021 05:31:00 PM,FAILING TO REDUCE SPEED TO AVOID CRASH,UNABLE TO DETERMINE,601,W,111TH ST,2233.0,3,NO INDICATION OF INJURY,0.0,0.0,0.0,0.0,0.0,3.0,0.0,17,7,2,41.692305009,-87.63759320700001,POINT (-87.637593206544 41.692305009128),2021,1025
O1060842,DRIVER,a5dcbad7ebb180c9deb1a6eaf97e94c67a5a9132f98e85dd4a4b9d6ebcb7b8629e704b60aa18fdaa4684c13a5296400ead697fb3abac9b995305c295a29dd10f,JE173119,1006021.0,03/19/2021 08:50:00 AM,CHICAGO,IL,60608,F,49.0,SAFETY BELT USED,NOT APPLICABLE,NONE,NO INDICATION OF INJURY,UNKNOWN,UNKNOWN,NORMAL,TEST NOT OFFERED,2021,JE173119,03/19/2021 08:50:00 AM,30,NO CONTROLS,NO CONTROLS,CLEAR,DAYLIGHT,SIDESWIPE SAME DIRECTION,NOT DIVIDED,STRAIGHT AND LEVEL,DRY,NO DEFECTS,NOT ON SCENE (DESK REPORT),NO INJURY / DRIVE AWAY,Y,N,"$501 - $1,500",03/19/2021 08:55:00 AM,DRIVING SKILLS/KNOWLEDGE/EXPERIENCE,UNABLE TO DETERMINE,2313,S,WENTWORTH AVE,914.0,2,NO INDICATION OF INJURY,0.0,0.0,0.0,0.0,0.0,2.0,0.0,8,6,3,41.850587053000005,-87.63181837,POINT (-87.631818369823 41.850587053176),2021,530