PERSON_ID,PERSON_TYPE,CRASH_RECORD_ID,RD_NO_x,VEHICLE_ID,CRASH_DATE_x,CITY,STATE,ZIPCODE,SEX,AGE,SAFETY_EQUIPMENT,AIRBAG_DEPLOYED,EJECTION,INJURY_CLASSIFICATION,DRIVER_ACTION,DRIVER_VISION,PHYSICAL_CONDITION,BAC_RESULT,CRASH_YEAR_x,RD_NO_y,CRASH_DATE_y,POSTED_SPEED_LIMIT,TRAFFIC_CONTROL_DEVICE,DEVICE_CONDITION,WEATHER_CONDITION,LIGHTING_CONDITION,FIRST_CRASH_TYPE,TRAFFICWAY_TYPE,ALIGNMENT,ROADWAY_SURFACE_COND,ROAD_DEFECT,REPORT_TYPE,CRASH_TYPE,INTERSECTION_RELATED_I,HIT_AND_RUN_I,DAMAGE,DATE_POLICE_NOTIFIED,PRIM_CONTRIBUTORY_CAUSE,SEC_CONTRIBUTORY_CAUSE,STREET_NO,STREET_DIRECTION,STREET_NAME,BEAT_OF_OCCURRENCE,NUM_UNITS,MOST_SEVERE_INJURY,INJURIES_TOTAL,INJURIES_FATAL,INJURIES_INCAPACITATING,INJURIES_NON_INCAPACITATING,INJURIES_REPORTED_NOT_EVIDENT,INJURIES_NO_INDICATION,INJURIES_UNKNOWN,CRASH_HOUR,CRASH_DAY_OF_WEEK,CRASH_MONTH,LATITUDE,LONGITUDE,LOCATION,CRASH_YEAR_y,TIME
O1054163,DRIVER,ea7eed22b235f7300293e366e86351eae987722ba010880111f8bc7346d0beee0cd31210501aae2c4423e307952de3e82db6f633cb0a84e6b0f7ba3367ccc7ae,JE160417,999553.0,03/05/2021 09:55:00 PM,CHICAGO,IL,60652,F,41.0,SAFETY BELT USED,NOT APPLICABLE,NONE,INCAPACITATING INJURY,NONE,NOT OBSCURED,NORMAL,TEST NOT OFFERED,2021,JE160417,03/05/2021 09:55:00 PM,30,TRAFFIC SIGNAL,FUNCTIONING PROPERLY,CLEAR,"DARKNESS, LIGHTED ROAD",TURNING,NOT DIVIDED,STRAIGHT AND LEVEL,DRY,NO DEFECTS,ON SCENE,INJURY AND / OR TOW DUE TO CRASH,Y,Y,"OVER $1,500",03/05/2021 09:57:00 PM,"OPERATING VEHICLE IN ERRATIC, RECKLESS, CARELESS, NEGLIGENT OR AGGRESSIVE MANNER",UNABLE TO DETERMINE,7859,S,WESTERN AVE,835.0,2,INCAPACITATING INJURY,2.0,0.0,1.0,0.0,1.0,1.0,0.0,21,6,3,41.750197156,-87.682703645,POINT (-87.682703645326 41.750197156207),2021,1315
O1101692,DRIVER,f5a36cd03e08c52f3bc54dcd6bdedcefcf4df919500ea5e4bc393a1c82021fd7fac98ee0ada65bf02c78fdb313cf9b95772dd5f07cc56ee04d87ad4207cefcf2,JE240611,1045020.0,05/23/2021 06:15:00 PM,GARY,IN,46407,M,34.0,USAGE UNKNOWN,NOT APPLICABLE,NONE,NONINCAPACITATING INJURY,UNKNOWN,UNKNOWN,UNKNOWN,TEST NOT OFFERED,2021,JE240611,05/23/2021 06:15:00 PM,30,NO CONTROLS,NO CONTROLS,CLEAR,"DARKNESS, LIGHTED ROAD",ANGLE,NOT DIVIDED,STRAIGHT AND LEVEL,DRY,NO DEFECTS,NOT ON SCENE (DESK REPORT),INJURY AND / OR TOW DUE TO CRASH,Y,Y,"OVER $1,500",05/24/2021 03:08:00 AM,FAILING TO REDUCE SPEED TO AVOID CRASH,FAILING TO REDUCE SPEED TO AVOID CRASH,1100,S,INDEPENDENCE BLVD,1133.0,2,NONINCAPACITATING INJURY,1.0,0.0,0.0,1.0,0.0,1.0,0.0,18,1,5,41.868001985,-87.72032507600001,POINT (-87.720325076072 41.868001985061),2021,1095
O1209133,DRIVER,0b90d7d8c0d98c78f39f6a09263290fe866c54ccf9942306b1648c4b00168032fe232c4aac126fb3ed7ad552d50f47aa80506c7581bc5b31cc4ce1a5ad8728b2,JE416068,1147245.0,10/20/2021 09:20:00 AM,CHICAGO,IL,60624,M,31.0,SAFETY BELT USED,NOT APPLICABLE,NONE,NONINCAPACITATING INJURY,NONE,NOT OBSCURED,NORMAL,TEST NOT OFFERED,2021,JE416068,10/20/2021 09:20:00 AM,30,TRAFFIC SIGNAL,FUNCTIONING PROPERLY,CLEAR,DAYLIGHT,ANGLE,FOUR WAY,STRAIGHT AND LEVEL,DRY,NO DEFECTS,ON SCENE,INJURY AND / OR TOW DUE TO CRASH,Y,Y,"$501 - $1,500",10/20/2021 09:46:00 AM,DISREGARDING TRAFFIC SIGNALS,DRIVING SKILLS/KNOWLEDGE/EXPERIENCE,3400,W,FRANKLIN BLVD,1121.0,2,NONINCAPACITATING INJURY,1.0,0.0,0.0,1.0,0.0,1.0,0.0,9,4,10,41.890125574,-87.711396221,POINT (-87.711396221469 41.890125574252),2021,560
O1248336,DRIVER,2f8eebf2c7e1345bfa5151f78b0f70ef39d63a24c9e338b1c1ef0f343e408bb92b6e7683ed3aab23ad2e7c5c34b458fd9a263111ffc2af206ae51bfbf0492245,JE481341,1184851.0,12/18/2021 02:23:00 AM,CHICAGO,IL,60623,M,21.0,SAFETY BELT USED,NOT APPLICABLE,NONE,NONINCAPACITATING INJURY,UNKNOWN,UNKNOWN,NORMAL,TEST NOT OFFERED,2021,JE481341,12/18/2021 02:23:00 AM,30,TRAFFIC SIGNAL,FUNCTIONING PROPERLY,FREEZING RAIN/DRIZZLE,"DARKNESS, LIGHTED ROAD",REAR END,FOUR WAY,STRAIGHT AND LEVEL,WET,NO DEFECTS,ON SCENE,INJURY AND / OR TOW DUE TO CRASH,Y,Y,"OVER $1,500",12/18/2021 02:23:00 AM,UNABLE TO DETERMINE,UNABLE TO DETERMINE,3799,W,WASHINGTON BLVD,1122.0,2,INCAPACITATING INJURY,2.0,0.0,1.0,1.0,0.0,1.0,0.0,2,7,12,41.881786643000005,-87.720703109,POINT (-87.72070310898 41.881786642856),2021,143
O1124201,DRIVER,0665875a7114f59d92ef93a00a8ae19fbdbf21aebc6044f51de1fdee1b3b2045dc0a613b30d00b81b5b23daf7ba78da4024f37ec5bfbff6da5bf640c479c117c,JE275898,1066345.0,06/13/2021 05:00:00 PM,LOUISVILLE,KY,40208,F,48.0,SAFETY BELT USED,DID NOT DEPLOY,NONE,NO INDICATION OF INJURY,NONE,NOT OBSCURED,NORMAL,TEST NOT OFFERED,2021,JE275898,06/13/2021 05:00:00 PM,30,TRAFFIC SIGNAL,FUNCTIONING PROPERLY,UNKNOWN,DAYLIGHT,TURNING,NOT DIVIDED,STRAIGHT AND LEVEL,UNKNOWN,NO DEFECTS,NOT ON SCENE (DESK REPORT),NO INJURY / DRIVE AWAY,Y,Y,"OVER $1,500",06/22/2021 05:30:00 PM,"OPERATING VEHICLE IN ERRATIC, RECKLESS, CARELESS, NEGLIGENT OR AGGRESSIVE MANNER",UNABLE TO DETERMINE,800,W,71ST ST,733.0,2,NO INDICATION OF INJURY,0.0,0.0,0.0,0.0,0.0,2.0,0.0,17,1,6,41.765311361,-87.64447747700001,POINT (-87.644477477454 41.765311360618),2021,1020
O1228664,DRIVER,743f2829d394778d08204d99f0d09a84d4002e094dae4e339335485040d998feb6e2ae04fd085f70de286f1779493c499901fb63b00c7c12dde37a264c04a621,JE447874,1165973.0,11/17/2021 07:00:00 AM,CHICAGO,IL,60617,M,37.0,SAFETY BELT USED,NOT APPLICABLE,NONE,NO INDICATION OF INJURY,NONE,NOT OBSCURED,NORMAL,TEST NOT OFFERED,2021,JE447874,11/17/2021 07:00:00 AM,45,TRAFFIC SIGNAL,FUNCTIONING PROPERLY,CLEAR,DAYLIGHT,REAR END,DIVIDED - W/MEDIAN BARRIER,STRAIGHT AND LEVEL,DRY,NO DEFECTS,NOT ON SCENE (DESK REPORT),NO INJURY / DRIVE AWAY,Y,N,"OVER $1,500",11/17/2021 08:45:00 AM,UNABLE TO DETERMINE,UNABLE TO DETERMINE,6232,S,LAKE SHORE DR,331.0,2,NO INDICATION OF INJURY,0.0,0.0,0.0,0.0,0.0,2.0,0.0,7,4,11,41.781320312,-87.575079365,POINT (-87.575079365418 41.781320311894),2021,420
O1085656,DRIVER,eaae407ad5145a9e03d434098978c75b67eb6ef5389c2e096d4eec07548a0af81557aed8168a1e76dea34c4ad324433537426c18f98c37f088c4f7f444f98fda,JE214687,1029638.0,04/21/2021 09:20:00 PM,CHICAGO,IL,60651,M,30.0,SAFETY BELT USED,DID NOT DEPLOY,NONE,NO INDICATION OF INJURY,OTHER,NOT OBSCURED,NORMAL,TEST NOT OFFERED,2021,JE214687,04/21/2021 09:20:00 PM,30,TRAFFIC SIGNAL,FUNCTIONING PROPERLY,CLEAR,"DARKNESS, LIGHTED ROAD",TURNING,NOT DIVIDED,STRAIGHT AND LEVEL,DRY,NO DEFECTS,NOT ON SCENE (DESK REPORT),NO INJURY / DRIVE AWAY,Y,Y,"OVER $1,500",04/30/2021 09:00:00 AM,FOLLOWING TOO CLOSELY,UNABLE TO DETERMINE,930,N,KEDZIE AVE,1121.0,2,NO INDICATION OF INJURY,0.0,0.0,0.0,0.0,0.0,3.0,0.0,21,4,4,41.898280669,-87.706792445,POINT (-87.706792444974 41.898280668563),2021,1280
O1252268,DRIVER,3c3b6498e0bd94ca8c186a39b4f36ba6f5b13a398c6b1b99647c41c239b4964a8b31ee48974abbcd7da11b1a0f21e946531fe9b062f18ea84dbdddfe4f8cba95,JE488109,1188657.0,12/24/2021 07:34:00 PM,EVERGREEN PARK,IL,60805,M,21.0,USAGE UNKNOWN,"DEPLOYED, FRONT",NONE,NO INDICATION OF INJURY,NONE,UNKNOWN,NORMAL,TEST NOT OFFERED,2021,JE488109,12/24/2021 07:34:00 PM,30,TRAFFIC SIGNAL,FUNCTIONING PROPERLY,CLEAR,"DARKNESS, LIGHTED ROAD",REAR END,FOUR WAY,STRAIGHT AND LEVEL,DRY,NO DEFECTS,ON SCENE,INJURY AND / OR TOW DUE TO CRASH,Y,Y,"OVER $1,500",12/24/2021 07:35:00 PM,IMPROPER OVERTAKING/PASSING,IMPROPER LANE USAGE,600,E,87TH ST,632.0,6,NO INDICATION OF INJURY,0.0,0.0,0.0,0.0,0.0,3.0,0.0,19,6,12,41.736690945,-87.609619094,POINT (-87.609619093839 41.736690945288),2021,1174
O1034740,DRIVER,ffc4e2ba85dfa3802a019a89b5f6cab557ec2ce56ff6937c0c6c0efdc3146379ce2213ec77badc8188f6bcbc49f5d7152fc0a7956f303e831e32b9a4bb89952d,JE130818,980782.0,02/02/2021 11:08:00 PM,CHICAGO,IL,60623,M,23.0,USAGE UNKNOWN,NOT APPLICABLE,NONE,NO INDICATION OF INJURY,OTHER,NOT OBSCURED,NORMAL,TEST NOT OFFERED,2021,JE130818,02/02/2021 11:08:00 PM,30,TRAFFIC SIGNAL,FUNCTIONING PROPERLY,CLEAR,"DARKNESS, LIGHTED ROAD",TURNING,NOT DIVIDED,STRAIGHT AND LEVEL,DRY,NO DEFECTS,ON SCENE,INJURY AND / OR TOW DUE TO CRASH,Y,Y,"OVER $1,500",02/02/2021 11:09:00 PM,IMPROPER TURNING/NO SIGNAL,UNABLE TO DETERMINE,3928,W,OGDEN AVE,1014.0,2,NO INDICATION OF INJURY,0.0,0.0,0.0,0.0,0.0,2.0,0.0,23,3,2,41.851686339000004,-87.723509186,POINT (-87.72350918638 41.851686339272),2021,1388
O1109239,DRIVER,569b0f96528edfcc98e95bcb70d8a1753d25fb69629c69ce65afe32ecdb0587475b15949487d764a9d96a123ccc00a3c5e5959cdfebc220d5ae26fe787205936,JE252604,1052242.0,06/03/2021 04:30:00 PM,CHICAGO,IL,60707,M,65.0,SAFETY BELT USED,DID NOT DEPLOY,NONE,NO INDICATION OF INJURY,NONE,NOT OBSCURED,NORMAL,TEST NOT OFFERED,2021,JE252604,06/03/2021 04:30:00 PM,20,STOP SIGN/FLASHER,FUNCTIONING PROPERLY,CLEAR,DAYLIGHT,REAR END,FOUR WAY,STRAIGHT AND LEVEL,DRY,NO DEFECTS,ON SCENE,NO INJURY / DRIVE AWAY,Y,Y,$500 OR LESS,06/03/2021 05:30:00 PM,FAILING TO REDUCE SPEED TO AVOID CRASH,UNABLE TO DETERMINE,2600,N,NEVA AVE,2512.0,2,NO INDICATION OF INJURY,0.0,0.0,0.0,0.0,0.0,2.0,0.0,16,5,6,41.92723014,-87.80529427799999,POINT (-87.80529427791 41.927230140067),2021,990
O1030825,DRIVER,d90d603b0ccb6376449b99ac4f9b88bc5b18f1733eff22c7edd831f9b45efaf29e6a0ad79394ac1a6a918a31ced6edcb94ca395051a0044f2f2ac0e94b8d0369,JE124154,977026.0,01/26/2021 08:38:00 PM,CHICAGO,IL,60643,F,55.0,SAFETY BELT USED,NOT APPLICABLE,NONE,NO INDICATION OF INJURY,NONE,NOT OBSCURED,NORMAL,TEST NOT OFFERED,2021,JE124154,01/26/2021 08:38:00 PM,30,TRAFFIC SIGNAL,FUNCTIONING PROPERLY,SNOW,"DARKNESS, LIGHTED ROAD",REAR END,FOUR WAY,STRAIGHT AND LEVEL,SNOW OR SLUSH,NO DEFECTS,ON SCENE,NO INJURY / DRIVE AWAY,Y,Y,"OVER $1,500",01/26/2021 08:40:00 PM,FAILING TO REDUCE SPEED TO AVOID CRASH,NOT APPLICABLE,5058,S,COTTAGE GROVE AVE,223.0,2,NO INDICATION OF INJURY,0.0,0.0,0.0,0.0,0.0,3.0,0.0,20,3,1,41.802294071,-87.60655538799999,POINT (-87.606555387798 41.802294070806),2021,1238
O1180996,DRIVER,1680a0486ed253da6641bf011aab70c076a993a257f3b7429181716bb8c07704942df629db2610d41762a60344be6a2bfadd712268594ef1b8ac6e602ea3e861,JE368935,1120445.0,09/10/2021 08:35:00 PM,NAPERVILLE,IL,60565,M,34.0,SAFETY BELT USED,NOT APPLICABLE,NONE,NO INDICATION OF INJURY,NONE,NOT OBSCURED,NORMAL,TEST NOT OFFERED,2021,JE368935,09/10/2021 08:35:00 PM,35,TRAFFIC SIGNAL,FUNCTIONING PROPERLY,CLEAR,"DARKNESS, LIGHTED ROAD",SIDESWIPE SAME DIRECTION,T-INTERSECTION,STRAIGHT AND LEVEL,DRY,NO DEFECTS,ON SCENE,NO INJURY / DRIVE AWAY,Y,Y,"OVER $1,500",09/10/2021 08:42:00 PM,NOT APPLICABLE,UNABLE TO DETERMINE,3357,N,LAKE SHORE DR,1925.0,2,NO INDICATION OF INJURY,0.0,0.0,0.0,0.0,0.0,2.0,0.0,20,6,9,41.943356400999996,-87.64034485799999,POINT (-87.640344857841 41.943356401021),2021,1235
O1022550,DRIVER,27eba7eb0bd39a4cdf5d061314d1ba7120d8d3fb5a351cbf0f47553d0298742ab93870814d6eeeb251eaf09c8dfec44003c645e4f9996e7eff16e2c45cdd1598,JE108973,969190.0,01/10/2021 03:30:00 PM,CHICAGO,IL,60620,M,72.0,SAFETY BELT USED,DID NOT DEPLOY,NONE,NO INDICATION OF INJURY,NONE,NOT OBSCURED,NORMAL,TEST NOT OFFERED,2021,JE108973,01/10/2021 03:30:00 PM,30,NO CONTROLS,NO CONTROLS,CLEAR,DAYLIGHT,REAR END,NOT DIVIDED,STRAIGHT AND LEVEL,DRY,NO DEFECTS,NOT ON SCENE (DESK REPORT),NO INJURY / DRIVE AWAY,Y,Y,"$501 - $1,500",01/10/2021 04:00:00 PM,FOLLOWING TOO CLOSELY,UNABLE TO DETERMINE,2136,W,95TH ST,2221.0,2,NO INDICATION OF INJURY,0.0,0.0,0.0,0.0,0.0,2.0,0.0,15,1,1,41.721134838000005,-87.67630484799999,POINT (-87.676304847879 41.721134838482),2021,930
O1136009,DRIVER,69db9540d7fb7ebf9881b3b7738286672c4d485d0c2407e2354be02aca54d4e8f3602d9abc45483dcadf20ee445dc68ae446f43905a4e30f986e19dcd445d16b,JE295189,1077548.0,07/08/2021 10:45:00 PM,CHICAGO,IL,60624,M,19.0,SAFETY BELT USED,DID NOT DEPLOY,NONE,NO INDICATION OF INJURY,NONE,UNKNOWN,UNKNOWN,TEST NOT OFFERED,2021,JE295189,07/08/2021 10:45:00 PM,30,TRAFFIC SIGNAL,FUNCTIONING PROPERLY,CLEAR,"DARKNESS, LIGHTED ROAD",TURNING,DIVIDED - W/MEDIAN (NOT RAISED),STRAIGHT AND LEVEL,DRY,NO DEFECTS,NOT ON SCENE (DESK REPORT),NO INJURY / DRIVE AWAY,Y,Y,"$501 - $1,500",07/08/2021 11:07:00 PM,UNABLE TO DETERMINE,NOT APPLICABLE,414,S,KOSTNER AVE,1131.0,2,NO INDICATION OF INJURY,0.0,0.0,0.0,0.0,0.0,2.0,0.0,22,5,7,41.874614605,-87.735407855,POINT (-87.735407854998 41.874614605274),2021,1365
O1021562,DRIVER,f15d4e639cd3855f987d04965b36f29d692b254d2ce0711235425602cb13b185840af34f4012500dee936069525f68a1b2bcdd5f7ddb92be46fe5de2a35bcc3e,JE107128,968264.0,01/08/2021 03:30:00 PM,CHICAGO,IL,60618,F,51.0,SAFETY BELT USED,DID NOT DEPLOY,NONE,NO INDICATION OF INJURY,NONE,NOT OBSCURED,NORMAL,TEST NOT OFFERED,2021,JE107128,01/08/2021 03:30:00 PM,30,STOP SIGN/FLASHER,FUNCTIONING PROPERLY,RAIN,DAYLIGHT,ANGLE,NOT DIVIDED,STRAIGHT AND LEVEL,WET,NO DEFECTS,NOT ON SCENE (DESK REPORT),NO INJURY / DRIVE AWAY,Y,Y,"OVER $1,500",01/08/2021 04:00:00 PM,FAILING TO YIELD RIGHT-OF-WAY,NOT APPLICABLE,4300,W,AUGUSTA BLVD,1111.0,2,NO INDICATION OF INJURY,0.0,0.0,0.0,0.0,0.0,2.0,0.0,15,6,1,41.899002813,-87.733705536,POINT (-87.733705536336 41.899002813474),2021,930
O1249024,DRIVER,614cea0411657349f8b2ba9022fe02d9bbbe8d23f19574494af0b6fe9688120244c743585d793c20a8445f86b5b5ce2ab36c67b5c0a2a8dc99d889eb9e59a687,JE482412,1185534.0,12/19/2021 05:33:00 AM,CHICAGO,IL,60629,M,21.0,SAFETY BELT USED,NOT APPLICABLE,NONE,NO INDICATION OF INJURY,NONE,NOT OBSCURED,NORMAL,TEST NOT OFFERED,2021,JE482412,12/19/2021 05:33:00 AM,30,NO CONTROLS,NO CONTROLS,CLEAR,"DARKNESS, LIGHTED ROAD",ANGLE,DIVIDED - W/MEDIAN (NOT RAISED),STRAIGHT AND LEVEL,DRY,NO DEFECTS,NOT ON SCENE (DESK REPORT),NO INJURY / DRIVE AWAY,Y,Y,"OVER $1,500",12/19/2021 06:00:00 AM,FAILING TO REDUCE SPEED TO AVOID CRASH,NOT APPLICABLE,3751,W,63RD ST,823.0,2,NO INDICATION OF INJURY,0.0,0.0,0.0,0.0,0.0,2.0,0.0,5,1,12,41.778631255,-87.717424376,POINT (-87.71742437605 41.778631254548),2021,333
O1228997,DRIVER,4d49a228d816e208f20fd7427d3244ed71f6709c9b68d06777f24092b0f1f5355fefe4c516d2502ee330267b77efa106da2ab24db75713e313d8a9924e43db9d,JE448450,1166291.0,11/17/2021 03:30:00 PM,CHICAGO,IL,60624,M,61.0,USAGE UNKNOWN,DID NOT DEPLOY,NONE,"REPORTED, NOT EVIDENT",NONE,UNKNOWN,NORMAL,TEST NOT OFFERED,2021,JE448450,11/17/2021 03:30:00 PM,30,TRAFFIC SIGNAL,FUNCTIONING PROPERLY,RAIN,DAYLIGHT,ANGLE,FOUR WAY,STRAIGHT AND LEVEL,WET,NO DEFECTS,ON SCENE,INJURY AND / OR TOW DUE TO CRASH,Y,Y,"OVER $1,500",11/17/2021 05:15:00 PM,FAILING TO YIELD RIGHT-OF-WAY,NOT APPLICABLE,4259,W,MADISON ST,1115.0,2,"REPORTED, NOT EVIDENT",1.0,0.0,0.0,0.0,1.0,1.0,0.0,15,4,11,41.88053060000001,-87.73290104799999,POINT (-87.732901048254 41.880530600468),2021,930
O1112286,DRIVER,79ba97c5494610d3cad07d2edef7efec1e04d6bcf81c0325e85b0e7bd85a7567c44fe61c1e84df1105811cf996fe6d381638b4a1e580e785b308d05e2ddc7ab4,JE257177,1055151.0,06/07/2021 02:26:00 PM,OSWEGO,IL,60543,F,40.0,SAFETY BELT USED,DID NOT DEPLOY,NONE,NO INDICATION OF INJURY,NONE,NOT OBSCURED,NORMAL,TEST NOT OFFERED,2021,JE257177,06/07/2021 02:26:00 PM,30,TRAFFIC SIGNAL,FUNCTIONING PROPERLY,CLEAR,DAYLIGHT,SIDESWIPE SAME DIRECTION,DIVIDED - W/MEDIAN BARRIER,STRAIGHT AND LEVEL,DRY,NO DEFECTS,ON SCENE,NO INJURY / DRIVE AWAY,Y,Y,"OVER $1,500",06/07/2021 02:55:00 PM,UNABLE TO DETERMINE,NOT APPLICABLE,102,E,GARFIELD BLVD,231.0,3,NO INDICATION OF INJURY,0.0,0.0,0.0,0.0,0.0,3.0,0.0,14,2,6,41.794808064,-87.62230411600001,POINT (-87.622304116433 41.794808064218),2021,866
O1061420,DRIVER,1a4e19cdb72c7fff15f2adf93755f10bbacc5b5c60b612b6d1a15c278fb8d88e75c5b07bc236edd06b05906da2115144f67789912388fafd57c4cf253f9b8ba8,JE713898,1006547.0,03/19/2021 11:00:00 PM,CHICAGO,IL,60629,F,22.0,SAFETY BELT USED,DID NOT DEPLOY,NONE,NO INDICATION OF INJURY,NONE,UNKNOWN,NORMAL,TEST NOT OFFERED,2021,JE713898,03/19/2021 11:00:00 PM,30,TRAFFIC SIGNAL,UNKNOWN,CLEAR,"DARKNESS, LIGHTED ROAD",REAR END,NOT DIVIDED,STRAIGHT AND LEVEL,DRY,UNKNOWN,NOT ON SCENE (DESK REPORT),NO INJURY / DRIVE AWAY,Y,Y,"OVER $1,500",03/19/2021 11:30:00 PM,UNABLE TO DETERMINE,UNABLE TO DETERMINE,358,S,PULASKI RD,1132.0,2,NO INDICATION OF INJURY,0.0,0.0,0.0,0.0,0.0,2.0,0.0,23,6,3,41.875312021,-87.725632816,POINT (-87.725632816478 41.875312020858),2021,1380
O1135814,DRIVER,1353827ac0345791c0258558548d99b4df8892fc23e95bdb172136d22b28b0fcf5ac8fa319828b29e373ec64796fc5cb61cf0e22c7b21f6525f3e62a42618da0,JE294846,1077368.0,07/08/2021 04:43:00 PM,CHICAGO,IL,60640,F,59.0,SAFETY BELT USED,DID NOT DEPLOY,NONE,NO INDICATION OF INJURY,NONE,NOT OBSCURED,NORMAL,TEST NOT OFFERED,2021,JE294846,07/08/2021 04:43:00 PM,30,TRAFFIC SIGNAL,FUNCTIONING PROPERLY,CLEAR,DAYLIGHT,ANGLE,NOT DIVIDED,STRAIGHT AND LEVEL,DRY,NO DEFECTS,ON SCENE,NO INJURY / DRIVE AWAY,Y,Y,"OVER $1,500",07/08/2021 04:47:00 PM,DISREGARDING TRAFFIC SIGNALS,NOT APPLICABLE,800,W,59TH ST,712.0,2,NO INDICATION OF INJURY,0.0,0.0,0.0,0.0,0.0,3.0,0.0,16,5,7,41.787134075,-87.645032001,POINT (-87.645032000935 41.787134075078),2021,1003
O1080964,DRIVER,1998930125d4e82f00814c8a24eab9a683d45c9ebe0717e1f67dd5633861f761b7a325b338128e5a108673bd9df7f341cc128850d41cef626c2a3771cd8333bf,JE206915,1025190.0,04/20/2021 05:10:00 PM,CHICAGO,IL,60651,F,26.0,USAGE UNKNOWN,DID NOT DEPLOY,NONE,NO INDICATION OF INJURY,NONE,NOT OBSCURED,NORMAL,TEST NOT OFFERED,2021,JE206915,04/20/2021 05:10:00 PM,30,TRAFFIC SIGNAL,FUNCTIONING PROPERLY,CLEAR,DAYLIGHT,TURNING,NOT DIVIDED,STRAIGHT AND LEVEL,DRY,NO DEFECTS,NOT ON SCENE (DESK REPORT),NO INJURY / DRIVE AWAY,Y,Y,"OVER $1,500",04/22/2021 04:55:00 PM,IMPROPER LANE USAGE,IMPROPER TURNING/NO SIGNAL,1206,N,CENTRAL PARK AVE,2535.0,2,NO INDICATION OF INJURY,0.0,0.0,0.0,0.0,0.0,2.0,0.0,17,3,4,41.90301032,-87.716716656,POINT (-87.71671665589 41.903010319896),2021,1030
O1182616,DRIVER,a48868008e0c5266e6fc31c3331d1a0df74477b8060a1fc965295bb541a39e34b23a080ae24c7c1e0a664a7de56c8fff3f5b6f5da7c6e1840dac68d6e21b272f,JE371743,1121970.0,08/28/2021 04:00:00 PM,OAK PARK,IL,60304,F,70.0,SAFETY BELT USED,DEPLOYMENT UNKNOWN,NONE,INCAPACITATING INJURY,FAILED TO YIELD,UNKNOWN,NORMAL,TEST NOT OFFERED,2021,JE371743,08/28/2021 04:00:00 PM,30,NO CONTROLS,NO CONTROLS,CLEAR,DAYLIGHT,ANGLE,NOT DIVIDED,STRAIGHT AND LEVEL,DRY,NO DEFECTS,NOT ON SCENE (DESK REPORT),INJURY AND / OR TOW DUE TO CRASH,Y,Y,"OVER $1,500",09/13/2021 11:00:00 AM,FAILING TO YIELD RIGHT-OF-WAY,FAILING TO REDUCE SPEED TO AVOID CRASH,3895,W,DIVISION ST,1112.0,2,INCAPACITATING INJURY,1.0,0.0,1.0,0.0,0.0,1.0,0.0,16,7,8,41.902582249,-87.723802175,POINT (-87.72380217493 41.902582248856),2021,960
O1202450,DRIVER,ad0b459d4d782fb0aff53cb5ecd2678ccc1669054a25739964323dcc3933b199bcc7bc60c6627e302ff0247f55710c086bf77e25faed0e0adc7825f0898b6e90,JE404853,1140938.0,10/10/2021 11:50:00 AM,CHICAGO,IL,60656,M,31.0,SAFETY BELT USED,NOT APPLICABLE,NONE,NO INDICATION OF INJURY,NONE,UNKNOWN,NORMAL,TEST NOT OFFERED,2021,JE404853,10/10/2021 11:50:00 AM,30,STOP SIGN/FLASHER,FUNCTIONING PROPERLY,CLEAR,DAYLIGHT,REAR END,NOT DIVIDED,STRAIGHT AND LEVEL,DRY,NO DEFECTS,NOT ON SCENE (DESK REPORT),NO INJURY / DRIVE AWAY,Y,Y,"$501 - $1,500",10/10/2021 12:11:00 PM,FOLLOWING TOO CLOSELY,NOT APPLICABLE,558,N,FRANKLIN ST,1831.0,2,NO INDICATION OF INJURY,0.0,0.0,0.0,0.0,0.0,3.0,0.0,11,1,10,41.892326507,-87.63574184299999,POINT (-87.635741843096 41.89232650689),2021,710
O1115092,DRIVER,ab72d5205a99546271f305c28e78ccadf807f20d7d37800cdd15ccb0a6de06831ea2035098cfa1d5d3f17743d620b9e70e4c9c1f4bcedda18bab0df6779bec3f,JE261669,1057733.0,06/11/2021 04:09:00 AM,CHICAGO,IL,60637,F,33.0,USAGE UNKNOWN,"DEPLOYED, SIDE",NONE,NO INDICATION OF INJURY,UNKNOWN,UNKNOWN,UNKNOWN,TEST NOT OFFERED,2021,JE261669,06/11/2021 04:09:00 AM,30,TRAFFIC SIGNAL,FUNCTIONING PROPERLY,CLEAR,DARKNESS,TURNING,NOT DIVIDED,STRAIGHT AND LEVEL,DRY,NO DEFECTS,NOT ON SCENE (DESK REPORT),NO INJURY / DRIVE AWAY,Y,Y,"OVER $1,500",06/11/2021 06:30:00 AM,UNABLE TO DETERMINE,UNABLE TO DETERMINE,4001,W,LAKE ST,1114.0,2,NO INDICATION OF INJURY,0.0,0.0,0.0,0.0,0.0,3.0,0.0,4,6,6,41.885360973000004,-87.72593410799999,POINT (-87.725934107705 41.885360973023),2021,249