PERSON_ID,PERSON_TYPE,CRASH_RECORD_ID,RD_NO_x,VEHICLE_ID,CRASH_DATE_x,CITY,STATE,ZIPCODE,SEX,AGE,SAFETY_EQUIPMENT,AIRBAG_DEPLOYED,EJECTION,INJURY_CLASSIFICATION,DRIVER_ACTION,DRIVER_VISION,PHYSICAL_CONDITION,BAC_RESULT,CRASH_YEAR_x,RD_NO_y,CRASH_DATE_y,POSTED_SPEED_LIMIT,TRAFFIC_CONTROL_DEVICE,DEVICE_CONDITION,WEATHER_CONDITION,LIGHTING_CONDITION,FIRST_CRASH_TYPE,TRAFFICWAY_TYPE,ALIGNMENT,ROADWAY_SURFACE_COND,ROAD_DEFECT,REPORT_TYPE,CRASH_TYPE,INTERSECTION_RELATED_I,HIT_AND_RUN_I,DAMAGE,DATE_POLICE_NOTIFIED,PRIM_CONTRIBUTORY_CAUSE,SEC_CONTRIBUTORY_CAUSE,STREET_NO,STREET_DIRECTION,STREET_NAME,BEAT_OF_OCCURRENCE,NUM_UNITS,MOST_SEVERE_INJURY,INJURIES_TOTAL,INJURIES_FATAL,INJURIES_INCAPACITATING,INJURIES_NON_INCAPACITATING,INJURIES_REPORTED_NOT_EVIDENT,INJURIES_NO_INDICATION,INJURIES_UNKNOWN,CRASH_HOUR,CRASH_DAY_OF_WEEK,CRASH_MONTH,LATITUDE,LONGITUDE,LOCATION,CRASH_YEAR_y,TIME
O1178130,DRIVER,41851989f4c201ddadd62a55b7eb1bddfdd1ca8efcdd77fdb0e85ef6e5edb34066e9597d483a024fd41584f69d8ba065476e6cb8e5c42e7f4c9497a47f52b50a,JE364195,1117666.0,09/07/2021 01:15:00 AM,CHICAGO,IL,60653,M,25.0,SAFETY BELT USED,"DEPLOYED, COMBINATION",NONE,NO INDICATION OF INJURY,NONE,NOT OBSCURED,NORMAL,TEST NOT OFFERED,2021,JE364195,09/07/2021 01:15:00 AM,25,NO CONTROLS,NO CONTROLS,CLEAR,"DARKNESS, LIGHTED ROAD",ANGLE,NOT DIVIDED,STRAIGHT AND LEVEL,DRY,NO DEFECTS,ON SCENE,INJURY AND / OR TOW DUE TO CRASH,Y,Y,"OVER $1,500",09/07/2021 01:15:00 AM,FAILING TO REDUCE SPEED TO AVOID CRASH,NOT APPLICABLE,7900,S,CLYDE AVE,414.0,2,NO INDICATION OF INJURY,0.0,0.0,0.0,0.0,0.0,2.0,0.0,1,3,9,41.751545328,-87.57368814899999,POINT (-87.573688148869 41.751545327653),2021,75
O1129771,DRIVER,c5d7400e2bd57d2c79d1cfb248811bbbfc8591a9f2dff82cf7893e433091a2c7b2a7a48f87b11ff1db859c8a78bbe2228c246b6fd845a24a525ee4dd918e588a,JE284974,1071695.0,06/30/2021 02:30:00 PM,CHICAGO,IL,60636,M,40.0,SAFETY BELT USED,DEPLOYMENT UNKNOWN,NONE,NO INDICATION OF INJURY,OTHER,NOT OBSCURED,NORMAL,TEST NOT OFFERED,2021,JE284974,06/30/2021 02:30:00 PM,30,NO CONTROLS,NO CONTROLS,CLEAR,DAYLIGHT,TURNING,NOT DIVIDED,STRAIGHT AND LEVEL,DRY,NO DEFECTS,ON SCENE,INJURY AND / OR TOW DUE TO CRASH,Y,Y,"OVER $1,500",06/30/2021 02:34:00 PM,UNABLE TO DETERMINE,UNABLE TO DETERMINE,4700,S,JUSTINE ST,933.0,2,NO INDICATION OF INJURY,0.0,0.0,0.0,0.0,0.0,2.0,0.0,14,4,6,41.808559094,-87.66389951299999,POINT (-87.663899512858 41.808559094449),2021,870
O1058191,DRIVER,17367a85e55aa55b076dde314ba01b4172917e55edb28ff0ce9a474ccdc61a99420567a62e972fdd25b4625b78f6355ca2819f082683ed1309cf70146d865e77,JE168112,1003441.0,03/13/2021 05:04:00 PM,CHICAGO,IL,60609,M,30.0,USAGE UNKNOWN,NOT APPLICABLE,NONE,NO INDICATION OF INJURY,NONE,NOT OBSCURED,NORMAL,TEST NOT OFFERED,2021,JE168112,03/13/2021 05:04:00 PM,30,TRAFFIC SIGNAL,FUNCTIONING PROPERLY,CLEAR,DAYLIGHT,ANGLE,FOUR WAY,STRAIGHT AND LEVEL,DRY,NO DEFECTS,ON SCENE,INJURY AND / OR TOW DUE TO CRASH,Y,Y,"OVER $1,500",03/13/2021 05:05:00 PM,DISREGARDING TRAFFIC SIGNALS,NOT APPLICABLE,1601,S,KEDZIE AVE,1022.0,2,NONINCAPACITATING INJURY,1.0,0.0,0.0,1.0,0.0,1.0,0.0,17,7,3,41.859037151,-87.705307496,POINT (-87.705307495559 41.85903715102),2021,1024
O1069809,DRIVER,dfc798807fa2fbbb6a37580f159f31da223c9e9499ca7aba4b6f17d84cf13f42de01aa8ee7ed6a538d3eb09798c0e44b785ba47d103a3f42ffaff06944a98fd5,JE188103,1014530.0,04/02/2021 12:30:00 PM,CHICAGO,IL,60617,F,41.0,USAGE UNKNOWN,DID NOT DEPLOY,NONE,NO INDICATION OF INJURY,UNKNOWN,UNKNOWN,NORMAL,TEST NOT OFFERED,2021,JE188103,04/02/2021 12:30:00 PM,30,UNKNOWN,UNKNOWN,CLEAR,DAYLIGHT,TURNING,UNKNOWN INTERSECTION TYPE,STRAIGHT AND LEVEL,UNKNOWN,UNKNOWN,NOT ON SCENE (DESK REPORT),NO INJURY / DRIVE AWAY,Y,Y,"OVER $1,500",04/03/2021 12:00:00 PM,UNABLE TO DETERMINE,NOT APPLICABLE,800,E,95TH ST,633.0,2,NO INDICATION OF INJURY,0.0,0.0,0.0,0.0,0.0,2.0,0.0,12,6,4,41.722153939,-87.604447736,POINT (-87.604447735644 41.722153938772),2021,750
O1046287,DRIVER,90825999d838045116cf41e069879eee50cd298d6e2809133ad27d3cb16eb3ae04785259a14496f34f9bd840a0e8230cdcc81d20be12e17735908dd27719ab5e,JE146851,991958.0,02/20/2021 11:41:00 AM,CHICAGO,IL,60608,M,30.0,USAGE UNKNOWN,NOT APPLICABLE,NONE,NO INDICATION OF INJURY,OTHER,NOT OBSCURED,NORMAL,TEST NOT OFFERED,2021,JE146851,02/20/2021 11:41:00 AM,30,STOP SIGN/FLASHER,FUNCTIONING PROPERLY,CLEAR,DAYLIGHT,TURNING,FOUR WAY,STRAIGHT AND LEVEL,DRY,NO DEFECTS,ON SCENE,NO INJURY / DRIVE AWAY,Y,Y,"OVER $1,500",02/20/2021 11:42:00 AM,FAILING TO YIELD RIGHT-OF-WAY,UNABLE TO DETERMINE,2100,N,KIMBALL AVE,1413.0,2,NO INDICATION OF INJURY,0.0,0.0,0.0,0.0,0.0,2.0,0.0,11,7,2,41.91920886,-87.712081293,POINT (-87.712081292849 41.919208860283),2021,701
O1252828,DRIVER,83ac6442659484255e1be0e46eec22d1bca4ea0485d65c942157bd6dd8d1d9a6bca20d698c66d7495973ce30ec27f901eac412e2b20b57b1bb758a3a40e7ce19,JE489367,1189183.0,12/25/2021 01:54:00 PM,PLAINFIELD,IL,60585,F,30.0,SAFETY BELT USED,DID NOT DEPLOY,NONE,NO INDICATION OF INJURY,NONE,NOT OBSCURED,UNKNOWN,TEST NOT OFFERED,2021,JE489367,12/25/2021 01:54:00 PM,30,TRAFFIC SIGNAL,FUNCTIONING PROPERLY,CLEAR,DAYLIGHT,REAR END,DIVIDED - W/MEDIAN (NOT RAISED),STRAIGHT AND LEVEL,DRY,NO DEFECTS,NOT ON SCENE (DESK REPORT),NO INJURY / DRIVE AWAY,Y,Y,"$501 - $1,500",12/26/2021 01:40:00 PM,UNABLE TO DETERMINE,NOT APPLICABLE,140,W,83RD ST,622.0,2,NO INDICATION OF INJURY,0.0,0.0,0.0,0.0,0.0,2.0,0.0,13,7,12,41.743702651999996,-87.62845509799999,POINT (-87.628455097953 41.743702651674),2021,834
O1238355,DRIVER,9d6749fe708b2b82e2fb1838ddb40a59255c1e18217f52b0abdba4c500ac211cc83dd72fb49277722d758c3d09084d0c3834bc2533f25959defb91938f62069a,JE464253,1175327.0,12/03/2021 12:00:00 AM,HILLSIDE,IL,60162,M,59.0,SAFETY BELT USED,NOT APPLICABLE,NONE,NONINCAPACITATING INJURY,NONE,NOT OBSCURED,NORMAL,TEST NOT OFFERED,2021,JE464253,12/03/2021 12:00:00 AM,30,TRAFFIC SIGNAL,FUNCTIONING PROPERLY,CLEAR,"DARKNESS, LIGHTED ROAD",REAR END,NOT DIVIDED,STRAIGHT AND LEVEL,DRY,NO DEFECTS,NOT ON SCENE (DESK REPORT),INJURY AND / OR TOW DUE TO CRASH,N,Y,"$501 - $1,500",12/03/2021 12:20:00 AM,UNABLE TO DETERMINE,FOLLOWING TOO CLOSELY,1202,N,CICERO AVE,2533.0,2,NONINCAPACITATING INJURY,1.0,0.0,0.0,1.0,0.0,1.0,0.0,0,6,12,41.902464441,-87.746127387,POINT (-87.746127387332 41.902464440679),2021,0
O1107866,DRIVER,c7dd677d3022dd2d72bfc3ed562f7ee8e7326412bc8692cbd82ac544ad452971fe4bd0b26f1b3658f0543aef125ee93de762b781dbe3af8e1e820db2e6aa800f,JE250320,1050927.0,06/01/2021 05:50:00 PM,CHICAGO,IL,60610,M,48.0,SAFETY BELT USED,NOT APPLICABLE,NONE,NO INDICATION OF INJURY,NONE,NOT OBSCURED,NORMAL,TEST NOT OFFERED,2021,JE250320,06/01/2021 05:50:00 PM,30,TRAFFIC SIGNAL,FUNCTIONING PROPERLY,CLEAR,DAYLIGHT,REAR END,FOUR WAY,STRAIGHT AND LEVEL,DRY,NO DEFECTS,ON SCENE,NO INJURY / DRIVE AWAY,Y,Y,"$501 - $1,500",06/01/2021 06:00:00 PM,DRIVING SKILLS/KNOWLEDGE/EXPERIENCE,UNABLE TO DETERMINE,1921,W,HARRISON ST,1231.0,2,NO INDICATION OF INJURY,0.0,0.0,0.0,0.0,0.0,2.0,0.0,17,3,6,41.873957880999995,-87.674813253,POINT (-87.674813252635 41.873957880891),2021,1070
O1255142,DRIVER,fe25fa42956a9a38f3925423ec61aeed1dcf10df4f5433d134826818402ed5e5d019cd8ff6bd4459a935a0c5406eaae4dc72b607de77827701b61cf3c481ef8e,JE493521,1191422.0,12/31/2021 12:30:00 AM,CHICAGO,IL,60656,M,63.0,SAFETY BELT USED,NOT APPLICABLE,NONE,NO INDICATION OF INJURY,UNKNOWN,UNKNOWN,NORMAL,TEST REFUSED,2021,JE493521,12/31/2021 12:30:00 AM,35,TRAFFIC SIGNAL,FUNCTIONING PROPERLY,CLEAR,"DARKNESS, LIGHTED ROAD",REAR END,"FIVE POINT, OR MORE",STRAIGHT AND LEVEL,UNKNOWN,UNKNOWN,NOT ON SCENE (DESK REPORT),NO INJURY / DRIVE AWAY,Y,Y,"OVER $1,500",12/31/2021 12:50:00 AM,UNABLE TO DETERMINE,NOT APPLICABLE,7300,S,SOUTH CHICAGO AVE,323.0,2,NO INDICATION OF INJURY,0.0,0.0,0.0,0.0,0.0,2.0,0.0,0,6,12,41.762118522,-87.60054649,POINT (-87.600546490421 41.762118521643),2021,30
O1033753,DRIVER,90dc96cd6ccefb5ff98b1bd8a8e41bd9c61e5b4e788ff7fd60443d888e0b70c67051b807651c09065ed6e0f39ec78d930a291664b6abc1b4f30f3ff7d6c7bcbe,JE129249,979818.0,02/01/2021 09:40:00 AM,CHICAGO,IL,60643,F,19.0,SAFETY BELT USED,DID NOT DEPLOY,NONE,"REPORTED, NOT EVIDENT",NONE,NOT OBSCURED,NORMAL,TEST NOT OFFERED,2021,JE129249,02/01/2021 09:40:00 AM,30,TRAFFIC SIGNAL,FUNCTIONING PROPERLY,CLEAR,DAYLIGHT,REAR END,NOT DIVIDED,STRAIGHT ON GRADE,WET,NO DEFECTS,NOT ON SCENE (DESK REPORT),INJURY AND / OR TOW DUE TO CRASH,Y,Y,"$501 - $1,500",02/01/2021 02:00:00 PM,FAILING TO REDUCE SPEED TO AVOID CRASH,FOLLOWING TOO CLOSELY,438,W,CERMAK RD,914.0,2,"REPORTED, NOT EVIDENT",1.0,0.0,0.0,0.0,1.0,3.0,0.0,9,2,2,41.852901921,-87.638518046,POINT (-87.63851804585 41.852901921461),2021,580
O1134502,DRIVER,93a9fe64c6dc5e7f8b5f98136ff68965902d10a597aa7b72f89b5002c795bae12a75a31da488a738dbcdb900e93debfd287f21a645666d238988e58b28092f1c,JE292593,1076124.0,07/06/2021 06:30:00 PM,CALUMET CITY,IL,60409,F,53.0,USAGE UNKNOWN,DEPLOYMENT UNKNOWN,NONE,NO INDICATION OF INJURY,TEXTING,UNKNOWN,UNKNOWN,TEST NOT OFFERED,2021,JE292593,07/06/2021 06:30:00 PM,30,TRAFFIC SIGNAL,UNKNOWN,CLEAR,DAYLIGHT,TURNING,Y-INTERSECTION,STRAIGHT AND LEVEL,DRY,UNKNOWN,NOT ON SCENE (DESK REPORT),NO INJURY / DRIVE AWAY,Y,N,"OVER $1,500",07/06/2021 07:15:00 PM,FAILING TO YIELD RIGHT-OF-WAY,IMPROPER OVERTAKING/PASSING,8300,S,HOLLAND RD,622.0,2,NO INDICATION OF INJURY,0.0,0.0,0.0,0.0,0.0,2.0,0.0,18,3,7,41.743427333,-87.63218113200001,POINT (-87.632181132025 41.743427333057),2021,1110
O1148967,DRIVER,29b097626c386ebd2cde5520461d7ad3ec204b23cfcfa8725c6e640158213d7fa2b47e2e324db5e70a348a7cb6653ec3c7758b416cc2295050380e3a1b8dbaac,JE316295,1089879.0,07/27/2021 04:00:00 PM,CHICAGO,IL,60637,F,35.0,USAGE UNKNOWN,DID NOT DEPLOY,NONE,NO INDICATION OF INJURY,UNKNOWN,NOT OBSCURED,NORMAL,TEST NOT OFFERED,2021,JE316295,07/27/2021 04:00:00 PM,30,STOP SIGN/FLASHER,NO CONTROLS,CLEAR,DAYLIGHT,ANGLE,FOUR WAY,STRAIGHT AND LEVEL,DRY,NO DEFECTS,ON SCENE,INJURY AND / OR TOW DUE TO CRASH,Y,Y,"OVER $1,500",07/27/2021 04:50:00 PM,UNABLE TO DETERMINE,NOT APPLICABLE,7100,S,MICHIGAN AVE,323.0,2,NO INDICATION OF INJURY,0.0,0.0,0.0,0.0,0.0,2.0,0.0,16,3,7,41.765485412,-87.621834351,POINT (-87.621834351116 41.765485411808),2021,960
O1203248,DRIVER,e31a2556375a021daf89bc08f76fcf06e9bf130740e8c585786a82f88505b676dff538aa098a6260f98659b5ba8d3a24feada06e76dfe16d5bb89adad65583da,JE406294,1141714.0,10/11/2021 05:13:00 PM,CHICAGO,IL,60619,M,53.0,USAGE UNKNOWN,"DEPLOYED, FRONT",NONE,NONINCAPACITATING INJURY,NONE,NOT OBSCURED,NORMAL,TEST NOT OFFERED,2021,JE406294,10/11/2021 05:13:00 PM,30,NO CONTROLS,NO CONTROLS,RAIN,DAYLIGHT,REAR END,T-INTERSECTION,STRAIGHT AND LEVEL,WET,NO DEFECTS,ON SCENE,INJURY AND / OR TOW DUE TO CRASH,Y,Y,"OVER $1,500",10/11/2021 05:13:00 PM,"OPERATING VEHICLE IN ERRATIC, RECKLESS, CARELESS, NEGLIGENT OR AGGRESSIVE MANNER",UNABLE TO DETERMINE,4301,W,CHICAGO AVE,1111.0,2,NONINCAPACITATING INJURY,1.0,0.0,0.0,1.0,0.0,2.0,0.0,17,2,10,41.895119239,-87.733537779,POINT (-87.733537779202 41.895119238788),2021,1033
O1142115,DRIVER,dbdf862c66d0e7f6685bf0514408c722a6821357ede5b72dfa9c50510a485f1e1272a31c8936621c3ce07b329bfd6aa4fa5d56c653a8d8c669a047aa031b69b1,JE305235,1083341.0,07/18/2021 02:45:00 AM,MELROSE PARK,IL,60160,M,34.0,USAGE UNKNOWN,DID NOT DEPLOY,NONE,NO INDICATION OF INJURY,OTHER,NOT OBSCURED,NORMAL,TEST NOT OFFERED,2021,JE305235,07/18/2021 02:45:00 AM,30,STOP SIGN/FLASHER,FUNCTIONING PROPERLY,CLEAR,"DARKNESS, LIGHTED ROAD",ANGLE,FOUR WAY,STRAIGHT AND LEVEL,DRY,UNKNOWN,NOT ON SCENE (DESK REPORT),NO INJURY / DRIVE AWAY,Y,Y,$500 OR LESS,07/18/2021 03:40:00 AM,FAILING TO YIELD RIGHT-OF-WAY,FAILING TO YIELD RIGHT-OF-WAY,36,W,ELM ST,1824.0,2,NO INDICATION OF INJURY,0.0,0.0,0.0,0.0,0.0,2.0,0.0,2,1,7,41.903265137,-87.62989912299999,POINT (-87.629899122869 41.903265136802),2021,165
O1124403,DRIVER,be11b1a345364c6b2047bcff3bb2562e28e2cc75e40f4a18a6be9a2e57999c512fd6ffc6e305dfef34317abb16410efa0315d7878006c8442d5646ca389f2379,JE276174,1066546.0,06/22/2021 09:45:00 PM,CHICAGO,IL,60644,F,38.0,USAGE UNKNOWN,NOT APPLICABLE,NONE,INCAPACITATING INJURY,NONE,NOT OBSCURED,NORMAL,TEST NOT OFFERED,2021,JE276174,06/22/2021 09:45:00 PM,30,TRAFFIC SIGNAL,FUNCTIONING PROPERLY,CLEAR,"DARKNESS, LIGHTED ROAD",PARKED MOTOR VEHICLE,NOT DIVIDED,STRAIGHT AND LEVEL,DRY,NO DEFECTS,ON SCENE,INJURY AND / OR TOW DUE TO CRASH,Y,Y,"OVER $1,500",06/22/2021 09:45:00 PM,DISREGARDING TRAFFIC SIGNALS,NOT APPLICABLE,4001,W,JACKSON BLVD,1132.0,4,INCAPACITATING INJURY,1.0,0.0,1.0,0.0,0.0,3.0,0.0,21,3,6,41.876975949,-87.725665937,POINT (-87.725665937245 41.876975948836),2021,1305
O1055038,DRIVER,1e047ca9174209d61e7ed5d933596db4537af0a87c86cd34a4ca7ec9da43fc8411f2d8f3612600bb10ff79e567b6ac024769aae19a143938cfe373712089a8cf,JE161925,1000403.0,03/07/2021 02:30:00 PM,CHICAGO,IL,60634,M,29.0,SAFETY BELT USED,DID NOT DEPLOY,NONE,NO INDICATION OF INJURY,NONE,NOT OBSCURED,NORMAL,TEST NOT OFFERED,2021,JE161925,03/07/2021 02:30:00 PM,30,TRAFFIC SIGNAL,FUNCTIONING PROPERLY,CLEAR,DAYLIGHT,REAR END,NOT DIVIDED,STRAIGHT AND LEVEL,DRY,NO DEFECTS,ON SCENE,NO INJURY / DRIVE AWAY,Y,Y,"$501 - $1,500",03/07/2021 02:33:00 PM,FOLLOWING TOO CLOSELY,UNABLE TO DETERMINE,652,W,ROOSEVELT RD,1232.0,2,NO INDICATION OF INJURY,0.0,0.0,0.0,0.0,0.0,2.0,0.0,14,1,3,41.867299774,-87.64433069200001,POINT (-87.644330692089 41.867299774301),2021,870
O1148005,DRIVER,61b1a92a4a363bcc0bddd4f2366465eb4c22fb4aa82fb88bff3767e1dc6322ad5a5380dc63b398aef76d7269d4005eaa01052164acb03f309d90dd2a32397516,JE314705,1088968.0,07/26/2021 11:20:00 AM,BROOKLYN,NY,11214,M,30.0,SAFETY BELT USED,DID NOT DEPLOY,NONE,NO INDICATION OF INJURY,NONE,UNKNOWN,NORMAL,TEST NOT OFFERED,2021,JE314705,07/26/2021 11:20:00 AM,30,STOP SIGN/FLASHER,FUNCTIONING PROPERLY,CLEAR,DAYLIGHT,ANGLE,T-INTERSECTION,STRAIGHT AND LEVEL,DRY,NO DEFECTS,ON SCENE,NO INJURY / DRIVE AWAY,Y,Y,"OVER $1,500",07/26/2021 11:27:00 AM,DISREGARDING STOP SIGN,NOT APPLICABLE,1200,W,95TH ST,2222.0,2,NO INDICATION OF INJURY,0.0,0.0,0.0,0.0,0.0,4.0,0.0,11,2,7,41.721444799000004,-87.653009949,POINT (-87.653009949444 41.721444799302),2021,680
O1150660,DRIVER,5c5f0be1cfb216c2212a470bfc6232e05721dd7c03c40563a84f223824a5f430179c84c2cb746fc87e65c08981a457ccbf12e5ebf58335e57468c10c92126637,JE319070,1091476.0,07/29/2021 07:06:00 PM,EVANSTON,IL,60201,M,31.0,HELMET NOT USED,NOT APPLICABLE,PARTIALLY EJECTED,NONINCAPACITATING INJURY,NONE,NOT OBSCURED,NORMAL,TEST NOT OFFERED,2021,JE319070,07/29/2021 07:06:00 PM,30,STOP SIGN/FLASHER,FUNCTIONING PROPERLY,CLEAR,DAYLIGHT,ANGLE,ONE-WAY,STRAIGHT AND LEVEL,DRY,SHOULDER DEFECT,ON SCENE,INJURY AND / OR TOW DUE TO CRASH,Y,Y,"OVER $1,500",07/29/2021 07:36:00 PM,FAILING TO REDUCE SPEED TO AVOID CRASH,NOT APPLICABLE,9300,S,FOREST AVE,633.0,2,NONINCAPACITATING INJURY,1.0,0.0,0.0,1.0,0.0,3.0,0.0,19,5,7,41.725410765999996,-87.61680193299999,POINT (-87.616801932965 41.725410766332),2021,1146
O1197251,DRIVER,3793a291b3031fa25160e3ec77e493ff9d3d470a7c174fb6a214af004a7cdc3c19878526b15ff1df346c1b3051c9955a4dffe92b67a79c0fbd1f8a77d5237123,JE395877,1135976.0,10/02/2021 08:30:00 PM,CHICAGO,IL,60624,F,41.0,USAGE UNKNOWN,DID NOT DEPLOY,NONE,NO INDICATION OF INJURY,NONE,NOT OBSCURED,NORMAL,TEST NOT OFFERED,2021,JE395877,10/02/2021 08:30:00 PM,35,TRAFFIC SIGNAL,FUNCTIONING PROPERLY,CLEAR,"DARKNESS, LIGHTED ROAD",REAR TO FRONT,ONE-WAY,STRAIGHT AND LEVEL,DRY,UNKNOWN,NOT ON SCENE (DESK REPORT),NO INJURY / DRIVE AWAY,Y,Y,$500 OR LESS,10/02/2021 09:15:00 PM,IMPROPER BACKING,IMPROPER BACKING,799,N,LAKE SHORE DR NB,1833.0,2,NO INDICATION OF INJURY,0.0,0.0,0.0,0.0,0.0,2.0,0.0,20,7,10,41.896826606,-87.61650403899999,POINT (-87.616504038799 41.896826606292),2021,1230
O1223735,DRIVER,5e4a00a2dacc033a49f7559a9a0c9c4ad280c1fe375443308c44419c9a549ab60747539ebe3aa97b28f0722f3342e1de4e0bb77a7fb114498cefc9c8de875c51,JE439664,1161258.0,11/09/2021 04:20:00 PM,CHICAGO,IL,60619,F,22.0,SAFETY BELT USED,DID NOT DEPLOY,NONE,NO INDICATION OF INJURY,NONE,NOT OBSCURED,NORMAL,TEST NOT OFFERED,2021,JE439664,11/09/2021 04:20:00 PM,30,STOP SIGN/FLASHER,FUNCTIONING PROPERLY,CLEAR,DAYLIGHT,REAR END,NOT DIVIDED,STRAIGHT AND LEVEL,DRY,NO DEFECTS,NOT ON SCENE (DESK REPORT),NO INJURY / DRIVE AWAY,Y,Y,"OVER $1,500",11/09/2021 04:35:00 PM,UNABLE TO DETERMINE,NOT APPLICABLE,33,E,83RD ST,632.0,2,NO INDICATION OF INJURY,0.0,0.0,0.0,0.0,0.0,2.0,0.0,16,3,11,41.74356768,-87.622955366,POINT (-87.622955366414 41.743567680303),2021,980
O1212494,DRIVER,60b7e873102ba7969316d4eb4d2a26d7cbf0207eba905b34ff1e8aedfd3b495e452b33566bf313bc71c7cd4d4301d59e95e7d8d3a8663ccf76b3ac292c7adfc9,JE421525,1150494.0,10/21/2021 12:30:00 PM,ROMEOVILLE,IL,60446,M,49.0,USAGE UNKNOWN,DID NOT DEPLOY,NONE,NO INDICATION OF INJURY,NONE,NOT OBSCURED,NORMAL,TEST NOT OFFERED,2021,JE421525,10/21/2021 12:30:00 PM,30,NO CONTROLS,UNKNOWN,CLEAR,DAYLIGHT,TURNING,NOT DIVIDED,STRAIGHT AND LEVEL,UNKNOWN,UNKNOWN,NOT ON SCENE (DESK REPORT),NO INJURY / DRIVE AWAY,N,Y,"OVER $1,500",10/25/2021 09:15:00 AM,IMPROPER OVERTAKING/PASSING,NOT APPLICABLE,2075,W,43RD ST,924.0,2,NO INDICATION OF INJURY,0.0,0.0,0.0,0.0,0.0,2.0,0.0,12,5,10,41.815655369,-87.677307485,POINT (-87.677307484943 41.815655369248),2021,750
O1119742,DRIVER,4af48b7e7fd22b4a6f1d667e6408169ec081c36eba3f14871dbe9c7274191c526754c19b6fd1727e998adc8421895e921419bcd00b41537c1599df2aaf7811ca,JE268766,1062104.0,06/16/2021 10:34:00 PM,CHICAGO,IL,60644,M,40.0,USAGE UNKNOWN,NOT APPLICABLE,NONE,"REPORTED, NOT EVIDENT",NONE,UNKNOWN,NORMAL,TEST NOT OFFERED,2021,JE268766,06/16/2021 10:34:00 PM,30,TRAFFIC SIGNAL,FUNCTIONING PROPERLY,CLEAR,"DARKNESS, LIGHTED ROAD",TURNING,NOT DIVIDED,STRAIGHT AND LEVEL,DRY,NO DEFECTS,ON SCENE,INJURY AND / OR TOW DUE TO CRASH,Y,Y,"OVER $1,500",06/16/2021 10:45:00 PM,FAILING TO YIELD RIGHT-OF-WAY,NOT APPLICABLE,4201,W,LAKE ST,1114.0,2,"REPORTED, NOT EVIDENT",2.0,0.0,0.0,0.0,2.0,2.0,0.0,22,4,6,41.885639561,-87.730860364,POINT (-87.730860364249 41.885639560928),2021,1354
O1109452,DRIVER,3305fe125ece5d9786504cde53dfe3834b4363198bb5db764b4db27c00aff4d456285e0254c64fd388a8fdf8a5e74c7a9d27aeffe039f61d18bff6614e462da2,JE252795,1052448.0,06/03/2021 07:30:00 PM,COUNTRY CLUB,IL,60478,M,32.0,SAFETY BELT USED,DID NOT DEPLOY,NONE,"REPORTED, NOT EVIDENT",NONE,NOT OBSCURED,NORMAL,TEST NOT OFFERED,2021,JE252795,06/03/2021 07:30:00 PM,20,TRAFFIC SIGNAL,FUNCTIONING PROPERLY,CLEAR,DAYLIGHT,REAR END,FOUR WAY,STRAIGHT AND LEVEL,DRY,NO DEFECTS,ON SCENE,INJURY AND / OR TOW DUE TO CRASH,Y,Y,"OVER $1,500",06/03/2021 08:00:00 PM,FOLLOWING TOO CLOSELY,UNABLE TO DETERMINE,9858,S,WENTWORTH AVE,511.0,3,"REPORTED, NOT EVIDENT",1.0,0.0,0.0,0.0,1.0,3.0,0.0,19,5,6,41.714183051,-87.628646244,POINT (-87.628646244164 41.714183050539),2021,1170
O1250048,DRIVER,46c49f00fb89a77f1cc7b2c77ebaedab5a43a959346c41636dc166b1e59c46c20c3338cbe46544eeb14ff4056afc852f97d6cda08c275b0c2680de2b84b4253e,JE484270,1186521.0,12/20/2021 09:20:00 PM,CHICAGO,IL,60628,F,58.0,SAFETY BELT USED,"DEPLOYED, COMBINATION",NONE,NO INDICATION OF INJURY,NONE,NOT OBSCURED,NORMAL,TEST NOT OFFERED,2021,JE484270,12/20/2021 09:20:00 PM,30,TRAFFIC SIGNAL,FUNCTIONING PROPERLY,CLEAR,"DARKNESS, LIGHTED ROAD",TURNING,NOT DIVIDED,STRAIGHT AND LEVEL,DRY,NO DEFECTS,ON SCENE,NO INJURY / DRIVE AWAY,Y,Y,"OVER $1,500",12/20/2021 09:20:00 PM,IMPROPER TURNING/NO SIGNAL,IMPROPER TURNING/NO SIGNAL,10300,S,DR MARTIN LUTHER KING JR DR,512.0,2,NO INDICATION OF INJURY,0.0,0.0,0.0,0.0,0.0,2.0,0.0,21,2,12,41.707222065,-87.613911605,POINT (-87.613911604658 41.707222065075),2021,1280
O1090159,DRIVER,7dd015ae054881a60eb0f85d10df1acfcc6e2c64f258153c38abc92784b1632d9ccf36a40d3f60a94e0a8077aaac1b46287a99be09f046b0d1125cdf1672799d,JE221835,1033982.0,05/06/2021 04:54:00 PM,CHICAGO,IL,60636,M,18.0,USAGE UNKNOWN,"DEPLOYED, COMBINATION",NONE,"REPORTED, NOT EVIDENT",NONE,NOT OBSCURED,NORMAL,TEST NOT OFFERED,2021,JE221835,05/06/2021 04:54:00 PM,30,TRAFFIC SIGNAL,FUNCTIONING PROPERLY,CLEAR,DAYLIGHT,ANGLE,FOUR WAY,STRAIGHT AND LEVEL,DRY,NO DEFECTS,ON SCENE,INJURY AND / OR TOW DUE TO CRASH,Y,Y,"OVER $1,500",05/06/2021 05:10:00 PM,UNABLE TO DETERMINE,UNABLE TO DETERMINE,3600,W,DOUGLAS BLVD,1011.0,2,"REPORTED, NOT EVIDENT",2.0,0.0,0.0,0.0,2.0,1.0,0.0,16,5,5,41.862964206,-87.71538060700001,POINT (-87.715380606713 41.862964206412),2021,1014