PERSON_ID,PERSON_TYPE,CRASH_RECORD_ID,RD_NO_x,VEHICLE_ID,CRASH_DATE_x,CITY,STATE,ZIPCODE,SEX,AGE,SAFETY_EQUIPMENT,AIRBAG_DEPLOYED,EJECTION,INJURY_CLASSIFICATION,DRIVER_ACTION,DRIVER_VISION,PHYSICAL_CONDITION,BAC_RESULT,CRASH_YEAR_x,RD_NO_y,CRASH_DATE_y,POSTED_SPEED_LIMIT,TRAFFIC_CONTROL_DEVICE,DEVICE_CONDITION,WEATHER_CONDITION,LIGHTING_CONDITION,FIRST_CRASH_TYPE,TRAFFICWAY_TYPE,ALIGNMENT,ROADWAY_SURFACE_COND,ROAD_DEFECT,REPORT_TYPE,CRASH_TYPE,INTERSECTION_RELATED_I,HIT_AND_RUN_I,DAMAGE,DATE_POLICE_NOTIFIED,PRIM_CONTRIBUTORY_CAUSE,SEC_CONTRIBUTORY_CAUSE,STREET_NO,STREET_DIRECTION,STREET_NAME,BEAT_OF_OCCURRENCE,NUM_UNITS,MOST_SEVERE_INJURY,INJURIES_TOTAL,INJURIES_FATAL,INJURIES_INCAPACITATING,INJURIES_NON_INCAPACITATING,INJURIES_REPORTED_NOT_EVIDENT,INJURIES_NO_INDICATION,INJURIES_UNKNOWN,CRASH_HOUR,CRASH_DAY_OF_WEEK,CRASH_MONTH,LATITUDE,LONGITUDE,LOCATION,CRASH_YEAR_y,TIME
O1112761,DRIVER,f3a88f741ad4bab41c3eccdc7ba1ccb7d4ba704d1fd0f5f8e4c51f252d3dded86bac639a8db61643ea7025bc6c4666f12e4b912a38967f778dc3250ae28912a4,JE258094,1055601.0,06/08/2021 08:15:00 AM,CHICAGO,IL,60609,F,37.0,USAGE UNKNOWN,DID NOT DEPLOY,NONE,NO INDICATION OF INJURY,NONE,NOT OBSCURED,NORMAL,TEST NOT OFFERED,2021,JE258094,06/08/2021 08:15:00 AM,30,TRAFFIC SIGNAL,UNKNOWN,CLEAR,DAYLIGHT,REAR END,NOT DIVIDED,STRAIGHT AND LEVEL,UNKNOWN,UNKNOWN,NOT ON SCENE (DESK REPORT),INJURY AND / OR TOW DUE TO CRASH,Y,Y,"OVER $1,500",06/08/2021 10:40:00 AM,FOLLOWING TOO CLOSELY,NOT APPLICABLE,1544,W,71ST ST,734.0,3,NO INDICATION OF INJURY,0.0,0.0,0.0,0.0,0.0,3.0,0.0,8,3,6,41.765026744000004,-87.663161156,POINT (-87.663161155611 41.765026743696),2021,495
O1126902,DRIVER,5c595319da91c0d5f6d69ddbf5d68288dd1c01935ee8f6ab981b10415f64d63347386b25d83d3e2ebaaf664d10fcbcbb9a453a109116b24dfe693cff0428aa60,JE280313,1068923.0,06/26/2021 02:30:00 PM,PARK FOREST,IL,60466,F,25.0,SAFETY BELT USED,DID NOT DEPLOY,NONE,NO INDICATION OF INJURY,UNKNOWN,NOT OBSCURED,NORMAL,TEST NOT OFFERED,2021,JE280313,06/26/2021 02:30:00 PM,30,TRAFFIC SIGNAL,FUNCTIONING PROPERLY,CLOUDY/OVERCAST,DAYLIGHT,REAR END,DIVIDED - W/MEDIAN (NOT RAISED),STRAIGHT AND LEVEL,WET,NO DEFECTS,NOT ON SCENE (DESK REPORT),NO INJURY / DRIVE AWAY,Y,Y,"OVER $1,500",06/26/2021 03:25:00 PM,UNABLE TO DETERMINE,NOT APPLICABLE,5201,W,CHICAGO AVE,1524.0,3,NO INDICATION OF INJURY,0.0,0.0,0.0,0.0,0.0,3.0,0.0,14,7,6,41.894824746,-87.755654916,POINT (-87.755654916198 41.894824745824),2021,870
O1154323,DRIVER,337a93d73a8f1f159530323139ada9a49ce7fcaea8d492d4588afeed86e9590150428968dff4ec435c39b672709a0159b69ae24737c4d30d3c3d0c29d47a70a3,JE325091,1094968.0,08/03/2021 08:15:00 PM,CHICAGO,IL,60616,F,23.0,SAFETY BELT USED,NOT APPLICABLE,NONE,NO INDICATION OF INJURY,NONE,NOT OBSCURED,NORMAL,TEST NOT OFFERED,2021,JE325091,08/03/2021 08:15:00 PM,30,TRAFFIC SIGNAL,FUNCTIONING PROPERLY,CLEAR,"DARKNESS, LIGHTED ROAD",TURNING,DIVIDED - W/MEDIAN BARRIER,STRAIGHT AND LEVEL,DRY,NO DEFECTS,NOT ON SCENE (DESK REPORT),INJURY AND / OR TOW DUE TO CRASH,Y,Y,"$501 - $1,500",08/03/2021 09:05:00 PM,"OPERATING VEHICLE IN ERRATIC, RECKLESS, CARELESS, NEGLIGENT OR AGGRESSIVE MANNER",DISREGARDING TRAFFIC SIGNALS,1200,S,CLARK ST,131.0,3,NONINCAPACITATING INJURY,1.0,0.0,0.0,1.0,0.0,2.0,0.0,20,3,8,41.867286165,-87.63058096799999,POINT (-87.630580967737 41.867286165271),2021,1215
O1060841,DRIVER,a5dcbad7ebb180c9deb1a6eaf97e94c67a5a9132f98e85dd4a4b9d6ebcb7b8629e704b60aa18fdaa4684c13a5296400ead697fb3abac9b995305c295a29dd10f,JE173119,1006013.0,03/19/2021 08:50:00 AM,CHICAGO,IL,60616,F,66.0,SAFETY BELT USED,DID NOT DEPLOY,NONE,NO INDICATION OF INJURY,FAILED TO YIELD,UNKNOWN,NORMAL,TEST NOT OFFERED,2021,JE173119,03/19/2021 08:50:00 AM,30,NO CONTROLS,NO CONTROLS,CLEAR,DAYLIGHT,SIDESWIPE SAME DIRECTION,NOT DIVIDED,STRAIGHT AND LEVEL,DRY,NO DEFECTS,NOT ON SCENE (DESK REPORT),NO INJURY / DRIVE AWAY,Y,N,"$501 - $1,500",03/19/2021 08:55:00 AM,DRIVING SKILLS/KNOWLEDGE/EXPERIENCE,UNABLE TO DETERMINE,2313,S,WENTWORTH AVE,914.0,2,NO INDICATION OF INJURY,0.0,0.0,0.0,0.0,0.0,2.0,0.0,8,6,3,41.850587053000005,-87.63181837,POINT (-87.631818369823 41.850587053176),2021,530
O1227909,DRIVER,c5090620399b89f36895fdf8cd676031f913be8a703c1b98c62ba42026d4ab64a396e5d5403001b8cd88f5f05109e516fcb70100ae5116b3e098a47080002c16,JE446699,1165261.0,11/16/2021 05:05:00 AM,CHICAGO,IL,60629,M,47.0,USAGE UNKNOWN,DID NOT DEPLOY,NONE,NO INDICATION OF INJURY,OTHER,UNKNOWN,NORMAL,TEST NOT OFFERED,2021,JE446699,11/16/2021 05:05:00 AM,30,TRAFFIC SIGNAL,FUNCTIONING PROPERLY,CLEAR,DAYLIGHT,ANGLE,NOT DIVIDED,STRAIGHT AND LEVEL,DRY,NO DEFECTS,NOT ON SCENE (DESK REPORT),NO INJURY / DRIVE AWAY,Y,Y,"OVER $1,500",11/16/2021 05:45:00 AM,UNABLE TO DETERMINE,UNABLE TO DETERMINE,3101,S,HALSTED ST,915.0,2,NO INDICATION OF INJURY,0.0,0.0,0.0,0.0,0.0,2.0,0.0,5,3,11,41.837968709,-87.646129211,POINT (-87.646129210508 41.837968709419),2021,305
O1138015,DRIVER,1d7828ce95c7fdc6682bd60c469766455d1d85c18b5f082618e665d4923cd6aa3d7efb46acbd99460eaaea74428d03ea34b9104c049a58028636b59fc2436ba3,JE298257,1079434.0,07/11/2021 07:07:00 PM,RIVERDALE,IL,60827,F,29.0,SAFETY BELT USED,DID NOT DEPLOY,NONE,NO INDICATION OF INJURY,NONE,NOT OBSCURED,NORMAL,TEST NOT OFFERED,2021,JE298257,07/11/2021 07:07:00 PM,30,TRAFFIC SIGNAL,FUNCTIONING PROPERLY,CLEAR,DUSK,REAR END,DIVIDED - W/MEDIAN (NOT RAISED),STRAIGHT AND LEVEL,WET,NO DEFECTS,NOT ON SCENE (DESK REPORT),NO INJURY / DRIVE AWAY,Y,Y,"OVER $1,500",07/11/2021 08:10:00 PM,FOLLOWING TOO CLOSELY,UNABLE TO DETERMINE,7301,S,CICERO AVE,833.0,2,NO INDICATION OF INJURY,0.0,0.0,0.0,0.0,0.0,3.0,0.0,19,1,7,41.760388239,-87.741627169,POINT (-87.741627168712 41.76038823931),2021,1147
O1249010,DRIVER,005a81422d9723a51f34ee2e773682ece591c406fa63d57f33e8ab48140a20e014b936bafd9761dbcb36c17d04ef1b8334f1280745108e07ae8174b2d4097330,JE482391,1185520.0,12/19/2021 05:03:00 AM,CHICAGO,IL,60632,F,51.0,SAFETY BELT USED,DID NOT DEPLOY,NONE,NO INDICATION OF INJURY,NONE,NOT OBSCURED,NORMAL,TEST NOT OFFERED,2021,JE482391,12/19/2021 05:03:00 AM,30,TRAFFIC SIGNAL,FUNCTIONING PROPERLY,CLEAR,"DARKNESS, LIGHTED ROAD",ANGLE,DIVIDED - W/MEDIAN (NOT RAISED),STRAIGHT AND LEVEL,DRY,NO DEFECTS,ON SCENE,NO INJURY / DRIVE AWAY,Y,Y,"$501 - $1,500",12/19/2021 05:05:00 AM,UNABLE TO DETERMINE,UNABLE TO DETERMINE,2400,W,PERSHING RD,911.0,2,NO INDICATION OF INJURY,0.0,0.0,0.0,0.0,0.0,2.0,0.0,5,1,12,41.82309676,-87.685018951,POINT (-87.685018950616 41.823096760166),2021,303
O1257856,DRIVER,79444736f7cc24e6be8230d3821dd059c51cccb154539f84f6e21054771cff416fbaa71052763f1391c56b1caf685883cf778f29b8a7d8b639c2791be59f010e,JF103952,1193980.0,12/31/2021 10:29:00 PM,CHICAGO,IL,60619,M,21.0,USAGE UNKNOWN,NOT APPLICABLE,NONE,NONINCAPACITATING INJURY,UNKNOWN,UNKNOWN,NORMAL,TEST NOT OFFERED,2021,JF103952,12/31/2021 10:29:00 PM,30,TRAFFIC SIGNAL,FUNCTIONING PROPERLY,CLEAR,"DARKNESS, LIGHTED ROAD",TURNING,FOUR WAY,STRAIGHT AND LEVEL,DRY,NO DEFECTS,NOT ON SCENE (DESK REPORT),INJURY AND / OR TOW DUE TO CRASH,Y,Y,$500 OR LESS,01/05/2022 11:10:00 AM,IMPROPER TURNING/NO SIGNAL,NOT APPLICABLE,7500,S,JEFFERY BLVD,414.0,2,NONINCAPACITATING INJURY,1.0,0.0,0.0,1.0,0.0,1.0,0.0,22,6,12,41.758783819,-87.576286649,POINT (-87.576286649151 41.758783819129),2021,1349
O1091359,DRIVER,db685028bd36c04779690be47e3a6babdb0e3587bc3e218f7e3f7cb6a98b7fc61df981575910e8c788241f8c1a573df01b60c5871a6b78421d11cf3997d04e16,JE223679,1035123.0,05/08/2021 01:30:00 PM,CHICAGO,IL,60653,M,56.0,SAFETY BELT USED,DID NOT DEPLOY,NONE,NO INDICATION OF INJURY,NONE,NOT OBSCURED,NORMAL,TEST NOT OFFERED,2021,JE223679,05/08/2021 01:30:00 PM,30,TRAFFIC SIGNAL,FUNCTIONING PROPERLY,CLEAR,DAYLIGHT,REAR END,NOT DIVIDED,STRAIGHT ON GRADE,DRY,NO DEFECTS,NOT ON SCENE (DESK REPORT),NO INJURY / DRIVE AWAY,Y,Y,"OVER $1,500",05/08/2021 02:00:00 PM,FAILING TO REDUCE SPEED TO AVOID CRASH,NOT APPLICABLE,10430,S,VINCENNES AVE,2212.0,2,NO INDICATION OF INJURY,0.0,0.0,0.0,0.0,0.0,3.0,0.0,13,7,5,41.703955696,-87.65722902700001,POINT (-87.657229027493 41.703955695682),2021,810
O1087822,DRIVER,38f157261e469c04a25fc00a943d0fb6d81d3b40cd19ab3ff972af58a4b60ada1c105db0266ea5a6cddac8066448afcc56bb7c452e19b4f20afb8aa0eab5ec43,JE218057,1031740.0,05/02/2021 11:00:00 PM,CHICAGO,IL,60644,F,29.0,SAFETY BELT USED,DID NOT DEPLOY,NONE,NO INDICATION OF INJURY,NONE,NOT OBSCURED,NORMAL,TEST NOT OFFERED,2021,JE218057,05/02/2021 11:00:00 PM,30,STOP SIGN/FLASHER,FUNCTIONING PROPERLY,CLEAR,"DARKNESS, LIGHTED ROAD",SIDESWIPE OPPOSITE DIRECTION,NOT DIVIDED,STRAIGHT AND LEVEL,DRY,NO DEFECTS,NOT ON SCENE (DESK REPORT),NO INJURY / DRIVE AWAY,Y,Y,"OVER $1,500",05/03/2021 10:10:00 AM,UNABLE TO DETERMINE,NOT APPLICABLE,4558,W,WASHINGTON BLVD,1113.0,2,NO INDICATION OF INJURY,0.0,0.0,0.0,0.0,0.0,4.0,0.0,23,1,5,41.881986158000004,-87.740041048,POINT (-87.740041048403 41.881986158202),2021,1380
O1141627,DRIVER,3ffee428f80a11dfe567f917d426a33dff50a9dc8435445690b45effd48d74062c28441d044c1d99e149676fb097dd8467c9c7bf9625f3bcf5eb85419e460296,JE304590,1082901.0,07/17/2021 10:20:00 AM,CHICAGO,IL,60628,F,43.0,SAFETY BELT USED,DID NOT DEPLOY,NONE,NO INDICATION OF INJURY,NONE,NOT OBSCURED,NORMAL,TEST NOT OFFERED,2021,JE304590,07/17/2021 10:20:00 AM,30,TRAFFIC SIGNAL,FUNCTIONING PROPERLY,CLEAR,DAYLIGHT,REAR END,FOUR WAY,STRAIGHT AND LEVEL,DRY,NO DEFECTS,NOT ON SCENE (DESK REPORT),NO INJURY / DRIVE AWAY,Y,Y,$500 OR LESS,07/17/2021 02:30:00 PM,UNABLE TO DETERMINE,UNABLE TO DETERMINE,501,S,WELLS ST,123.0,2,NO INDICATION OF INJURY,0.0,0.0,0.0,0.0,0.0,2.0,0.0,10,7,7,41.875537195,-87.633510218,POINT (-87.633510217783 41.875537195373),2021,620
O1237968,DRIVER,84be7f8d9ff6a774fdebe362139c7b4731bdf9531b530f7091011de157adbc0014112acfa328c44d54d484e5d6f2c98a7406331b798874170b5bfb0019094390,JE463629,1174955.0,12/02/2021 02:00:00 PM,DARIEN,IL,60561,M,45.0,USAGE UNKNOWN,DEPLOYMENT UNKNOWN,NONE,NO INDICATION OF INJURY,NONE,NOT OBSCURED,NORMAL,TEST NOT OFFERED,2021,JE463629,12/02/2021 02:00:00 PM,30,TRAFFIC SIGNAL,FUNCTIONING PROPERLY,CLEAR,DAYLIGHT,ANGLE,NOT DIVIDED,STRAIGHT AND LEVEL,WET,UNKNOWN,NOT ON SCENE (DESK REPORT),NO INJURY / DRIVE AWAY,Y,Y,"OVER $1,500",12/02/2021 02:14:00 PM,UNABLE TO DETERMINE,NOT APPLICABLE,250,W,51ST ST,935.0,2,NO INDICATION OF INJURY,0.0,0.0,0.0,0.0,0.0,2.0,0.0,14,5,12,41.801918266,-87.632858751,POINT (-87.632858751487 41.801918265594),2021,840
O1085499,DRIVER,6a24d3bee313f51f65203d793b624d46d0ab28c4049cefa66a6ac2f753683d4d17302ba554ddc9d200375dcc8d992688f3bc3d6b8421f546ebb0ec78f076cc9f,JE214394,1029489.0,04/29/2021 08:10:00 PM,CHICAGO,IL,60617,M,24.0,USAGE UNKNOWN,DID NOT DEPLOY,NONE,NO INDICATION OF INJURY,FAILED TO YIELD,UNKNOWN,NORMAL,TEST NOT OFFERED,2021,JE214394,04/29/2021 08:10:00 PM,30,TRAFFIC SIGNAL,FUNCTIONING PROPERLY,CLEAR,"DARKNESS, LIGHTED ROAD",SIDESWIPE SAME DIRECTION,FOUR WAY,STRAIGHT AND LEVEL,DRY,NO DEFECTS,ON SCENE,NO INJURY / DRIVE AWAY,Y,N,"OVER $1,500",04/29/2021 08:32:00 PM,FAILING TO YIELD RIGHT-OF-WAY,IMPROPER OVERTAKING/PASSING,1558,W,95TH ST,2221.0,2,NO INDICATION OF INJURY,0.0,0.0,0.0,0.0,0.0,2.0,0.0,20,5,4,41.721325751,-87.66262509799999,POINT (-87.662625097876 41.721325750833),2021,1210
O1105105,DRIVER,017d28f07fad0d9ebb01c8de68cc1610ccb759cf91f94fd619516dacdccf9b5e6d1c59515cc6d20066f083cf49a8fb56916a27a82d8879983c884661861f495f,JE245916,1048296.0,05/28/2021 12:30:00 PM,CHICAGO,IL,60632,F,26.0,SAFETY BELT USED,DID NOT DEPLOY,NONE,NO INDICATION OF INJURY,NONE,NOT OBSCURED,NORMAL,TEST NOT OFFERED,2021,JE245916,05/28/2021 12:30:00 PM,15,NO CONTROLS,NO CONTROLS,CLEAR,DAYLIGHT,ANGLE,OTHER,STRAIGHT AND LEVEL,DRY,NO DEFECTS,NOT ON SCENE (DESK REPORT),NO INJURY / DRIVE AWAY,N,N,"OVER $1,500",05/28/2021 03:00:00 PM,FAILING TO YIELD RIGHT-OF-WAY,UNABLE TO DETERMINE,2710,W,PERSHING RD,911.0,2,NO INDICATION OF INJURY,0.0,0.0,0.0,0.0,0.0,2.0,0.0,12,6,5,41.8229364,-87.69266598200001,POINT (-87.692665982438 41.822936399876),2021,750
O1135181,DRIVER,b956c950e26054b5c95878a3191dc79c05646b6c3cb4f371f4ad8947aa5a22b3ec158d1a6fd15fece3578dfce6a38860fa8e60511d6854d34c859ca0cc65910d,JE293737,1076741.0,07/07/2021 05:42:00 PM,SCHERERVILLE,IN,46375,M,51.0,SAFETY BELT USED,DID NOT DEPLOY,NONE,NO INDICATION OF INJURY,NONE,UNKNOWN,NORMAL,TEST NOT OFFERED,2021,JE293737,07/07/2021 05:42:00 PM,30,TRAFFIC SIGNAL,FUNCTIONING PROPERLY,CLEAR,DAYLIGHT,FIXED OBJECT,DIVIDED - W/MEDIAN BARRIER,STRAIGHT AND LEVEL,DRY,NO DEFECTS,ON SCENE,INJURY AND / OR TOW DUE TO CRASH,Y,Y,"OVER $1,500",07/07/2021 05:43:00 PM,IMPROPER OVERTAKING/PASSING,NOT APPLICABLE,1198,S,CLARK ST,123.0,2,NO INDICATION OF INJURY,0.0,0.0,0.0,0.0,0.0,2.0,0.0,17,4,7,41.867460875999996,-87.63058401299999,POINT (-87.630584012642 41.867460876064),2021,1062
O1054655,DRIVER,9a94a63ef4131b24c284a37bdc8728ba7db1cc3c13b847e74d8573a83a41e01014929563db5be76d8d51e8a414c0cc976214a4414276af12653ee1656bb78702,JE161259,1000039.0,03/06/2021 06:43:00 PM,CHICAGO,IL,60651,M,59.0,USAGE UNKNOWN,DID NOT DEPLOY,NONE,NO INDICATION OF INJURY,UNKNOWN,NOT OBSCURED,NORMAL,TEST NOT OFFERED,2021,JE161259,03/06/2021 06:43:00 PM,30,NO CONTROLS,NO CONTROLS,CLEAR,DARKNESS,SIDESWIPE SAME DIRECTION,DIVIDED - W/MEDIAN (NOT RAISED),STRAIGHT AND LEVEL,DRY,NO DEFECTS,ON SCENE,NO INJURY / DRIVE AWAY,Y,Y,"$501 - $1,500",03/06/2021 06:46:00 PM,UNABLE TO DETERMINE,NOT APPLICABLE,3736,W,CHICAGO AVE,1112.0,3,NO INDICATION OF INJURY,0.0,0.0,0.0,0.0,0.0,2.0,0.0,18,7,3,41.895534261,-87.72020487200001,POINT (-87.720204872081 41.895534260552),2021,1123
O1096774,DRIVER,c9c486d01d279ebffdb248971371e34443035287a41615cba3c2d3fa7de0de853295ae4751412d9f5c80dc85843de2063f4d1221723dddf4e81a7333793658ed,JE232339,1040300.0,05/16/2021 08:30:00 PM,CHICAGO,IL,60634,F,53.0,SAFETY BELT USED,"DEPLOYED, COMBINATION",NONE,NONINCAPACITATING INJURY,NONE,NOT OBSCURED,NORMAL,TEST NOT OFFERED,2021,JE232339,05/16/2021 08:30:00 PM,30,STOP SIGN/FLASHER,FUNCTIONING PROPERLY,CLEAR,"DARKNESS, LIGHTED ROAD",ANGLE,FOUR WAY,STRAIGHT AND LEVEL,DRY,NO DEFECTS,ON SCENE,INJURY AND / OR TOW DUE TO CRASH,Y,Y,"OVER $1,500",05/16/2021 08:35:00 PM,DISREGARDING STOP SIGN,UNABLE TO DETERMINE,3500,N,LARAMIE AVE,1634.0,3,NONINCAPACITATING INJURY,3.0,0.0,0.0,3.0,0.0,1.0,0.0,20,1,5,41.944220478000005,-87.75701251299999,POINT (-87.757012512725 41.94422047792),2021,1230
O1171733,DRIVER,8c359dfa5dd893305157664cee67c3ca31855596f4b3fc92a0c75f2b3026dfb9d6ee019d2c3bd1e0612741833f171dc89b712f6020decd9fa69d06767a63cbcd,JE353584,1111536.0,08/28/2021 11:00:00 PM,CHICAGO,IL,60617,F,39.0,SAFETY BELT USED,DID NOT DEPLOY,NONE,NONINCAPACITATING INJURY,NONE,UNKNOWN,NORMAL,TEST NOT OFFERED,2021,JE353584,08/28/2021 11:00:00 PM,30,TRAFFIC SIGNAL,UNKNOWN,CLEAR,"DARKNESS, LIGHTED ROAD",ANGLE,FOUR WAY,STRAIGHT AND LEVEL,DRY,UNKNOWN,ON SCENE,INJURY AND / OR TOW DUE TO CRASH,Y,Y,"OVER $1,500",08/28/2021 11:09:00 PM,DISREGARDING TRAFFIC SIGNALS,FAILING TO REDUCE SPEED TO AVOID CRASH,3600,W,47TH ST,821.0,2,NONINCAPACITATING INJURY,1.0,0.0,0.0,1.0,0.0,1.0,0.0,23,7,8,41.808097771999996,-87.71429135700001,POINT (-87.714291357145 41.808097772378),2021,1380
O1247828,DRIVER,0c59995dd08f55a1070c27087bbb524ecd5a3712baf31cb5e890e79a7ed5ae9002386f53e13e1d123e00e210e6e75aab1f034d9c739b473d1d0ddb835e5acc3f,JE480535,1184361.0,12/17/2021 10:45:00 AM,CHICAGO,IL,60609,F,65.0,SAFETY BELT USED,DID NOT DEPLOY,NONE,NO INDICATION OF INJURY,NONE,NOT OBSCURED,NORMAL,TEST NOT OFFERED,2021,JE480535,12/17/2021 10:45:00 AM,30,TRAFFIC SIGNAL,NOT FUNCTIONING,CLEAR,DAYLIGHT,REAR END,FOUR WAY,STRAIGHT AND LEVEL,DRY,NO DEFECTS,NOT ON SCENE (DESK REPORT),NO INJURY / DRIVE AWAY,Y,Y,"$501 - $1,500",12/17/2021 11:30:00 AM,FOLLOWING TOO CLOSELY,UNABLE TO DETERMINE,1801,S,DAMEN AVE,1234.0,2,NO INDICATION OF INJURY,0.0,0.0,0.0,0.0,0.0,2.0,0.0,10,6,12,41.857619325,-87.67584648399999,POINT (-87.675846483918 41.857619325173),2021,645
O1061449,DRIVER,d7064f2c2b62083331ee07beb4d0e111f0f07c239dbe2e931ae02f493a4fff66249aaf1385333bcc96e744caca3e18922060248f49fd12e89844d4577af6dead,JE173929,1006574.0,03/20/2021 12:12:00 AM,CHICAGO,IL,60623,F,28.0,SAFETY BELT USED,DID NOT DEPLOY,NONE,"REPORTED, NOT EVIDENT",NONE,UNKNOWN,NORMAL,TEST NOT OFFERED,2021,JE173929,03/20/2021 12:12:00 AM,30,STOP SIGN/FLASHER,FUNCTIONING PROPERLY,CLEAR,"DARKNESS, LIGHTED ROAD",TURNING,T-INTERSECTION,STRAIGHT AND LEVEL,DRY,NO DEFECTS,ON SCENE,INJURY AND / OR TOW DUE TO CRASH,Y,Y,"OVER $1,500",03/20/2021 12:12:00 AM,UNABLE TO DETERMINE,NOT APPLICABLE,1232,N,PULASKI RD,2534.0,2,"REPORTED, NOT EVIDENT",2.0,0.0,0.0,0.0,2.0,1.0,0.0,0,7,3,41.903620833000005,-87.726475647,POINT (-87.726475647096 41.90362083266),2021,12
O1140156,DRIVER,cd6964480c5f57e8d050309b5421d610969b88dbb617befe201131f0b7b03b13b7c4ef381ef91909a0b3ec4398eae7fc22911635e72bf756e762bf1401227905,JE302104,1081500.0,07/15/2021 10:27:00 AM,OAK PARK,IL,60302,M,52.0,USAGE UNKNOWN,DID NOT DEPLOY,NONE,NO INDICATION OF INJURY,NONE,UNKNOWN,NORMAL,TEST NOT OFFERED,2021,JE302104,07/15/2021 10:27:00 AM,30,TRAFFIC SIGNAL,FUNCTIONING PROPERLY,RAIN,DAYLIGHT,TURNING,NOT DIVIDED,STRAIGHT AND LEVEL,WET,NO DEFECTS,ON SCENE,NO INJURY / DRIVE AWAY,Y,Y,"OVER $1,500",07/15/2021 10:31:00 AM,DISREGARDING TRAFFIC SIGNALS,NOT APPLICABLE,5500,S,INDIANA AVE,231.0,2,NO INDICATION OF INJURY,0.0,0.0,0.0,0.0,0.0,5.0,0.0,10,5,7,41.794368962,-87.620983313,POINT (-87.620983312554 41.794368962316),2021,627
O1248353,DRIVER,c331808e839fcc56cc0ff0f510968f9e0c9d9eaaf617240659ea7e827a2bceda7ab3ebaac2d3fdaac84ee92a95730c8b27ba21bcf855b08ac3ead847c2ee3cff,JE481343,1184865.0,12/18/2021 02:21:00 AM,CHICAGO,IL,60628,M,48.0,USAGE UNKNOWN,"DEPLOYED, COMBINATION",NONE,NO INDICATION OF INJURY,UNKNOWN,UNKNOWN,NORMAL,TEST NOT OFFERED,2021,JE481343,12/18/2021 02:21:00 AM,30,UNKNOWN,UNKNOWN,RAIN,"DARKNESS, LIGHTED ROAD",REAR TO FRONT,FOUR WAY,STRAIGHT AND LEVEL,WET,NO DEFECTS,ON SCENE,INJURY AND / OR TOW DUE TO CRASH,Y,Y,"OVER $1,500",12/18/2021 02:21:00 AM,UNABLE TO DETERMINE,UNABLE TO DETERMINE,400,E,63RD ST,313.0,4,"REPORTED, NOT EVIDENT",1.0,0.0,0.0,0.0,1.0,3.0,0.0,2,7,12,41.780349967,-87.61556531299999,POINT (-87.615565312868 41.780349966941),2021,141
O1185950,DRIVER,575d98032396947f81593f0810899de760177b31c29bfab18a4e84c5262cf49d8be78754de803893fe58ba5347d5af525a31cac5eca1db93abf6793fd20de9c1,JE377323,1125120.0,09/17/2021 11:50:00 AM,OAK PARK,IL,60302,M,41.0,SAFETY BELT USED,DID NOT DEPLOY,NONE,NONINCAPACITATING INJURY,UNKNOWN,UNKNOWN,UNKNOWN,TEST NOT OFFERED,2021,JE377323,09/17/2021 11:50:00 AM,30,TRAFFIC SIGNAL,FUNCTIONING PROPERLY,CLEAR,DAYLIGHT,TURNING,FOUR WAY,STRAIGHT AND LEVEL,DRY,UNKNOWN,NOT ON SCENE (DESK REPORT),INJURY AND / OR TOW DUE TO CRASH,Y,Y,"OVER $1,500",09/17/2021 04:02:00 PM,UNABLE TO DETERMINE,UNABLE TO DETERMINE,634,W,LAKE ST,1214.0,2,NONINCAPACITATING INJURY,1.0,0.0,0.0,1.0,0.0,1.0,0.0,11,6,9,41.88580702,-87.644171895,POINT (-87.644171894657 41.885807019662),2021,710
O1208126,DRIVER,29604edd47ac54329ba869114b128e8bb3049fbefd7cd5e26ebc668e447c20b6eb53306add5a82886e234600903a718c31f848fac893e753ce7f00c2a367eccd,JE414431,1146333.0,10/18/2021 06:00:00 PM,CHCIAGO,IL,60622,M,49.0,USAGE UNKNOWN,DID NOT DEPLOY,NONE,NO INDICATION OF INJURY,NONE,UNKNOWN,NORMAL,TEST NOT OFFERED,2021,JE414431,10/18/2021 06:00:00 PM,30,NO CONTROLS,NO CONTROLS,CLEAR,"DARKNESS, LIGHTED ROAD",ANGLE,NOT DIVIDED,STRAIGHT AND LEVEL,DRY,NO DEFECTS,NOT ON SCENE (DESK REPORT),NO INJURY / DRIVE AWAY,Y,Y,"OVER $1,500",10/18/2021 08:25:00 PM,UNABLE TO DETERMINE,UNABLE TO DETERMINE,2656,N,ELSTON AVE,1432.0,2,NO INDICATION OF INJURY,0.0,0.0,0.0,0.0,0.0,2.0,0.0,18,2,10,41.929848997,-87.684643784,POINT (-87.684643783527 41.929848996597),2021,1080
O1142288,DRIVER,c2f545cb4094a237093223542b27366421ba19157898c3f8b22d3a22ecbad1992fddc042ca18aab7d193d7872307f8bd9fa32907233e48aed3d9324867c7d47e,JE305452,1083535.0,07/18/2021 09:15:00 AM,SPRINGFIELD,IL,62703,F,29.0,USAGE UNKNOWN,DID NOT DEPLOY,NONE,NONINCAPACITATING INJURY,NONE,UNKNOWN,NORMAL,TEST NOT OFFERED,2021,JE305452,07/18/2021 09:15:00 AM,30,NO CONTROLS,NO CONTROLS,CLEAR,DAYLIGHT,ANGLE,ALLEY,STRAIGHT AND LEVEL,DRY,NO DEFECTS,ON SCENE,INJURY AND / OR TOW DUE TO CRASH,Y,Y,"OVER $1,500",07/18/2021 09:58:00 AM,UNABLE TO DETERMINE,UNABLE TO DETERMINE,6914,S,HARPER AVE,332.0,2,NONINCAPACITATING INJURY,1.0,0.0,0.0,1.0,0.0,2.0,0.0,9,1,7,41.769191072,-87.588118035,POINT (-87.588118034874 41.769191071758),2021,555