PERSON_ID,PERSON_TYPE,CRASH_RECORD_ID,RD_NO_x,VEHICLE_ID,CRASH_DATE_x,CITY,STATE,ZIPCODE,SEX,AGE,SAFETY_EQUIPMENT,AIRBAG_DEPLOYED,EJECTION,INJURY_CLASSIFICATION,DRIVER_ACTION,DRIVER_VISION,PHYSICAL_CONDITION,BAC_RESULT,CRASH_YEAR_x,RD_NO_y,CRASH_DATE_y,POSTED_SPEED_LIMIT,TRAFFIC_CONTROL_DEVICE,DEVICE_CONDITION,WEATHER_CONDITION,LIGHTING_CONDITION,FIRST_CRASH_TYPE,TRAFFICWAY_TYPE,ALIGNMENT,ROADWAY_SURFACE_COND,ROAD_DEFECT,REPORT_TYPE,CRASH_TYPE,INTERSECTION_RELATED_I,HIT_AND_RUN_I,DAMAGE,DATE_POLICE_NOTIFIED,PRIM_CONTRIBUTORY_CAUSE,SEC_CONTRIBUTORY_CAUSE,STREET_NO,STREET_DIRECTION,STREET_NAME,BEAT_OF_OCCURRENCE,NUM_UNITS,MOST_SEVERE_INJURY,INJURIES_TOTAL,INJURIES_FATAL,INJURIES_INCAPACITATING,INJURIES_NON_INCAPACITATING,INJURIES_REPORTED_NOT_EVIDENT,INJURIES_NO_INDICATION,INJURIES_UNKNOWN,CRASH_HOUR,CRASH_DAY_OF_WEEK,CRASH_MONTH,LATITUDE,LONGITUDE,LOCATION,CRASH_YEAR_y,TIME
O1190504,DRIVER,3e5bccd44627bbe9f34f77500a53728112c8d56a3c2582389d1809ca816d050d5bc3285fb58154434f37b6a79dd2aaf72e34b60d1fce8a85ebbd38a814d428a5,JE384887,1129518.0,09/23/2021 06:28:00 PM,CHICAGO,IL,60616,M,28.0,USAGE UNKNOWN,"DEPLOYED, COMBINATION",NONE,NO INDICATION OF INJURY,OTHER,UNKNOWN,NORMAL,TEST NOT OFFERED,2021,JE384887,09/23/2021 06:28:00 PM,30,NO CONTROLS,NO CONTROLS,CLEAR,DAYLIGHT,TURNING,FOUR WAY,STRAIGHT AND LEVEL,DRY,NO DEFECTS,ON SCENE,NO INJURY / DRIVE AWAY,Y,Y,"OVER $1,500",09/23/2021 07:00:00 PM,FAILING TO REDUCE SPEED TO AVOID CRASH,NOT APPLICABLE,1701,W,CERMAK RD,1034.0,2,NO INDICATION OF INJURY,0.0,0.0,0.0,0.0,0.0,3.0,0.0,18,5,9,41.852174339,-87.66856731700001,POINT (-87.668567316702 41.852174339134),2021,1108
O1251362,DRIVER,0525393837f5c2bbb70392ae8b1925225a0788cf40b2b5e56d6f979e39c21d0bc9c5b8ce4048f853eb416c07ece261fd4f2e5c44772a1925e106cd58b59a7001,JE486820,1187775.0,12/23/2021 12:00:00 PM,MELROSE PARK,IL,60160,M,46.0,SAFETY BELT USED,NOT APPLICABLE,NONE,NO INDICATION OF INJURY,NONE,UNKNOWN,NORMAL,TEST NOT OFFERED,2021,JE486820,12/23/2021 12:00:00 PM,30,TRAFFIC SIGNAL,FUNCTIONING PROPERLY,CLEAR,DAYLIGHT,TURNING,DIVIDED - W/MEDIAN (NOT RAISED),STRAIGHT AND LEVEL,DRY,NO DEFECTS,ON SCENE,INJURY AND / OR TOW DUE TO CRASH,Y,Y,"OVER $1,500",12/23/2021 12:12:00 PM,FAILING TO YIELD RIGHT-OF-WAY,UNABLE TO DETERMINE,5200,W,FOSTER AVE,1623.0,3,NO INDICATION OF INJURY,0.0,0.0,0.0,0.0,0.0,4.0,0.0,12,5,12,41.975328264,-87.75783826,POINT (-87.75783826009 41.975328264207),2021,720
O1253937,DRIVER,7f6611fbc0af1cfd47bd15a379e540b4c1ae4666f347902392cc24f09f90453d27404c97a209ba16aa77ad7fc5668d8e8335cfab11f2f655e9600b0c0551f55f,JE491137,1190271.0,12/28/2021 02:09:00 PM,DOLTON,IL,60419,M,63.0,USAGE UNKNOWN,DEPLOYMENT UNKNOWN,UNKNOWN,NO INDICATION OF INJURY,NONE,NOT OBSCURED,NORMAL,TEST NOT OFFERED,2021,JE491137,12/28/2021 02:09:00 PM,30,TRAFFIC SIGNAL,FUNCTIONING PROPERLY,SNOW,DAYLIGHT,REAR END,DIVIDED - W/MEDIAN (NOT RAISED),STRAIGHT AND LEVEL,SNOW OR SLUSH,NO DEFECTS,NOT ON SCENE (DESK REPORT),NO INJURY / DRIVE AWAY,Y,Y,"OVER $1,500",12/28/2021 03:30:00 PM,UNABLE TO DETERMINE,UNABLE TO DETERMINE,3701,S,COTTAGE GROVE AVE,212.0,2,NO INDICATION OF INJURY,0.0,0.0,0.0,0.0,0.0,2.0,0.0,14,3,12,41.827716214,-87.60866527399999,POINT (-87.60866527438 41.827716213822),2021,849
O1192780,DRIVER,728211b6aa8f09ddfe06412dd1895fdd27dafd751ecbe335a14c59fc05c936abd69bfb0a993252230628c7f5ddef27d884042988a0363965003dbebe112df5fd,JE388624,1131715.0,09/27/2021 06:30:00 AM,CHICAGO,IL,60660,M,54.0,SAFETY BELT USED,NOT APPLICABLE,NONE,NO INDICATION OF INJURY,NONE,NOT OBSCURED,NORMAL,TEST NOT OFFERED,2021,JE388624,09/27/2021 06:30:00 AM,30,TRAFFIC SIGNAL,FUNCTIONING PROPERLY,CLEAR,DAYLIGHT,ANGLE,FOUR WAY,STRAIGHT AND LEVEL,DRY,NO DEFECTS,NOT ON SCENE (DESK REPORT),NO INJURY / DRIVE AWAY,Y,Y,"OVER $1,500",09/27/2021 07:20:00 AM,UNABLE TO DETERMINE,UNABLE TO DETERMINE,7068,N,CLARK ST,2424.0,2,NO INDICATION OF INJURY,0.0,0.0,0.0,0.0,0.0,2.0,0.0,6,2,9,42.010993254,-87.674516364,POINT (-87.674516363676 42.01099325393),2021,390
O1162872,DRIVER,76af11e8925b9a24c1b7af0820e0ed6b8db2b9a7c7336c617ec404e14d2202bf627409994cd967deae4334e97b7837686626d398dfea73b1e3dfbe9a7e03f1f0,JE338939,1103089.0,08/16/2021 07:46:00 AM,OAK LAWN,IL,60453,F,26.0,SAFETY BELT USED,NOT APPLICABLE,NONE,NO INDICATION OF INJURY,NONE,NOT OBSCURED,NORMAL,TEST NOT OFFERED,2021,JE338939,08/16/2021 07:46:00 AM,30,TRAFFIC SIGNAL,FUNCTIONING PROPERLY,CLEAR,DAYLIGHT,TURNING,FOUR WAY,STRAIGHT AND LEVEL,DRY,NO DEFECTS,ON SCENE,INJURY AND / OR TOW DUE TO CRASH,Y,Y,"OVER $1,500",08/16/2021 07:57:00 AM,UNABLE TO DETERMINE,UNABLE TO DETERMINE,2359,W,43RD ST,922.0,2,NO INDICATION OF INJURY,0.0,0.0,0.0,0.0,0.0,2.0,0.0,7,2,8,41.815594800999996,-87.683975474,POINT (-87.683975473732 41.815594800565),2021,466
O1148900,DRIVER,2f2a88aabe2fcab3894c3b12f1d28ddaa76ddf8fa93e49b07783040ee213862ec93de0a7bf31a0fa14daf44cbecc42a622f51468389beb120c16d354a42fb5a0,JE316349,1089785.0,07/27/2021 04:57:00 PM,NAPERVILLE,IL,60565,F,54.0,SAFETY BELT USED,DID NOT DEPLOY,NONE,NO INDICATION OF INJURY,UNKNOWN,NOT OBSCURED,NORMAL,TEST NOT OFFERED,2021,JE316349,07/27/2021 04:57:00 PM,30,TRAFFIC SIGNAL,FUNCTIONING PROPERLY,CLEAR,DAYLIGHT,REAR END,DIVIDED - W/MEDIAN (NOT RAISED),STRAIGHT AND LEVEL,DRY,NO DEFECTS,NOT ON SCENE (DESK REPORT),NO INJURY / DRIVE AWAY,Y,N,"$501 - $1,500",07/27/2021 05:35:00 PM,UNABLE TO DETERMINE,NOT APPLICABLE,100,N,CICERO AVE,1532.0,2,NO INDICATION OF INJURY,0.0,0.0,0.0,0.0,0.0,2.0,0.0,16,3,7,41.88187971,-87.74548924700001,POINT (-87.745489247301 41.881879709916),2021,1017
O1196172,DRIVER,53225523e921223e422a031de4f31073f9b5cdb335d06fb99395c8caf0b8655cd8cd96968f964675a1f4bb57e2fe33857c22924a457943c9dbca3a18f4eb10a9,JE394165,1134942.0,10/01/2021 02:55:00 PM,CHICAGO,IL,60623,M,35.0,USAGE UNKNOWN,"DEPLOYED, FRONT",NONE,NONINCAPACITATING INJURY,NONE,NOT OBSCURED,NORMAL,TEST NOT OFFERED,2021,JE394165,10/01/2021 02:55:00 PM,35,TRAFFIC SIGNAL,FUNCTIONING PROPERLY,CLEAR,DAYLIGHT,TURNING,DIVIDED - W/MEDIAN (NOT RAISED),STRAIGHT AND LEVEL,DRY,NO DEFECTS,ON SCENE,INJURY AND / OR TOW DUE TO CRASH,Y,N,"OVER $1,500",10/01/2021 03:00:00 PM,FAILING TO YIELD RIGHT-OF-WAY,NOT APPLICABLE,3600,W,OGDEN AVE,1014.0,2,NONINCAPACITATING INJURY,1.0,0.0,0.0,1.0,0.0,1.0,0.0,14,6,10,41.854645702,-87.715206252,POINT (-87.715206251845 41.854645701934),2021,895
O1155991,DRIVER,f8e16b72ce7e1365be288e65657ebb0c2b7d5d8a9ed5d74302c4eaa4a5a515c7fbeeee0c1afc9b4391077d25396944db5d65d5a3ebd185f17d6aea2292ed760e,JE328070,1096548.0,08/06/2021 09:10:00 AM,MARQUETTE,MI,49855,M,31.0,SAFETY BELT USED,DID NOT DEPLOY,NONE,NO INDICATION OF INJURY,NONE,NOT OBSCURED,NORMAL,TEST NOT OFFERED,2021,JE328070,08/06/2021 09:10:00 AM,30,TRAFFIC SIGNAL,FUNCTIONING PROPERLY,CLOUDY/OVERCAST,DAYLIGHT,TURNING,FOUR WAY,STRAIGHT ON HILLCREST,DRY,NO DEFECTS,ON SCENE,INJURY AND / OR TOW DUE TO CRASH,Y,Y,"OVER $1,500",08/06/2021 09:20:00 AM,FAILING TO YIELD RIGHT-OF-WAY,IMPROPER TURNING/NO SIGNAL,3101,S,DAMEN AVE,912.0,2,NO INDICATION OF INJURY,0.0,0.0,0.0,0.0,0.0,2.0,0.0,9,6,8,41.837583715,-87.675297065,POINT (-87.675297065207 41.837583715003),2021,550
O1245043,DRIVER,30ba3417e1ffe8243227f8e3b80b6ff2d0c98d4a7695fb4114e4c3e37dec90e1876276b44162d330a00e5a1ad476aa5c224ab93de8312e4b5f4de20a19ef19c6,JE475299,1181707.0,12/12/2021 06:59:00 PM,CHICAGO,IL,60652,M,27.0,SAFETY BELT USED,DID NOT DEPLOY,NONE,NO INDICATION OF INJURY,NONE,NOT OBSCURED,NORMAL,TEST NOT OFFERED,2021,JE475299,12/12/2021 06:59:00 PM,25,TRAFFIC SIGNAL,FUNCTIONING PROPERLY,CLEAR,"DARKNESS, LIGHTED ROAD",ANGLE,FOUR WAY,STRAIGHT AND LEVEL,DRY,NO DEFECTS,ON SCENE,INJURY AND / OR TOW DUE TO CRASH,Y,Y,"OVER $1,500",12/12/2021 07:00:00 PM,DISREGARDING TRAFFIC SIGNALS,FAILING TO REDUCE SPEED TO AVOID CRASH,5900,S,ST LOUIS AVE,822.0,4,NO INDICATION OF INJURY,0.0,0.0,0.0,0.0,0.0,3.0,0.0,18,1,12,41.786067359,-87.710800151,POINT (-87.710800151368 41.786067358991),2021,1139
O1223117,DRIVER,3f3175e1a189dec1d22ae20fd3242d4bf841992b1507c0a1df01b8c7ddafaad448f02d93fef4d8fabc942b9d96490a5c991fab1cecf8abcb67f6eb37e86e8558,JE438357,1160653.0,11/08/2021 03:30:00 PM,HAMMOND,IN,46320,M,33.0,SAFETY BELT USED,DID NOT DEPLOY,NONE,NO INDICATION OF INJURY,NONE,NOT OBSCURED,NORMAL,TEST NOT OFFERED,2021,JE438357,11/08/2021 03:30:00 PM,30,STOP SIGN/FLASHER,FUNCTIONING PROPERLY,CLEAR,DAYLIGHT,SIDESWIPE SAME DIRECTION,FOUR WAY,STRAIGHT AND LEVEL,DRY,NO DEFECTS,ON SCENE,NO INJURY / DRIVE AWAY,Y,Y,"OVER $1,500",11/08/2021 03:31:00 PM,FAILING TO YIELD RIGHT-OF-WAY,NOT APPLICABLE,1201,W,99TH ST,2232.0,2,NO INDICATION OF INJURY,0.0,0.0,0.0,0.0,0.0,2.0,0.0,15,2,11,41.713984241999995,-87.65276083299999,POINT (-87.652760833216 41.713984241915),2021,930
O1240027,DRIVER,441b12dc283a9731e2047c8944259f7f05ede6c080481fe818e47741b9c960caaf40ad3ffaaa12376b9d7b79b88a269fae3a7a2f49fa90231e31a0753e27ee14,JE466930,1176916.0,12/04/2021 06:00:00 PM,BROADVIEW,IL,60155,F,40.0,SAFETY BELT USED,DID NOT DEPLOY,NONE,NO INDICATION OF INJURY,NONE,NOT OBSCURED,NORMAL,TEST NOT OFFERED,2021,JE466930,12/04/2021 06:00:00 PM,30,NO CONTROLS,NO CONTROLS,CLEAR,DARKNESS,SIDESWIPE SAME DIRECTION,FOUR WAY,STRAIGHT AND LEVEL,DRY,NO DEFECTS,NOT ON SCENE (DESK REPORT),NO INJURY / DRIVE AWAY,Y,Y,"OVER $1,500",12/05/2021 02:00:00 PM,IMPROPER OVERTAKING/PASSING,IMPROPER LANE USAGE,4800,W,MADISON ST,1533.0,2,NO INDICATION OF INJURY,0.0,0.0,0.0,0.0,0.0,2.0,0.0,18,7,12,41.880606224,-87.745402286,POINT (-87.745402285926 41.880606224313),2021,1080
O1191406,DRIVER,e21485cf02bcf860ba772d01de0f3d546c304b7fae649473f60331e7f33ef8e3a14f472e755885f4a38084a4cb787d10f44c6c54b5f060756670fb8fd80da02e,JE386240,1130370.0,09/24/2021 08:45:00 PM,HODGKINS,IL,60525,M,35.0,USAGE UNKNOWN,NOT APPLICABLE,NONE,NO INDICATION OF INJURY,FAILED TO YIELD,NOT OBSCURED,OTHER,TEST NOT OFFERED,2021,JE386240,09/24/2021 08:45:00 PM,30,TRAFFIC SIGNAL,FUNCTIONING PROPERLY,CLEAR,"DARKNESS, LIGHTED ROAD",SIDESWIPE OPPOSITE DIRECTION,NOT DIVIDED,STRAIGHT AND LEVEL,DRY,NO DEFECTS,ON SCENE,INJURY AND / OR TOW DUE TO CRASH,Y,Y,"OVER $1,500",09/24/2021 08:46:00 PM,"OPERATING VEHICLE IN ERRATIC, RECKLESS, CARELESS, NEGLIGENT OR AGGRESSIVE MANNER",PHYSICAL CONDITION OF DRIVER,6701,S,WESTERN AVE,832.0,2,NONINCAPACITATING INJURY,1.0,0.0,0.0,1.0,0.0,2.0,0.0,20,6,9,41.771888407,-87.683295196,POINT (-87.683295195772 41.77188840672),2021,1245
O1171089,DRIVER,4ef562bf3377e850ae9f7d987125df798071449fa85096c5d53fb45ba9f2b5837030cfc363b1a4006bff229dcbbebd7e79a7a5195017a211d12c32d0a4ddee6e,JE352686,1110925.0,08/28/2021 04:00:00 AM,GLENWOOD,IL,60425,F,28.0,SAFETY BELT USED,"DEPLOYED, FRONT",NONE,NONINCAPACITATING INJURY,NONE,NOT OBSCURED,NORMAL,TEST NOT OFFERED,2021,JE352686,08/28/2021 04:00:00 AM,30,TRAFFIC SIGNAL,FUNCTIONING PROPERLY,CLEAR,"DARKNESS, LIGHTED ROAD",ANGLE,NOT DIVIDED,STRAIGHT AND LEVEL,DRY,NO DEFECTS,ON SCENE,INJURY AND / OR TOW DUE TO CRASH,Y,Y,"OVER $1,500",08/28/2021 04:05:00 AM,DISREGARDING TRAFFIC SIGNALS,UNABLE TO DETERMINE,398,E,MARQUETTE RD,312.0,2,NONINCAPACITATING INJURY,1.0,0.0,0.0,1.0,0.0,1.0,0.0,4,7,8,41.773078408,-87.61553446799999,POINT (-87.615534468181 41.773078407773),2021,240
O1069082,DRIVER,fcffdab750d114670483644f2b6a9ae1ea60e32ec8840e3a2fc0cab942a31c6d185a5852432765cebcd4fb7790517f1ff680dfd2670ac143ca8954e4077eec10,JE186987,1013845.0,04/02/2021 09:30:00 AM,CHICAGO,IL,60617,M,67.0,SAFETY BELT USED,DID NOT DEPLOY,NONE,NO INDICATION OF INJURY,NONE,NOT OBSCURED,NORMAL,TEST NOT OFFERED,2021,JE186987,04/02/2021 09:30:00 AM,30,NO CONTROLS,NO CONTROLS,CLEAR,DAYLIGHT,TURNING,FOUR WAY,STRAIGHT AND LEVEL,DRY,NO DEFECTS,ON SCENE,NO INJURY / DRIVE AWAY,Y,Y,"OVER $1,500",04/02/2021 10:10:00 AM,UNABLE TO DETERMINE,UNABLE TO DETERMINE,898,E,79TH ST,624.0,2,NO INDICATION OF INJURY,0.0,0.0,0.0,0.0,0.0,4.0,0.0,9,6,4,41.751423700000004,-87.60281955,POINT (-87.602819549706 41.751423699524),2021,570
O1105051,DRIVER,171c8c13f1c6e53a41aee93a1650e8243d5f5e4ddc9d92e45d281c8f3d9bb9a1edf168e42e0f897ccd3a133bce56899bf70018628cffa3ea6de04e94f252b350,JE245833,1048239.0,05/28/2021 01:45:00 PM,BOLINGBROOK,IL,60440,F,41.0,USAGE UNKNOWN,DID NOT DEPLOY,NONE,NO INDICATION OF INJURY,NONE,UNKNOWN,NORMAL,TEST NOT OFFERED,2021,JE245833,05/28/2021 01:45:00 PM,30,TRAFFIC SIGNAL,NOT FUNCTIONING,CLOUDY/OVERCAST,DAYLIGHT,ANGLE,FOUR WAY,STRAIGHT AND LEVEL,WET,NO DEFECTS,ON SCENE,INJURY AND / OR TOW DUE TO CRASH,Y,Y,"OVER $1,500",05/28/2021 01:50:00 PM,FAILING TO YIELD RIGHT-OF-WAY,FAILING TO REDUCE SPEED TO AVOID CRASH,3731,W,ROOSEVELT RD,1011.0,2,NO INDICATION OF INJURY,0.0,0.0,0.0,0.0,0.0,2.0,0.0,13,6,5,41.866142102,-87.71918994100001,POINT (-87.719189941159 41.866142102433),2021,825
O1231212,DRIVER,484eaab057758beddc91c9ed13a559033d3a34a1f2fb091752e8ecee3853e67edda10b23f52cd97fcfa209398200e6d143de6165f192cdee86a5c99ab5010dc0,JE451996,1168467.0,11/20/2021 10:06:00 PM,CHICAGO,IL,60644,F,38.0,USAGE UNKNOWN,NOT APPLICABLE,NONE,NO INDICATION OF INJURY,UNKNOWN,UNKNOWN,NORMAL,TEST NOT OFFERED,2021,JE451996,11/20/2021 10:06:00 PM,30,STOP SIGN/FLASHER,FUNCTIONING PROPERLY,CLEAR,"DARKNESS, LIGHTED ROAD",TURNING,ONE-WAY,STRAIGHT AND LEVEL,DRY,NO DEFECTS,NOT ON SCENE (DESK REPORT),NO INJURY / DRIVE AWAY,Y,Y,"$501 - $1,500",11/20/2021 10:20:00 PM,FAILING TO REDUCE SPEED TO AVOID CRASH,NOT APPLICABLE,4800,W,ADAMS ST,1533.0,2,NO INDICATION OF INJURY,0.0,0.0,0.0,0.0,0.0,2.0,0.0,22,7,11,41.878704950999996,-87.745321242,POINT (-87.745321241789 41.878704951467),2021,1326
O1106481,DRIVER,68a21204d57253edc129672e8191eee2459e2f191625f9e7114e6e845ef82d1993199068cbdf2e3c3cdf0b8f928d68077adc70a149178a60a6901382fb615229,JE248023,1049617.0,05/30/2021 03:46:00 PM,CHICAGO,IL,60619,M,63.0,SAFETY BELT USED,"DEPLOYED, COMBINATION",NONE,NO INDICATION OF INJURY,UNKNOWN,NOT OBSCURED,NORMAL,TEST NOT OFFERED,2021,JE248023,05/30/2021 03:46:00 PM,30,TRAFFIC SIGNAL,NOT FUNCTIONING,CLEAR,DAYLIGHT,SIDESWIPE SAME DIRECTION,FOUR WAY,STRAIGHT AND LEVEL,DRY,NO DEFECTS,ON SCENE,INJURY AND / OR TOW DUE TO CRASH,Y,Y,"OVER $1,500",05/30/2021 03:49:00 PM,UNABLE TO DETERMINE,UNABLE TO DETERMINE,8700,S,COTTAGE GROVE AVE,632.0,4,"REPORTED, NOT EVIDENT",1.0,0.0,0.0,0.0,1.0,3.0,0.0,15,1,5,41.736601558000004,-87.6049681,POINT (-87.604968100168 41.736601558476),2021,946
O1243386,DRIVER,da14a6b92890ccde34b449b2d9392cc8ba21b0c454158af0d89b33d8f4c8332435839b694efe3e944b192df6ba15b9e4f590d5ac1ddc27e50ebd3e91089c8d03,JE472899,1180098.0,12/10/2021 03:00:00 PM,OAK LAWN,IL,60453,M,44.0,SAFETY BELT USED,DID NOT DEPLOY,NONE,NO INDICATION OF INJURY,NONE,NOT OBSCURED,NORMAL,TEST NOT OFFERED,2021,JE472899,12/10/2021 03:00:00 PM,30,TRAFFIC SIGNAL,FUNCTIONING PROPERLY,FREEZING RAIN/DRIZZLE,DAYLIGHT,ANGLE,T-INTERSECTION,STRAIGHT AND LEVEL,DRY,NO DEFECTS,NOT ON SCENE (DESK REPORT),NO INJURY / DRIVE AWAY,Y,Y,"$501 - $1,500",12/10/2021 05:15:00 PM,UNABLE TO DETERMINE,UNABLE TO DETERMINE,2362,W,GARFIELD BLVD,923.0,2,NO INDICATION OF INJURY,0.0,0.0,0.0,0.0,0.0,2.0,0.0,15,6,12,41.793973127,-87.683555771,POINT (-87.683555770676 41.793973127324),2021,900
O1167972,DRIVER,0e75ffa16ba8d0b8f6b0bda4131c5cb0b2936780aa33003807aa891b2c9628fd83775cd35e29d21e688070440fbdaf7dc1e0842e16355e87fba4edb94ed8d256,JE347349,1107954.0,08/23/2021 01:50:00 PM,BLUE ISLAND,IL,60406,M,68.0,USAGE UNKNOWN,NOT APPLICABLE,NONE,NO INDICATION OF INJURY,NONE,NOT OBSCURED,NORMAL,TEST NOT OFFERED,2021,JE347349,08/23/2021 01:50:00 PM,30,NO CONTROLS,NO CONTROLS,CLEAR,DAYLIGHT,TURNING,DIVIDED - W/MEDIAN BARRIER,STRAIGHT AND LEVEL,DRY,NO DEFECTS,ON SCENE,INJURY AND / OR TOW DUE TO CRASH,Y,Y,"OVER $1,500",08/23/2021 03:30:00 PM,IMPROPER TURNING/NO SIGNAL,UNABLE TO DETERMINE,1530,E,130TH ST,434.0,3,NO INDICATION OF INJURY,0.0,0.0,0.0,0.0,0.0,3.0,0.0,13,2,8,41.660489724,-87.587804006,POINT (-87.587804005741 41.660489724063),2021,830
O1156852,DRIVER,e084059c9939972d6a08e7c20409ce0006efd3f4730ff2520276d6c9c69f5757ac6f85d9b67b6cbac76497eff0dd57b3b8df18f85a8317981137b656dcd03750,JE329426,1097366.0,08/06/2021 09:55:00 PM,WEST CHICAGO,IL,60185,F,25.0,SAFETY BELT USED,NOT APPLICABLE,NONE,NO INDICATION OF INJURY,NONE,NOT OBSCURED,NORMAL,TEST NOT OFFERED,2021,JE329426,08/06/2021 09:55:00 PM,30,TRAFFIC SIGNAL,FUNCTIONING PROPERLY,RAIN,"DARKNESS, LIGHTED ROAD",SIDESWIPE SAME DIRECTION,NOT DIVIDED,STRAIGHT AND LEVEL,WET,NO DEFECTS,NOT ON SCENE (DESK REPORT),NO INJURY / DRIVE AWAY,Y,Y,"OVER $1,500",08/07/2021 01:30:00 PM,IMPROPER OVERTAKING/PASSING,UNABLE TO DETERMINE,3200,W,BELMONT AVE,1733.0,2,NO INDICATION OF INJURY,0.0,0.0,0.0,0.0,0.0,3.0,0.0,21,6,8,41.939440561,-87.707718516,POINT (-87.707718516309 41.939440561174),2021,1315
O1149842,DRIVER,066179ed32582b988c3f028aff9c83fb1a21cce707b9a6ea4935742348772410d59b47fd05950f36e93988b6213b84dbce806cbd25673d892d1e60ece04b99c9,JE317727,1090704.0,07/28/2021 07:14:00 PM,CHICAGO,IL,60617,M,21.0,SAFETY BELT USED,NOT APPLICABLE,NONE,NONINCAPACITATING INJURY,NONE,NOT OBSCURED,NORMAL,TEST NOT OFFERED,2021,JE317727,07/28/2021 07:14:00 PM,30,TRAFFIC SIGNAL,FUNCTIONING PROPERLY,CLEAR,DAYLIGHT,REAR END,FOUR WAY,STRAIGHT AND LEVEL,DRY,NO DEFECTS,ON SCENE,INJURY AND / OR TOW DUE TO CRASH,Y,Y,"OVER $1,500",07/28/2021 07:17:00 PM,DRIVING SKILLS/KNOWLEDGE/EXPERIENCE,FAILING TO REDUCE SPEED TO AVOID CRASH,7899,S,STONY ISLAND AVE,411.0,4,INCAPACITATING INJURY,4.0,0.0,1.0,3.0,0.0,1.0,0.0,19,4,7,41.75151786,-87.585465141,POINT (-87.585465140554 41.751517859972),2021,1154
O1024554,DRIVER,dfe341ade8e1cdaf4f33766e471c16d188cb0658938e6ba399c3b6a2a65e98adae94564363444aabf1428d6c9a24993dd9a11e2a2d7916c2d7597b9c655f72f4,JE112848,971033.0,01/14/2021 05:35:00 PM,CHICAGO,IL,60618,F,43.0,USAGE UNKNOWN,DID NOT DEPLOY,NONE,NO INDICATION OF INJURY,NONE,NOT OBSCURED,NORMAL,TEST NOT OFFERED,2021,JE112848,01/14/2021 05:35:00 PM,30,TRAFFIC SIGNAL,FUNCTIONING PROPERLY,RAIN,"DARKNESS, LIGHTED ROAD",SIDESWIPE SAME DIRECTION,DIVIDED - W/MEDIAN (NOT RAISED),STRAIGHT AND LEVEL,WET,NO DEFECTS,ON SCENE,INJURY AND / OR TOW DUE TO CRASH,Y,Y,"OVER $1,500",01/14/2021 05:42:00 PM,UNABLE TO DETERMINE,"OPERATING VEHICLE IN ERRATIC, RECKLESS, CARELESS, NEGLIGENT OR AGGRESSIVE MANNER",3153,N,KIMBALL AVE,1412.0,7,"REPORTED, NOT EVIDENT",1.0,0.0,0.0,0.0,1.0,7.0,0.0,17,5,1,41.939024904,-87.71232813399999,POINT (-87.71232813413 41.939024903573),2021,1055
O1187800,DRIVER,1c1cfe9fdf05873993eafac78fca3ef844fe023c61d5fe53fd6be30e50638e99868cc36855c901b54235166861c8baab3c7da32edc526644b2d810a862bb8527,JE380208,1126910.0,09/19/2021 11:26:00 PM,CHICAGO,IL,60640,M,19.0,USAGE UNKNOWN,DID NOT DEPLOY,NONE,NO INDICATION OF INJURY,NONE,NOT OBSCURED,NORMAL,TEST NOT OFFERED,2021,JE380208,09/19/2021 11:26:00 PM,30,TRAFFIC SIGNAL,FUNCTIONING PROPERLY,CLEAR,"DARKNESS, LIGHTED ROAD",REAR END,NOT DIVIDED,STRAIGHT AND LEVEL,DRY,UNKNOWN,NOT ON SCENE (DESK REPORT),NO INJURY / DRIVE AWAY,Y,Y,"$501 - $1,500",09/20/2021 12:15:00 AM,FOLLOWING TOO CLOSELY,UNABLE TO DETERMINE,2403,W,TOUHY AVE,2411.0,3,NO INDICATION OF INJURY,0.0,0.0,0.0,0.0,0.0,3.0,0.0,23,1,9,42.012169207,-87.690449209,POINT (-87.690449208827 42.012169207197),2021,1406
O1089573,DRIVER,183ff2d01b83a17d5e0b023afa8c61675f10f5b16a8690243b6a3aad729a2ddacefcd239251ddef16522e35a46bbcc97a8b9e3ca8aaf1b8252bc08d06a6e3b9a,JE220766,1033428.0,05/05/2021 05:24:00 PM,CHICAGO,IL,60645,M,56.0,SAFETY BELT USED,"DEPLOYED, FRONT",NONE,NONINCAPACITATING INJURY,NONE,UNKNOWN,NORMAL,TEST NOT OFFERED,2021,JE220766,05/05/2021 05:24:00 PM,30,STOP SIGN/FLASHER,FUNCTIONING PROPERLY,CLEAR,DAYLIGHT,ANGLE,FOUR WAY,STRAIGHT AND LEVEL,DRY,NO DEFECTS,ON SCENE,INJURY AND / OR TOW DUE TO CRASH,Y,N,"OVER $1,500",05/05/2021 05:24:00 PM,FAILING TO YIELD RIGHT-OF-WAY,UNABLE TO DETERMINE,3100,N,NARRAGANSETT AVE,2511.0,2,NONINCAPACITATING INJURY,5.0,0.0,0.0,5.0,0.0,0.0,0.0,17,4,5,41.936534847,-87.786020222,POINT (-87.786020221969 41.936534847177),2021,1044