PERSON_ID,PERSON_TYPE,CRASH_RECORD_ID,RD_NO_x,VEHICLE_ID,CRASH_DATE_x,CITY,STATE,ZIPCODE,SEX,AGE,SAFETY_EQUIPMENT,AIRBAG_DEPLOYED,EJECTION,INJURY_CLASSIFICATION,DRIVER_ACTION,DRIVER_VISION,PHYSICAL_CONDITION,BAC_RESULT,CRASH_YEAR_x,RD_NO_y,CRASH_DATE_y,POSTED_SPEED_LIMIT,TRAFFIC_CONTROL_DEVICE,DEVICE_CONDITION,WEATHER_CONDITION,LIGHTING_CONDITION,FIRST_CRASH_TYPE,TRAFFICWAY_TYPE,ALIGNMENT,ROADWAY_SURFACE_COND,ROAD_DEFECT,REPORT_TYPE,CRASH_TYPE,INTERSECTION_RELATED_I,HIT_AND_RUN_I,DAMAGE,DATE_POLICE_NOTIFIED,PRIM_CONTRIBUTORY_CAUSE,SEC_CONTRIBUTORY_CAUSE,STREET_NO,STREET_DIRECTION,STREET_NAME,BEAT_OF_OCCURRENCE,NUM_UNITS,MOST_SEVERE_INJURY,INJURIES_TOTAL,INJURIES_FATAL,INJURIES_INCAPACITATING,INJURIES_NON_INCAPACITATING,INJURIES_REPORTED_NOT_EVIDENT,INJURIES_NO_INDICATION,INJURIES_UNKNOWN,CRASH_HOUR,CRASH_DAY_OF_WEEK,CRASH_MONTH,LATITUDE,LONGITUDE,LOCATION,CRASH_YEAR_y,TIME
O1028165,DRIVER,f6dea9388de8fbee328a9ea298cac184d301b210a217b8bc12800a6ddd7d655d4193c7dbdf6f8c09b0370d1818b637f832367269a456454fe8006fbe7e93e455,JE119219,974483.0,01/21/2021 03:26:00 PM,CHICAGO,IL,60637,M,65.0,USAGE UNKNOWN,DID NOT DEPLOY,NONE,NO INDICATION OF INJURY,NONE,NOT OBSCURED,NORMAL,TEST NOT OFFERED,2021,JE119219,01/21/2021 03:26:00 PM,30,STOP SIGN/FLASHER,NO CONTROLS,CLEAR,DAYLIGHT,ANGLE,NOT DIVIDED,STRAIGHT AND LEVEL,DRY,UNKNOWN,ON SCENE,NO INJURY / DRIVE AWAY,Y,N,"OVER $1,500",01/21/2021 04:13:00 PM,IMPROPER TURNING/NO SIGNAL,NOT APPLICABLE,6900,S,HERMITAGE AVE,735.0,2,NO INDICATION OF INJURY,0.0,0.0,0.0,0.0,0.0,2.0,0.0,15,5,1,41.768416306,-87.667704111,POINT (-87.6677041113 41.768416305826),2021,926
O1079073,DRIVER,7e20902deeea14c509ff5d70210b146397c9d23aedb12ac55e463bcf0698665332562473968a1bcd70fdae4d56bf065fd6b4db562abf6321f00e633615eb7d5b,JE203648,1023369.0,04/19/2021 09:25:00 AM,CHICAGO,IL,60629,M,38.0,SAFETY BELT USED,DID NOT DEPLOY,NONE,NO INDICATION OF INJURY,UNKNOWN,NOT OBSCURED,NORMAL,TEST NOT OFFERED,2021,JE203648,04/19/2021 09:25:00 AM,30,NO CONTROLS,NO CONTROLS,CLEAR,DAYLIGHT,ANGLE,NOT DIVIDED,STRAIGHT AND LEVEL,DRY,NO DEFECTS,ON SCENE,INJURY AND / OR TOW DUE TO CRASH,Y,Y,"OVER $1,500",04/19/2021 09:35:00 AM,FAILING TO REDUCE SPEED TO AVOID CRASH,FAILING TO YIELD RIGHT-OF-WAY,6600,S,KEDZIE AVE,831.0,4,NONINCAPACITATING INJURY,1.0,0.0,0.0,1.0,0.0,3.0,0.0,9,2,4,41.773453388,-87.703156835,POINT (-87.703156834596 41.77345338842),2021,565
O1184862,DRIVER,f13f186905757720131659ee537a3bcdcf205de8de52dd24989d2cc96ddd42afe5a0f17dc806cc483400378d8eae5bbc270d9484023db8eaf409a0d2b0abfe8e,JE375531,1124113.0,09/15/2021 08:00:00 PM,CHICAGO,IL,60617,M,23.0,SAFETY BELT USED,NOT APPLICABLE,NONE,NO INDICATION OF INJURY,NONE,NOT OBSCURED,NORMAL,TEST NOT OFFERED,2021,JE375531,09/15/2021 08:00:00 PM,30,TRAFFIC SIGNAL,FUNCTIONING PROPERLY,CLEAR,DUSK,TURNING,FOUR WAY,STRAIGHT AND LEVEL,DRY,NO DEFECTS,NOT ON SCENE (DESK REPORT),NO INJURY / DRIVE AWAY,Y,Y,$500 OR LESS,09/16/2021 10:00:00 AM,IMPROPER TURNING/NO SIGNAL,HAD BEEN DRINKING (USE WHEN ARREST IS NOT MADE),10048,S,INDIANAPOLIS AVE,432.0,2,NO INDICATION OF INJURY,0.0,0.0,0.0,0.0,0.0,2.0,0.0,20,4,9,41.712327581,-87.534940346,POINT (-87.534940346287 41.712327580955),2021,1200
O1166997,DRIVER,7945ae9664b987742967d4bd1f042f7037433230690d2293a3a3fb66241169a54d03dd1915e977f18348b85d70be6832933e9ecf054aa94491934e38eec178fb,JE345726,1107006.0,08/22/2021 05:27:00 AM,WORTH,IL,60482,M,40.0,SAFETY BELT USED,DID NOT DEPLOY,NONE,NO INDICATION OF INJURY,UNKNOWN,NOT OBSCURED,NORMAL,TEST NOT OFFERED,2021,JE345726,08/22/2021 05:27:00 AM,30,TRAFFIC SIGNAL,FUNCTIONING PROPERLY,CLEAR,"DARKNESS, LIGHTED ROAD",ANGLE,FOUR WAY,STRAIGHT AND LEVEL,DRY,NO DEFECTS,ON SCENE,NO INJURY / DRIVE AWAY,Y,Y,"OVER $1,500",08/22/2021 05:27:00 AM,NOT APPLICABLE,NOT APPLICABLE,2700,S,PULASKI RD,1031.0,2,NO INDICATION OF INJURY,0.0,0.0,0.0,0.0,0.0,2.0,0.0,5,1,8,41.842316658,-87.72464503799999,POINT (-87.724645038379 41.84231665823),2021,327
O1098039,DRIVER,02eeca535e86cb130902417d0a91b31ab7fa1935dac382d5e01c79eee618b1249332788d890e41179eac9047b7122e6b4608d2c32018047786617ff85ff9bd37,JE234511,1041519.0,05/18/2021 06:00:00 PM,NORRIDGE,IL,60706,M,65.0,USAGE UNKNOWN,DID NOT DEPLOY,NONE,NO INDICATION OF INJURY,OTHER,NOT OBSCURED,NORMAL,TEST NOT OFFERED,2021,JE234511,05/18/2021 06:00:00 PM,30,NO CONTROLS,NO CONTROLS,CLOUDY/OVERCAST,DAYLIGHT,REAR END,FOUR WAY,STRAIGHT AND LEVEL,WET,NO DEFECTS,ON SCENE,NO INJURY / DRIVE AWAY,Y,Y,"OVER $1,500",05/18/2021 06:07:00 PM,FOLLOWING TOO CLOSELY,UNABLE TO DETERMINE,5700,W,IRVING PARK RD,1624.0,2,NO INDICATION OF INJURY,0.0,0.0,0.0,0.0,0.0,3.0,0.0,18,3,5,41.95325817,-87.769512027,POINT (-87.769512027417 41.95325816953),2021,1080
O1221838,DRIVER,ee3f572e7704c8bcee42645ac0c037d9185d0814d3df22ae22d0230c1d960b3804bfca7b07f010c6477c9f63ab61453a78102c311ebba23e148b01f178e8de8c,JE436084,1159437.0,11/06/2021 11:58:00 AM,CHICAGO,IL,60615,F,69.0,USAGE UNKNOWN,NOT APPLICABLE,NONE,NO INDICATION OF INJURY,NONE,NOT OBSCURED,NORMAL,TEST NOT OFFERED,2021,JE436084,11/06/2021 11:58:00 AM,30,STOP SIGN/FLASHER,FUNCTIONING PROPERLY,CLEAR,DAYLIGHT,REAR END,FOUR WAY,STRAIGHT AND LEVEL,DRY,NO DEFECTS,NOT ON SCENE (DESK REPORT),NO INJURY / DRIVE AWAY,Y,Y,"$501 - $1,500",11/06/2021 02:05:00 PM,UNABLE TO DETERMINE,UNABLE TO DETERMINE,8500,S,ANTHONY AVE,412.0,2,NO INDICATION OF INJURY,0.0,0.0,0.0,0.0,0.0,2.0,0.0,11,7,11,41.740625778,-87.573776919,POINT (-87.573776919182 41.740625778201),2021,718
O1096248,DRIVER,75451ee27381801db3e619faadb7e6770ed8a0c3a15fb07f0ae0962a66642fa43d67c2141e57555802c584a9eb2bc470cbd5014408655ac8dad08da70d6a7734,JE231401,1039794.0,05/15/2021 07:45:00 PM,CHICAGO,IL,60651,F,20.0,SAFETY BELT USED,NOT APPLICABLE,NONE,NO INDICATION OF INJURY,OTHER,NOT OBSCURED,NORMAL,TEST NOT OFFERED,2021,JE231401,05/15/2021 07:45:00 PM,30,TRAFFIC SIGNAL,FUNCTIONING PROPERLY,CLEAR,DARKNESS,TURNING,DIVIDED - W/MEDIAN BARRIER,STRAIGHT AND LEVEL,UNKNOWN,NO DEFECTS,ON SCENE,NO INJURY / DRIVE AWAY,Y,Y,"OVER $1,500",05/15/2021 08:41:00 PM,FAILING TO REDUCE SPEED TO AVOID CRASH,NOT APPLICABLE,1949,S,CANALPORT AVE,1235.0,2,NO INDICATION OF INJURY,0.0,0.0,0.0,0.0,0.0,3.0,0.0,19,7,5,41.855914870999996,-87.64345439,POINT (-87.643454389571 41.855914871313),2021,1185
O1074407,DRIVER,e3980e2016092d5ba3ddb0c920110d1e3d0e3e5b4e5cff73bdf4da82b05f0651186dbeca2b5c79189148ee76bfe8c4bb24009d2d135487d827a0c19a6dc0d620,JE195826,1018933.0,04/10/2021 10:30:00 PM,CHICAGO,IL,60629,M,40.0,SAFETY BELT USED,NOT APPLICABLE,NONE,NO INDICATION OF INJURY,NONE,NOT OBSCURED,NORMAL,TEST NOT OFFERED,2021,JE195826,04/10/2021 10:30:00 PM,30,TRAFFIC SIGNAL,FUNCTIONING PROPERLY,CLEAR,"DARKNESS, LIGHTED ROAD",ANGLE,DIVIDED - W/MEDIAN (NOT RAISED),STRAIGHT AND LEVEL,WET,NO DEFECTS,NOT ON SCENE (DESK REPORT),NO INJURY / DRIVE AWAY,Y,Y,"OVER $1,500",04/10/2021 10:50:00 PM,UNABLE TO DETERMINE,NOT APPLICABLE,6900,S,WESTERN AVE,832.0,2,NO INDICATION OF INJURY,0.0,0.0,0.0,0.0,0.0,4.0,0.0,22,7,4,41.768238477,-87.68348695700001,POINT (-87.68348695709 41.76823847692),2021,1350
O1204676,DRIVER,54408dde2e25031d3f7bbdcdf2808667357ad4f90ccc47b04982fea761991d631da8346a8363ea0496114b8ebfd8dec6af1c564f596e8413b6ffd5ee96e67ccd,JE408676,1143052.0,10/13/2021 04:50:00 PM,CHICAGO,IL,60624,F,68.0,SAFETY BELT USED,DID NOT DEPLOY,NONE,NO INDICATION OF INJURY,NONE,NOT OBSCURED,NORMAL,TEST NOT OFFERED,2021,JE408676,10/13/2021 04:50:00 PM,30,STOP SIGN/FLASHER,FUNCTIONING PROPERLY,CLEAR,DAYLIGHT,REAR END,DIVIDED - W/MEDIAN (NOT RAISED),STRAIGHT AND LEVEL,WET,NO DEFECTS,ON SCENE,NO INJURY / DRIVE AWAY,Y,Y,"OVER $1,500",10/13/2021 05:15:00 PM,"OPERATING VEHICLE IN ERRATIC, RECKLESS, CARELESS, NEGLIGENT OR AGGRESSIVE MANNER",UNABLE TO DETERMINE,4225,W,CHICAGO AVE,1111.0,3,NO INDICATION OF INJURY,0.0,0.0,0.0,0.0,0.0,3.0,0.0,16,4,10,41.895146519,-87.73215335399999,POINT (-87.732153353875 41.89514651855),2021,1010
O1189410,DRIVER,0ade3ca86884ff85ac5db87b0300eed590c1a6ed17d1a1dd6224c06fab05617634da913c301a54b9b95180c4c329ca695e62f86be7fba0d23f5fd084c347df90,JE382943,1128470.0,09/22/2021 08:30:00 AM,CHICAGO,IL,60827,F,40.0,SAFETY BELT USED,DID NOT DEPLOY,NONE,NO INDICATION OF INJURY,NONE,NOT OBSCURED,NORMAL,TEST NOT OFFERED,2021,JE382943,09/22/2021 08:30:00 AM,30,TRAFFIC SIGNAL,FUNCTIONING PROPERLY,CLOUDY/OVERCAST,DAYLIGHT,SIDESWIPE SAME DIRECTION,T-INTERSECTION,STRAIGHT AND LEVEL,DRY,NO DEFECTS,ON SCENE,NO INJURY / DRIVE AWAY,Y,Y,$500 OR LESS,09/22/2021 08:35:00 AM,IMPROPER LANE USAGE,IMPROPER OVERTAKING/PASSING,200,E,130TH ST,532.0,2,NO INDICATION OF INJURY,0.0,0.0,0.0,0.0,0.0,2.0,0.0,8,4,9,41.659213513000005,-87.617189093,POINT (-87.617189092757 41.659213513068),2021,510
O1233414,DRIVER,b3e938c91ec0b7f58a1e92fcfba97f83b02b3cdeff40627fa7f60b60f8e5a75c5642aa8c69549064ebe354d6b615caa51e1b7a4217ea2ea9472929aadc1d543d,JE455555,1170560.0,11/24/2021 05:20:00 AM,CHICAGO,IL,60629,M,31.0,USAGE UNKNOWN,DID NOT DEPLOY,NONE,NO INDICATION OF INJURY,NONE,UNKNOWN,NORMAL,TEST NOT OFFERED,2021,JE455555,11/24/2021 05:20:00 AM,30,TRAFFIC SIGNAL,UNKNOWN,CLEAR,"DARKNESS, LIGHTED ROAD",REAR END,FOUR WAY,STRAIGHT AND LEVEL,UNKNOWN,UNKNOWN,NOT ON SCENE (DESK REPORT),NO INJURY / DRIVE AWAY,Y,Y,"OVER $1,500",11/24/2021 11:15:00 AM,FOLLOWING TOO CLOSELY,NOT APPLICABLE,5656,S,KEDZIE AVE,822.0,2,NO INDICATION OF INJURY,0.0,0.0,0.0,0.0,0.0,2.0,0.0,5,4,11,41.790028856999996,-87.703604288,POINT (-87.703604288284 41.790028856917),2021,320
O1145635,DRIVER,0313d07bdb363cc36a2b1027869bc0673da85bc2f420ffd0a4ea23b21c402ffc2d6a5d1a1c0c7a380aa7b53ca938bd3bf3f97217468a664a728195803613a927,JE311129,1086694.0,07/23/2021 09:45:00 AM,CHICAGO,IL,60629,F,47.0,SAFETY BELT USED,DID NOT DEPLOY,NONE,NO INDICATION OF INJURY,NONE,NOT OBSCURED,NORMAL,TEST NOT OFFERED,2021,JE311129,07/23/2021 09:45:00 AM,30,TRAFFIC SIGNAL,FUNCTIONING PROPERLY,CLEAR,DAYLIGHT,REAR END,FOUR WAY,STRAIGHT AND LEVEL,DRY,NO DEFECTS,ON SCENE,NO INJURY / DRIVE AWAY,Y,Y,"$501 - $1,500",07/23/2021 10:13:00 AM,UNABLE TO DETERMINE,UNABLE TO DETERMINE,3500,W,59TH ST,822.0,2,NO INDICATION OF INJURY,0.0,0.0,0.0,0.0,0.0,2.0,0.0,9,6,7,41.786241183,-87.710777724,POINT (-87.71077772448 41.786241182984),2021,585
O1191684,DRIVER,dad5ee04d928f6cf6838a3b6525cd167cc1efa8387c1000fa4f9fc6812e2f92e2b081448127d25c3fb097ff464dca435e7af852eae74fd847cdec1250b277afa,JE386796,1131161.0,09/25/2021 11:55:00 AM,CHICAGO,IL,60646,F,30.0,SAFETY BELT USED,DID NOT DEPLOY,NONE,NO INDICATION OF INJURY,NONE,NOT OBSCURED,NORMAL,TEST NOT OFFERED,2021,JE386796,09/25/2021 11:55:00 AM,30,TRAFFIC SIGNAL,FUNCTIONING PROPERLY,CLEAR,DAYLIGHT,REAR END,NOT DIVIDED,STRAIGHT AND LEVEL,DRY,NO DEFECTS,NOT ON SCENE (DESK REPORT),NO INJURY / DRIVE AWAY,Y,Y,"OVER $1,500",09/25/2021 12:40:00 PM,UNABLE TO DETERMINE,NOT APPLICABLE,5557,N,CENTRAL AVE,1623.0,3,NO INDICATION OF INJURY,0.0,0.0,0.0,0.0,0.0,4.0,0.0,11,7,9,41.982790840999996,-87.76819985899999,POINT (-87.768199858571 41.982790841159),2021,715
O1231204,DRIVER,24c1a1f961622ab5ec38537572a80be6d7a749cd19a09ffda0e076b77c413f82c26b3f292d0eb0df900e4d8615b60eaa11fb7a980b975adf34bafbee41b73177,JE451889,1168417.0,11/20/2021 07:00:00 PM,SCHAUMBURG,IL,60173,M,43.0,USAGE UNKNOWN,DID NOT DEPLOY,NONE,"REPORTED, NOT EVIDENT",OTHER,NOT OBSCURED,NORMAL,TEST NOT OFFERED,2021,JE451889,11/20/2021 07:00:00 PM,30,TRAFFIC SIGNAL,FUNCTIONING PROPERLY,CLEAR,"DARKNESS, LIGHTED ROAD",REAR END,DIVIDED - W/MEDIAN (NOT RAISED),STRAIGHT AND LEVEL,DRY,UNKNOWN,NOT ON SCENE (DESK REPORT),INJURY AND / OR TOW DUE TO CRASH,Y,Y,$500 OR LESS,11/20/2021 08:55:00 PM,UNABLE TO DETERMINE,UNABLE TO DETERMINE,33,W,DIVISION ST,1824.0,2,"REPORTED, NOT EVIDENT",1.0,0.0,0.0,0.0,1.0,1.0,0.0,19,7,11,41.903814145,-87.629918534,POINT (-87.6299185341 41.903814145449),2021,1140
O1233208,DRIVER,c8e825030fb5a45ec18a88b48b076656d212d58cef95ca372c76cbb29c4cff2d51f947840ca5492d1713f2195aad1afc911ca8d41d9d72de496ff38e886db939,JE455113,1170379.0,11/23/2021 07:40:00 PM,CHICAGO,IL,60622,F,30.0,SAFETY BELT USED,DID NOT DEPLOY,NONE,NO INDICATION OF INJURY,NONE,NOT OBSCURED,NORMAL,TEST NOT OFFERED,2021,JE455113,11/23/2021 07:40:00 PM,30,TRAFFIC SIGNAL,FUNCTIONING PROPERLY,CLEAR,"DARKNESS, LIGHTED ROAD",ANGLE,FOUR WAY,STRAIGHT AND LEVEL,DRY,NO DEFECTS,ON SCENE,INJURY AND / OR TOW DUE TO CRASH,Y,Y,"OVER $1,500",11/23/2021 07:45:00 PM,DISREGARDING TRAFFIC SIGNALS,FAILING TO REDUCE SPEED TO AVOID CRASH,3100,S,KEDZIE AVE,1032.0,4,NONINCAPACITATING INJURY,3.0,0.0,0.0,2.0,1.0,4.0,0.0,19,3,11,41.837132671,-87.704967115,POINT (-87.704967114787 41.837132671422),2021,1180
O1161085,DRIVER,6a295fa3e1c272b74e194c0bfd2073de1a3d3733c5b7cdbe00cda9479d145e4cf84e3bd8275135f826452c95572c44572254479ebf42483e303086c136b90e56,JE336337,1101381.0,08/13/2021 05:00:00 PM,CHICAGO,IL,60620,M,60.0,SAFETY BELT USED,DID NOT DEPLOY,NONE,"REPORTED, NOT EVIDENT",NONE,NOT OBSCURED,NORMAL,TEST NOT OFFERED,2021,JE336337,08/13/2021 05:00:00 PM,30,STOP SIGN/FLASHER,FUNCTIONING PROPERLY,CLEAR,DAYLIGHT,ANGLE,FOUR WAY,STRAIGHT AND LEVEL,DRY,NO DEFECTS,NOT ON SCENE (DESK REPORT),INJURY AND / OR TOW DUE TO CRASH,Y,Y,"OVER $1,500",08/13/2021 05:15:00 PM,DISREGARDING STOP SIGN,UNABLE TO DETERMINE,8500,S,ABERDEEN ST,613.0,2,"REPORTED, NOT EVIDENT",1.0,0.0,0.0,0.0,1.0,1.0,0.0,17,6,8,41.739516882,-87.65115453700001,POINT (-87.651154537112 41.739516882316),2021,1020
O1231871,DRIVER,ed77f07680fede633e440330bee79f80caeef7858a21bd76db8bc63d90fce47044ca78200359ea45e8a82262149a2d8744cf23126709bfe0f50de406a6ea8b91,JE453043,1169072.0,11/21/2021 11:05:00 PM,CHICAGO,IL,60619,F,29.0,SAFETY BELT NOT USED,"DEPLOYED, COMBINATION",NONE,NONINCAPACITATING INJURY,NONE,NOT OBSCURED,NORMAL,TEST NOT OFFERED,2021,JE453043,11/21/2021 11:05:00 PM,30,STOP SIGN/FLASHER,FUNCTIONING PROPERLY,CLEAR,"DARKNESS, LIGHTED ROAD",ANGLE,DIVIDED - W/MEDIAN (NOT RAISED),STRAIGHT AND LEVEL,DRY,NO DEFECTS,ON SCENE,INJURY AND / OR TOW DUE TO CRASH,Y,Y,"OVER $1,500",11/21/2021 11:09:00 PM,FAILING TO YIELD RIGHT-OF-WAY,NOT APPLICABLE,600,W,95TH ST,2223.0,2,NONINCAPACITATING INJURY,1.0,0.0,0.0,1.0,0.0,2.0,0.0,23,1,11,41.721633303000004,-87.63842417,POINT (-87.638424170134 41.721633302611),2021,1385
O1200204,DRIVER,7132273b04d35d37b5923d0dcf8ebd70d75a569d4c53434e813c971d9bed32d6da05fe4b689f36864ddd24ca8ed94182ac841e60345eab4dd6ce8dfe47987f52,JE401376,1138805.0,10/07/2021 11:30:00 AM,CHICAGO,IL,60619,F,74.0,SAFETY BELT USED,DID NOT DEPLOY,NONE,NO INDICATION OF INJURY,UNKNOWN,NOT OBSCURED,NORMAL,TEST NOT OFFERED,2021,JE401376,10/07/2021 11:30:00 AM,30,TRAFFIC SIGNAL,FUNCTIONING PROPERLY,RAIN,DAYLIGHT,TURNING,NOT DIVIDED,STRAIGHT AND LEVEL,WET,NO DEFECTS,NOT ON SCENE (DESK REPORT),INJURY AND / OR TOW DUE TO CRASH,Y,Y,"$501 - $1,500",10/07/2021 12:10:00 PM,UNABLE TO DETERMINE,UNABLE TO DETERMINE,5700,S,COTTAGE GROVE AVE,233.0,2,"REPORTED, NOT EVIDENT",2.0,0.0,0.0,0.0,2.0,2.0,0.0,11,5,10,41.791233259,-87.60629821299999,POINT (-87.606298213182 41.791233258933),2021,690
O1225283,DRIVER,6a77cba2eeaf166b2c301fffec31fdd5e7cb2cf070cdb306c1b1dd708ebc1507c59e7c0c21d2f635bacbb9d0ed4511946f9e414048a4d1abef63563fef8eb2b9,JE442395,1162750.0,11/12/2021 08:15:00 AM,CHICAGO,IL,60621,M,44.0,SAFETY BELT USED,NOT APPLICABLE,NONE,NO INDICATION OF INJURY,UNKNOWN,UNKNOWN,NORMAL,TEST NOT OFFERED,2021,JE442395,11/12/2021 08:15:00 AM,30,TRAFFIC SIGNAL,FUNCTIONING PROPERLY,CLEAR,DAYLIGHT,TURNING,T-INTERSECTION,STRAIGHT AND LEVEL,DRY,NO DEFECTS,ON SCENE,NO INJURY / DRIVE AWAY,Y,N,"$501 - $1,500",11/12/2021 08:16:00 AM,UNABLE TO DETERMINE,UNABLE TO DETERMINE,3719,S,ARCHER AVE,911.0,2,NO INDICATION OF INJURY,0.0,0.0,0.0,0.0,0.0,4.0,0.0,8,6,11,41.825869949,-87.684781794,POINT (-87.684781794256 41.825869949122),2021,495
O1168983,DRIVER,ab57c35b505eb3c64ecea66107d503c89cc38f25ec2c6c12ff9f39bd1a1a3975414287ea2d722ea2b7525d9a6bc76141bdfa43e08bf75dc93f750784893a1799,JE349203,1108915.0,08/25/2021 07:15:00 AM,YORKVILLE,IL,60560,M,53.0,SAFETY BELT USED,NOT APPLICABLE,NONE,NO INDICATION OF INJURY,NONE,NOT OBSCURED,NORMAL,TEST NOT OFFERED,2021,JE349203,08/25/2021 07:15:00 AM,30,NO CONTROLS,NO CONTROLS,CLEAR,DAYLIGHT,SIDESWIPE SAME DIRECTION,NOT DIVIDED,STRAIGHT AND LEVEL,DRY,NO DEFECTS,NOT ON SCENE (DESK REPORT),NO INJURY / DRIVE AWAY,Y,Y,"OVER $1,500",08/25/2021 08:50:00 AM,IMPROPER OVERTAKING/PASSING,UNABLE TO DETERMINE,1909,W,GRAND AVE,1221.0,2,NO INDICATION OF INJURY,0.0,0.0,0.0,0.0,0.0,2.0,0.0,7,4,8,41.890748076,-87.67488756200001,POINT (-87.674887562153 41.89074807617),2021,435
O1180548,DRIVER,eb8cff69cc222d4862c88fcb16646c51a381603b7f37669cc091ed650c94b733bc99dab335f5c29cd18fd24719628c88a1a55aff22365a1c6bc92715e29d32c6,JE368306,1120007.0,09/10/2021 11:34:00 AM,MERRILLVILLE,IN,46410,M,28.0,SAFETY BELT USED,DID NOT DEPLOY,NONE,NO INDICATION OF INJURY,NONE,NOT OBSCURED,NORMAL,TEST NOT OFFERED,2021,JE368306,09/10/2021 11:34:00 AM,30,STOP SIGN/FLASHER,FUNCTIONING PROPERLY,CLEAR,DAYLIGHT,TURNING,NOT DIVIDED,STRAIGHT AND LEVEL,DRY,NO DEFECTS,ON SCENE,INJURY AND / OR TOW DUE TO CRASH,Y,Y,"OVER $1,500",09/10/2021 11:35:00 AM,UNABLE TO DETERMINE,NOT APPLICABLE,6700,S,CRANDON AVE,331.0,2,NO INDICATION OF INJURY,0.0,0.0,0.0,0.0,0.0,2.0,0.0,11,6,9,41.773427655,-87.57012671,POINT (-87.570126709941 41.773427654738),2021,694
O1028673,DRIVER,68f681ae2158bbf0f9281e1807606d824f0391d4808dbc65decba41b2f51e4c07f7274b84701c5035222865e40a1f319ba5f97a56e01981065e21e1d153bde63,JE120175,974989.0,01/22/2021 02:32:00 PM,CHICAGO,IL,60615,F,36.0,SAFETY BELT USED,"DEPLOYED, COMBINATION",NONE,NO INDICATION OF INJURY,NONE,NOT OBSCURED,NORMAL,TEST REFUSED,2021,JE120175,01/22/2021 02:32:00 PM,30,TRAFFIC SIGNAL,FUNCTIONING PROPERLY,CLEAR,DAYLIGHT,ANGLE,T-INTERSECTION,STRAIGHT AND LEVEL,DRY,NO DEFECTS,ON SCENE,INJURY AND / OR TOW DUE TO CRASH,Y,Y,"OVER $1,500",01/22/2021 02:32:00 PM,FAILING TO YIELD RIGHT-OF-WAY,UNABLE TO DETERMINE,6435,S,MORGAN ST,723.0,2,NO INDICATION OF INJURY,0.0,0.0,0.0,0.0,0.0,3.0,0.0,14,6,1,41.776810459000004,-87.649421678,POINT (-87.649421678143 41.776810459395),2021,872
O1028111,DRIVER,bd9663f9be1553cafbaed43fc5b7f58dc23b1beec747410868030a4bba9718651f2f2caa947cd13e64db67666ac8a36f129c455ff8df74c4e5762202454661ee,JE119143,974431.0,01/21/2021 02:15:00 PM,CHICAGO,IL,60615,F,28.0,SAFETY BELT USED,DID NOT DEPLOY,NONE,NO INDICATION OF INJURY,IMPROPER TURN,NOT OBSCURED,NORMAL,TEST NOT OFFERED,2021,JE119143,01/21/2021 02:15:00 PM,30,TRAFFIC SIGNAL,FUNCTIONING PROPERLY,CLEAR,DAYLIGHT,TURNING,NOT DIVIDED,STRAIGHT AND LEVEL,DRY,NO DEFECTS,NOT ON SCENE (DESK REPORT),NO INJURY / DRIVE AWAY,Y,N,"$501 - $1,500",01/21/2021 03:15:00 PM,IMPROPER TURNING/NO SIGNAL,IMPROPER TURNING/NO SIGNAL,3300,S,DAMEN AVE,912.0,2,NO INDICATION OF INJURY,0.0,0.0,0.0,0.0,0.0,2.0,0.0,14,5,1,41.833963495999996,-87.675521587,POINT (-87.675521586541 41.833963496158),2021,855
O1029476,DRIVER,95450d0fd111b1d7f94577230e44f27fb44d922341f19958e77a5e72fd7efe86c4ae90a42b0a52f814a578c20ba316e6c18fea2668a390238864f05b7e04f549,JE121560,975727.0,01/23/2021 11:30:00 PM,MARKHAM,IL,60428,F,18.0,USAGE UNKNOWN,"DEPLOYED, COMBINATION",NONE,INCAPACITATING INJURY,UNKNOWN,UNKNOWN,UNKNOWN,TEST NOT OFFERED,2021,JE121560,01/23/2021 11:30:00 PM,30,TRAFFIC SIGNAL,FUNCTIONING PROPERLY,CLEAR,DARKNESS,TURNING,DIVIDED - W/MEDIAN (NOT RAISED),STRAIGHT AND LEVEL,DRY,NO DEFECTS,ON SCENE,INJURY AND / OR TOW DUE TO CRASH,Y,Y,"OVER $1,500",01/23/2021 11:40:00 PM,UNABLE TO DETERMINE,NOT APPLICABLE,8299,S,STONY ISLAND AVE,411.0,2,FATAL,3.0,1.0,2.0,0.0,0.0,1.0,0.0,23,7,1,41.744296846,-87.585229468,POINT (-87.585229468376 41.744296846095),2021,1410