PERSON_ID,PERSON_TYPE,CRASH_RECORD_ID,RD_NO_x,VEHICLE_ID,CRASH_DATE_x,CITY,STATE,ZIPCODE,SEX,AGE,SAFETY_EQUIPMENT,AIRBAG_DEPLOYED,EJECTION,INJURY_CLASSIFICATION,DRIVER_ACTION,DRIVER_VISION,PHYSICAL_CONDITION,BAC_RESULT,CRASH_YEAR_x,RD_NO_y,CRASH_DATE_y,POSTED_SPEED_LIMIT,TRAFFIC_CONTROL_DEVICE,DEVICE_CONDITION,WEATHER_CONDITION,LIGHTING_CONDITION,FIRST_CRASH_TYPE,TRAFFICWAY_TYPE,ALIGNMENT,ROADWAY_SURFACE_COND,ROAD_DEFECT,REPORT_TYPE,CRASH_TYPE,INTERSECTION_RELATED_I,HIT_AND_RUN_I,DAMAGE,DATE_POLICE_NOTIFIED,PRIM_CONTRIBUTORY_CAUSE,SEC_CONTRIBUTORY_CAUSE,STREET_NO,STREET_DIRECTION,STREET_NAME,BEAT_OF_OCCURRENCE,NUM_UNITS,MOST_SEVERE_INJURY,INJURIES_TOTAL,INJURIES_FATAL,INJURIES_INCAPACITATING,INJURIES_NON_INCAPACITATING,INJURIES_REPORTED_NOT_EVIDENT,INJURIES_NO_INDICATION,INJURIES_UNKNOWN,CRASH_HOUR,CRASH_DAY_OF_WEEK,CRASH_MONTH,LATITUDE,LONGITUDE,LOCATION,CRASH_YEAR_y,TIME
O1249241,DRIVER,5d1b11e50c48ffbd41c9c8d45488a4156b6a089c7a5b7ca71308780b67992dde226d86484c1259f22628fcaf40183a9874a9158f0627e510d053acb900ef6e80,JE482844,1185739.0,12/18/2021 05:20:00 PM,CHICAGO,IL,60634,F,21.0,SAFETY BELT USED,DID NOT DEPLOY,NONE,NO INDICATION OF INJURY,NONE,NOT OBSCURED,NORMAL,TEST NOT OFFERED,2021,JE482844,12/18/2021 05:20:00 PM,30,TRAFFIC SIGNAL,FUNCTIONING PROPERLY,CLEAR,"DARKNESS, LIGHTED ROAD",SIDESWIPE SAME DIRECTION,NOT DIVIDED,STRAIGHT AND LEVEL,DRY,NO DEFECTS,NOT ON SCENE (DESK REPORT),NO INJURY / DRIVE AWAY,Y,Y,"$501 - $1,500",12/19/2021 03:45:00 PM,UNABLE TO DETERMINE,UNABLE TO DETERMINE,4101,W,MADISON ST,1115.0,2,NO INDICATION OF INJURY,0.0,0.0,0.0,0.0,0.0,2.0,0.0,17,7,12,41.880584649,-87.728239976,POINT (-87.72823997572 41.880584648888),2021,1040
O1131273,DRIVER,226d8003c0757ae3b3573341d171e7abee58de17eb4bd5e7d9fad9436eb8889243801b6f749b9f7106143fff96b4d2d8da12141640d7d3bf2b501499d174c5ca,JE287410,1073152.0,07/02/2021 03:09:00 PM,CHICAGO,IL,60619,M,42.0,USAGE UNKNOWN,DID NOT DEPLOY,NONE,NO INDICATION OF INJURY,UNKNOWN,NOT OBSCURED,NORMAL,TEST NOT OFFERED,2021,JE287410,07/02/2021 03:09:00 PM,30,STOP SIGN/FLASHER,FUNCTIONING PROPERLY,CLEAR,DAYLIGHT,TURNING,DIVIDED - W/MEDIAN (NOT RAISED),STRAIGHT AND LEVEL,DRY,NO DEFECTS,ON SCENE,INJURY AND / OR TOW DUE TO CRASH,Y,Y,$500 OR LESS,07/02/2021 03:10:00 PM,FAILING TO YIELD RIGHT-OF-WAY,NOT APPLICABLE,2900,E,95TH ST,423.0,2,NO INDICATION OF INJURY,0.0,0.0,0.0,0.0,0.0,2.0,0.0,15,6,7,41.722843432,-87.553779298,POINT (-87.553779298067 41.72284343226),2021,909
O1137171,DRIVER,b03f9d7784d8475b0ed9e413afee7b3ca20d9d9008692b5ea68649ef66e7075d8505a0ee2a2555e69331fbd257d0665c86b7505bf1862918054f86d46d9017bc,JE296839,1078634.0,07/10/2021 12:52:00 PM,CHICAGO,IL,60644,F,35.0,NONE PRESENT,NOT APPLICABLE,NONE,NO INDICATION OF INJURY,NONE,NOT OBSCURED,NORMAL,TEST NOT OFFERED,2021,JE296839,07/10/2021 12:52:00 PM,30,TRAFFIC SIGNAL,FUNCTIONING PROPERLY,CLEAR,DAYLIGHT,ANGLE,NOT DIVIDED,STRAIGHT AND LEVEL,DRY,NO DEFECTS,NOT ON SCENE (DESK REPORT),INJURY AND / OR TOW DUE TO CRASH,N,N,"OVER $1,500",07/10/2021 12:53:00 PM,FAILING TO REDUCE SPEED TO AVOID CRASH,UNABLE TO DETERMINE,5200,W,HARRISON ST,1522.0,8,NONINCAPACITATING INJURY,5.0,0.0,0.0,5.0,0.0,6.0,0.0,12,7,7,41.873055576,-87.75484369,POINT (-87.754843690342 41.873055575528),2021,772
O1246111,DRIVER,9f81f3594febabd448d18221bc1ecfcf15dc7101d02f921863ee4982374e1bad72cfa1cd2c309c3971ff2d3184998160ae8337583e76748232389acd77332fde,JE477421,1182739.0,12/14/2021 03:45:00 PM,CHICAGO,IL,60619,M,32.0,USAGE UNKNOWN,NOT APPLICABLE,NONE,NO INDICATION OF INJURY,NONE,UNKNOWN,NORMAL,TEST NOT OFFERED,2021,JE477421,12/14/2021 03:45:00 PM,30,TRAFFIC SIGNAL,UNKNOWN,CLEAR,DAYLIGHT,SIDESWIPE SAME DIRECTION,DIVIDED - W/MEDIAN (NOT RAISED),STRAIGHT AND LEVEL,DRY,UNKNOWN,NOT ON SCENE (DESK REPORT),NO INJURY / DRIVE AWAY,Y,Y,"OVER $1,500",12/14/2021 04:23:00 PM,UNABLE TO DETERMINE,UNABLE TO DETERMINE,1106,S,CLINTON ST,124.0,2,NO INDICATION OF INJURY,0.0,0.0,0.0,0.0,0.0,2.0,0.0,15,3,12,41.868788822,-87.640916922,POINT (-87.640916922355 41.868788822285),2021,945
O1158780,DRIVER,56ab53f72f852be21838695666d5c022eebc6036f258eb5b55f79178a3359e7aa1b9fb7403c363d92db663870e87b04d1146c8aa59b590d39cac2ef75af12b67,JE332524,1099228.0,08/10/2021 10:15:00 AM,CHICAGO,IL,60612,M,36.0,SAFETY BELT USED,"DEPLOYED, COMBINATION",NONE,NO INDICATION OF INJURY,NONE,NOT OBSCURED,NORMAL,TEST NOT OFFERED,2021,JE332524,08/10/2021 10:15:00 AM,30,NO CONTROLS,NO CONTROLS,CLEAR,DAYLIGHT,TURNING,FOUR WAY,STRAIGHT AND LEVEL,DRY,NO DEFECTS,ON SCENE,INJURY AND / OR TOW DUE TO CRASH,Y,Y,"OVER $1,500",08/10/2021 10:45:00 AM,UNABLE TO DETERMINE,UNABLE TO DETERMINE,325,N,SACRAMENTO BLVD,1222.0,2,NO INDICATION OF INJURY,0.0,0.0,0.0,0.0,0.0,2.0,0.0,10,3,8,41.887330333,-87.701235188,POINT (-87.701235187571 41.88733033301),2021,615
O1126850,DRIVER,9e92bf7772d507d2379af9d211b2f8fc54e2f1060056efeaaa076beb28dee591052a3154d2b73679ed7f23f522bf06dc84ec3a768d22f0f72da1aa1e767fc158,JE280129,1068907.0,06/26/2021 12:35:00 PM,CHICAGO,IL,60609,M,71.0,SAFETY BELT USED,DID NOT DEPLOY,NONE,NO INDICATION OF INJURY,NONE,NOT OBSCURED,NORMAL,TEST NOT OFFERED,2021,JE280129,06/26/2021 12:35:00 PM,30,TRAFFIC SIGNAL,FUNCTIONING PROPERLY,RAIN,DAYLIGHT,REAR END,CENTER TURN LANE,STRAIGHT AND LEVEL,WET,NO DEFECTS,NOT ON SCENE (DESK REPORT),NO INJURY / DRIVE AWAY,Y,Y,"$501 - $1,500",06/26/2021 12:45:00 PM,UNABLE TO DETERMINE,UNABLE TO DETERMINE,1202,N,ASHLAND AVE,1424.0,2,NO INDICATION OF INJURY,0.0,0.0,0.0,0.0,0.0,2.0,0.0,12,7,6,41.903444551,-87.667645112,POINT (-87.667645112253 41.903444550912),2021,755
O1248219,DRIVER,6eb30b9f0f370eb08333a86f058ab11cd9deb8a028cdeea11c988c66df79873451662361c9c97fb801ec6b36885cb838051aed4c793d8acf23f8d0baa4634bdf,JE481159,1184728.0,12/17/2021 04:34:00 PM,CHICAGO,IL,60641,M,23.0,SAFETY BELT USED,DID NOT DEPLOY,NONE,NO INDICATION OF INJURY,NONE,NOT OBSCURED,NORMAL,TEST NOT OFFERED,2021,JE481159,12/17/2021 04:34:00 PM,30,TRAFFIC SIGNAL,FUNCTIONING PROPERLY,CLEAR,"DARKNESS, LIGHTED ROAD",TURNING,FOUR WAY,STRAIGHT AND LEVEL,DRY,NO DEFECTS,ON SCENE,NO INJURY / DRIVE AWAY,Y,Y,"OVER $1,500",12/17/2021 04:36:00 PM,IMPROPER TURNING/NO SIGNAL,DRIVING SKILLS/KNOWLEDGE/EXPERIENCE,4000,N,CENTRAL AVE,1624.0,2,NO INDICATION OF INJURY,0.0,0.0,0.0,0.0,0.0,2.0,0.0,16,6,12,41.953272751,-87.76715015100001,POINT (-87.767150151314 41.953272751035),2021,994
O1248603,DRIVER,5d7fce20c5e8deb685b291ae072fdffdecb7c9893391996dc4bdbe84f4a7428ea4b2f76d81f6eb9861e6b1c6c482cbbb4569faab651f7359fb1209eb6100c34a,JE481767,1185124.0,12/18/2021 12:00:00 PM,ELMWOOD PARK,IL,60707,F,0.0,USAGE UNKNOWN,NOT APPLICABLE,NONE,NO INDICATION OF INJURY,UNKNOWN,NOT OBSCURED,NORMAL,TEST NOT OFFERED,2021,JE481767,12/18/2021 12:00:00 PM,30,TRAFFIC SIGNAL,FUNCTIONING PROPERLY,RAIN,DAYLIGHT,TURNING,NOT DIVIDED,STRAIGHT AND LEVEL,WET,NO DEFECTS,NOT ON SCENE (DESK REPORT),NO INJURY / DRIVE AWAY,Y,N,"$501 - $1,500",12/18/2021 01:45:00 PM,FAILING TO YIELD RIGHT-OF-WAY,NOT APPLICABLE,3615,N,CENTRAL AVE,1633.0,2,NO INDICATION OF INJURY,0.0,0.0,0.0,0.0,0.0,3.0,0.0,12,7,12,41.946336386,-87.766625082,POINT (-87.766625081803 41.946336385553),2021,720
O1149454,DRIVER,ab5951565af67cebe747681cba26fe736e9d8a6d342dcd7a9dfc856c09f202ccec6dffd7e3ddc872d50cd7d7c2c1d88343ab79411838495bb5695628deb27097,JE317323,1090332.0,07/28/2021 01:45:00 PM,CALUMET CITY,IL,60827,M,21.0,SAFETY BELT USED,DID NOT DEPLOY,NONE,NO INDICATION OF INJURY,NONE,NOT OBSCURED,NORMAL,TEST NOT OFFERED,2021,JE317323,07/28/2021 01:45:00 PM,30,TRAFFIC SIGNAL,FUNCTIONING PROPERLY,CLEAR,DAYLIGHT,TURNING,FOUR WAY,STRAIGHT AND LEVEL,DRY,NO DEFECTS,ON SCENE,NO INJURY / DRIVE AWAY,Y,Y,"$501 - $1,500",07/28/2021 02:00:00 PM,UNABLE TO DETERMINE,NOT APPLICABLE,7100,S,LOOMIS BLVD,734.0,2,NO INDICATION OF INJURY,0.0,0.0,0.0,0.0,0.0,2.0,0.0,13,4,7,41.764933541,-87.65911280700001,POINT (-87.659112806662 41.764933541062),2021,825
O1033016,DRIVER,5f662d68e8548895ab01be2f57fcb1d7e88014ad1a7b6c14ac569ed326ab43b566b898ba110c4ef630607354e6650da453e6e93f398a7ff131f32f818cba9bd9,JE128046,979152.0,01/30/2021 11:41:00 PM,CHICAGO,IL,60639,M,36.0,SAFETY BELT USED,"DEPLOYED, FRONT",NONE,NONINCAPACITATING INJURY,NONE,NOT OBSCURED,NORMAL,"TEST PERFORMED, RESULTS UNKNOWN",2021,JE128046,01/30/2021 11:41:00 PM,30,STOP SIGN/FLASHER,FUNCTIONING PROPERLY,SNOW,"DARKNESS, LIGHTED ROAD",ANGLE,NOT DIVIDED,STRAIGHT AND LEVEL,SNOW OR SLUSH,UNKNOWN,ON SCENE,INJURY AND / OR TOW DUE TO CRASH,Y,Y,"OVER $1,500",01/30/2021 11:43:00 PM,DISREGARDING STOP SIGN,UNDER THE INFLUENCE OF ALCOHOL/DRUGS (USE WHEN ARREST IS EFFECTED),2533,N,LARAMIE AVE,2521.0,3,NONINCAPACITATING INJURY,2.0,0.0,0.0,2.0,0.0,2.0,0.0,23,7,1,41.926977803,-87.75610407799999,POINT (-87.756104077715 41.926977802906),2021,1421
O1050027,DRIVER,eda15add10406d5f09278c9dcaea6c9d6b391579472cc91a7435080ef6c201164ac59653cdf8c6af2ac96b9f3995a9b2ca7e491bbb57989951e36324c3b87e72,JE153043,995652.0,02/26/2021 11:30:00 AM,HAMMOND,IN,46324,F,26.0,SAFETY BELT USED,DID NOT DEPLOY,NONE,NO INDICATION OF INJURY,NONE,NOT OBSCURED,NORMAL,TEST REFUSED,2021,JE153043,02/26/2021 11:30:00 AM,30,TRAFFIC SIGNAL,FUNCTIONING PROPERLY,CLEAR,DAYLIGHT,SIDESWIPE SAME DIRECTION,FOUR WAY,STRAIGHT AND LEVEL,DRY,NO DEFECTS,NOT ON SCENE (DESK REPORT),NO INJURY / DRIVE AWAY,Y,Y,"OVER $1,500",02/26/2021 02:45:00 PM,UNABLE TO DETERMINE,UNABLE TO DETERMINE,7900,S,MORGAN ST,612.0,2,NO INDICATION OF INJURY,0.0,0.0,0.0,0.0,0.0,3.0,0.0,11,6,2,41.750475193,-87.64903192,POINT (-87.649031919951 41.750475192888),2021,690
O1081986,DRIVER,5db0340990e3929f3cbe4aaadff79705d8b9534f31fc07a5a5f7a4ea504e067e82c4bfd3a986ffa646e552295d335e34fbbe5bf789127459b6d952ef9c49872b,JE208675,1026168.0,04/24/2021 12:00:00 PM,CHIACGO,IL,60649,F,29.0,SAFETY BELT USED,DID NOT DEPLOY,NONE,NO INDICATION OF INJURY,OTHER,NOT OBSCURED,NORMAL,TEST NOT OFFERED,2021,JE208675,04/24/2021 12:00:00 PM,30,STOP SIGN/FLASHER,FUNCTIONING PROPERLY,CLEAR,DAYLIGHT,ANGLE,FOUR WAY,STRAIGHT AND LEVEL,DRY,NO DEFECTS,NOT ON SCENE (DESK REPORT),NO INJURY / DRIVE AWAY,Y,Y,"OVER $1,500",04/24/2021 12:30:00 PM,UNABLE TO DETERMINE,UNABLE TO DETERMINE,8300,S,INGLESIDE AVE,632.0,2,NO INDICATION OF INJURY,0.0,0.0,0.0,0.0,0.0,3.0,0.0,12,7,4,41.743932332,-87.601527224,POINT (-87.601527223906 41.743932331985),2021,720
O1115070,DRIVER,d0f70ab17e98f2dfee73e34aa6561721a6502337b913f342e8e5bb67063e20ee925cba8a73ba86c813694cd69d5bde241804221f0f69e0b3fa88484b55676812,JE261628,1057709.0,06/11/2021 03:12:00 AM,CHICAGO,IL,60643,F,28.0,USAGE UNKNOWN,"DEPLOYED, COMBINATION",NONE,NONINCAPACITATING INJURY,UNKNOWN,UNKNOWN,UNKNOWN,TEST NOT OFFERED,2021,JE261628,06/11/2021 03:12:00 AM,30,TRAFFIC SIGNAL,FUNCTIONING PROPERLY,CLEAR,"DARKNESS, LIGHTED ROAD",ANGLE,"FIVE POINT, OR MORE",STRAIGHT AND LEVEL,UNKNOWN,UNKNOWN,ON SCENE,INJURY AND / OR TOW DUE TO CRASH,Y,Y,"$501 - $1,500",06/11/2021 03:43:00 AM,DISREGARDING TRAFFIC SIGNALS,NOT APPLICABLE,830,W,87TH ST,613.0,2,NONINCAPACITATING INJURY,2.0,0.0,0.0,2.0,0.0,1.0,0.0,3,6,6,41.736163542,-87.64502276700001,POINT (-87.645022766818 41.736163541769),2021,192
O1217301,DRIVER,59f4417f3cec733c1c054a51fdc6480697bca795b92e9cb69c3efda0a10b6a9fc54192d369a5b123efeed10525bce5874d3cfe3ff19cb5e675c49de11e6e87ad,JE428599,1155068.0,10/31/2021 03:25:00 AM,CHICAGO,IL,60649,M,26.0,SAFETY BELT USED,"DEPLOYED, SIDE",NONE,NO INDICATION OF INJURY,DISREGARDED CONTROL DEVICES,NOT OBSCURED,EMOTIONAL,TEST NOT OFFERED,2021,JE428599,10/31/2021 03:25:00 AM,35,TRAFFIC SIGNAL,FUNCTIONING PROPERLY,CLEAR,"DARKNESS, LIGHTED ROAD",ANGLE,FOUR WAY,STRAIGHT AND LEVEL,DRY,NO DEFECTS,ON SCENE,INJURY AND / OR TOW DUE TO CRASH,Y,Y,"OVER $1,500",10/31/2021 03:36:00 AM,DISREGARDING TRAFFIC SIGNALS,NOT APPLICABLE,800,N,HALSTED ST,1213.0,3,NO INDICATION OF INJURY,0.0,0.0,0.0,0.0,0.0,5.0,0.0,3,1,10,41.896474018,-87.647894993,POINT (-87.647894992663 41.896474017804),2021,205
O1092728,DRIVER,2d1f5ef81b15da05ad68ea48af27949e10c62059f608b64aae2e54b41c17b7538b67c76c2e4da13c88c3d289f5610e316b4ff5b3d33062e07bbb086701c06a42,JE225744,1036424.0,05/10/2021 02:15:00 PM,CHICAGO,IL,60649,F,46.0,SAFETY BELT USED,DID NOT DEPLOY,NONE,NO INDICATION OF INJURY,NONE,NOT OBSCURED,NORMAL,TEST NOT OFFERED,2021,JE225744,05/10/2021 02:15:00 PM,30,TRAFFIC SIGNAL,FUNCTIONING PROPERLY,CLEAR,DAYLIGHT,SIDESWIPE SAME DIRECTION,ONE-WAY,STRAIGHT AND LEVEL,DRY,NO DEFECTS,NOT ON SCENE (DESK REPORT),NO INJURY / DRIVE AWAY,Y,Y,"OVER $1,500",05/10/2021 03:32:00 PM,UNABLE TO DETERMINE,NOT APPLICABLE,8700,S,LAFAYETTE AVE,634.0,2,NO INDICATION OF INJURY,0.0,0.0,0.0,0.0,0.0,2.0,0.0,14,2,5,41.73616511,-87.62558756899999,POINT (-87.625587568999 41.736165110086),2021,855
O1146235,DRIVER,599e466ba1c13cec826d22741eafbcfac572557d9b82bda130b1a7d3fba5044ff2d74d57f7a59bf5009c1416479d2b1a350016d7e2455d23d86754349c2a9de8,JE312044,1087282.0,07/24/2021 01:35:00 AM,CHICAGO,IL,60628,M,16.0,HELMET NOT USED,NOT APPLICABLE,TOTALLY EJECTED,NONINCAPACITATING INJURY,FAILED TO YIELD,UNKNOWN,UNKNOWN,TEST NOT OFFERED,2021,JE312044,07/24/2021 01:35:00 AM,30,STOP SIGN/FLASHER,NO CONTROLS,CLEAR,"DARKNESS, LIGHTED ROAD",OTHER OBJECT,DIVIDED - W/MEDIAN (NOT RAISED),STRAIGHT AND LEVEL,DRY,NO DEFECTS,ON SCENE,INJURY AND / OR TOW DUE TO CRASH,Y,Y,"$501 - $1,500",07/24/2021 01:37:00 AM,FAILING TO YIELD RIGHT-OF-WAY,DRIVING ON WRONG SIDE/WRONG WAY,598,W,103RD ST,2232.0,2,NONINCAPACITATING INJURY,1.0,0.0,0.0,1.0,0.0,1.0,0.0,1,7,7,41.707090596,-87.637918883,POINT (-87.637918883127 41.707090596447),2021,95
O1224483,DRIVER,d94b3a9ee9736f8de0b360b268de33767b11de2de8a6203400c984fa86527e9dcc847661bb10c42d3457531f1c4b546282b13b74561a18a0165abde2ac1649cf,JE440980,1161974.0,11/10/2021 06:07:00 PM,CHICAGO,IL,60610,F,32.0,SAFETY BELT USED,DID NOT DEPLOY,NONE,NO INDICATION OF INJURY,FAILED TO YIELD,NOT OBSCURED,NORMAL,TEST NOT OFFERED,2021,JE440980,11/10/2021 06:07:00 PM,30,STOP SIGN/FLASHER,OTHER,CLEAR,DARKNESS,ANGLE,FOUR WAY,STRAIGHT AND LEVEL,DRY,NO DEFECTS,NOT ON SCENE (DESK REPORT),INJURY AND / OR TOW DUE TO CRASH,Y,N,"OVER $1,500",11/10/2021 07:25:00 PM,FAILING TO YIELD RIGHT-OF-WAY,NOT APPLICABLE,800,W,HUBBARD ST,1214.0,2,NO INDICATION OF INJURY,0.0,0.0,0.0,0.0,0.0,2.0,0.0,18,4,11,41.890194883,-87.647668699,POINT (-87.647668699131 41.890194882661),2021,1087
O1082719,DRIVER,9416d72b9d2425a51be99240d0db189f63e24b6d9ab0d51c9326da6186e3d63dec44104fa6f5b6d43a3afb48ef7c911b5fe7ec5256413716849d871f12999166,JE209812,1026880.0,04/25/2021 03:39:00 PM,CHICAGO,IL,60645,F,33.0,SAFETY BELT USED,DID NOT DEPLOY,NONE,NO INDICATION OF INJURY,NONE,NOT OBSCURED,NORMAL,TEST NOT OFFERED,2021,JE209812,04/25/2021 03:39:00 PM,30,TRAFFIC SIGNAL,FUNCTIONING PROPERLY,CLEAR,DAYLIGHT,SIDESWIPE SAME DIRECTION,DIVIDED - W/MEDIAN (NOT RAISED),STRAIGHT AND LEVEL,DRY,NO DEFECTS,ON SCENE,NO INJURY / DRIVE AWAY,Y,Y,"$501 - $1,500",04/25/2021 03:40:00 PM,UNABLE TO DETERMINE,UNABLE TO DETERMINE,1952,W,GARFIELD BLVD,932.0,2,NO INDICATION OF INJURY,0.0,0.0,0.0,0.0,0.0,4.0,0.0,15,1,4,41.79402873,-87.674041766,POINT (-87.674041766486 41.794028729927),2021,939
O1065686,DRIVER,cb8574541d77fb34baed4e77d3a1610749030e1599b4795a9caab3997aef939535b8bce3639d34773a599cf5a0caeb7d254610dc36acc8d9750c8d5b2d565e03,JE181231,1010656.0,03/27/2021 10:04:00 AM,UNADILLA,GA,31091,M,28.0,SAFETY BELT USED,"DEPLOYED, FRONT",NONE,NO INDICATION OF INJURY,NONE,NOT OBSCURED,NORMAL,TEST NOT OFFERED,2021,JE181231,03/27/2021 10:04:00 AM,35,TRAFFIC SIGNAL,FUNCTIONING PROPERLY,CLEAR,DAYLIGHT,ANGLE,DIVIDED - W/MEDIAN (NOT RAISED),STRAIGHT AND LEVEL,DRY,NO DEFECTS,ON SCENE,INJURY AND / OR TOW DUE TO CRASH,Y,Y,"OVER $1,500",03/27/2021 10:04:00 AM,DISREGARDING TRAFFIC SIGNALS,FAILING TO YIELD RIGHT-OF-WAY,601,S,CALIFORNIA AVE,1135.0,2,NO INDICATION OF INJURY,0.0,0.0,0.0,0.0,0.0,3.0,0.0,10,7,3,41.873751277,-87.695952382,POINT (-87.69595238249 41.873751276665),2021,604
O1026916,DRIVER,65f6d49d0213d4871d316dc57db3fc29bea9e69da552bf1670845f55957355f9c5f42fdc437c74b2a40a4523b3d0e873a783370e4dadf2ac117f01dad6cd228a,JE117060,973310.0,01/19/2021 12:10:00 PM,CHICAGO,IL,60615,M,51.0,SAFETY BELT USED,DID NOT DEPLOY,NONE,NO INDICATION OF INJURY,NONE,NOT OBSCURED,NORMAL,TEST NOT OFFERED,2021,JE117060,01/19/2021 12:10:00 PM,15,STOP SIGN/FLASHER,NO CONTROLS,CLEAR,DAYLIGHT,TURNING,ONE-WAY,STRAIGHT AND LEVEL,DRY,NO DEFECTS,ON SCENE,NO INJURY / DRIVE AWAY,Y,Y,"OVER $1,500",01/19/2021 12:15:00 PM,UNABLE TO DETERMINE,NOT APPLICABLE,8652,S,LAFAYETTE AVE,622.0,3,NO INDICATION OF INJURY,0.0,0.0,0.0,0.0,0.0,3.0,0.0,12,3,1,41.736530073000004,-87.625597752,POINT (-87.625597752236 41.736530073232),2021,730
O1051057,DRIVER,5ca7e33d1fe467ca5b99464ce7c0b606cf885ab8ecdec9e09050f050ee45852bbc555dae35501ebf64f7c6af0ca5511acaa2c496ea8aade13d17a7293ef25abe,JE154560,996577.0,02/27/2021 08:00:00 PM,CHICAGO,IL,60644,F,55.0,USAGE UNKNOWN,NOT APPLICABLE,NONE,NO INDICATION OF INJURY,NONE,NOT OBSCURED,NORMAL,TEST NOT OFFERED,2021,JE154560,02/27/2021 08:00:00 PM,30,TRAFFIC SIGNAL,FUNCTIONING PROPERLY,CLEAR,"DARKNESS, LIGHTED ROAD",SIDESWIPE SAME DIRECTION,FOUR WAY,STRAIGHT AND LEVEL,DRY,NO DEFECTS,NOT ON SCENE (DESK REPORT),NO INJURY / DRIVE AWAY,Y,Y,"$501 - $1,500",02/27/2021 11:15:00 PM,UNABLE TO DETERMINE,UNABLE TO DETERMINE,4000,W,LAKE ST,1114.0,2,NO INDICATION OF INJURY,0.0,0.0,0.0,0.0,0.0,3.0,0.0,20,7,2,41.885580318,-87.72592192399999,POINT (-87.725921923893 41.885580318349),2021,1200
O1103069,DRIVER,705785af9c5670900631236553c952043f9cc68e8aa4d35a826f33229da224e8fb4b0f0d0350181e98eddc332d152eacbc1cb4c1b1bc70560499e3c267c7460f,JE242802,1046333.0,05/25/2021 07:25:00 PM,CHICAGO,IL,60643,M,36.0,SAFETY BELT USED,DID NOT DEPLOY,NONE,NO INDICATION OF INJURY,NONE,NOT OBSCURED,NORMAL,TEST NOT OFFERED,2021,JE242802,05/25/2021 07:25:00 PM,30,TRAFFIC SIGNAL,FUNCTIONING PROPERLY,CLEAR,DAYLIGHT,TURNING,FOUR WAY,STRAIGHT AND LEVEL,DRY,NO DEFECTS,NOT ON SCENE (DESK REPORT),NO INJURY / DRIVE AWAY,Y,Y,"OVER $1,500",05/25/2021 07:40:00 PM,UNABLE TO DETERMINE,NOT APPLICABLE,11901,S,MORGAN ST,524.0,2,NO INDICATION OF INJURY,0.0,0.0,0.0,0.0,0.0,2.0,0.0,19,3,5,41.677660691999996,-87.646413236,POINT (-87.646413236453 41.677660691703),2021,1165
O1086187,DRIVER,ee30e8de84e62e127b3cf6a4c1470482ce9499f7223854904faff72fac3f4034f616f53a82d1b91d0d6441b3729499f563b3940ea7d5e526cc3e5638e9e19b22,JE215495,1030162.0,04/30/2021 09:38:00 PM,CHICAGO,IL,60619,F,47.0,SAFETY BELT USED,"DEPLOYED, FRONT",NONE,NO INDICATION OF INJURY,UNKNOWN,UNKNOWN,NORMAL,TEST NOT OFFERED,2021,JE215495,04/30/2021 09:38:00 PM,30,STOP SIGN/FLASHER,OTHER,CLEAR,"DARKNESS, LIGHTED ROAD",ANGLE,FOUR WAY,STRAIGHT AND LEVEL,DRY,NO DEFECTS,ON SCENE,INJURY AND / OR TOW DUE TO CRASH,Y,Y,"OVER $1,500",04/30/2021 09:40:00 PM,UNABLE TO DETERMINE,UNABLE TO DETERMINE,1700,E,87TH ST,412.0,3,NO INDICATION OF INJURY,0.0,0.0,0.0,0.0,0.0,3.0,0.0,21,6,4,41.737066179,-87.58264431399999,POINT (-87.582644314416 41.737066179084),2021,1298
O1130871,DRIVER,9a0ad79c4bf3b3b4b98f2843bd71d75cc05acbb28f66ccdd37cc719a9df3b535851dc0e3d140bc984fbe71fbc9c64f657ec7da62f2bfc30331230183e270a9aa,JE285539,1072727.0,07/01/2021 02:10:00 AM,SOUTH HOLLAND,IL,60473,M,24.0,SAFETY BELT USED,NOT APPLICABLE,NONE,"REPORTED, NOT EVIDENT",NONE,NOT OBSCURED,NORMAL,TEST NOT OFFERED,2021,JE285539,07/01/2021 02:10:00 AM,30,TRAFFIC SIGNAL,FUNCTIONING PROPERLY,CLEAR,"DARKNESS, LIGHTED ROAD",SIDESWIPE SAME DIRECTION,NOT DIVIDED,STRAIGHT AND LEVEL,DRY,NO DEFECTS,ON SCENE,INJURY AND / OR TOW DUE TO CRASH,Y,Y,$500 OR LESS,07/01/2021 02:39:00 AM,IMPROPER OVERTAKING/PASSING,NOT APPLICABLE,2026,E,MARQUETTE DR,331.0,2,"REPORTED, NOT EVIDENT",2.0,0.0,0.0,0.0,2.0,2.0,0.0,2,5,7,41.775526211,-87.575325926,POINT (-87.575325926423 41.775526210778),2021,130
O1253246,DRIVER,0095d2863a7d64d4b55d0face14167bd3eb6f7b476db1179e2b0d6b489e722b481fc3f31c017acf5d664e247b9a67a9ec179d3e9299910bc5441c493fde00615,JE490022,1189606.0,12/22/2021 02:00:00 PM,CHICAGO,IL,60647,M,16.0,SAFETY BELT USED,DID NOT DEPLOY,NONE,NONINCAPACITATING INJURY,NONE,NOT OBSCURED,NORMAL,TEST NOT OFFERED,2021,JE490022,12/22/2021 02:00:00 PM,30,NO CONTROLS,NO CONTROLS,CLEAR,DAYLIGHT,TURNING,DIVIDED - W/MEDIAN (NOT RAISED),STRAIGHT AND LEVEL,DRY,NO DEFECTS,NOT ON SCENE (DESK REPORT),INJURY AND / OR TOW DUE TO CRASH,Y,Y,"OVER $1,500",12/27/2021 12:15:00 PM,IMPROPER TURNING/NO SIGNAL,FAILING TO YIELD RIGHT-OF-WAY,5400,W,LAKE ST,1523.0,2,NONINCAPACITATING INJURY,1.0,0.0,0.0,1.0,0.0,3.0,0.0,14,4,12,41.887407194,-87.760423139,POINT (-87.760423139224 41.887407194123),2021,840