PERSON_ID,PERSON_TYPE,CRASH_RECORD_ID,RD_NO_x,VEHICLE_ID,CRASH_DATE_x,CITY,STATE,ZIPCODE,SEX,AGE,SAFETY_EQUIPMENT,AIRBAG_DEPLOYED,EJECTION,INJURY_CLASSIFICATION,DRIVER_ACTION,DRIVER_VISION,PHYSICAL_CONDITION,BAC_RESULT,CRASH_YEAR_x,RD_NO_y,CRASH_DATE_y,POSTED_SPEED_LIMIT,TRAFFIC_CONTROL_DEVICE,DEVICE_CONDITION,WEATHER_CONDITION,LIGHTING_CONDITION,FIRST_CRASH_TYPE,TRAFFICWAY_TYPE,ALIGNMENT,ROADWAY_SURFACE_COND,ROAD_DEFECT,REPORT_TYPE,CRASH_TYPE,INTERSECTION_RELATED_I,HIT_AND_RUN_I,DAMAGE,DATE_POLICE_NOTIFIED,PRIM_CONTRIBUTORY_CAUSE,SEC_CONTRIBUTORY_CAUSE,STREET_NO,STREET_DIRECTION,STREET_NAME,BEAT_OF_OCCURRENCE,NUM_UNITS,MOST_SEVERE_INJURY,INJURIES_TOTAL,INJURIES_FATAL,INJURIES_INCAPACITATING,INJURIES_NON_INCAPACITATING,INJURIES_REPORTED_NOT_EVIDENT,INJURIES_NO_INDICATION,INJURIES_UNKNOWN,CRASH_HOUR,CRASH_DAY_OF_WEEK,CRASH_MONTH,LATITUDE,LONGITUDE,LOCATION,CRASH_YEAR_y,TIME
O1109524,DRIVER,693a9eeecfc4905db235a27ed3bc92d9361049c44ec28b365497754cb450b08048681e64f329b21efc1b07b9ba0e38469114700e7654e5f99270235be325f71d,JE253013,1052507.0,06/04/2021 01:30:00 AM,CHICAGO,IL,60628,M,29.0,USAGE UNKNOWN,DEPLOYMENT UNKNOWN,NONE,NO INDICATION OF INJURY,DISREGARDED CONTROL DEVICES,UNKNOWN,UNKNOWN,TEST NOT OFFERED,2021,JE253013,06/04/2021 01:30:00 AM,45,TRAFFIC SIGNAL,FUNCTIONING PROPERLY,CLEAR,"DARKNESS, LIGHTED ROAD",REAR END,DIVIDED - W/MEDIAN (NOT RAISED),STRAIGHT AND LEVEL,DRY,NO DEFECTS,ON SCENE,NO INJURY / DRIVE AWAY,Y,Y,"$501 - $1,500",06/04/2021 01:40:00 AM,DISREGARDING TRAFFIC SIGNALS,FOLLOWING TOO CLOSELY,1210,S,LAKE SHORE DR E,132.0,2,NO INDICATION OF INJURY,0.0,0.0,0.0,0.0,0.0,2.0,0.0,1,6,6,41.86720096,-87.61908569,POINT (-87.619085689827 41.867200959735),2021,90
O1106726,DRIVER,230745a1a0bb75435865c03670ffc880efe54d8ebdeef6467a4f7801ad505c1d5803c4303b31e7c7b013e07101a5a36cc86fa2100622653d803e577e727f4364,JE248480,1049848.0,05/31/2021 01:50:00 AM,CHICAGO,IL,60612,F,31.0,SAFETY BELT USED,DID NOT DEPLOY,NONE,NO INDICATION OF INJURY,NONE,NOT OBSCURED,NORMAL,TEST NOT OFFERED,2021,JE248480,05/31/2021 01:50:00 AM,30,STOP SIGN/FLASHER,FUNCTIONING PROPERLY,CLEAR,"DARKNESS, LIGHTED ROAD",TURNING,T-INTERSECTION,STRAIGHT AND LEVEL,DRY,NO DEFECTS,ON SCENE,NO INJURY / DRIVE AWAY,Y,Y,"$501 - $1,500",05/31/2021 01:53:00 AM,UNABLE TO DETERMINE,UNABLE TO DETERMINE,101,S,BELL AVE,1223.0,2,NO INDICATION OF INJURY,0.0,0.0,0.0,0.0,0.0,3.0,0.0,1,2,5,41.879847112,-87.68267848,POINT (-87.682678479724 41.879847112248),2021,110
O1085453,DRIVER,747fe6c53ec45b23bb20ada6e9b03e20c145ade94c059daf00db3d7e7bc89d290320a3c55bdef960756c449e91fce7cad58553e5292fa24ba0896c911b6951f5,JE214151,1029944.0,04/29/2021 03:30:00 PM,CHICAGO,IL,60652,M,45.0,USAGE UNKNOWN,DID NOT DEPLOY,NONE,NO INDICATION OF INJURY,OTHER,UNKNOWN,NORMAL,TEST NOT OFFERED,2021,JE214151,04/29/2021 03:30:00 PM,30,TRAFFIC SIGNAL,UNKNOWN,CLEAR,DAYLIGHT,SIDESWIPE SAME DIRECTION,NOT DIVIDED,STRAIGHT AND LEVEL,DRY,UNKNOWN,NOT ON SCENE (DESK REPORT),NO INJURY / DRIVE AWAY,Y,Y,"OVER $1,500",04/29/2021 04:45:00 PM,UNABLE TO DETERMINE,UNABLE TO DETERMINE,310,E,CHICAGO AVE,1833.0,2,NO INDICATION OF INJURY,0.0,0.0,0.0,0.0,0.0,2.0,0.0,15,5,4,41.896906136,-87.619833948,POINT (-87.619833947936 41.896906135505),2021,930
O1123958,DRIVER,4a627b5667fc4cdc2acf4ba994a219fb2215415840a5c8e32ac799029124e59496cda0842fb855090284e9aaacba754a098d16abeeac0e556589b426dd1ebf95,JE275479,1066111.0,06/22/2021 11:05:00 AM,CHICAGO,IL,60629,F,37.0,SAFETY BELT USED,NOT APPLICABLE,NONE,NO INDICATION OF INJURY,NONE,NOT OBSCURED,NORMAL,TEST NOT OFFERED,2021,JE275479,06/22/2021 11:05:00 AM,30,STOP SIGN/FLASHER,FUNCTIONING PROPERLY,CLEAR,DAYLIGHT,ANGLE,DIVIDED - W/MEDIAN (NOT RAISED),STRAIGHT AND LEVEL,DRY,NO DEFECTS,NOT ON SCENE (DESK REPORT),NO INJURY / DRIVE AWAY,Y,N,"OVER $1,500",06/22/2021 11:05:00 AM,FAILING TO YIELD RIGHT-OF-WAY,NOT APPLICABLE,5600,S,CALIFORNIA AVE,824.0,2,NO INDICATION OF INJURY,0.0,0.0,0.0,0.0,0.0,4.0,0.0,11,3,6,41.791777111,-87.693891046,POINT (-87.693891045577 41.791777111),2021,665
O1111755,DRIVER,1fe0d2b3db39c4ca25bd447196b93cd1d28daf896d95246e865f4f00436c46c754c13f1b8677450b5cbab1e969d06dbc781db1f2b4054cc6a0b1b1d97a68b9f3,JE256233,1054653.0,06/06/2021 06:45:00 PM,DES PLAINES,IL,60016,F,17.0,SAFETY BELT USED,"DEPLOYED, SIDE",NONE,NO INDICATION OF INJURY,NONE,NOT OBSCURED,NORMAL,TEST NOT OFFERED,2021,JE256233,06/06/2021 06:45:00 PM,30,TRAFFIC SIGNAL,FUNCTIONING PROPERLY,CLEAR,DAYLIGHT,ANGLE,NOT DIVIDED,STRAIGHT AND LEVEL,DRY,NO DEFECTS,ON SCENE,INJURY AND / OR TOW DUE TO CRASH,Y,N,"OVER $1,500",06/06/2021 06:48:00 PM,DISREGARDING TRAFFIC SIGNALS,FAILING TO YIELD RIGHT-OF-WAY,8900,S,STONY ISLAND AVE,413.0,2,INCAPACITATING INJURY,1.0,0.0,1.0,0.0,0.0,1.0,0.0,18,1,6,41.733187965999996,-87.585712698,POINT (-87.585712697936 41.733187965898),2021,1125
O1027489,DRIVER,b2b18bb0c430c5758c1bc2d32ba58d3ce629ad176ee290a59e39bc2c76c63ac5046728da050bf3c93559a5ece729f801c2db4b73b761df467f2e69175e8b7b88,JE118167,973851.0,01/20/2021 03:32:00 PM,SOUTH HOLLAND,IL,60473,F,56.0,SAFETY BELT USED,DID NOT DEPLOY,NONE,NO INDICATION OF INJURY,NONE,NOT OBSCURED,NORMAL,TEST NOT OFFERED,2021,JE118167,01/20/2021 03:32:00 PM,30,UNKNOWN,UNKNOWN,CLEAR,DAYLIGHT,SIDESWIPE SAME DIRECTION,FOUR WAY,STRAIGHT AND LEVEL,SNOW OR SLUSH,NO DEFECTS,NOT ON SCENE (DESK REPORT),NO INJURY / DRIVE AWAY,Y,Y,"OVER $1,500",01/20/2021 04:00:00 PM,NOT APPLICABLE,UNABLE TO DETERMINE,9500,S,STONY ISLAND AVE,511.0,2,NO INDICATION OF INJURY,0.0,0.0,0.0,0.0,0.0,2.0,0.0,15,4,1,41.722257273000004,-87.585275565,POINT (-87.585275565077 41.722257273006),2021,932
O1053234,DRIVER,c1e8ef0f1ce9691cbe3a9babca3c6ebd41fe92b83166b315bdf528347fb816c162c4bd7d7def12cdb671aa74c88999aff041f24391a745f741fce6ae3bc6bbef,JE158599,998667.0,03/04/2021 01:52:00 AM,CHICAGO,IL,60620,F,30.0,SAFETY BELT USED,"DEPLOYED, FRONT",NONE,NO INDICATION OF INJURY,NONE,NOT OBSCURED,NORMAL,TEST NOT OFFERED,2021,JE158599,03/04/2021 01:52:00 AM,30,TRAFFIC SIGNAL,FUNCTIONING PROPERLY,CLEAR,"DARKNESS, LIGHTED ROAD",HEAD ON,CENTER TURN LANE,STRAIGHT AND LEVEL,DRY,NO DEFECTS,ON SCENE,INJURY AND / OR TOW DUE TO CRASH,Y,Y,"OVER $1,500",03/04/2021 02:13:00 AM,DRIVING ON WRONG SIDE/WRONG WAY,NOT APPLICABLE,11501,S,WESTERN AVE,2212.0,2,NO INDICATION OF INJURY,0.0,0.0,0.0,0.0,0.0,4.0,0.0,1,5,3,41.684418087,-87.680778268,POINT (-87.680778267558 41.684418086512),2021,112
O1081738,DRIVER,e638d6f421e9552b9cf8d45980c7d20b86c0f1595edba5e7d36e146077285bc0f2a643824ac2b981392191456dbbc8799136175ba8d57cd30d5c406862a9f66f,JE208173,1025920.0,04/23/2021 06:18:00 PM,CHICAGO,IL,60647,M,28.0,USAGE UNKNOWN,DID NOT DEPLOY,NONE,NO INDICATION OF INJURY,NONE,NOT OBSCURED,NORMAL,TEST NOT OFFERED,2021,JE208173,04/23/2021 06:18:00 PM,30,STOP SIGN/FLASHER,FUNCTIONING PROPERLY,CLEAR,"DARKNESS, LIGHTED ROAD",REAR END,NOT DIVIDED,STRAIGHT AND LEVEL,DRY,NO DEFECTS,NOT ON SCENE (DESK REPORT),NO INJURY / DRIVE AWAY,Y,Y,"OVER $1,500",04/23/2021 08:20:00 PM,FOLLOWING TOO CLOSELY,FAILING TO REDUCE SPEED TO AVOID CRASH,2237,N,SACRAMENTO AVE,1414.0,2,NO INDICATION OF INJURY,0.0,0.0,0.0,0.0,0.0,2.0,0.0,18,6,4,41.922672993,-87.702094091,POINT (-87.702094090641 41.922672992511),2021,1098
O1124698,DRIVER,2e148ab68a3ee108d78b2f329f4ce6251272db38173e04ff2e697b373225315b6945b44364629c7818ffbfa3b75c6ce072fb75039c36184e0a2021f7fb957bcf,JE276689,1066830.0,06/23/2021 11:35:00 AM,CHICAGO,IL,60628,M,32.0,SAFETY BELT USED,"DEPLOYED, COMBINATION",NONE,NO INDICATION OF INJURY,OTHER,NOT OBSCURED,NORMAL,TEST NOT OFFERED,2021,JE276689,06/23/2021 11:35:00 AM,30,NO CONTROLS,NO CONTROLS,CLEAR,DAYLIGHT,SIDESWIPE SAME DIRECTION,NOT DIVIDED,STRAIGHT AND LEVEL,DRY,NO DEFECTS,ON SCENE,INJURY AND / OR TOW DUE TO CRASH,Y,Y,"OVER $1,500",06/23/2021 11:35:00 AM,UNABLE TO DETERMINE,UNABLE TO DETERMINE,7658,S,YATES BLVD,414.0,3,NONINCAPACITATING INJURY,2.0,0.0,0.0,1.0,1.0,3.0,0.0,11,4,6,41.755449078000005,-87.56645095299999,POINT (-87.56645095317 41.755449078388),2021,695
O1141099,DRIVER,e237bc2fce302d559751822f2aa19285abd20181562067d3cd6a2d05221a34fc06f7de899aa3371bbd323bb4932ee44f51e0bb5fa121ee40146da916084ddb43,JE303649,1082404.0,07/16/2021 04:36:00 PM,CHICAGO,IL,60637,F,29.0,SAFETY BELT USED,NOT APPLICABLE,NONE,NONINCAPACITATING INJURY,NONE,NOT OBSCURED,NORMAL,TEST NOT OFFERED,2021,JE303649,07/16/2021 04:36:00 PM,30,STOP SIGN/FLASHER,FUNCTIONING PROPERLY,CLEAR,DAYLIGHT,ANGLE,NOT REPORTED,STRAIGHT AND LEVEL,DRY,NO DEFECTS,ON SCENE,INJURY AND / OR TOW DUE TO CRASH,Y,Y,"OVER $1,500",07/16/2021 04:37:00 PM,DISREGARDING STOP SIGN,NOT APPLICABLE,4600,S,INDIANA AVE,215.0,2,NONINCAPACITATING INJURY,1.0,0.0,0.0,1.0,0.0,2.0,0.0,16,6,7,41.811032084000004,-87.62140462299999,POINT (-87.62140462327 41.811032083875),2021,996
O1149843,DRIVER,066179ed32582b988c3f028aff9c83fb1a21cce707b9a6ea4935742348772410d59b47fd05950f36e93988b6213b84dbce806cbd25673d892d1e60ece04b99c9,JE317727,1090712.0,07/28/2021 07:14:00 PM,CHICAGO,IL,60617,M,34.0,USAGE UNKNOWN,DEPLOYMENT UNKNOWN,NONE,INCAPACITATING INJURY,NONE,NOT OBSCURED,NORMAL,TEST NOT OFFERED,2021,JE317727,07/28/2021 07:14:00 PM,30,TRAFFIC SIGNAL,FUNCTIONING PROPERLY,CLEAR,DAYLIGHT,REAR END,FOUR WAY,STRAIGHT AND LEVEL,DRY,NO DEFECTS,ON SCENE,INJURY AND / OR TOW DUE TO CRASH,Y,Y,"OVER $1,500",07/28/2021 07:17:00 PM,DRIVING SKILLS/KNOWLEDGE/EXPERIENCE,FAILING TO REDUCE SPEED TO AVOID CRASH,7899,S,STONY ISLAND AVE,411.0,4,INCAPACITATING INJURY,4.0,0.0,1.0,3.0,0.0,1.0,0.0,19,4,7,41.75151786,-87.585465141,POINT (-87.585465140554 41.751517859972),2021,1154
O1064644,DRIVER,f4e0f2a451e6e5c65e879ecdc2fe806e21fa6c6a5af614e17211eb65f1b8f600a37065e0c89d1866376d8b68afc8ad395fe040f1d8756b76a7201e2bb3f6bee9,JE179578,1009676.0,03/25/2021 04:12:00 PM,CHICAGO,IL,60643,M,49.0,SAFETY BELT USED,"DEPLOYED, COMBINATION",NONE,NO INDICATION OF INJURY,NONE,NOT OBSCURED,NORMAL,TEST NOT OFFERED,2021,JE179578,03/25/2021 04:12:00 PM,15,STOP SIGN/FLASHER,FUNCTIONING PROPERLY,CLEAR,DAYLIGHT,REAR END,DIVIDED - W/MEDIAN (NOT RAISED),STRAIGHT AND LEVEL,DRY,NO DEFECTS,ON SCENE,INJURY AND / OR TOW DUE TO CRASH,Y,Y,"OVER $1,500",03/25/2021 04:15:00 PM,FAILING TO REDUCE SPEED TO AVOID CRASH,UNABLE TO DETERMINE,1714,W,99TH ST,2213.0,3,NO INDICATION OF INJURY,0.0,0.0,0.0,0.0,0.0,3.0,0.0,16,5,3,41.714018533,-87.665990943,POINT (-87.665990942843 41.714018532963),2021,972
O1185622,DRIVER,46de79cd29681bfcb3a5d43d45437fe7d224c4f989683850bbe8b4cd873f5e0affa3a5cb87c8b4fb2b4aed2337b5c3088b8f5e282e8357b73854bef7bd427c79,JE376782,1124809.0,09/17/2021 08:35:00 AM,CHICAGO,IL,60639,M,0.0,USAGE UNKNOWN,DEPLOYMENT UNKNOWN,NONE,NO INDICATION OF INJURY,DISREGARDED CONTROL DEVICES,UNKNOWN,UNKNOWN,TEST NOT OFFERED,2021,JE376782,09/17/2021 08:35:00 AM,30,STOP SIGN/FLASHER,FUNCTIONING PROPERLY,CLEAR,DAYLIGHT,TURNING,FOUR WAY,STRAIGHT AND LEVEL,DRY,NO DEFECTS,ON SCENE,INJURY AND / OR TOW DUE TO CRASH,Y,Y,"OVER $1,500",09/17/2021 08:47:00 AM,DISREGARDING STOP SIGN,DISREGARDING STOP SIGN,1899,N,KIMBALL AVE,1422.0,2,NONINCAPACITATING INJURY,1.0,0.0,0.0,1.0,0.0,1.0,0.0,8,6,9,41.915436516999996,-87.711708948,POINT (-87.711708947586 41.915436517092),2021,515
O1237924,DRIVER,5888a4dd87046422a8a467f9dcd4dd4266cead63f45de7c7c68c321dff84bf66b9a64d15c1ab60442d5c4a7b75653a33ff2945cdd2e7074e4db474c86dca49ab,JE463489,1174909.0,12/02/2021 11:02:00 AM,CHICAGO,IL,60642,M,33.0,SAFETY BELT USED,DID NOT DEPLOY,NONE,NO INDICATION OF INJURY,NONE,NOT OBSCURED,NORMAL,TEST NOT OFFERED,2021,JE463489,12/02/2021 11:02:00 AM,25,TRAFFIC SIGNAL,FUNCTIONING PROPERLY,CLEAR,DAYLIGHT,SIDESWIPE SAME DIRECTION,NOT DIVIDED,STRAIGHT AND LEVEL,DRY,NO DEFECTS,ON SCENE,NO INJURY / DRIVE AWAY,Y,Y,"OVER $1,500",12/02/2021 12:00:00 PM,DRIVING SKILLS/KNOWLEDGE/EXPERIENCE,FAILING TO YIELD RIGHT-OF-WAY,2759,N,CALIFORNIA AVE,1411.0,2,NO INDICATION OF INJURY,0.0,0.0,0.0,0.0,0.0,2.0,0.0,11,5,12,41.932006693000005,-87.69746847,POINT (-87.697468470355 41.932006692678),2021,662
O1182917,DRIVER,7d8fac1cba5dd640f8c04cddc89bcee7689d41a19c4e5cbbb88e2b032f65827aa70a3c987d49a69adea614d74d2be02b6774efe6a567eb9c3879cc54c222717a,JE372090,1122265.0,09/13/2021 02:10:00 PM,CHICAGO,IL,60660,M,41.0,SAFETY BELT USED,NOT APPLICABLE,NONE,NO INDICATION OF INJURY,NONE,NOT OBSCURED,NORMAL,TEST NOT OFFERED,2021,JE372090,09/13/2021 02:10:00 PM,30,TRAFFIC SIGNAL,FUNCTIONING PROPERLY,CLEAR,DAYLIGHT,REAR END,NOT DIVIDED,STRAIGHT AND LEVEL,DRY,SHOULDER DEFECT,ON SCENE,INJURY AND / OR TOW DUE TO CRASH,Y,Y,"OVER $1,500",09/13/2021 02:20:00 PM,FAILING TO REDUCE SPEED TO AVOID CRASH,UNABLE TO DETERMINE,67,E,PERSHING RD,213.0,4,NO INDICATION OF INJURY,0.0,0.0,0.0,0.0,0.0,5.0,0.0,14,2,9,41.823636449,-87.623906812,POINT (-87.623906812013 41.823636448526),2021,850
O1172437,DRIVER,3bc97406c6c794b49ad97fc5d5ee556def009f4f026fd6ad24ff3e5bf063e7eafae31676cf63883d1aa3525630625a223de9e44471e124b37b46c66c69a362bd,JE354690,1112205.0,08/29/2021 08:51:00 PM,CHICAGO,IL,60620,F,53.0,USAGE UNKNOWN,"DEPLOYED, FRONT",NONE,NONINCAPACITATING INJURY,NONE,UNKNOWN,NORMAL,TEST NOT OFFERED,2021,JE354690,08/29/2021 08:51:00 PM,30,TRAFFIC SIGNAL,FUNCTIONING PROPERLY,CLEAR,DARKNESS,TURNING,FOUR WAY,STRAIGHT AND LEVEL,DRY,NO DEFECTS,ON SCENE,INJURY AND / OR TOW DUE TO CRASH,Y,Y,"OVER $1,500",08/29/2021 08:52:00 PM,FAILING TO YIELD RIGHT-OF-WAY,DISREGARDING TRAFFIC SIGNALS,1400,W,87TH ST,614.0,2,NONINCAPACITATING INJURY,2.0,0.0,0.0,2.0,0.0,1.0,0.0,20,1,8,41.735970572,-87.658268184,POINT (-87.6582681841 41.735970572419),2021,1251
O1246978,DRIVER,8e9dc3493c134778b98253dac19b1f66b06bffa48b8e07eeea8d27e1acab423af361dd6e25b32417dd164f60f918f260d365aecc9079695d64c3c15a61785d80,JE478777,1183566.0,12/15/2021 08:45:00 PM,CHICAGO,IL,60629,M,40.0,SAFETY BELT USED,"DEPLOYED, COMBINATION",NONE,NO INDICATION OF INJURY,NONE,NOT OBSCURED,NORMAL,TEST NOT OFFERED,2021,JE478777,12/15/2021 08:45:00 PM,30,TRAFFIC SIGNAL,FUNCTIONING PROPERLY,CLEAR,DARKNESS,TURNING,DIVIDED - W/MEDIAN (NOT RAISED),STRAIGHT AND LEVEL,WET,NO DEFECTS,ON SCENE,INJURY AND / OR TOW DUE TO CRASH,Y,Y,"OVER $1,500",12/15/2021 08:50:00 PM,FAILING TO YIELD RIGHT-OF-WAY,NOT APPLICABLE,4790,W,47TH ST,815.0,3,NONINCAPACITATING INJURY,1.0,0.0,0.0,1.0,0.0,5.0,0.0,20,4,12,41.807737271,-87.74310760799999,POINT (-87.743107607634 41.807737271022),2021,1245
O1022874,DRIVER,efca3507b933c24e10881a8cfe88685ae5d932eea087766e4484dcf07c7d73250c207dd8383c0f0f70f413f889198386a0eb76e310543625aaa0f8509c0b0262,JE109798,969515.0,01/11/2021 11:13:00 AM,CHICAGO,IL,60651,M,29.0,USAGE UNKNOWN,DID NOT DEPLOY,NONE,"REPORTED, NOT EVIDENT",EVADING POLICE VEHICLE,NOT OBSCURED,NORMAL,TEST NOT OFFERED,2021,JE109798,01/11/2021 11:13:00 AM,30,STOP SIGN/FLASHER,FUNCTIONING PROPERLY,CLEAR,DAYLIGHT,FIXED OBJECT,ONE-WAY,STRAIGHT AND LEVEL,DRY,NO DEFECTS,ON SCENE,INJURY AND / OR TOW DUE TO CRASH,Y,Y,"OVER $1,500",01/11/2021 11:13:00 AM,"OPERATING VEHICLE IN ERRATIC, RECKLESS, CARELESS, NEGLIGENT OR AGGRESSIVE MANNER",NOT APPLICABLE,5033,W,HIRSCH ST,2533.0,1,"REPORTED, NOT EVIDENT",1.0,0.0,0.0,0.0,1.0,0.0,0.0,11,2,1,41.905806158000004,-87.75231949200001,POINT (-87.752319492371 41.905806157776),2021,673
O1174008,DRIVER,eecdccc716fc845121fee56cf3ba02e80c2fb8675bfd3c5857e6c7c4367eb10726d4c906e703a44eb8638c971fee135cd1d2ecd3f9f2fd3509667725219234fa,JE357194,1113712.0,08/31/2021 08:20:00 PM,CICERO,IL,60804,F,29.0,USAGE UNKNOWN,DID NOT DEPLOY,NONE,NO INDICATION OF INJURY,UNKNOWN,UNKNOWN,UNKNOWN,TEST NOT OFFERED,2021,JE357194,08/31/2021 08:20:00 PM,30,TRAFFIC SIGNAL,FUNCTIONING PROPERLY,CLEAR,DARKNESS,REAR END,NOT DIVIDED,STRAIGHT AND LEVEL,DRY,UNKNOWN,NOT ON SCENE (DESK REPORT),NO INJURY / DRIVE AWAY,Y,Y,$500 OR LESS,08/31/2021 08:20:00 PM,UNABLE TO DETERMINE,UNABLE TO DETERMINE,5300,S,KEDZIE AVE,822.0,2,NO INDICATION OF INJURY,0.0,0.0,0.0,0.0,0.0,2.0,0.0,20,3,8,41.797118923,-87.703804926,POINT (-87.703804926209 41.797118923256),2021,1220
O1209028,DRIVER,ef65ded7ce1d83b627033709e6e602d53db0df4d6a379c2367ec8d47049eae45232a5b33e3d7c8ab6c8c0218491c6012c9e345ba446d1bf445ca6de501cefe71,JE415919,1147160.0,10/20/2021 07:30:00 AM,CHICAGO,IL,60628,F,31.0,USAGE UNKNOWN,DID NOT DEPLOY,NONE,NO INDICATION OF INJURY,NONE,NOT OBSCURED,NORMAL,TEST NOT OFFERED,2021,JE415919,10/20/2021 07:30:00 AM,30,TRAFFIC SIGNAL,FUNCTIONING PROPERLY,CLEAR,DAYLIGHT,TURNING,FOUR WAY,STRAIGHT AND LEVEL,DRY,NO DEFECTS,ON SCENE,NO INJURY / DRIVE AWAY,Y,Y,"OVER $1,500",10/20/2021 07:47:00 AM,IMPROPER BACKING,NOT APPLICABLE,1998,E,87TH ST,412.0,2,NO INDICATION OF INJURY,0.0,0.0,0.0,0.0,0.0,2.0,0.0,7,4,10,41.737164874,-87.575781549,POINT (-87.57578154891 41.737164873758),2021,450
O1019749,DRIVER,a9a6cde30ee1f2eea8ee6448848744e44b16ba65e5155af8182a91487b12dab5fe7571fc0627ade26ac93c70f0c66efd5fbd2bcfd3c7f76f834d6c2fbc7467cd,JE103497,966538.0,01/04/2021 09:30:00 PM,CHICAGO,IL,60629,M,37.0,SAFETY BELT USED,DID NOT DEPLOY,NONE,NO INDICATION OF INJURY,OTHER,NOT OBSCURED,NORMAL,TEST NOT OFFERED,2021,JE103497,01/04/2021 09:30:00 PM,30,TRAFFIC SIGNAL,FUNCTIONING PROPERLY,CLEAR,"DARKNESS, LIGHTED ROAD",ANGLE,NOT DIVIDED,STRAIGHT AND LEVEL,DRY,NO DEFECTS,NOT ON SCENE (DESK REPORT),NO INJURY / DRIVE AWAY,Y,Y,"$501 - $1,500",01/04/2021 09:45:00 PM,DISREGARDING TRAFFIC SIGNALS,FAILING TO REDUCE SPEED TO AVOID CRASH,2801,W,57TH ST,824.0,2,NO INDICATION OF INJURY,0.0,0.0,0.0,0.0,0.0,2.0,0.0,21,2,1,41.789937513000005,-87.693754595,POINT (-87.693754595333 41.789937513479),2021,1290
O1067088,DRIVER,ccf1d86ee4c7b30e56dbe2834998e46805acef1bda0b9cd806e92d7fc9d1f92d912432763115d98029a4730c632c6bbe6bc7baac1ffdc75d0037fc18edcac117,JE183403,1012010.0,03/29/2021 04:00:00 PM,CHICAGO,IL,60620,F,57.0,NONE PRESENT,DEPLOYMENT UNKNOWN,NONE,NO INDICATION OF INJURY,NONE,NOT OBSCURED,NORMAL,TEST NOT OFFERED,2021,JE183403,03/29/2021 04:00:00 PM,30,TRAFFIC SIGNAL,FUNCTIONING PROPERLY,CLEAR,DAYLIGHT,REAR END,FOUR WAY,STRAIGHT AND LEVEL,DRY,NO DEFECTS,NOT ON SCENE (DESK REPORT),INJURY AND / OR TOW DUE TO CRASH,N,Y,"$501 - $1,500",03/29/2021 04:30:00 PM,FOLLOWING TOO CLOSELY,NOT APPLICABLE,7600,S,VINCENNES AVE,623.0,4,NONINCAPACITATING INJURY,1.0,0.0,0.0,1.0,0.0,4.0,0.0,16,2,3,41.756285700999996,-87.632406663,POINT (-87.632406662789 41.756285700818),2021,960
O1045954,DRIVER,412523c50f312ba83da37d7fba6aab82940886e73e106ae30fb923537eb32c25eb04ae65b1f99d5f47bcb6fbbd31ab745b81dba080b0019939c0d701efb53000,JE146415,991631.0,02/19/2021 08:08:00 PM,DYER,IN,46311,F,58.0,SAFETY BELT USED,NOT APPLICABLE,NONE,NO INDICATION OF INJURY,NONE,NOT OBSCURED,NORMAL,TEST NOT OFFERED,2021,JE146415,02/19/2021 08:08:00 PM,35,STOP SIGN/FLASHER,FUNCTIONING PROPERLY,CLEAR,DAYLIGHT,ANGLE,CENTER TURN LANE,STRAIGHT AND LEVEL,DRY,NO DEFECTS,ON SCENE,NO INJURY / DRIVE AWAY,Y,Y,"OVER $1,500",02/19/2021 08:08:00 PM,FAILING TO YIELD RIGHT-OF-WAY,NOT APPLICABLE,2898,E,95TH ST,423.0,2,NO INDICATION OF INJURY,0.0,0.0,0.0,0.0,0.0,2.0,0.0,20,6,2,41.722841636,-87.55391765600001,POINT (-87.55391765617 41.72284163595),2021,1208
O1210891,DRIVER,0fabcf347c517b438d8b1384b46b71d66170d26d137bfaf6ed6ba85152938c68af4a7016cdbc04260981210ac837036796b91a09185373a17d19c1796f25a4f2,JE419112,1148955.0,10/22/2021 08:14:00 PM,CHICAGO,IL,60620,F,52.0,SAFETY BELT USED,DID NOT DEPLOY,NONE,NO INDICATION OF INJURY,NONE,NOT OBSCURED,NORMAL,TEST NOT OFFERED,2021,JE419112,10/22/2021 08:14:00 PM,20,STOP SIGN/FLASHER,FUNCTIONING PROPERLY,CLEAR,"DARKNESS, LIGHTED ROAD",ANGLE,NOT DIVIDED,STRAIGHT AND LEVEL,DRY,NO DEFECTS,ON SCENE,INJURY AND / OR TOW DUE TO CRASH,Y,Y,"OVER $1,500",10/22/2021 08:15:00 PM,FAILING TO YIELD RIGHT-OF-WAY,NOT APPLICABLE,8100,S,LOOMIS BLVD,614.0,2,NO INDICATION OF INJURY,0.0,0.0,0.0,0.0,0.0,2.0,0.0,20,6,10,41.746692900999996,-87.658637412,POINT (-87.658637411569 41.746692901132),2021,1214