PERSON_ID,PERSON_TYPE,CRASH_RECORD_ID,RD_NO_x,VEHICLE_ID,CRASH_DATE_x,CITY,STATE,ZIPCODE,SEX,AGE,SAFETY_EQUIPMENT,AIRBAG_DEPLOYED,EJECTION,INJURY_CLASSIFICATION,DRIVER_ACTION,DRIVER_VISION,PHYSICAL_CONDITION,BAC_RESULT,CRASH_YEAR_x,RD_NO_y,CRASH_DATE_y,POSTED_SPEED_LIMIT,TRAFFIC_CONTROL_DEVICE,DEVICE_CONDITION,WEATHER_CONDITION,LIGHTING_CONDITION,FIRST_CRASH_TYPE,TRAFFICWAY_TYPE,ALIGNMENT,ROADWAY_SURFACE_COND,ROAD_DEFECT,REPORT_TYPE,CRASH_TYPE,INTERSECTION_RELATED_I,HIT_AND_RUN_I,DAMAGE,DATE_POLICE_NOTIFIED,PRIM_CONTRIBUTORY_CAUSE,SEC_CONTRIBUTORY_CAUSE,STREET_NO,STREET_DIRECTION,STREET_NAME,BEAT_OF_OCCURRENCE,NUM_UNITS,MOST_SEVERE_INJURY,INJURIES_TOTAL,INJURIES_FATAL,INJURIES_INCAPACITATING,INJURIES_NON_INCAPACITATING,INJURIES_REPORTED_NOT_EVIDENT,INJURIES_NO_INDICATION,INJURIES_UNKNOWN,CRASH_HOUR,CRASH_DAY_OF_WEEK,CRASH_MONTH,LATITUDE,LONGITUDE,LOCATION,CRASH_YEAR_y,TIME
O1255953,DRIVER,9497160833b626cd4ee202061e3f31d5e40922912cf5bb208fb62d0bfae0e09fb103c290524d6cba931a02b07a69defe0a26956c9f21af39ff15836a3716f514,JF100568,1192148.0,12/31/2021 10:01:00 PM,CHICAGO,IL,60629,F,38.0,SAFETY BELT USED,DID NOT DEPLOY,NONE,NO INDICATION OF INJURY,NONE,NOT OBSCURED,NORMAL,TEST NOT OFFERED,2021,JF100568,12/31/2021 10:01:00 PM,30,NO CONTROLS,NO CONTROLS,CLEAR,"DARKNESS, LIGHTED ROAD",TURNING,FOUR WAY,STRAIGHT AND LEVEL,DRY,NO DEFECTS,NOT ON SCENE (DESK REPORT),NO INJURY / DRIVE AWAY,Y,Y,"$501 - $1,500",01/01/2022 01:30:00 PM,IMPROPER TURNING/NO SIGNAL,NOT APPLICABLE,5511,S,INDIANA AVE,231.0,2,NO INDICATION OF INJURY,0.0,0.0,0.0,0.0,0.0,3.0,0.0,22,6,12,41.79394634,-87.620679914,POINT (-87.62067991442 41.793946340247),2021,1321
O1206030,DRIVER,6eecf670b774e96da8fc82ac5344e562c27b7eba612aba50c5ca8522011117ed642f440fff93553d1a421c4c462804ef6c41f7330ae1f0430965d019c2753934,JE410957,1144398.0,10/15/2021 06:09:00 PM,CHICAGO,IL,60618,M,23.0,SAFETY BELT USED,DID NOT DEPLOY,NONE,NO INDICATION OF INJURY,UNKNOWN,UNKNOWN,NORMAL,TEST NOT OFFERED,2021,JE410957,10/15/2021 06:09:00 PM,30,TRAFFIC SIGNAL,FUNCTIONING PROPERLY,CLEAR,"DARKNESS, LIGHTED ROAD",ANGLE,FOUR WAY,STRAIGHT AND LEVEL,DRY,NO DEFECTS,ON SCENE,INJURY AND / OR TOW DUE TO CRASH,Y,N,"OVER $1,500",10/15/2021 06:09:00 PM,UNABLE TO DETERMINE,UNABLE TO DETERMINE,760,S,KOSTNER AVE,1131.0,2,"REPORTED, NOT EVIDENT",1.0,0.0,0.0,0.0,1.0,8.0,0.0,18,6,10,41.870648279,-87.73527321700001,POINT (-87.735273216825 41.870648278737),2021,1089
O1250288,DRIVER,b768603b5d92faedd46f993e27e1b20da42913d9131ca01236087dde5a9e9eacd792965a3183d6bf2877b0c8d19f05be263f943d95162cfbbb6491affac688e3,JE484227,1186748.0,12/20/2021 05:31:00 PM,NAPERVILLE,IL,60564,F,59.0,SAFETY BELT USED,DID NOT DEPLOY,NONE,NO INDICATION OF INJURY,NONE,NOT OBSCURED,NORMAL,TEST NOT OFFERED,2021,JE484227,12/20/2021 05:31:00 PM,20,NO CONTROLS,NO CONTROLS,CLEAR,"DARKNESS, LIGHTED ROAD",REAR END,NOT DIVIDED,STRAIGHT AND LEVEL,DRY,NO DEFECTS,NOT ON SCENE (DESK REPORT),NO INJURY / DRIVE AWAY,Y,Y,"$501 - $1,500",12/20/2021 06:15:00 PM,FOLLOWING TOO CLOSELY,NOT APPLICABLE,900,N,WESTERN AVE,1212.0,2,NO INDICATION OF INJURY,0.0,0.0,0.0,0.0,0.0,3.0,0.0,17,2,12,41.897605211,-87.68703654,POINT (-87.687036540437 41.897605211464),2021,1051
O1213433,DRIVER,1f6a1bafc0977332ef4070c52ca1ee8deb2cef400f3d2213c34b0794e4ae98944f3e498de24f646e70d65378461b7a743793338227a245faea3bd046fa082344,JE423080,1151402.0,10/25/2021 07:00:00 AM,CHICAGO,IL,60629,M,64.0,SAFETY BELT USED,NOT APPLICABLE,NONE,NO INDICATION OF INJURY,NONE,NOT OBSCURED,NORMAL,TEST NOT OFFERED,2021,JE423080,10/25/2021 07:00:00 AM,30,STOP SIGN/FLASHER,FUNCTIONING PROPERLY,RAIN,DAYLIGHT,ANGLE,DIVIDED - W/MEDIAN (NOT RAISED),STRAIGHT AND LEVEL,WET,NO DEFECTS,NOT ON SCENE (DESK REPORT),NO INJURY / DRIVE AWAY,Y,Y,"OVER $1,500",10/26/2021 01:32:00 PM,UNABLE TO DETERMINE,UNABLE TO DETERMINE,7200,S,WESTERN AVE,832.0,2,NO INDICATION OF INJURY,0.0,0.0,0.0,0.0,0.0,2.0,0.0,7,2,10,41.762783842,-87.68333690600001,POINT (-87.683336906075 41.762783841947),2021,420
O1151570,DRIVER,c02c9979054523fb838da0616d284c1276882937b1ff2c0fa7b1d47dbc221620930aeb93bd2a778bf4a68b835b1e1093a7d2a089e10fc70d8f8769983dcad3c7,JE320500,1092346.0,07/30/2021 11:35:00 PM,CHICAGO,IL,60636,F,53.0,SAFETY BELT USED,NOT APPLICABLE,NONE,NO INDICATION OF INJURY,NONE,NOT OBSCURED,NORMAL,TEST NOT OFFERED,2021,JE320500,07/30/2021 11:35:00 PM,30,TRAFFIC SIGNAL,FUNCTIONING PROPERLY,CLEAR,"DARKNESS, LIGHTED ROAD",TURNING,T-INTERSECTION,STRAIGHT AND LEVEL,DRY,NO DEFECTS,NOT ON SCENE (DESK REPORT),NO INJURY / DRIVE AWAY,Y,Y,"OVER $1,500",07/31/2021 12:35:00 AM,IMPROPER TURNING/NO SIGNAL,IMPROPER TURNING/NO SIGNAL,5458,S,WELLS ST,935.0,3,NO INDICATION OF INJURY,0.0,0.0,0.0,0.0,0.0,3.0,0.0,23,6,7,41.794560071,-87.631928475,POINT (-87.631928474832 41.794560070768),2021,1415
O1150454,DRIVER,36d7268a62b745694a9fa939634b34e5c91664cd916c98c5e4840f27dffda92421e7df34863bfb983ffd18ec94d37c6c691ac9bbdf34443b53b7e2cb8679e607,JE318893,1091254.0,07/29/2021 04:40:00 PM,CHICAGO,IL,60623,F,37.0,SAFETY BELT USED,DID NOT DEPLOY,NONE,NO INDICATION OF INJURY,OTHER,NOT OBSCURED,NORMAL,TEST NOT OFFERED,2021,JE318893,07/29/2021 04:40:00 PM,30,NO CONTROLS,NO CONTROLS,CLEAR,DAYLIGHT,SIDESWIPE SAME DIRECTION,NOT DIVIDED,STRAIGHT AND LEVEL,DRY,NO DEFECTS,NOT ON SCENE (DESK REPORT),NO INJURY / DRIVE AWAY,Y,Y,"OVER $1,500",07/29/2021 05:33:00 PM,UNABLE TO DETERMINE,NOT APPLICABLE,1699,W,TAYLOR ST,1231.0,2,NO INDICATION OF INJURY,0.0,0.0,0.0,0.0,0.0,2.0,0.0,16,5,7,41.869115449,-87.66890309899999,POINT (-87.668903098936 41.869115449455),2021,1000
O1177525,DRIVER,1081a2938cf1c6484cfce18d8261277d7d0fb7fd72d430dfe38474ec47b4608bd7ec111fb0ea4a8488cee53a4e2c6a1acf332e113d8db109d17569ae9ece1e65,JE363032,1117080.0,09/05/2021 09:50:00 PM,CHICAGO,IL,60629,F,52.0,SAFETY BELT USED,DID NOT DEPLOY,NONE,NO INDICATION OF INJURY,NONE,NOT OBSCURED,NORMAL,TEST NOT OFFERED,2021,JE363032,09/05/2021 09:50:00 PM,30,TRAFFIC SIGNAL,FUNCTIONING PROPERLY,CLEAR,"DARKNESS, LIGHTED ROAD",REAR END,NOT DIVIDED,STRAIGHT AND LEVEL,DRY,NO DEFECTS,NOT ON SCENE (DESK REPORT),NO INJURY / DRIVE AWAY,Y,Y,"OVER $1,500",09/06/2021 12:05:00 AM,UNABLE TO DETERMINE,UNABLE TO DETERMINE,3500,S,WESTERN AVE,911.0,2,NO INDICATION OF INJURY,0.0,0.0,0.0,0.0,0.0,2.0,0.0,21,1,9,41.830187255,-87.685177925,POINT (-87.685177925102 41.830187255269),2021,1310
O1068582,DRIVER,f26912611ca100c8ec97b05be6aca8d4dd7f0735ab98169bfe0d2a518336dc61d73847f91ada121716c805ee0d9dfc82995d673854e80f57a61ed96984131190,JE186216,1013412.0,04/01/2021 01:00:00 PM,CHICAGO,IL,60623,M,36.0,SAFETY BELT USED,"DEPLOYED, FRONT",NONE,NO INDICATION OF INJURY,NONE,NOT OBSCURED,NORMAL,TEST NOT OFFERED,2021,JE186216,04/01/2021 01:00:00 PM,30,NO CONTROLS,NO CONTROLS,CLEAR,DAYLIGHT,TURNING,DIVIDED - W/MEDIAN (NOT RAISED),STRAIGHT AND LEVEL,DRY,NO DEFECTS,ON SCENE,INJURY AND / OR TOW DUE TO CRASH,Y,Y,"OVER $1,500",04/01/2021 01:12:00 PM,FAILING TO YIELD RIGHT-OF-WAY,UNABLE TO DETERMINE,625,S,KOSTNER AVE,1131.0,2,NO INDICATION OF INJURY,0.0,0.0,0.0,0.0,0.0,2.0,0.0,13,5,4,41.872765941,-87.735060817,POINT (-87.73506081719 41.872765941222),2021,780
O1083989,DRIVER,3fa09fd2693c5b4923c50fc0bc364a44f8e2f2490cb335ca6d16567054487c46b8a5c778260fb0b6882520a82ff99fcc6187e9c4d0bb3a1e8000024f7d9beef7,JE212001,1028068.0,04/27/2021 04:15:00 PM,CHICAGO,IL,60647,M,49.0,USAGE UNKNOWN,NOT APPLICABLE,NONE,NO INDICATION OF INJURY,NONE,NOT OBSCURED,NORMAL,TEST NOT OFFERED,2021,JE212001,04/27/2021 04:15:00 PM,30,TRAFFIC SIGNAL,FUNCTIONING PROPERLY,CLEAR,DAYLIGHT,REAR END,DIVIDED - W/MEDIAN (NOT RAISED),STRAIGHT AND LEVEL,DRY,NO DEFECTS,NOT ON SCENE (DESK REPORT),NO INJURY / DRIVE AWAY,Y,Y,"OVER $1,500",04/27/2021 05:05:00 PM,FOLLOWING TOO CLOSELY,FAILING TO REDUCE SPEED TO AVOID CRASH,3415,W,FULLERTON AVE,1413.0,2,NO INDICATION OF INJURY,0.0,0.0,0.0,0.0,0.0,2.0,0.0,16,3,4,41.924545681,-87.712714734,POINT (-87.712714733551 41.924545681412),2021,975
O1224546,DRIVER,dd4c4e22731db0e16d5e14cb16e5c77f829fd056629260c4db0524e9f851e6bd9c4d864be2e33718e84a97d07df7a27730c09e830c9ff3ec1c3ab7cc5459d029,JE441107,1162034.0,11/10/2021 11:00:00 PM,CHICAGO,IL,60636,M,35.0,SAFETY BELT USED,"DEPLOYED, COMBINATION",NONE,NO INDICATION OF INJURY,NONE,NOT OBSCURED,NORMAL,TEST NOT OFFERED,2021,JE441107,11/10/2021 11:00:00 PM,30,TRAFFIC SIGNAL,NO CONTROLS,CLEAR,DARKNESS,HEAD ON,FOUR WAY,STRAIGHT AND LEVEL,DRY,NO DEFECTS,ON SCENE,INJURY AND / OR TOW DUE TO CRASH,Y,N,"OVER $1,500",11/10/2021 11:03:00 PM,UNABLE TO DETERMINE,UNABLE TO DETERMINE,4756,W,FULLERTON AVE,2521.0,3,NO INDICATION OF INJURY,0.0,0.0,0.0,0.0,0.0,3.0,0.0,23,4,11,41.924351148,-87.746164866,POINT (-87.746164865864 41.92435114755),2021,1380
O1063037,DRIVER,df06489f33b1389faaae0c70c47d0ed29f54294539081f3aedd2735cb2609c68dff412ab22540dc32909a282ba8973598e41909b6614951b13c49bad0ffde3ba,JE176500,1008093.0,03/21/2021 06:30:00 PM,CHICAGO,IL,60643,M,52.0,SAFETY BELT USED,DID NOT DEPLOY,NONE,NO INDICATION OF INJURY,NONE,NOT OBSCURED,NORMAL,TEST NOT OFFERED,2021,JE176500,03/21/2021 06:30:00 PM,30,STOP SIGN/FLASHER,NO CONTROLS,CLEAR,DAYLIGHT,TURNING,T-INTERSECTION,STRAIGHT ON GRADE,DRY,NO DEFECTS,NOT ON SCENE (DESK REPORT),NO INJURY / DRIVE AWAY,Y,Y,"OVER $1,500",03/22/2021 04:50:00 PM,FAILING TO YIELD RIGHT-OF-WAY,DRIVING SKILLS/KNOWLEDGE/EXPERIENCE,8501,S,VINCENNES AVE,622.0,2,NO INDICATION OF INJURY,0.0,0.0,0.0,0.0,0.0,3.0,0.0,18,1,3,41.739816686,-87.639444238,POINT (-87.639444237827 41.739816685922),2021,1110
O1197259,DRIVER,8188e862d0860f7570b72240f558d3e97081685c554c555d3a7b77accdbc906cfd6ddac01a09e93b850c3ac0f1406d372c751ee16c3db3f46eac69eac6b4bde6,JE395855,1135991.0,10/02/2021 08:02:00 PM,CHICAGO,IL,60621,M,46.0,SAFETY BELT USED,"DEPLOYED, COMBINATION",NONE,NO INDICATION OF INJURY,NONE,NOT OBSCURED,NORMAL,TEST NOT OFFERED,2021,JE395855,10/02/2021 08:02:00 PM,30,TRAFFIC SIGNAL,FUNCTIONING PROPERLY,OTHER,"DARKNESS, LIGHTED ROAD",TURNING,FOUR WAY,STRAIGHT AND LEVEL,DRY,NO DEFECTS,ON SCENE,INJURY AND / OR TOW DUE TO CRASH,Y,Y,"OVER $1,500",10/02/2021 08:08:00 PM,DISREGARDING TRAFFIC SIGNALS,"OPERATING VEHICLE IN ERRATIC, RECKLESS, CARELESS, NEGLIGENT OR AGGRESSIVE MANNER",5500,S,WELLS ST,711.0,2,INCAPACITATING INJURY,1.0,0.0,1.0,0.0,0.0,6.0,0.0,20,7,10,41.794199485,-87.63192548200001,POINT (-87.631925482492 41.794199485414),2021,1202
O1157185,DRIVER,d8eed214c276ce40d8afe6b2eb5c7ef57c919b4565a36dde140ff064ad8b2e3ac1ad7f1d417e846be7ed2b887438fe592d315af4e1e81523b7a5de7a14316cf9,JE329920,1097682.0,08/07/2021 08:00:00 PM,CHICAGO,IL,60641,F,34.0,SAFETY BELT USED,NOT APPLICABLE,NONE,NO INDICATION OF INJURY,NONE,NOT OBSCURED,NORMAL,TEST NOT OFFERED,2021,JE329920,08/07/2021 08:00:00 PM,30,TRAFFIC SIGNAL,FUNCTIONING PROPERLY,CLEAR,DUSK,SIDESWIPE SAME DIRECTION,OTHER,STRAIGHT AND LEVEL,DRY,NO DEFECTS,NOT ON SCENE (DESK REPORT),NO INJURY / DRIVE AWAY,Y,Y,"$501 - $1,500",08/07/2021 11:05:00 PM,IMPROPER OVERTAKING/PASSING,UNABLE TO DETERMINE,4401,W,BELMONT AVE,2523.0,2,NO INDICATION OF INJURY,0.0,0.0,0.0,0.0,0.0,4.0,0.0,20,7,8,41.938850914,-87.737092526,POINT (-87.737092526384 41.938850913532),2021,1200
O1236969,DRIVER,2cd1f7a5acf5036df5f04001a2c79e663971e788b894206ffc89819b81f6952d0d15c69c41fe37f3a9fce3951e969e4fc79ad7047b11f3fedd3e49c6f33d4bfc,JE460661,1174000.0,11/29/2021 06:00:00 PM,CHICAGO,IL,60636,M,30.0,SAFETY BELT USED,DID NOT DEPLOY,NONE,NO INDICATION OF INJURY,UNKNOWN,NOT OBSCURED,NORMAL,TEST NOT OFFERED,2021,JE460661,11/29/2021 06:00:00 PM,30,TRAFFIC SIGNAL,FUNCTIONING PROPERLY,CLEAR,"DARKNESS, LIGHTED ROAD",TURNING,NOT DIVIDED,STRAIGHT AND LEVEL,DRY,NO DEFECTS,NOT ON SCENE (DESK REPORT),NO INJURY / DRIVE AWAY,Y,Y,"$501 - $1,500",11/29/2021 07:00:00 PM,UNABLE TO DETERMINE,UNABLE TO DETERMINE,4800,S,ASHLAND AVE,931.0,2,NO INDICATION OF INJURY,0.0,0.0,0.0,0.0,0.0,2.0,0.0,18,2,11,41.806689045,-87.665065003,POINT (-87.665065002859 41.806689045263),2021,1080
O1231167,DRIVER,1c9df6d48a59aa929d8600444f0069d5a23defba6f8431136c82affb309795298d6651dc88906d7d9f67ffec4fb97c453abe18c47464cdd7f02d9c56b3d357a1,JE451785,1168378.0,11/20/2021 06:17:00 PM,CICERO,IL,60804,M,29.0,SAFETY BELT USED,"DEPLOYED, COMBINATION",NONE,NONINCAPACITATING INJURY,NONE,NOT OBSCURED,NORMAL,TEST NOT OFFERED,2021,JE451785,11/20/2021 06:17:00 PM,30,STOP SIGN/FLASHER,FUNCTIONING PROPERLY,CLEAR,"DARKNESS, LIGHTED ROAD",ANGLE,NOT DIVIDED,STRAIGHT AND LEVEL,DRY,NO DEFECTS,ON SCENE,INJURY AND / OR TOW DUE TO CRASH,Y,Y,"OVER $1,500",11/20/2021 06:17:00 PM,FAILING TO YIELD RIGHT-OF-WAY,UNABLE TO DETERMINE,4001,W,GRENSHAW ST,1132.0,2,NONINCAPACITATING INJURY,1.0,0.0,0.0,1.0,0.0,1.0,0.0,18,7,11,41.866969745,-87.725336291,POINT (-87.725336291017 41.866969745279),2021,1097
O1151936,DRIVER,baa56b64a26165ecf4b8779ab8371869cb848294a57e9f110f00413f8c7214f7bfece623a7b9f25b7d4e1c718e133eca74e4f5aaac439b3b37e3e33de311816b,JE321243,1092704.0,07/31/2021 02:15:00 PM,FRANKLIN PARK,IL,60131,M,42.0,SAFETY BELT USED,DID NOT DEPLOY,NONE,NO INDICATION OF INJURY,NONE,NOT OBSCURED,NORMAL,TEST NOT OFFERED,2021,JE321243,07/31/2021 02:15:00 PM,30,STOP SIGN/FLASHER,FUNCTIONING PROPERLY,CLEAR,DAYLIGHT,ANGLE,FOUR WAY,STRAIGHT AND LEVEL,DRY,NO DEFECTS,NOT ON SCENE (DESK REPORT),NO INJURY / DRIVE AWAY,Y,Y,"OVER $1,500",07/31/2021 02:30:00 PM,FAILING TO YIELD RIGHT-OF-WAY,UNABLE TO DETERMINE,1701,N,NARRAGANSETT AVE,2513.0,2,NO INDICATION OF INJURY,0.0,0.0,0.0,0.0,0.0,2.0,0.0,14,7,7,41.911052481,-87.784916548,POINT (-87.784916547709 41.911052480801),2021,855
O1205925,DRIVER,0778928df9c8785a6ceb46f18c21eb182fd22842ab3002852c27a00d10a62221e8b9e9ba48c073e715e879014d66a5aab8d17bb94b2cbdf098a6a456b8eff4e4,JE410681,1144242.0,10/15/2021 01:56:00 PM,CHICAGO,IL,60617,F,55.0,SAFETY BELT USED,DID NOT DEPLOY,NONE,NO INDICATION OF INJURY,NONE,NOT OBSCURED,NORMAL,TEST NOT OFFERED,2021,JE410681,10/15/2021 01:56:00 PM,30,TRAFFIC SIGNAL,FUNCTIONING PROPERLY,RAIN,DAYLIGHT,TURNING,NOT DIVIDED,STRAIGHT AND LEVEL,WET,NO DEFECTS,ON SCENE,INJURY AND / OR TOW DUE TO CRASH,Y,Y,"OVER $1,500",10/15/2021 01:56:00 PM,"OPERATING VEHICLE IN ERRATIC, RECKLESS, CARELESS, NEGLIGENT OR AGGRESSIVE MANNER",NOT APPLICABLE,2157,S,PRINCETON AVE,914.0,3,NO INDICATION OF INJURY,0.0,0.0,0.0,0.0,0.0,5.0,0.0,13,6,10,41.853012218,-87.634784403,POINT (-87.634784402636 41.853012217883),2021,836
O1148952,DRIVER,50d3083c96791e732dc57814aa67665666bb241ebe76b6c4adacc1a804c0fbeed35c3b12359e2e19e254673842bd8d41677f95441914e51257194f721efce88f,JE316431,1089850.0,07/27/2021 12:30:00 PM,CHICAGO,IL,60619,M,66.0,USAGE UNKNOWN,NOT APPLICABLE,NONE,NO INDICATION OF INJURY,UNKNOWN,NOT OBSCURED,NORMAL,TEST NOT OFFERED,2021,JE316431,07/27/2021 12:30:00 PM,30,UNKNOWN,UNKNOWN,CLEAR,DAYLIGHT,TURNING,UNKNOWN,STRAIGHT AND LEVEL,DRY,NO DEFECTS,NOT ON SCENE (DESK REPORT),NO INJURY / DRIVE AWAY,Y,Y,"OVER $1,500",07/27/2021 06:00:00 PM,UNABLE TO DETERMINE,NOT APPLICABLE,400,E,GARFIELD BLVD,233.0,2,NO INDICATION OF INJURY,0.0,0.0,0.0,0.0,0.0,2.0,0.0,12,3,7,41.794910056999996,-87.61591568799999,POINT (-87.615915687849 41.794910056687),2021,750
O1214869,DRIVER,1b3770f8f83c97bba9eb71ce5bcc9b9fd84a33b7359d8578717d1c6c3e572411b275838bb404d1716a525b05fa9377872faa09b743de283db7dafecea3b12ae3,JE425470,1152772.0,10/28/2021 01:30:00 PM,CHICAGO,IL,60619,F,26.0,USAGE UNKNOWN,NOT APPLICABLE,NONE,NO INDICATION OF INJURY,NONE,UNKNOWN,NORMAL,TEST NOT OFFERED,2021,JE425470,10/28/2021 01:30:00 PM,35,TRAFFIC SIGNAL,FUNCTIONING PROPERLY,CLOUDY/OVERCAST,DAYLIGHT,SIDESWIPE SAME DIRECTION,NOT DIVIDED,STRAIGHT AND LEVEL,UNKNOWN,NO DEFECTS,NOT ON SCENE (DESK REPORT),NO INJURY / DRIVE AWAY,Y,Y,"OVER $1,500",10/28/2021 02:00:00 PM,UNABLE TO DETERMINE,UNABLE TO DETERMINE,7900,S,INDIANA AVE,623.0,3,NO INDICATION OF INJURY,0.0,0.0,0.0,0.0,0.0,4.0,0.0,13,5,10,41.750940414,-87.61991272,POINT (-87.619912720347 41.750940414378),2021,810
O1203991,DRIVER,8062d663bcbe43412fd1153e9c06d356a3801a2619e2d1aa12c21251549cae657ba3d3acaa4d730c36e5fb8bcca6c5de4373ce02fb89b92c21c525482bbb2b8b,JE407616,1142384.0,10/12/2021 05:15:00 PM,MERRILLVILLE,IN,46410,F,47.0,USAGE UNKNOWN,DEPLOYMENT UNKNOWN,NONE,NO INDICATION OF INJURY,NONE,UNKNOWN,NORMAL,TEST NOT OFFERED,2021,JE407616,10/12/2021 05:15:00 PM,30,STOP SIGN/FLASHER,UNKNOWN,CLEAR,DUSK,ANGLE,NOT DIVIDED,STRAIGHT AND LEVEL,DRY,NO DEFECTS,NOT ON SCENE (DESK REPORT),INJURY AND / OR TOW DUE TO CRASH,Y,Y,"OVER $1,500",10/12/2021 07:45:00 PM,DISREGARDING STOP SIGN,NOT APPLICABLE,3931,W,AUGUSTA BLVD,1112.0,2,NO INDICATION OF INJURY,0.0,0.0,0.0,0.0,0.0,2.0,0.0,17,3,10,41.898925063,-87.72490993299999,POINT (-87.72490993269 41.898925063282),2021,1035
O1255127,DRIVER,1a5f6752dbae9d0479bfbbfb3f69b654df9a335851dc56125a9d5a142aca941abb5d94ec9a82d59eff6d0671280524675ed97bf0344a9f3cfa863cd27423cb7c,JE493504,1191403.0,12/30/2021 11:50:00 PM,CHICAGO,IL,60617,F,61.0,USAGE UNKNOWN,NOT APPLICABLE,NONE,NO INDICATION OF INJURY,UNKNOWN,NOT OBSCURED,NORMAL,TEST NOT OFFERED,2021,JE493504,12/30/2021 11:50:00 PM,30,NO CONTROLS,NO CONTROLS,CLEAR,"DARKNESS, LIGHTED ROAD",ANGLE,ONE-WAY,STRAIGHT AND LEVEL,DRY,NO DEFECTS,NOT ON SCENE (DESK REPORT),NO INJURY / DRIVE AWAY,Y,Y,"$501 - $1,500",12/31/2021 12:30:00 AM,IMPROPER OVERTAKING/PASSING,FAILING TO YIELD RIGHT-OF-WAY,2301,S,LAKE SHORE DR W,132.0,2,NO INDICATION OF INJURY,0.0,0.0,0.0,0.0,0.0,2.0,0.0,23,5,12,41.85110748,-87.612866633,POINT (-87.612866632544 41.85110748019),2021,1430
O1027748,DRIVER,2fd3858f68e792e061c8c1f8213b08232c186ca84e0a48c06968daf0420d0db0d9e180a45a908388e82e14eeff5bd66d568365e1e933b1e1bcc704e69de284f8,JE118519,974096.0,01/20/2021 08:45:00 PM,CHICAGO,IL,60660,M,25.0,USAGE UNKNOWN,DID NOT DEPLOY,NONE,NO INDICATION OF INJURY,NONE,UNKNOWN,NORMAL,TEST NOT OFFERED,2021,JE118519,01/20/2021 08:45:00 PM,30,STOP SIGN/FLASHER,FUNCTIONING PROPERLY,SNOW,"DARKNESS, LIGHTED ROAD",HEAD ON,DIVIDED - W/MEDIAN (NOT RAISED),STRAIGHT AND LEVEL,SNOW OR SLUSH,UNKNOWN,ON SCENE,NO INJURY / DRIVE AWAY,Y,Y,"OVER $1,500",01/20/2021 09:04:00 PM,DISREGARDING STOP SIGN,NOT APPLICABLE,1258,W,FOSTER AVE,2013.0,2,NO INDICATION OF INJURY,0.0,0.0,0.0,0.0,0.0,2.0,0.0,20,4,1,41.976396236999996,-87.662288928,POINT (-87.662288927552 41.976396236607),2021,1245
O1068837,DRIVER,9cf658f33cb6c12c20d8c5f9f486ddd03af4c67e17224af0653677b27e71b10cd238757edc9338ab65d952be0caf25ea5bc39ebb239971ec7851c4dae6b43014,JE186556,1013623.0,04/01/2021 06:22:00 PM,CHICAGO,IL,60628,M,52.0,USAGE UNKNOWN,DID NOT DEPLOY,NONE,NO INDICATION OF INJURY,UNKNOWN,UNKNOWN,EMOTIONAL,TEST NOT OFFERED,2021,JE186556,04/01/2021 06:22:00 PM,30,TRAFFIC SIGNAL,UNKNOWN,CLEAR,DAYLIGHT,REAR END,FOUR WAY,STRAIGHT AND LEVEL,UNKNOWN,UNKNOWN,ON SCENE,NO INJURY / DRIVE AWAY,Y,N,$500 OR LESS,04/01/2021 06:22:00 PM,FOLLOWING TOO CLOSELY,NOT APPLICABLE,7500,S,STATE ST,623.0,2,NO INDICATION OF INJURY,0.0,0.0,0.0,0.0,0.0,4.0,0.0,18,5,4,41.758092176,-87.624902228,POINT (-87.624902228247 41.758092176383),2021,1102
O1137770,DRIVER,1a4a050fd7284177913e7bcd8b438bcfc44a5a5e7c7389520e370778fcc4f0d8bf17e4bb616988910fc2eaefff4537b1c7d03f15f7aff1af1a717c9efc9685b0,JE297913,1079199.0,07/11/2021 01:40:00 PM,CHICAGO,IL,60617,M,29.0,SAFETY BELT USED,"DEPLOYED, FRONT",NONE,NO INDICATION OF INJURY,UNKNOWN,NOT OBSCURED,NORMAL,TEST NOT OFFERED,2021,JE297913,07/11/2021 01:40:00 PM,35,TRAFFIC SIGNAL,FUNCTIONING PROPERLY,RAIN,DAYLIGHT,ANGLE,UNKNOWN INTERSECTION TYPE,STRAIGHT AND LEVEL,WET,NO DEFECTS,ON SCENE,INJURY AND / OR TOW DUE TO CRASH,Y,Y,"OVER $1,500",07/11/2021 01:43:00 PM,UNABLE TO DETERMINE,UNABLE TO DETERMINE,1600,E,79TH ST,411.0,2,NO INDICATION OF INJURY,0.0,0.0,0.0,0.0,0.0,2.0,0.0,13,1,7,41.751611523,-87.585592284,POINT (-87.585592284288 41.751611523273),2021,820