PERSON_ID,PERSON_TYPE,CRASH_RECORD_ID,RD_NO_x,VEHICLE_ID,CRASH_DATE_x,CITY,STATE,ZIPCODE,SEX,AGE,SAFETY_EQUIPMENT,AIRBAG_DEPLOYED,EJECTION,INJURY_CLASSIFICATION,DRIVER_ACTION,DRIVER_VISION,PHYSICAL_CONDITION,BAC_RESULT,CRASH_YEAR_x,RD_NO_y,CRASH_DATE_y,POSTED_SPEED_LIMIT,TRAFFIC_CONTROL_DEVICE,DEVICE_CONDITION,WEATHER_CONDITION,LIGHTING_CONDITION,FIRST_CRASH_TYPE,TRAFFICWAY_TYPE,ALIGNMENT,ROADWAY_SURFACE_COND,ROAD_DEFECT,REPORT_TYPE,CRASH_TYPE,INTERSECTION_RELATED_I,HIT_AND_RUN_I,DAMAGE,DATE_POLICE_NOTIFIED,PRIM_CONTRIBUTORY_CAUSE,SEC_CONTRIBUTORY_CAUSE,STREET_NO,STREET_DIRECTION,STREET_NAME,BEAT_OF_OCCURRENCE,NUM_UNITS,MOST_SEVERE_INJURY,INJURIES_TOTAL,INJURIES_FATAL,INJURIES_INCAPACITATING,INJURIES_NON_INCAPACITATING,INJURIES_REPORTED_NOT_EVIDENT,INJURIES_NO_INDICATION,INJURIES_UNKNOWN,CRASH_HOUR,CRASH_DAY_OF_WEEK,CRASH_MONTH,LATITUDE,LONGITUDE,LOCATION,CRASH_YEAR_y,TIME
O1114992,DRIVER,8c43b0d70ce1e044d3be2987dc8ae86ce3b86ae3d17891158ea0e62ec190fb5561cbf84a2c9350ca08249a516cb63535cf537ece6a7e782264a9cd4599cbc74b,JE261489,1057631.0,06/10/2021 10:30:00 PM,CHICAGO,IL,60619,M,35.0,SAFETY BELT USED,NOT APPLICABLE,NONE,NO INDICATION OF INJURY,NONE,NOT OBSCURED,NORMAL,TEST NOT OFFERED,2021,JE261489,06/10/2021 10:30:00 PM,30,TRAFFIC SIGNAL,FUNCTIONING PROPERLY,CLEAR,"DARKNESS, LIGHTED ROAD",REAR END,NOT DIVIDED,STRAIGHT AND LEVEL,DRY,NO DEFECTS,NOT ON SCENE (DESK REPORT),NO INJURY / DRIVE AWAY,Y,Y,$500 OR LESS,06/10/2021 11:30:00 PM,UNABLE TO DETERMINE,UNABLE TO DETERMINE,140,W,PERSHING RD,915.0,2,NO INDICATION OF INJURY,0.0,0.0,0.0,0.0,0.0,3.0,0.0,22,5,6,41.823774058000005,-87.63012770200001,POINT (-87.630127701723 41.823774058),2021,1350
O1192090,DRIVER,1df959acadb8e106d0a38ab9a27b48a6f84bd050b2392e27090d10abcd10a39ac794d64b98b44dde4ec07fb9a1153dd5a6976e28934121cc49dc8e4c16ded821,JE387404,1131040.0,09/25/2021 09:45:00 PM,CHICAGO,IL,60608,F,36.0,SAFETY BELT USED,NOT APPLICABLE,NONE,NO INDICATION OF INJURY,NONE,MOVING VEHICLES,NORMAL,TEST NOT OFFERED,2021,JE387404,09/25/2021 09:45:00 PM,30,NO CONTROLS,NO CONTROLS,CLEAR,"DARKNESS, LIGHTED ROAD",TURNING,DIVIDED - W/MEDIAN (NOT RAISED),STRAIGHT AND LEVEL,DRY,NO DEFECTS,NOT ON SCENE (DESK REPORT),NO INJURY / DRIVE AWAY,Y,Y,"OVER $1,500",09/25/2021 10:40:00 PM,IMPROPER TURNING/NO SIGNAL,IMPROPER OVERTAKING/PASSING,3660,W,DIVISION ST,2535.0,2,NO INDICATION OF INJURY,0.0,0.0,0.0,0.0,0.0,2.0,0.0,21,7,9,41.902845893,-87.71869454600001,POINT (-87.718694545518 41.902845892985),2021,1305
O1182193,DRIVER,fade4267e65a84a04aa76a0a91667cf1b353e2890dbd19ee2c75084427542452c755dadbd1a00b6276d911afe5ae1349d776b5ae935afd9c0ebdf66137b7c506,JE370943,1121556.0,09/12/2021 01:40:00 PM,CHICAGO,IL,60647,M,25.0,DOT COMPLIANT MOTORCYCLE HELMET,NOT APPLICABLE,NONE,NONINCAPACITATING INJURY,NONE,NOT OBSCURED,NORMAL,TEST NOT OFFERED,2021,JE370943,09/12/2021 01:40:00 PM,30,NO CONTROLS,NO CONTROLS,CLEAR,DAYLIGHT,TURNING,DIVIDED - W/MEDIAN (NOT RAISED),STRAIGHT AND LEVEL,DRY,UNKNOWN,ON SCENE,INJURY AND / OR TOW DUE TO CRASH,Y,Y,"$501 - $1,500",09/12/2021 03:51:00 PM,FAILING TO YIELD RIGHT-OF-WAY,NOT APPLICABLE,1508,N,DAMEN AVE,1424.0,2,INCAPACITATING INJURY,2.0,0.0,1.0,1.0,0.0,1.0,0.0,13,1,9,41.908544430999996,-87.677556941,POINT (-87.677556941453 41.908544430908),2021,820
O1240902,DRIVER,c0865e43f857b7a86da35fa41eef0b3048e7b3a897c78133dc5927df2523a046c9ab182496675b5b6977628d3a6bf8b871ca271016c4433b8ebd03d73360118c,JE468263,1177757.0,12/06/2021 05:25:00 PM,CHICAGO,IL,60645,M,24.0,SAFETY BELT USED,DID NOT DEPLOY,NONE,NONINCAPACITATING INJURY,NONE,NOT OBSCURED,NORMAL,TEST NOT OFFERED,2021,JE468263,12/06/2021 05:25:00 PM,30,TRAFFIC SIGNAL,FUNCTIONING PROPERLY,CLEAR,"DARKNESS, LIGHTED ROAD",ANGLE,T-INTERSECTION,STRAIGHT AND LEVEL,DRY,NO DEFECTS,ON SCENE,INJURY AND / OR TOW DUE TO CRASH,Y,Y,"OVER $1,500",12/06/2021 05:32:00 PM,FAILING TO YIELD RIGHT-OF-WAY,UNABLE TO DETERMINE,2700,N,WESTERN AVE,1411.0,2,NONINCAPACITATING INJURY,1.0,0.0,0.0,1.0,0.0,1.0,0.0,17,2,12,41.930439805,-87.687991054,POINT (-87.687991053795 41.93043980451),2021,1045
O1142691,DRIVER,babcf1cc7a611d1ebf89d8ac0d54006aa09db4bf43e9d5369e10fe18b987bf719553a3c642c1710f14201ffaa2792cf0bd978512f583bfcc8625ecaefac4501c,JE306058,1083914.0,07/18/2021 09:00:00 PM,WORTH,IL,60482,M,49.0,SAFETY BELT USED,DID NOT DEPLOY,NONE,NO INDICATION OF INJURY,UNKNOWN,UNKNOWN,NORMAL,TEST NOT OFFERED,2021,JE306058,07/18/2021 09:00:00 PM,30,UNKNOWN,FUNCTIONING PROPERLY,CLEAR,DUSK,REAR END,NOT DIVIDED,STRAIGHT AND LEVEL,DRY,UNKNOWN,NOT ON SCENE (DESK REPORT),NO INJURY / DRIVE AWAY,Y,Y,"$501 - $1,500",07/18/2021 09:00:00 PM,UNABLE TO DETERMINE,NOT APPLICABLE,300,N,HALSTED ST,1214.0,3,NO INDICATION OF INJURY,0.0,0.0,0.0,0.0,0.0,3.0,0.0,21,1,7,41.886824585,-87.64765355200001,POINT (-87.647653551662 41.886824584631),2021,1260
O1148852,DRIVER,48404e90cdce266ee4e26eadb8d129754b05de24ca2259891892465c6dce5ec2b16401ac1da116ef7200bdc4ec80675be782f909911b899ffa67a59932a6edc4,JE316239,1089757.0,07/27/2021 02:44:00 PM,BERWYN,IL,60402,M,38.0,USAGE UNKNOWN,DID NOT DEPLOY,NONE,NO INDICATION OF INJURY,NONE,UNKNOWN,NORMAL,TEST NOT OFFERED,2021,JE316239,07/27/2021 02:44:00 PM,30,TRAFFIC SIGNAL,FUNCTIONING PROPERLY,CLEAR,DAYLIGHT,REAR END,DIVIDED - W/MEDIAN (NOT RAISED),STRAIGHT AND LEVEL,DRY,NO DEFECTS,NOT ON SCENE (DESK REPORT),NO INJURY / DRIVE AWAY,Y,Y,"OVER $1,500",07/27/2021 03:45:00 PM,IMPROPER LANE USAGE,NOT APPLICABLE,200,W,CERMAK RD,914.0,2,NO INDICATION OF INJURY,0.0,0.0,0.0,0.0,0.0,2.0,0.0,14,3,7,41.852959679,-87.63215200399999,POINT (-87.632152004271 41.852959678693),2021,884
O1162742,DRIVER,b48600e49a0c3c609e2c6f017d64d418f4b115d6923c9fff89ca4cceb350da701ce5624704cb39b6131a27bea92b60054fa8b1964cbf17c6abc6fa97d0bd0752,JE338639,1102960.0,08/15/2021 08:44:00 PM,CHICAGO,IL,60637,F,36.0,SAFETY BELT USED,DEPLOYMENT UNKNOWN,NONE,"REPORTED, NOT EVIDENT",NONE,NOT OBSCURED,NORMAL,TEST NOT OFFERED,2021,JE338639,08/15/2021 08:44:00 PM,30,TRAFFIC SIGNAL,FUNCTIONING PROPERLY,CLEAR,"DARKNESS, LIGHTED ROAD",REAR END,CENTER TURN LANE,STRAIGHT AND LEVEL,DRY,NO DEFECTS,ON SCENE,INJURY AND / OR TOW DUE TO CRASH,Y,Y,"OVER $1,500",08/15/2021 08:44:00 PM,UNABLE TO DETERMINE,UNABLE TO DETERMINE,398,E,MARQUETTE RD,312.0,3,"REPORTED, NOT EVIDENT",1.0,0.0,0.0,0.0,1.0,3.0,0.0,20,1,8,41.773078408,-87.61553446799999,POINT (-87.615534468181 41.773078407773),2021,1244
O1176114,DRIVER,cd92102f65e5336a68d8dc5dfed8fa34415821e5d0d11232eeb6b00ed1292bcff3cedd729177c4e6ad769005ae6f7ad62cd2e64fc6845094295f24b4e0c2c50b,JE360624,1115724.0,09/03/2021 06:10:00 PM,CHICAGO,IL,60636,F,39.0,USAGE UNKNOWN,NOT APPLICABLE,NONE,NO INDICATION OF INJURY,UNKNOWN,UNKNOWN,UNKNOWN,TEST REFUSED,2021,JE360624,09/03/2021 06:10:00 PM,30,TRAFFIC SIGNAL,FUNCTIONING PROPERLY,CLEAR,DAYLIGHT,SIDESWIPE SAME DIRECTION,NOT DIVIDED,STRAIGHT AND LEVEL,DRY,NO DEFECTS,NOT ON SCENE (DESK REPORT),NO INJURY / DRIVE AWAY,N,Y,"OVER $1,500",09/03/2021 06:40:00 PM,FOLLOWING TOO CLOSELY,UNABLE TO DETERMINE,3728,S,ARCHER AVE,911.0,2,NO INDICATION OF INJURY,0.0,0.0,0.0,0.0,0.0,2.0,0.0,18,6,9,41.825811373,-87.68534420700001,POINT (-87.685344206922 41.825811373273),2021,1090
O1170226,DRIVER,bb5cd3abcb5ea3c6206ba833e7059d44f3b0f4dcee64bdbb9ec285297fb5f62fb283c0e48843dade6b0ccf3dc6dedb37a391705643a9c2e8b71809a1f4ef9461,JE351171,1110091.0,08/26/2021 08:30:00 PM,CHICAGO,IL,60651,X,37.0,SAFETY BELT USED,DEPLOYMENT UNKNOWN,UNKNOWN,NO INDICATION OF INJURY,NONE,NOT OBSCURED,NORMAL,TEST NOT OFFERED,2021,JE351171,08/26/2021 08:30:00 PM,30,STOP SIGN/FLASHER,NO CONTROLS,CLEAR,"DARKNESS, LIGHTED ROAD",TURNING,T-INTERSECTION,STRAIGHT AND LEVEL,DRY,NO DEFECTS,NOT ON SCENE (DESK REPORT),INJURY AND / OR TOW DUE TO CRASH,Y,Y,"OVER $1,500",08/26/2021 08:57:00 PM,IMPROPER TURNING/NO SIGNAL,NOT APPLICABLE,832,E,111TH ST,513.0,2,NO INDICATION OF INJURY,0.0,0.0,0.0,0.0,0.0,5.0,0.0,20,5,8,41.692991144000004,-87.601236275,POINT (-87.601236274621 41.692991143703),2021,1230
O1185194,DRIVER,ea1b9696b92316babeace90d8b4579fe8c75210188625bc5065a7b961cdc786b949fa762d942959f512235981e619204502f9f600d59f9c96e6f6485330df2dd,JE376137,1124421.0,09/16/2021 03:11:00 PM,MATTESON,IL,60443,F,47.0,SAFETY BELT USED,DID NOT DEPLOY,NONE,NO INDICATION OF INJURY,NONE,NOT OBSCURED,NORMAL,TEST NOT OFFERED,2021,JE376137,09/16/2021 03:11:00 PM,30,TRAFFIC SIGNAL,FUNCTIONING PROPERLY,CLEAR,DAYLIGHT,TURNING,DIVIDED - W/MEDIAN BARRIER,STRAIGHT AND LEVEL,DRY,NO DEFECTS,NOT ON SCENE (DESK REPORT),NO INJURY / DRIVE AWAY,Y,Y,"$501 - $1,500",09/16/2021 05:15:00 PM,IMPROPER TURNING/NO SIGNAL,FAILING TO YIELD RIGHT-OF-WAY,300,S,WACKER DR,122.0,3,NO INDICATION OF INJURY,0.0,0.0,0.0,0.0,0.0,3.0,0.0,15,5,9,41.878010924,-87.637058522,POINT (-87.637058522337 41.878010923718),2021,911
O1091300,DRIVER,900c5fd5b27423d3c5cd523376995c958ea1e6894253826475de7fa0407a3b5c73fd950a62691ac001836c9a6b9da3dada76be7ac896f58c0cd98b46134ae1f3,JE223609,1035069.0,05/08/2021 01:04:00 PM,CHICAGO,IL,60623,M,64.0,USAGE UNKNOWN,DID NOT DEPLOY,NONE,"REPORTED, NOT EVIDENT",NONE,NOT OBSCURED,NORMAL,TEST NOT OFFERED,2021,JE223609,05/08/2021 01:04:00 PM,30,STOP SIGN/FLASHER,FUNCTIONING PROPERLY,CLEAR,DAYLIGHT,SIDESWIPE OPPOSITE DIRECTION,FOUR WAY,STRAIGHT AND LEVEL,DRY,NO DEFECTS,ON SCENE,INJURY AND / OR TOW DUE TO CRASH,Y,Y,"OVER $1,500",05/08/2021 01:04:00 PM,DISREGARDING ROAD MARKINGS,FAILING TO REDUCE SPEED TO AVOID CRASH,11700,S,VINCENNES AVE,2212.0,2,"REPORTED, NOT EVIDENT",1.0,0.0,0.0,0.0,1.0,2.0,0.0,13,7,5,41.681546423,-87.669674239,POINT (-87.669674239163 41.681546422637),2021,784
O1225080,DRIVER,df09544e2b9b599dfe962afbdb9653670942aad8edf63decfcceb58dca50dfbbc0c7e141adf9f2f0e8f7ca233a62e87bc9deb2de74f5d8700f932ff99ae13a49,JE441953,1162558.0,11/11/2021 05:15:00 PM,CHICAGO,IL,60651,F,46.0,SAFETY BELT USED,DID NOT DEPLOY,NONE,NONINCAPACITATING INJURY,NONE,NOT OBSCURED,NORMAL,TEST NOT OFFERED,2021,JE441953,11/11/2021 05:15:00 PM,30,TRAFFIC SIGNAL,FUNCTIONING PROPERLY,RAIN,"DARKNESS, LIGHTED ROAD",REAR END,FOUR WAY,STRAIGHT AND LEVEL,WET,UNKNOWN,NOT ON SCENE (DESK REPORT),INJURY AND / OR TOW DUE TO CRASH,Y,Y,"OVER $1,500",11/11/2021 06:20:00 PM,FAILING TO REDUCE SPEED TO AVOID CRASH,UNABLE TO DETERMINE,4758,W,DIVISION ST,2533.0,2,NONINCAPACITATING INJURY,1.0,0.0,0.0,1.0,0.0,1.0,0.0,17,5,11,41.902464236,-87.74580948299999,POINT (-87.745809482976 41.90246423611),2021,1035
O1203909,DRIVER,2744512f26cdda97b0e963e8a0305a7b535f44d2e193ad84a38543fea835fa352c954a692497402d5039a824d253390edc4ceb17473ab78605e922f334489ad1,JE407364,1142313.0,10/12/2021 03:51:00 PM,CHICAGO,IL,60624,M,27.0,SAFETY BELT USED,NOT APPLICABLE,NONE,NONINCAPACITATING INJURY,NONE,NOT OBSCURED,NORMAL,TEST NOT OFFERED,2021,JE407364,10/12/2021 03:51:00 PM,30,STOP SIGN/FLASHER,FUNCTIONING PROPERLY,CLEAR,DAYLIGHT,ANGLE,FOUR WAY,STRAIGHT AND LEVEL,DRY,UNKNOWN,ON SCENE,INJURY AND / OR TOW DUE TO CRASH,Y,Y,"OVER $1,500",10/12/2021 03:59:00 PM,FAILING TO YIELD RIGHT-OF-WAY,NOT APPLICABLE,4700,W,CONGRESS PKWY,1131.0,2,NONINCAPACITATING INJURY,1.0,0.0,0.0,1.0,0.0,4.0,0.0,15,3,10,41.874248969,-87.74272507,POINT (-87.742725069626 41.87424896863),2021,951
O1210918,DRIVER,61f82428ef21751b3a95349dd308b0b7e3081421f8f6cc6453c7b21d956c890426c02e1cc113071270be061bde8ba06fa7c1eca3610b7eabb8c742efaaf89e74,JE419217,1148983.0,10/22/2021 10:45:00 PM,CHICAGO,IL,60651,M,39.0,USAGE UNKNOWN,DID NOT DEPLOY,NONE,"REPORTED, NOT EVIDENT",NONE,NOT OBSCURED,NORMAL,TEST NOT OFFERED,2021,JE419217,10/22/2021 10:45:00 PM,30,TRAFFIC SIGNAL,FUNCTIONING PROPERLY,CLEAR,DARKNESS,ANGLE,T-INTERSECTION,STRAIGHT AND LEVEL,DRY,UNKNOWN,NOT ON SCENE (DESK REPORT),INJURY AND / OR TOW DUE TO CRASH,Y,Y,"OVER $1,500",10/22/2021 11:00:00 PM,DISREGARDING OTHER TRAFFIC SIGNS,UNABLE TO DETERMINE,3800,W,POLK ST,1133.0,2,"REPORTED, NOT EVIDENT",1.0,0.0,0.0,0.0,1.0,1.0,0.0,22,6,10,41.870890421,-87.720407451,POINT (-87.72040745142 41.870890420615),2021,1365
O1043275,DRIVER,3c9b30b261dac73ea1abd528bef7250b05b8593031427e3222ca443a48ebf73524bb4a24345edbd628fda8de92121d497b0a77e9168b8d8d4f8b409e36347fbb,JE142874,989049.0,02/15/2021 04:42:00 PM,CHICAGO,IL,60637,M,50.0,NONE PRESENT,NOT APPLICABLE,NONE,NO INDICATION OF INJURY,NONE,UNKNOWN,NORMAL,TEST NOT OFFERED,2021,JE142874,02/15/2021 04:42:00 PM,30,STOP SIGN/FLASHER,FUNCTIONING PROPERLY,SNOW,DAWN,ANGLE,L-INTERSECTION,STRAIGHT AND LEVEL,SNOW OR SLUSH,UNKNOWN,NOT ON SCENE (DESK REPORT),NO INJURY / DRIVE AWAY,Y,Y,"OVER $1,500",02/16/2021 09:25:00 AM,FAILING TO YIELD RIGHT-OF-WAY,NOT APPLICABLE,6799,S,DORCHESTER AVE,332.0,2,NO INDICATION OF INJURY,0.0,0.0,0.0,0.0,0.0,2.0,0.0,16,2,2,41.771513033000005,-87.590982731,POINT (-87.590982731439 41.771513033232),2021,1002
O1196046,DRIVER,ce15a41941c4e4818d76c953ef9f07411ef34688c3556e8ac9d925f3eb39d619dea34c21617fee4b11d8fbd1791d4a8524c7c8c02c283e7703f45ecc57c42c37,JE394047,1134811.0,10/01/2021 12:00:00 PM,CHICAGO,IL,60644,F,48.0,SAFETY BELT USED,DEPLOYMENT UNKNOWN,NONE,NONINCAPACITATING INJURY,NONE,NOT OBSCURED,NORMAL,TEST NOT OFFERED,2021,JE394047,10/01/2021 12:00:00 PM,30,STOP SIGN/FLASHER,FUNCTIONING PROPERLY,CLEAR,DAYLIGHT,ANGLE,T-INTERSECTION,STRAIGHT AND LEVEL,DRY,NO DEFECTS,NOT ON SCENE (DESK REPORT),INJURY AND / OR TOW DUE TO CRASH,Y,Y,"OVER $1,500",10/01/2021 12:24:00 PM,FAILING TO YIELD RIGHT-OF-WAY,NOT APPLICABLE,954,N,LAWLER AVE,1531.0,2,NONINCAPACITATING INJURY,1.0,0.0,0.0,1.0,0.0,3.0,0.0,12,6,10,41.89841335,-87.752159103,POINT (-87.752159103276 41.898413349605),2021,720
O1136018,DRIVER,e30d04e8a0cdf9c18e5e9e9c5b4350382847a6e1b011cf815906bb4b6c7041223ce931fe8e73c3dd4b61394a5e738fcc74e451ac313c014e50bc599ead0ae463,JE295118,1077559.0,07/08/2021 09:30:00 PM,CHICAGO,IL,60645,F,25.0,SAFETY BELT USED,NOT APPLICABLE,NONE,NO INDICATION OF INJURY,NONE,NOT OBSCURED,NORMAL,TEST NOT OFFERED,2021,JE295118,07/08/2021 09:30:00 PM,30,TRAFFIC SIGNAL,FUNCTIONING PROPERLY,CLEAR,"DARKNESS, LIGHTED ROAD",TURNING,ONE-WAY,"CURVE, LEVEL",DRY,NO DEFECTS,NOT ON SCENE (DESK REPORT),NO INJURY / DRIVE AWAY,Y,Y,$500 OR LESS,07/08/2021 10:30:00 PM,UNABLE TO DETERMINE,NOT APPLICABLE,5676,N,RIDGE AVE,2013.0,2,NO INDICATION OF INJURY,0.0,0.0,0.0,0.0,0.0,2.0,0.0,21,5,7,41.98506312,-87.662648158,POINT (-87.662648157804 41.985063120359),2021,1290
O1149008,DRIVER,315c55ddba32074b76f07e5cd4c6f12b7da2b03f3a5be7687e7db983d7e8b99d9edd65cb5ab71eaaf3f1ff25a5c73e5fcf31535a90e159172e742080378d9f1c,JE316498,1089894.0,07/27/2021 07:00:00 PM,CHICAGO,IL,60629,F,54.0,SAFETY BELT USED,NOT APPLICABLE,NONE,NO INDICATION OF INJURY,NONE,NOT OBSCURED,NORMAL,TEST NOT OFFERED,2021,JE316498,07/27/2021 07:00:00 PM,30,TRAFFIC SIGNAL,FUNCTIONING PROPERLY,CLEAR,DAYLIGHT,TURNING,NOT DIVIDED,STRAIGHT AND LEVEL,DRY,NO DEFECTS,ON SCENE,NO INJURY / DRIVE AWAY,Y,Y,"OVER $1,500",07/27/2021 07:01:00 PM,IMPROPER OVERTAKING/PASSING,RELATED TO BUS STOP,11878,S,VINCENNES AVE,2212.0,2,NO INDICATION OF INJURY,0.0,0.0,0.0,0.0,0.0,2.0,0.0,19,3,7,41.677757525,-87.67182606799999,POINT (-87.671826067557 41.677757524999),2021,1140
O1109525,DRIVER,693a9eeecfc4905db235a27ed3bc92d9361049c44ec28b365497754cb450b08048681e64f329b21efc1b07b9ba0e38469114700e7654e5f99270235be325f71d,JE253013,1052509.0,06/04/2021 01:30:00 AM,CHICAGO,IL,60639,F,30.0,SAFETY BELT USED,DID NOT DEPLOY,NONE,NO INDICATION OF INJURY,NONE,NOT OBSCURED,NORMAL,TEST NOT OFFERED,2021,JE253013,06/04/2021 01:30:00 AM,45,TRAFFIC SIGNAL,FUNCTIONING PROPERLY,CLEAR,"DARKNESS, LIGHTED ROAD",REAR END,DIVIDED - W/MEDIAN (NOT RAISED),STRAIGHT AND LEVEL,DRY,NO DEFECTS,ON SCENE,NO INJURY / DRIVE AWAY,Y,Y,"$501 - $1,500",06/04/2021 01:40:00 AM,DISREGARDING TRAFFIC SIGNALS,FOLLOWING TOO CLOSELY,1210,S,LAKE SHORE DR E,132.0,2,NO INDICATION OF INJURY,0.0,0.0,0.0,0.0,0.0,2.0,0.0,1,6,6,41.86720096,-87.61908569,POINT (-87.619085689827 41.867200959735),2021,90
O1027514,DRIVER,11cbab98a14d49e78c89ba27191b7d9930d69cef518916ce73f13a838a2fd356c536acc2373c3ae485381b8a596606ac932f6c1cce797b1f645cc6704ee6bcf4,JE118186,973870.0,01/19/2021 10:00:00 PM,CICERO,IL,60804,F,30.0,SAFETY BELT USED,DID NOT DEPLOY,NONE,NO INDICATION OF INJURY,NONE,UNKNOWN,NORMAL,TEST NOT OFFERED,2021,JE118186,01/19/2021 10:00:00 PM,30,NO CONTROLS,NO CONTROLS,SNOW,DARKNESS,TURNING,NOT DIVIDED,STRAIGHT AND LEVEL,SNOW OR SLUSH,NO DEFECTS,NOT ON SCENE (DESK REPORT),NO INJURY / DRIVE AWAY,Y,N,"$501 - $1,500",01/20/2021 04:00:00 PM,DISREGARDING TRAFFIC SIGNALS,NOT APPLICABLE,6820,S,SOUTH CHICAGO AVE,322.0,2,NO INDICATION OF INJURY,0.0,0.0,0.0,0.0,0.0,2.0,0.0,22,3,1,41.77039263,-87.612101219,POINT (-87.612101219063 41.770392629515),2021,1320
O1223958,DRIVER,6b1e02510a7296a23ce32b05332c0e55e94c36bee63695df263aa8aae7aba8055edb2de02f1d0545e1de9920ae877c3df4af144a158d16178b90757242c5ecd7,JE440061,1161463.0,11/10/2021 01:10:00 AM,CHICAGO,IL,60623,F,39.0,SAFETY BELT USED,DID NOT DEPLOY,NONE,NO INDICATION OF INJURY,NONE,NOT OBSCURED,NORMAL,TEST NOT OFFERED,2021,JE440061,11/10/2021 01:10:00 AM,30,TRAFFIC SIGNAL,FUNCTIONING PROPERLY,CLEAR,"DARKNESS, LIGHTED ROAD",ANGLE,NOT DIVIDED,STRAIGHT AND LEVEL,DRY,NO DEFECTS,ON SCENE,NO INJURY / DRIVE AWAY,Y,Y,"OVER $1,500",11/10/2021 01:18:00 AM,DISREGARDING TRAFFIC SIGNALS,UNABLE TO DETERMINE,499,S,HOMAN AVE,1134.0,2,NO INDICATION OF INJURY,0.0,0.0,0.0,0.0,0.0,3.0,0.0,1,4,11,41.874586441,-87.710660019,POINT (-87.710660018757 41.874586441133),2021,70
O1201520,DRIVER,97e227b410052faaa9b822fa8f090a8e22bed5008e7439ccd4dffbc5aea88fe0fedb85760674b7895164b9ae2af2303017cc7421d749a921a622dfaf0855620c,JE403381,1140055.0,10/09/2021 01:00:00 AM,CHICAGO,IL,60621,F,27.0,USAGE UNKNOWN,DID NOT DEPLOY,NONE,NO INDICATION OF INJURY,OTHER,NOT OBSCURED,NORMAL,TEST NOT OFFERED,2021,JE403381,10/09/2021 01:00:00 AM,30,TRAFFIC SIGNAL,FUNCTIONING PROPERLY,CLEAR,"DARKNESS, LIGHTED ROAD",SIDESWIPE SAME DIRECTION,NOT DIVIDED,STRAIGHT AND LEVEL,DRY,NO DEFECTS,ON SCENE,INJURY AND / OR TOW DUE TO CRASH,N,Y,"OVER $1,500",10/09/2021 01:17:00 AM,DISREGARDING TRAFFIC SIGNALS,UNABLE TO DETERMINE,605,E,71ST ST,323.0,3,NO INDICATION OF INJURY,0.0,0.0,0.0,0.0,0.0,5.0,0.0,1,7,10,41.765687612,-87.61019858,POINT (-87.610198580361 41.765687612321),2021,60
O1088349,DRIVER,c8785c52d3d6bb816af5257b01fb30b690ac45e46534f6da6fce1447f1450c254908ef78f7293d96f5bab1e73963a3e7e576932bc25e97faa22581968c23e9ca,JE218889,1032248.0,05/03/2021 10:50:00 PM,CHICAGO,IL,60649,M,17.0,USAGE UNKNOWN,NOT APPLICABLE,NONE,NONINCAPACITATING INJURY,NONE,UNKNOWN,NORMAL,TEST NOT OFFERED,2021,JE218889,05/03/2021 10:50:00 PM,30,TRAFFIC SIGNAL,UNKNOWN,CLEAR,"DARKNESS, LIGHTED ROAD",ANGLE,FOUR WAY,STRAIGHT AND LEVEL,DRY,NO DEFECTS,ON SCENE,INJURY AND / OR TOW DUE TO CRASH,Y,Y,"OVER $1,500",05/04/2021 12:07:00 AM,DISREGARDING TRAFFIC SIGNALS,NOT APPLICABLE,7900,S,STONY ISLAND AVE,411.0,2,NONINCAPACITATING INJURY,1.0,0.0,0.0,1.0,0.0,1.0,0.0,22,2,5,41.751460603000005,-87.58597199299999,POINT (-87.585971992965 41.751460603167),2021,1370
O1221503,DRIVER,b52401f4a52a123d091edf6104754d79769bb2927168bf9ea417084a180b96693cde2ada5e00f9830b545dff14d4f53061f0b64a34f67caa009802f723e66524,JE435504,1159124.0,11/06/2021 12:00:00 AM,EVANSTON,IL,60201,M,26.0,USAGE UNKNOWN,DID NOT DEPLOY,NONE,NO INDICATION OF INJURY,NONE,UNKNOWN,UNKNOWN,TEST NOT OFFERED,2021,JE435504,11/06/2021 12:00:00 AM,30,TRAFFIC SIGNAL,FUNCTIONING PROPERLY,CLEAR,"DARKNESS, LIGHTED ROAD",TURNING,FOUR WAY,STRAIGHT AND LEVEL,DRY,UNKNOWN,ON SCENE,NO INJURY / DRIVE AWAY,Y,Y,"$501 - $1,500",11/06/2021 12:08:00 AM,IMPROPER TURNING/NO SIGNAL,UNABLE TO DETERMINE,600,N,MC CLURG CT,1834.0,2,NO INDICATION OF INJURY,0.0,0.0,0.0,0.0,0.0,5.0,0.0,0,7,11,41.89267922,-87.617863712,POINT (-87.617863711646 41.892679220073),2021,0
O1072833,DRIVER,26c1771c6830c952f249712a3b34bcd2fb8c330ba287851f6f6aeb521d28575ea377d0952d9cfd64a6ba78d8f70965f0fca93d0ba5d61f88d54d0f3c61ab3480,JE189233,1017442.0,04/04/2021 01:00:00 PM,CHICAGO,IL,60620,F,0.0,SAFETY BELT USED,DID NOT DEPLOY,NONE,NO INDICATION OF INJURY,NONE,UNKNOWN,UNKNOWN,TEST NOT OFFERED,2021,JE189233,04/04/2021 01:00:00 PM,30,UNKNOWN,UNKNOWN,CLEAR,DAYLIGHT,SIDESWIPE SAME DIRECTION,NOT DIVIDED,STRAIGHT AND LEVEL,DRY,UNKNOWN,ON SCENE,NO INJURY / DRIVE AWAY,Y,Y,"OVER $1,500",04/04/2021 01:05:00 PM,UNABLE TO DETERMINE,NOT APPLICABLE,7836,S,LOOMIS BLVD,612.0,2,NO INDICATION OF INJURY,0.0,0.0,0.0,0.0,0.0,2.0,0.0,13,1,4,41.751136929,-87.65875350700001,POINT (-87.658753507129 41.751136929378),2021,780