PERSON_ID,PERSON_TYPE,CRASH_RECORD_ID,RD_NO_x,VEHICLE_ID,CRASH_DATE_x,CITY,STATE,ZIPCODE,SEX,AGE,SAFETY_EQUIPMENT,AIRBAG_DEPLOYED,EJECTION,INJURY_CLASSIFICATION,DRIVER_ACTION,DRIVER_VISION,PHYSICAL_CONDITION,BAC_RESULT,CRASH_YEAR_x,RD_NO_y,CRASH_DATE_y,POSTED_SPEED_LIMIT,TRAFFIC_CONTROL_DEVICE,DEVICE_CONDITION,WEATHER_CONDITION,LIGHTING_CONDITION,FIRST_CRASH_TYPE,TRAFFICWAY_TYPE,ALIGNMENT,ROADWAY_SURFACE_COND,ROAD_DEFECT,REPORT_TYPE,CRASH_TYPE,INTERSECTION_RELATED_I,HIT_AND_RUN_I,DAMAGE,DATE_POLICE_NOTIFIED,PRIM_CONTRIBUTORY_CAUSE,SEC_CONTRIBUTORY_CAUSE,STREET_NO,STREET_DIRECTION,STREET_NAME,BEAT_OF_OCCURRENCE,NUM_UNITS,MOST_SEVERE_INJURY,INJURIES_TOTAL,INJURIES_FATAL,INJURIES_INCAPACITATING,INJURIES_NON_INCAPACITATING,INJURIES_REPORTED_NOT_EVIDENT,INJURIES_NO_INDICATION,INJURIES_UNKNOWN,CRASH_HOUR,CRASH_DAY_OF_WEEK,CRASH_MONTH,LATITUDE,LONGITUDE,LOCATION,CRASH_YEAR_y,TIME
O1159201,DRIVER,e47ca30f8d33c49329598cfc6837045e0d703e05a0d07be12884b614345c18d5a71a85eb2d9911572d1b8d88065d7e6d7b96efcd70b83a25fde3d0a66dada050,JE333230,1099620.0,08/10/2021 07:22:00 PM,CHICAGO,IL,60645,F,29.0,SAFETY BELT USED,NOT APPLICABLE,NONE,NO INDICATION OF INJURY,NONE,NOT OBSCURED,NORMAL,TEST REFUSED,2021,JE333230,08/10/2021 07:22:00 PM,30,TRAFFIC SIGNAL,NO CONTROLS,RAIN,"DARKNESS, LIGHTED ROAD",TURNING,NOT DIVIDED,STRAIGHT AND LEVEL,WET,UNKNOWN,NOT ON SCENE (DESK REPORT),NO INJURY / DRIVE AWAY,Y,Y,"OVER $1,500",08/10/2021 08:45:00 PM,FAILING TO YIELD RIGHT-OF-WAY,UNABLE TO DETERMINE,2999,N,HALSTED ST,1934.0,3,NO INDICATION OF INJURY,0.0,0.0,0.0,0.0,0.0,4.0,0.0,19,3,8,41.936342399000004,-87.648992395,POINT (-87.648992395468 41.936342398819),2021,1162
O1144461,DRIVER,5a7f8f125b6d2984346c6bbdd420a2a3045307e0f6269349491fdec3789e2075606a577d77677fc8441cd840f2d67f4c6f7ab690e5f13ab93f8baa9666905869,JE309215,1085600.0,07/21/2021 03:20:00 PM,GLENWOOD,IL,60425,F,31.0,SAFETY BELT USED,DID NOT DEPLOY,NONE,NO INDICATION OF INJURY,NONE,NOT OBSCURED,NORMAL,TEST NOT OFFERED,2021,JE309215,07/21/2021 03:20:00 PM,30,NO CONTROLS,NO CONTROLS,CLEAR,DAYLIGHT,SIDESWIPE SAME DIRECTION,DIVIDED - W/MEDIAN (NOT RAISED),STRAIGHT AND LEVEL,DRY,NO DEFECTS,NOT ON SCENE (DESK REPORT),NO INJURY / DRIVE AWAY,N,Y,"$501 - $1,500",07/21/2021 04:08:00 PM,UNABLE TO DETERMINE,NOT APPLICABLE,200,W,87TH ST,622.0,2,NO INDICATION OF INJURY,0.0,0.0,0.0,0.0,0.0,3.0,0.0,15,4,7,41.736261699,-87.629064716,POINT (-87.629064716425 41.736261699376),2021,920
O1095639,DRIVER,69e5fd18cb955711378126b8ef2902bf2199bcc4d98427c9bf53f184df95fc531e38c5156576b9ae50e8680fef17032804b06b105f3d3a40fa48782cf56b5c3f,JE230400,1039216.0,05/14/2021 08:53:00 PM,LOMBARD,IL,60148,M,67.0,SAFETY BELT USED,DEPLOYMENT UNKNOWN,NONE,NO INDICATION OF INJURY,NONE,NOT OBSCURED,NORMAL,TEST NOT OFFERED,2021,JE230400,05/14/2021 08:53:00 PM,30,TRAFFIC SIGNAL,FUNCTIONING PROPERLY,CLEAR,"DARKNESS, LIGHTED ROAD",REAR END,DIVIDED - W/MEDIAN (NOT RAISED),STRAIGHT AND LEVEL,DRY,NO DEFECTS,ON SCENE,INJURY AND / OR TOW DUE TO CRASH,Y,Y,"OVER $1,500",05/14/2021 08:56:00 PM,"OPERATING VEHICLE IN ERRATIC, RECKLESS, CARELESS, NEGLIGENT OR AGGRESSIVE MANNER",NOT APPLICABLE,501,W,18TH ST,1235.0,4,NO INDICATION OF INJURY,0.0,0.0,0.0,0.0,0.0,5.0,0.0,20,6,5,41.857554919,-87.63898417899999,POINT (-87.638984179032 41.857554919296),2021,1253
O1120539,DRIVER,1ee1a4a3bda2c782ebe87253074b139bd9ac064491ef7f808e2169f824e2a3793fa9bab0af11c5bcb32957234f296a6b4d5cbd364e5f6ab2da47f33d175694d3,JE269255,1062850.0,06/17/2021 11:40:00 AM,CHICAGO,IL,60827,M,26.0,SAFETY BELT USED,DID NOT DEPLOY,NONE,NO INDICATION OF INJURY,NONE,NOT OBSCURED,NORMAL,TEST NOT OFFERED,2021,JE269255,06/17/2021 11:40:00 AM,30,TRAFFIC SIGNAL,FUNCTIONING PROPERLY,CLEAR,DAYLIGHT,TURNING,NOT DIVIDED,STRAIGHT AND LEVEL,DRY,NO DEFECTS,NOT ON SCENE (DESK REPORT),NO INJURY / DRIVE AWAY,Y,Y,"OVER $1,500",06/17/2021 12:09:00 PM,UNABLE TO DETERMINE,NOT APPLICABLE,11501,S,VINCENNES AVE,2234.0,2,NO INDICATION OF INJURY,0.0,0.0,0.0,0.0,0.0,2.0,0.0,11,5,6,41.684597196999995,-87.66762359200001,POINT (-87.667623591909 41.684597196831),2021,700
O1243291,DRIVER,f86b051aa9a08c3bf137dce528051206ed50d08c864a6da9a73fd0ff51e75ca44f1404e978be6ba2eb36156d3896aa0be05582837f3b08bc02680b2a9aa1d685,JE472786,1180054.0,12/10/2021 02:30:00 PM,BENSENVILLE,IL,60106,M,59.0,SAFETY BELT USED,DID NOT DEPLOY,NONE,NO INDICATION OF INJURY,NONE,UNKNOWN,NORMAL,TEST NOT OFFERED,2021,JE472786,12/10/2021 02:30:00 PM,30,TRAFFIC SIGNAL,FUNCTIONING PROPERLY,CLEAR,DAYLIGHT,TURNING,NOT DIVIDED,STRAIGHT AND LEVEL,DRY,NO DEFECTS,NOT ON SCENE (DESK REPORT),NO INJURY / DRIVE AWAY,Y,Y,"OVER $1,500",12/10/2021 04:00:00 PM,IMPROPER TURNING/NO SIGNAL,NOT APPLICABLE,800,W,MADISON ST,1224.0,2,NO INDICATION OF INJURY,0.0,0.0,0.0,0.0,0.0,2.0,0.0,14,6,12,41.881887057,-87.647392834,POINT (-87.647392833853 41.881887056886),2021,870
O1110891,DRIVER,d20331167a466e4bea35cc6912b5ff208f6eac2078cddd76c8ba6854caa29d29334f1f04c7bec0087fb82ccd910c51f2c832127bd6533845120d977402289886,JE254883,1053838.0,06/05/2021 04:19:00 PM,CHICAGO,IL,60653,M,66.0,SAFETY BELT USED,"DEPLOYED, COMBINATION",NONE,NONINCAPACITATING INJURY,NONE,NOT OBSCURED,NORMAL,TEST NOT OFFERED,2021,JE254883,06/05/2021 04:19:00 PM,30,STOP SIGN/FLASHER,FUNCTIONING PROPERLY,CLEAR,DAYLIGHT,ANGLE,FOUR WAY,STRAIGHT AND LEVEL,DRY,NO DEFECTS,ON SCENE,INJURY AND / OR TOW DUE TO CRASH,Y,Y,"OVER $1,500",06/05/2021 04:24:00 PM,DISREGARDING STOP SIGN,NOT APPLICABLE,334,E,46TH ST,215.0,4,NONINCAPACITATING INJURY,1.0,0.0,0.0,1.0,0.0,1.0,0.0,16,7,6,41.811281225,-87.618278914,POINT (-87.618278913934 41.811281225278),2021,979
O1090423,DRIVER,d70ffb8c52db1bee9b0f006147e2daa251f1c3a353a85d7c4cf7fb64eaad2ecd12c89c86669fa0f16ee29474eccba1d9202eac69bdca721b7766a56d5d1e0457,JE222276,1034245.0,05/07/2021 07:11:00 AM,CHICAGO,IL,60620,M,63.0,USAGE UNKNOWN,NOT APPLICABLE,NONE,NO INDICATION OF INJURY,NONE,NOT OBSCURED,NORMAL,TEST NOT OFFERED,2021,JE222276,05/07/2021 07:11:00 AM,30,TRAFFIC SIGNAL,FUNCTIONING PROPERLY,CLEAR,DAYLIGHT,ANGLE,NOT DIVIDED,STRAIGHT AND LEVEL,DRY,NO DEFECTS,ON SCENE,NO INJURY / DRIVE AWAY,Y,Y,"OVER $1,500",05/07/2021 07:29:00 AM,IMPROPER OVERTAKING/PASSING,FAILING TO YIELD RIGHT-OF-WAY,10301,S,VINCENNES AVE,2232.0,2,NO INDICATION OF INJURY,0.0,0.0,0.0,0.0,0.0,7.0,0.0,7,6,5,41.706664318,-87.655912448,POINT (-87.65591244845 41.706664317965),2021,431
O1196162,DRIVER,6c57074cc41407797c70e426ea2870382e14667c434c7d14f2eb650b37c803f28a9adafc7489d3d0307d5e469224172c2e5d7c88a7fdca0b2d5545d2570d7e79,JE394280,1134940.0,10/01/2021 02:53:00 PM,CALUMET CITY,IL,60409,M,47.0,USAGE UNKNOWN,NOT APPLICABLE,NONE,NO INDICATION OF INJURY,OTHER,UNKNOWN,NORMAL,TEST NOT OFFERED,2021,JE394280,10/01/2021 02:53:00 PM,30,TRAFFIC SIGNAL,FUNCTIONING PROPERLY,CLEAR,DAYLIGHT,TURNING,NOT DIVIDED,STRAIGHT AND LEVEL,DRY,NO DEFECTS,ON SCENE,NO INJURY / DRIVE AWAY,Y,Y,"OVER $1,500",10/01/2021 02:55:00 PM,FAILING TO REDUCE SPEED TO AVOID CRASH,PHYSICAL CONDITION OF DRIVER,3101,S,CALIFORNIA AVE,1034.0,2,NO INDICATION OF INJURY,0.0,0.0,0.0,0.0,0.0,2.0,0.0,14,6,10,41.837282037,-87.69487875899999,POINT (-87.694878758869 41.837282036609),2021,893
O1129846,DRIVER,55f240eff614c7f39a29f4f3c56e654579a597bf41e31920494d14aeb59742a91003ba37c29a7c06793d8ae6af9717abad37f3bdbd7a1e021f1d03ef9eb4e398,JE285043,1071741.0,06/30/2021 04:00:00 PM,CHICAGO,IL,60629,M,74.0,SAFETY BELT USED,NOT APPLICABLE,NONE,NO INDICATION OF INJURY,NONE,NOT OBSCURED,NORMAL,TEST NOT OFFERED,2021,JE285043,06/30/2021 04:00:00 PM,35,TRAFFIC SIGNAL,FUNCTIONING PROPERLY,CLEAR,DAYLIGHT,TURNING,NOT DIVIDED,STRAIGHT AND LEVEL,WET,UNKNOWN,ON SCENE,NO INJURY / DRIVE AWAY,Y,Y,"$501 - $1,500",06/30/2021 04:35:00 PM,FAILING TO REDUCE SPEED TO AVOID CRASH,NOT APPLICABLE,9900,S,WESTERN AVE,2211.0,2,NO INDICATION OF INJURY,0.0,0.0,0.0,0.0,0.0,3.0,0.0,16,4,6,41.713569899,-87.68198572200001,POINT (-87.681985722044 41.713569899352),2021,960
O1183746,DRIVER,ddb3f1044e9738f6a3be67ef943807bb18295bc095eccd855becad177f774cf3c2c5d7a8c615d09769de49b2c3e6094364631c541bc6eee1487281b6593e99ab,JE373623,1123073.0,09/14/2021 05:06:00 PM,SKOKIE,IL,60076,M,42.0,USAGE UNKNOWN,DID NOT DEPLOY,UNKNOWN,NO INDICATION OF INJURY,UNKNOWN,UNKNOWN,UNKNOWN,TEST NOT OFFERED,2021,JE373623,09/14/2021 05:06:00 PM,30,TRAFFIC SIGNAL,FUNCTIONING PROPERLY,CLEAR,DAYLIGHT,TURNING,DIVIDED - W/MEDIAN (NOT RAISED),STRAIGHT AND LEVEL,DRY,SHOULDER DEFECT,ON SCENE,INJURY AND / OR TOW DUE TO CRASH,Y,Y,"OVER $1,500",09/14/2021 05:06:00 PM,FAILING TO REDUCE SPEED TO AVOID CRASH,NOT APPLICABLE,4001,W,FOSTER AVE,1712.0,3,NONINCAPACITATING INJURY,1.0,0.0,0.0,1.0,0.0,3.0,0.0,17,3,9,41.975421110999996,-87.728330949,POINT (-87.728330948634 41.975421111334),2021,1026
O1191463,DRIVER,1fc6b92e3ffce3b1abcbb9dd9cf2124d9b58133bf6970dbcb748b3dcbbc553db6c347455e8890a162d152ea994cad256036f5189631b656d36169623ab42c2a0,JE386396,1130433.0,09/25/2021 01:27:00 AM,CHICAGO,IL,60660,M,55.0,SAFETY BELT USED,NOT APPLICABLE,NONE,NO INDICATION OF INJURY,NONE,NOT OBSCURED,NORMAL,TEST NOT OFFERED,2021,JE386396,09/25/2021 01:27:00 AM,30,TRAFFIC SIGNAL,FUNCTIONING PROPERLY,CLEAR,"DARKNESS, LIGHTED ROAD",TURNING,FOUR WAY,STRAIGHT AND LEVEL,WET,NO DEFECTS,ON SCENE,NO INJURY / DRIVE AWAY,Y,Y,"OVER $1,500",09/25/2021 01:27:00 AM,FAILING TO YIELD RIGHT-OF-WAY,UNABLE TO DETERMINE,1601,N,ASHLAND AVE,1433.0,2,NO INDICATION OF INJURY,0.0,0.0,0.0,0.0,0.0,4.0,0.0,1,7,9,41.910723323,-87.66754695899999,POINT (-87.667546959206 41.91072332316),2021,87
O1156880,DRIVER,21c82d1cb90f24ee5bcf6b20ce577a38f9085b71925bf75d1ac3a2d2268392bcb59481fb121fe92f68f5fc4f2c77cbe7c9d9cff33e3c4bd0eeebc228bbb249f6,JE329477,1097414.0,08/07/2021 12:00:00 PM,CHICAGO,IL,60652,M,51.0,SAFETY BELT USED,DID NOT DEPLOY,NONE,NO INDICATION OF INJURY,NONE,NOT OBSCURED,NORMAL,TEST NOT OFFERED,2021,JE329477,08/07/2021 12:00:00 PM,30,TRAFFIC SIGNAL,FUNCTIONING PROPERLY,CLEAR,DAYLIGHT,ANGLE,NOT DIVIDED,STRAIGHT AND LEVEL,DRY,NO DEFECTS,NOT ON SCENE (DESK REPORT),NO INJURY / DRIVE AWAY,Y,Y,"OVER $1,500",08/07/2021 01:30:00 PM,UNABLE TO DETERMINE,UNABLE TO DETERMINE,4000,W,83RD ST,834.0,3,NO INDICATION OF INJURY,0.0,0.0,0.0,0.0,0.0,5.0,0.0,12,7,8,41.742287555,-87.721744016,POINT (-87.721744016459 41.742287555152),2021,720
O1024932,DRIVER,aefaf0998cc32b830b407c97cf899bb0b3c7d18a083dff0350ae77843e5cf464c61d05222515bd8d042329b3dd7f546fbda57f0634dfe27c4b4c2f8cfd9db713,JE113555,971391.0,01/15/2021 01:35:00 PM,CHICAGO,IL,60617,F,25.0,SAFETY BELT USED,"DEPLOYED, FRONT",NONE,NONINCAPACITATING INJURY,NONE,NOT OBSCURED,NORMAL,TEST NOT OFFERED,2021,JE113555,01/15/2021 01:35:00 PM,35,TRAFFIC SIGNAL,FUNCTIONING PROPERLY,CLEAR,DAYLIGHT,ANGLE,NOT DIVIDED,STRAIGHT AND LEVEL,WET,NO DEFECTS,ON SCENE,INJURY AND / OR TOW DUE TO CRASH,Y,Y,"OVER $1,500",01/15/2021 01:35:00 PM,DISREGARDING TRAFFIC SIGNALS,FAILING TO YIELD RIGHT-OF-WAY,5900,S,UNION AVE,711.0,2,NONINCAPACITATING INJURY,2.0,0.0,0.0,2.0,0.0,1.0,0.0,13,6,1,41.786966731999996,-87.642678463,POINT (-87.642678462623 41.786966731912),2021,815
O1057498,DRIVER,10e2c341805bbf362ef0ff249d004a77e6b20eae2a8531112aac8486bf1794560985a67bb87ee9df42142244d44a63fd1dd244f0a094d0bfd1b05251da156e10,JE167146,1002768.0,03/11/2021 08:30:00 PM,CHICAGO,IL,60644,F,36.0,SAFETY BELT USED,DID NOT DEPLOY,NONE,NO INDICATION OF INJURY,UNKNOWN,NOT OBSCURED,NORMAL,TEST NOT OFFERED,2021,JE167146,03/11/2021 08:30:00 PM,30,STOP SIGN/FLASHER,FUNCTIONING PROPERLY,CLEAR,"DARKNESS, LIGHTED ROAD",REAR END,DIVIDED - W/MEDIAN (NOT RAISED),STRAIGHT AND LEVEL,DRY,NO DEFECTS,NOT ON SCENE (DESK REPORT),NO INJURY / DRIVE AWAY,Y,Y,"$501 - $1,500",03/12/2021 05:00:00 PM,UNABLE TO DETERMINE,NOT APPLICABLE,5100,W,JACKSON BLVD,1533.0,2,NO INDICATION OF INJURY,0.0,0.0,0.0,0.0,0.0,2.0,0.0,20,5,3,41.876786958000004,-87.753494411,POINT (-87.753494410747 41.876786958018),2021,1230
O1122989,DRIVER,b9e59cb65f4fcd7fb90caa1959fe4476a802c70a82f47eac3267affea1ef8428b5a662c424cca693a6edecfc87e6dd0339766a2117ec9e8ca5c54cd2b3de10fa,JE273820,1065169.0,06/21/2021 02:24:00 AM,CHICAGO,IL,60620,M,47.0,SAFETY BELT USED,"DEPLOYED, COMBINATION",NONE,NO INDICATION OF INJURY,NONE,NOT OBSCURED,NORMAL,TEST NOT OFFERED,2021,JE273820,06/21/2021 02:24:00 AM,30,NO CONTROLS,NO CONTROLS,RAIN,"DARKNESS, LIGHTED ROAD",ANGLE,T-INTERSECTION,STRAIGHT AND LEVEL,WET,NO DEFECTS,ON SCENE,INJURY AND / OR TOW DUE TO CRASH,Y,Y,"OVER $1,500",06/21/2021 02:26:00 AM,DRIVING ON WRONG SIDE/WRONG WAY,UNABLE TO DETERMINE,232,W,MARQUETTE RD,722.0,2,NO INDICATION OF INJURY,0.0,0.0,0.0,0.0,0.0,2.0,0.0,2,2,6,41.772799389,-87.631399154,POINT (-87.631399153856 41.772799389076),2021,144
O1179779,DRIVER,410dde46f8bc35f342e3333cbe50ce7667ba014dc3d1ff359bfc70b89c01bf4f498f93df340844363dc3b97826459478ffa8d045cf591b527c233b14e3238f9f,JE366970,1119276.0,09/09/2021 08:40:00 AM,CHICAGO,IL,60618,F,38.0,SAFETY BELT USED,DID NOT DEPLOY,NONE,NO INDICATION OF INJURY,OTHER,NOT OBSCURED,NORMAL,TEST NOT OFFERED,2021,JE366970,09/09/2021 08:40:00 AM,25,STOP SIGN/FLASHER,FUNCTIONING PROPERLY,CLEAR,DAYLIGHT,ANGLE,FOUR WAY,STRAIGHT AND LEVEL,UNKNOWN,UNKNOWN,NOT ON SCENE (DESK REPORT),NO INJURY / DRIVE AWAY,Y,N,"OVER $1,500",09/09/2021 09:45:00 AM,UNABLE TO DETERMINE,UNABLE TO DETERMINE,3400,W,AINSLIE ST,1712.0,2,NO INDICATION OF INJURY,0.0,0.0,0.0,0.0,0.0,2.0,0.0,8,5,9,41.97033238,-87.71344596700001,POINT (-87.713445967264 41.970332379744),2021,520
O1213328,DRIVER,8d4c607f053eebdf72868c75d243e22bb3bcfbc1e1124cc70a9f0ba2b02524c0b5092e22b790b514533a91646e8ec4765cf56470d476dccd2ef42ec480a50169,JE421829,1151303.0,10/24/2021 03:30:00 PM,CHICAGO,IL,60608,F,53.0,SAFETY BELT USED,DID NOT DEPLOY,NONE,NO INDICATION OF INJURY,NONE,NOT OBSCURED,NORMAL,TEST NOT OFFERED,2021,JE421829,10/24/2021 03:30:00 PM,30,TRAFFIC SIGNAL,UNKNOWN,RAIN,DAYLIGHT,TURNING,FOUR WAY,STRAIGHT AND LEVEL,WET,UNKNOWN,NOT ON SCENE (DESK REPORT),NO INJURY / DRIVE AWAY,Y,N,"$501 - $1,500",10/25/2021 12:20:00 PM,UNABLE TO DETERMINE,NOT APPLICABLE,6700,S,LAFAYETTE AVE,722.0,2,NO INDICATION OF INJURY,0.0,0.0,0.0,0.0,0.0,2.0,0.0,15,1,10,41.772655335,-87.62690885299999,POINT (-87.626908852725 41.772655335362),2021,930
O1074049,DRIVER,57b6d2d43d37037b2bdcf216d5e62b33d055802b7acfc9ee06eabdfb624e54e31c81c8239278e36b0b4e297ea4714c722e8f1f82933c24019512193b7927b16b,JE195381,1018620.0,04/10/2021 01:35:00 PM,WORTH,IL,60482,F,18.0,USAGE UNKNOWN,DID NOT DEPLOY,NONE,NONINCAPACITATING INJURY,OTHER,NOT OBSCURED,NORMAL,TEST NOT OFFERED,2021,JE195381,04/10/2021 01:35:00 PM,30,NO CONTROLS,NO CONTROLS,RAIN,DAYLIGHT,PARKED MOTOR VEHICLE,NOT DIVIDED,STRAIGHT AND LEVEL,WET,NO DEFECTS,ON SCENE,INJURY AND / OR TOW DUE TO CRASH,Y,N,"OVER $1,500",04/10/2021 01:40:00 PM,FAILING TO YIELD RIGHT-OF-WAY,IMPROPER TURNING/NO SIGNAL,6359,S,KOSTNER AVE,813.0,3,NONINCAPACITATING INJURY,1.0,0.0,0.0,1.0,0.0,0.0,0.0,13,7,4,41.776792571,-87.73233134600001,POINT (-87.732331345569 41.776792571274),2021,815
O1053363,DRIVER,012514946267ec3517323547ae7200013f5739f2442eeb3e82a12cacac368b2a92856cf0b44dd124d8928c0c87ae9d2634d31a6f6ca54f57212ce2791991390c,JE158874,998795.0,03/04/2021 10:30:00 AM,CHICAGO,IL,60643,M,33.0,USAGE UNKNOWN,DID NOT DEPLOY,NONE,NO INDICATION OF INJURY,IMPROPER LANE CHANGE,UNKNOWN,UNKNOWN,TEST NOT OFFERED,2021,JE158874,03/04/2021 10:30:00 AM,30,TRAFFIC SIGNAL,FUNCTIONING PROPERLY,CLEAR,DAYLIGHT,SIDESWIPE SAME DIRECTION,NOT DIVIDED,STRAIGHT AND LEVEL,DRY,UNKNOWN,ON SCENE,INJURY AND / OR TOW DUE TO CRASH,Y,N,"OVER $1,500",03/04/2021 10:39:00 AM,IMPROPER LANE USAGE,UNABLE TO DETERMINE,1605,E,67TH ST,332.0,3,NONINCAPACITATING INJURY,1.0,0.0,0.0,1.0,0.0,3.0,0.0,10,5,3,41.773235754,-87.585777856,POINT (-87.585777856165 41.773235754482),2021,630
O1211649,DRIVER,5eef5ef30da03e2e0beaac070e9afb72c457919af38c0f29f944e0d4e3c03bacb260774a05e969b12fa17bd8c52c0017b117c3c85546b85f7e2b7f3603e469a5,JE420377,1149686.0,10/24/2021 12:30:00 AM,CICERO,IL,60804,M,43.0,USAGE UNKNOWN,NOT APPLICABLE,NONE,NO INDICATION OF INJURY,NONE,NOT OBSCURED,NORMAL,TEST NOT OFFERED,2021,JE420377,10/24/2021 12:30:00 AM,35,TRAFFIC SIGNAL,FUNCTIONING PROPERLY,CLEAR,"DARKNESS, LIGHTED ROAD",TURNING,NOT DIVIDED,STRAIGHT AND LEVEL,DRY,NO DEFECTS,ON SCENE,NO INJURY / DRIVE AWAY,Y,Y,"$501 - $1,500",10/24/2021 12:35:00 AM,DISREGARDING TRAFFIC SIGNALS,NOT APPLICABLE,713,S,AUSTIN BLVD,1513.0,2,NO INDICATION OF INJURY,0.0,0.0,0.0,0.0,0.0,3.0,0.0,0,1,10,41.870916356,-87.77415344799999,POINT (-87.774153448221 41.870916356085),2021,30
O1024509,DRIVER,49cb21eb24ca530e05ecea5bebe37bc14d65a7cd92d1214236ed38225091933c6a91a7c1ed5e3f3d864f9c4bd014a881be3bf1e00c7843b4141c8423dbe74843,JE112843,970994.0,01/14/2021 05:42:00 PM,MORTON GROVE,IL,60053,M,27.0,SAFETY BELT USED,NOT APPLICABLE,NONE,NO INDICATION OF INJURY,NONE,NOT OBSCURED,NORMAL,TEST NOT OFFERED,2021,JE112843,01/14/2021 05:42:00 PM,30,TRAFFIC SIGNAL,FUNCTIONING PROPERLY,RAIN,"DARKNESS, LIGHTED ROAD",REAR END,DIVIDED - W/MEDIAN (NOT RAISED),STRAIGHT AND LEVEL,WET,NO DEFECTS,ON SCENE,NO INJURY / DRIVE AWAY,Y,Y,"$501 - $1,500",01/14/2021 05:44:00 PM,FOLLOWING TOO CLOSELY,NOT APPLICABLE,2200,N,KOSTNER AVE,2522.0,2,NO INDICATION OF INJURY,0.0,0.0,0.0,0.0,0.0,2.0,0.0,17,5,1,41.920794818000005,-87.73658472700001,POINT (-87.736584727475 41.92079481781),2021,1062
O1061091,DRIVER,951cdc1a2a5d3329cc7093b2288b3ca780ee757217cd7afffffc66cb08bcb89ce032fb666a2225a2fcd334794f3ae8f731b74fc59e7574122233563095a62525,JE173504,1006241.0,03/19/2021 03:35:00 PM,AURORA,IL,60505,M,48.0,SAFETY BELT USED,DID NOT DEPLOY,NONE,NO INDICATION OF INJURY,NONE,NOT OBSCURED,NORMAL,TEST NOT OFFERED,2021,JE173504,03/19/2021 03:35:00 PM,30,TRAFFIC SIGNAL,FUNCTIONING PROPERLY,CLEAR,DAYLIGHT,TURNING,FOUR WAY,STRAIGHT AND LEVEL,DRY,NO DEFECTS,ON SCENE,NO INJURY / DRIVE AWAY,Y,Y,"OVER $1,500",03/19/2021 03:41:00 PM,DISREGARDING TRAFFIC SIGNALS,NOT APPLICABLE,5899,S,STATE ST,232.0,2,NO INDICATION OF INJURY,0.0,0.0,0.0,0.0,0.0,2.0,0.0,15,6,3,41.787455846,-87.625369185,POINT (-87.625369184883 41.787455846085),2021,935
O1244861,DRIVER,7f99d737602caa8188c2cdb474c0b84e195431320cc4f6044ef067597d29eefc86c75ac3767aa19ad7e7e918626561d21e7e4993e3ffe91084a46d031ff04972,JE474929,1181524.0,12/09/2021 10:30:00 PM,DES PLAINES,IL,60016,M,70.0,USAGE UNKNOWN,DEPLOYMENT UNKNOWN,UNKNOWN,NO INDICATION OF INJURY,UNKNOWN,UNKNOWN,UNKNOWN,TEST NOT OFFERED,2021,JE474929,12/09/2021 10:30:00 PM,30,TRAFFIC SIGNAL,FUNCTIONING PROPERLY,CLEAR,"DARKNESS, LIGHTED ROAD",TURNING,DIVIDED - W/MEDIAN (NOT RAISED),STRAIGHT AND LEVEL,DRY,UNKNOWN,NOT ON SCENE (DESK REPORT),NO INJURY / DRIVE AWAY,Y,Y,"OVER $1,500",12/12/2021 01:10:00 PM,UNABLE TO DETERMINE,NOT APPLICABLE,5658,N,SHERIDAN RD,2022.0,2,NO INDICATION OF INJURY,0.0,0.0,0.0,0.0,0.0,2.0,0.0,22,5,12,41.985463255999996,-87.65539144799999,POINT (-87.655391447946 41.985463256416),2021,1350
O1033465,DRIVER,077f9918f69e8b2e15ed5cd23a048712f6c573652661a52637305cbe00b3da61faa543e6ce2c2bb49b7319e8fc9b2c3159e6290fb5a9e6f20c8b1d1067b2e2a0,JE128356,979579.0,01/31/2021 11:30:00 AM,CHICAGO,IL,60621,M,57.0,SAFETY BELT USED,NOT APPLICABLE,NONE,NO INDICATION OF INJURY,NONE,NOT OBSCURED,NORMAL,TEST NOT OFFERED,2021,JE128356,01/31/2021 11:30:00 AM,35,NO CONTROLS,NO CONTROLS,SNOW,DAYLIGHT,TURNING,NOT DIVIDED,STRAIGHT AND LEVEL,SNOW OR SLUSH,UNKNOWN,NOT ON SCENE (DESK REPORT),NO INJURY / DRIVE AWAY,N,Y,"OVER $1,500",01/31/2021 11:50:00 AM,UNABLE TO DETERMINE,UNABLE TO DETERMINE,900,W,63RD ST,712.0,3,NO INDICATION OF INJURY,0.0,0.0,0.0,0.0,0.0,2.0,0.0,11,1,1,41.779819449,-87.647276834,POINT (-87.647276834282 41.779819448545),2021,690