PERSON_ID,PERSON_TYPE,CRASH_RECORD_ID,RD_NO_x,VEHICLE_ID,CRASH_DATE_x,CITY,STATE,ZIPCODE,SEX,AGE,SAFETY_EQUIPMENT,AIRBAG_DEPLOYED,EJECTION,INJURY_CLASSIFICATION,DRIVER_ACTION,DRIVER_VISION,PHYSICAL_CONDITION,BAC_RESULT,CRASH_YEAR_x,RD_NO_y,CRASH_DATE_y,POSTED_SPEED_LIMIT,TRAFFIC_CONTROL_DEVICE,DEVICE_CONDITION,WEATHER_CONDITION,LIGHTING_CONDITION,FIRST_CRASH_TYPE,TRAFFICWAY_TYPE,ALIGNMENT,ROADWAY_SURFACE_COND,ROAD_DEFECT,REPORT_TYPE,CRASH_TYPE,INTERSECTION_RELATED_I,HIT_AND_RUN_I,DAMAGE,DATE_POLICE_NOTIFIED,PRIM_CONTRIBUTORY_CAUSE,SEC_CONTRIBUTORY_CAUSE,STREET_NO,STREET_DIRECTION,STREET_NAME,BEAT_OF_OCCURRENCE,NUM_UNITS,MOST_SEVERE_INJURY,INJURIES_TOTAL,INJURIES_FATAL,INJURIES_INCAPACITATING,INJURIES_NON_INCAPACITATING,INJURIES_REPORTED_NOT_EVIDENT,INJURIES_NO_INDICATION,INJURIES_UNKNOWN,CRASH_HOUR,CRASH_DAY_OF_WEEK,CRASH_MONTH,LATITUDE,LONGITUDE,LOCATION,CRASH_YEAR_y,TIME
O1066837,DRIVER,a614596af64ef9bcf6ff4c313f049031304be36c74d455cdd3a8054afd665de5f63ce79bf1c00ef8671d2da5d048b7b076fb3366a743fd309bf735e87a3a1523,JE183236,1011755.0,03/29/2021 02:00:00 PM,CHICAGO,IL,60620,M,59.0,SAFETY BELT USED,DID NOT DEPLOY,NONE,NO INDICATION OF INJURY,NONE,NOT OBSCURED,NORMAL,TEST NOT OFFERED,2021,JE183236,03/29/2021 02:00:00 PM,30,TRAFFIC SIGNAL,FUNCTIONING PROPERLY,CLEAR,DAYLIGHT,ANGLE,FOUR WAY,STRAIGHT AND LEVEL,DRY,NO DEFECTS,NOT ON SCENE (DESK REPORT),NO INJURY / DRIVE AWAY,Y,Y,"$501 - $1,500",03/29/2021 02:25:00 PM,DISREGARDING OTHER TRAFFIC SIGNS,UNABLE TO DETERMINE,7600,S,LOOMIS BLVD,612.0,2,NO INDICATION OF INJURY,0.0,0.0,0.0,0.0,0.0,2.0,0.0,14,2,3,41.755790456999996,-87.65887512200001,POINT (-87.65887512225 41.755790457308),2021,840
O1231284,DRIVER,cccb521f6d62a64c66b143c2df71dddf561205151fdc5a3e35d6d15242c5c3c214bac18d7b2e380be7d7e2aedbc8ef0e8f97e751531e4fbf7ef884f85090c2db,JE452023,1168491.0,11/20/2021 10:14:00 PM,CICERO,IL,60804,F,49.0,USAGE UNKNOWN,NOT APPLICABLE,NONE,NO INDICATION OF INJURY,WRONG WAY/SIDE,NOT OBSCURED,UNKNOWN,TEST NOT OFFERED,2021,JE452023,11/20/2021 10:14:00 PM,30,NO CONTROLS,NO CONTROLS,CLEAR,"DARKNESS, LIGHTED ROAD",PARKED MOTOR VEHICLE,ONE-WAY,STRAIGHT AND LEVEL,DRY,NO DEFECTS,ON SCENE,INJURY AND / OR TOW DUE TO CRASH,N,Y,"OVER $1,500",11/20/2021 10:29:00 PM,DRIVING ON WRONG SIDE/WRONG WAY,DRIVING ON WRONG SIDE/WRONG WAY,4146,W,30TH ST,1031.0,3,NO INDICATION OF INJURY,0.0,0.0,0.0,0.0,0.0,1.0,0.0,22,7,11,41.838784184,-87.728698184,POINT (-87.728698184127 41.838784183674),2021,1334
O1248755,DRIVER,f414415d69226499a99d2d6490e249fd00073c2657325bfa031c8fbfb4d55145898d6df67619c90db8ebf7179946e85c9e076391f4759bd95486cbd09c3c28ab,JE481956,1185265.0,12/18/2021 05:00:00 PM,CHICAGO,IL,60632,F,85.0,SAFETY BELT USED,DID NOT DEPLOY,NONE,NO INDICATION OF INJURY,UNKNOWN,NOT OBSCURED,NORMAL,TEST NOT OFFERED,2021,JE481956,12/18/2021 05:00:00 PM,30,TRAFFIC SIGNAL,FUNCTIONING PROPERLY,CLEAR,"DARKNESS, LIGHTED ROAD",REAR TO FRONT,NOT DIVIDED,STRAIGHT AND LEVEL,DRY,NO DEFECTS,ON SCENE,NO INJURY / DRIVE AWAY,Y,Y,"OVER $1,500",12/18/2021 05:00:00 PM,UNABLE TO DETERMINE,UNABLE TO DETERMINE,2800,S,KEDZIE AVE,1032.0,2,NO INDICATION OF INJURY,0.0,0.0,0.0,0.0,0.0,2.0,0.0,17,7,12,41.840809645,-87.70507494799999,POINT (-87.705074947842 41.840809645357),2021,1020
O1126375,DRIVER,d80d6cd70fdec8095243ec50d5fc91852ddebb520ac05882c9d97ad3eb3744fa57d74b67e0f64f513bd38a77b643c36589133d99cf02622629a040fa07cb3e0c,JE279556,1068423.0,06/25/2021 07:30:00 PM,LEMONT,IL,60439,F,23.0,SAFETY BELT USED,DID NOT DEPLOY,NONE,NO INDICATION OF INJURY,NONE,NOT OBSCURED,NORMAL,TEST NOT OFFERED,2021,JE279556,06/25/2021 07:30:00 PM,30,TRAFFIC SIGNAL,FUNCTIONING PROPERLY,CLEAR,"DARKNESS, LIGHTED ROAD",REAR END,FOUR WAY,STRAIGHT AND LEVEL,DRY,NO DEFECTS,NOT ON SCENE (DESK REPORT),NO INJURY / DRIVE AWAY,Y,Y,"OVER $1,500",06/25/2021 09:24:00 PM,FAILING TO REDUCE SPEED TO AVOID CRASH,UNABLE TO DETERMINE,1238,N,MILWAUKEE AVE,1424.0,2,NO INDICATION OF INJURY,0.0,0.0,0.0,0.0,0.0,3.0,0.0,19,6,6,41.904176146,-87.667984285,POINT (-87.667984285497 41.904176145615),2021,1170
O1230381,DRIVER,ce8a885a6d1843d7b8cb63ee293384cba226b6d1ed5caabc8bb2ad4def378d4533901f01af99d4435b8902b7cb323e4e8f46699a72bb4452d7ad1328aef7edbf,JE450638,1167630.0,11/19/2021 03:48:00 PM,LAKELAND,FL,33801,M,53.0,USAGE UNKNOWN,NOT APPLICABLE,NONE,NO INDICATION OF INJURY,NONE,NOT OBSCURED,NORMAL,TEST NOT OFFERED,2021,JE450638,11/19/2021 03:48:00 PM,15,NO CONTROLS,NO CONTROLS,CLEAR,"DARKNESS, LIGHTED ROAD",TURNING,DIVIDED - W/MEDIAN (NOT RAISED),STRAIGHT AND LEVEL,DRY,NO DEFECTS,ON SCENE,INJURY AND / OR TOW DUE TO CRASH,Y,Y,"OVER $1,500",11/19/2021 04:28:00 PM,FAILING TO YIELD RIGHT-OF-WAY,UNABLE TO DETERMINE,8411,S,HOLLAND RD,622.0,2,NO INDICATION OF INJURY,0.0,0.0,0.0,0.0,0.0,2.0,0.0,15,6,11,41.741056938,-87.631826,POINT (-87.631826000406 41.741056937729),2021,948
O1213510,DRIVER,027839b9be46cc7dc5c826abe1d53967dc0f31641feb9d9e85be3c69c179560ca812d1d0fcfcc5a534bbec9471bfbc35059bd8a7161464658ad4e5ecb68b82c5,JE423198,1151481.0,10/26/2021 02:40:00 PM,CHICAGO,IL,60620,M,26.0,USAGE UNKNOWN,NOT APPLICABLE,NONE,NO INDICATION OF INJURY,FAILED TO YIELD,NOT OBSCURED,NORMAL,TEST NOT OFFERED,2021,JE423198,10/26/2021 02:40:00 PM,30,TRAFFIC SIGNAL,NOT FUNCTIONING,CLEAR,DAYLIGHT,REAR END,FOUR WAY,STRAIGHT AND LEVEL,DRY,NO DEFECTS,ON SCENE,INJURY AND / OR TOW DUE TO CRASH,Y,N,"OVER $1,500",10/26/2021 02:49:00 PM,FOLLOWING TOO CLOSELY,UNABLE TO DETERMINE,9001,S,WESTERN AVE,2221.0,2,NONINCAPACITATING INJURY,1.0,0.0,0.0,1.0,0.0,3.0,0.0,14,3,10,41.729969477,-87.682196386,POINT (-87.682196385607 41.729969477098),2021,880
O1180292,DRIVER,53379dbdba9c661a1025b53647756ee6b5929a1ed464e299eeaa73d43c5a7e04d75ff206d62262217d2d7959aa41d253aee7eb44143db3aecfbca03116670407,JE367801,1119752.0,09/09/2021 10:00:00 PM,OAK PARK,IL,60301,M,85.0,USAGE UNKNOWN,DEPLOYMENT UNKNOWN,NONE,NO INDICATION OF INJURY,NONE,UNKNOWN,NORMAL,TEST NOT OFFERED,2021,JE367801,09/09/2021 10:00:00 PM,30,TRAFFIC SIGNAL,UNKNOWN,UNKNOWN,"DARKNESS, LIGHTED ROAD",REAR END,FOUR WAY,STRAIGHT AND LEVEL,UNKNOWN,UNKNOWN,NOT ON SCENE (DESK REPORT),NO INJURY / DRIVE AWAY,Y,Y,"OVER $1,500",09/09/2021 11:00:00 PM,UNABLE TO DETERMINE,NOT APPLICABLE,3558,W,16TH ST,1021.0,2,NO INDICATION OF INJURY,0.0,0.0,0.0,0.0,0.0,2.0,0.0,22,5,9,41.859085817,-87.715150796,POINT (-87.715150795709 41.859085816862),2021,1320
O1159197,DRIVER,9a6a88b13da8bf382fc62d1e07181cd45d6d8531599c83ead41358bacdf0324fb78f8a02e61d323b3d339ebeec2574f79e2185fd4660ebe7788f33e1aa0bf694,JE333243,1099616.0,08/10/2021 09:00:00 PM,CHICAGO,IL,60641,F,46.0,SAFETY BELT USED,"DEPLOYED, FRONT",NONE,"REPORTED, NOT EVIDENT",NONE,UNKNOWN,NORMAL,TEST NOT OFFERED,2021,JE333243,08/10/2021 09:00:00 PM,30,TRAFFIC SIGNAL,FUNCTIONING PROPERLY,RAIN,"DARKNESS, LIGHTED ROAD",HEAD ON,NOT DIVIDED,STRAIGHT AND LEVEL,WET,UNKNOWN,ON SCENE,INJURY AND / OR TOW DUE TO CRASH,Y,Y,"OVER $1,500",08/10/2021 09:01:00 PM,UNABLE TO DETERMINE,NOT APPLICABLE,447,N,PULASKI RD,1122.0,2,"REPORTED, NOT EVIDENT",1.0,0.0,0.0,0.0,1.0,3.0,0.0,21,3,8,41.889340296,-87.725764718,POINT (-87.725764717776 41.889340295763),2021,1260
O1166945,DRIVER,56ed2555d87ed3a186f181918222e5aa123b2ef50861cdf2f774ebde76192adc375d52d0d05012f7969c9d97ec1a51bb5c08a8a08c07b189a3ade7ae0f76b56e,JE345631,1106955.0,08/22/2021 02:00:00 AM,PARK CITY,IL,60085,F,34.0,USAGE UNKNOWN,DEPLOYMENT UNKNOWN,NONE,NO INDICATION OF INJURY,IMPROPER TURN,UNKNOWN,UNKNOWN,TEST NOT OFFERED,2021,JE345631,08/22/2021 02:00:00 AM,30,TRAFFIC SIGNAL,FUNCTIONING PROPERLY,CLEAR,"DARKNESS, LIGHTED ROAD",TURNING,FOUR WAY,STRAIGHT AND LEVEL,DRY,NO DEFECTS,ON SCENE,INJURY AND / OR TOW DUE TO CRASH,Y,Y,"OVER $1,500",08/22/2021 02:06:00 AM,IMPROPER TURNING/NO SIGNAL,NOT APPLICABLE,300,S,CICERO AVE,1533.0,2,NO INDICATION OF INJURY,0.0,0.0,0.0,0.0,0.0,3.0,0.0,2,1,8,41.876760655,-87.745291666,POINT (-87.745291666388 41.876760654888),2021,120
O1237673,DRIVER,0da66f2f9e4c8acd450214f15728a73f21f694135aedf109c4d9a0c8e53de0a9d8a4d9a896dc4d84222411d05b68c1e4528a83d06cc402e98f05b18367a0c7ea,JE462892,1174679.0,12/01/2021 07:47:00 PM,CHICAGO,IL,60647,F,26.0,SAFETY BELT USED,DID NOT DEPLOY,NONE,NO INDICATION OF INJURY,NONE,NOT OBSCURED,NORMAL,TEST NOT OFFERED,2021,JE462892,12/01/2021 07:47:00 PM,35,TRAFFIC SIGNAL,FUNCTIONING PROPERLY,CLEAR,"DARKNESS, LIGHTED ROAD",REAR END,FOUR WAY,STRAIGHT AND LEVEL,DRY,NO DEFECTS,ON SCENE,NO INJURY / DRIVE AWAY,Y,Y,"OVER $1,500",12/01/2021 08:15:00 PM,FOLLOWING TOO CLOSELY,FAILING TO REDUCE SPEED TO AVOID CRASH,5600,N,BROADWAY,2013.0,2,NO INDICATION OF INJURY,0.0,0.0,0.0,0.0,0.0,2.0,0.0,19,4,12,41.98371191,-87.660218411,POINT (-87.660218410558 41.983711910418),2021,1187
O1228417,DRIVER,445975858a8e9fbc71609aa6040bdde7c47762bf8ceeb7dd57eccd53ae63257e9062ff2390e50d3f4f99eb01fc9b48169275895f198ce8441f927bd062b746bc,JE447464,1165753.0,11/15/2021 07:30:00 PM,CHICAGO,IL,60653,F,41.0,USAGE UNKNOWN,DID NOT DEPLOY,NONE,NO INDICATION OF INJURY,NONE,NOT OBSCURED,NORMAL,TEST NOT OFFERED,2021,JE447464,11/15/2021 07:30:00 PM,30,STOP SIGN/FLASHER,FUNCTIONING PROPERLY,CLEAR,"DARKNESS, LIGHTED ROAD",ANGLE,FOUR WAY,STRAIGHT AND LEVEL,DRY,NO DEFECTS,NOT ON SCENE (DESK REPORT),NO INJURY / DRIVE AWAY,Y,Y,"OVER $1,500",11/16/2021 06:20:00 PM,FAILING TO YIELD RIGHT-OF-WAY,UNABLE TO DETERMINE,2000,W,HUBBARD ST,1221.0,2,NO INDICATION OF INJURY,0.0,0.0,0.0,0.0,0.0,4.0,0.0,19,2,11,41.889833923000005,-87.676999724,POINT (-87.676999723815 41.889833922823),2021,1170
O1182471,DRIVER,b81f766ee2df1078f0c2a8edf1fa85c883c56bac769e2244bd3f9c9696e9039d390db77093c85738d71e3a95dc73a8adbfc0b30a89771939d0cc6be8a3b924bc,JE371471,1121821.0,09/13/2021 06:17:00 AM,CHICAGO,IL,60632,M,65.0,SAFETY BELT USED,NOT APPLICABLE,NONE,NO INDICATION OF INJURY,NONE,UNKNOWN,NORMAL,TEST NOT OFFERED,2021,JE371471,09/13/2021 06:17:00 AM,30,YIELD,FUNCTIONING PROPERLY,CLEAR,DAWN,TURNING,ONE-WAY,STRAIGHT AND LEVEL,DRY,NO DEFECTS,ON SCENE,NO INJURY / DRIVE AWAY,Y,Y,"OVER $1,500",09/13/2021 06:42:00 AM,IMPROPER TURNING/NO SIGNAL,FAILING TO YIELD RIGHT-OF-WAY,700,N,DEARBORN ST,1832.0,2,NO INDICATION OF INJURY,0.0,0.0,0.0,0.0,0.0,2.0,0.0,6,2,9,41.894890471,-87.629871903,POINT (-87.629871903472 41.894890470685),2021,377
O1090842,DRIVER,f9705b6eaa8fe3471965aaeea5556fd0a4816f3ca11a68ec928024252ce8946519be0ffba4f437b592125a082d791f0c874005d3a1a51f3075b65e724e74a636,JE222869,1034647.0,05/07/2021 05:30:00 PM,CHICAGO,IL,60607,F,25.0,SAFETY BELT USED,DID NOT DEPLOY,NONE,NO INDICATION OF INJURY,NONE,NOT OBSCURED,NORMAL,TEST NOT OFFERED,2021,JE222869,05/07/2021 05:30:00 PM,35,TRAFFIC SIGNAL,FUNCTIONING PROPERLY,CLEAR,DAYLIGHT,SIDESWIPE SAME DIRECTION,FOUR WAY,STRAIGHT AND LEVEL,DRY,NO DEFECTS,ON SCENE,INJURY AND / OR TOW DUE TO CRASH,Y,Y,"OVER $1,500",05/07/2021 05:36:00 PM,IMPROPER LANE USAGE,NOT APPLICABLE,300,W,CHICAGO AVE,1823.0,2,NO INDICATION OF INJURY,0.0,0.0,0.0,0.0,0.0,2.0,0.0,17,6,5,41.896685918,-87.635776691,POINT (-87.635776690588 41.896685918295),2021,1050
O1175179,DRIVER,a0d5daf4a83354b52227742b614d2b1f3d420e43df2bf6e1c7a92caf7729b91eef07a8a42aadfcee8d31e0ac5ba0b6de8a8a6aeb505b021022da136fa96e6b86,JE359200,1114830.0,09/02/2021 02:35:00 PM,CHICAGO,IL,60612,M,44.0,SAFETY BELT USED,"DEPLOYED, FRONT",NONE,NO INDICATION OF INJURY,UNKNOWN,NOT OBSCURED,NORMAL,TEST NOT OFFERED,2021,JE359200,09/02/2021 02:35:00 PM,25,STOP SIGN/FLASHER,FUNCTIONING PROPERLY,CLEAR,DAYLIGHT,REAR END,ONE-WAY,STRAIGHT AND LEVEL,DRY,NO DEFECTS,NOT ON SCENE (DESK REPORT),NO INJURY / DRIVE AWAY,Y,Y,"OVER $1,500",09/02/2021 03:30:00 PM,UNABLE TO DETERMINE,NOT APPLICABLE,710,S,KEELER AVE,1132.0,2,NO INDICATION OF INJURY,0.0,0.0,0.0,0.0,0.0,3.0,0.0,14,5,9,41.871793458,-87.730409006,POINT (-87.730409006204 41.871793457535),2021,875
O1241427,DRIVER,a5694f2391c5ac9b87e86b2d337f0058ef770874bde7a65e2f49c4a2336cf897d576a22b308c0e50b073694e6d5caf8da50d4e506aba0b9cc1b62d6bcf3b8288,JE469126,1178284.0,12/06/2021 05:11:00 PM,MARKHAM,IL,60426,F,53.0,SAFETY BELT USED,DID NOT DEPLOY,NONE,NO INDICATION OF INJURY,NONE,NOT OBSCURED,NORMAL,TEST NOT OFFERED,2021,JE469126,12/06/2021 05:11:00 PM,30,TRAFFIC SIGNAL,FUNCTIONING PROPERLY,CLEAR,"DARKNESS, LIGHTED ROAD",TURNING,FOUR WAY,STRAIGHT AND LEVEL,DRY,NO DEFECTS,NOT ON SCENE (DESK REPORT),INJURY AND / OR TOW DUE TO CRASH,Y,Y,"OVER $1,500",12/07/2021 01:00:00 PM,IMPROPER TURNING/NO SIGNAL,"OPERATING VEHICLE IN ERRATIC, RECKLESS, CARELESS, NEGLIGENT OR AGGRESSIVE MANNER",6656,S,WENTWORTH AVE,722.0,2,NO INDICATION OF INJURY,0.0,0.0,0.0,0.0,0.0,3.0,0.0,17,2,12,41.772847072,-87.630118439,POINT (-87.630118438673 41.772847071893),2021,1031
O1183748,DRIVER,ddb3f1044e9738f6a3be67ef943807bb18295bc095eccd855becad177f774cf3c2c5d7a8c615d09769de49b2c3e6094364631c541bc6eee1487281b6593e99ab,JE373623,1123100.0,09/14/2021 05:06:00 PM,CHICAGO,IL,60659,F,51.0,USAGE UNKNOWN,DEPLOYMENT UNKNOWN,UNKNOWN,NO INDICATION OF INJURY,UNKNOWN,UNKNOWN,UNKNOWN,TEST NOT OFFERED,2021,JE373623,09/14/2021 05:06:00 PM,30,TRAFFIC SIGNAL,FUNCTIONING PROPERLY,CLEAR,DAYLIGHT,TURNING,DIVIDED - W/MEDIAN (NOT RAISED),STRAIGHT AND LEVEL,DRY,SHOULDER DEFECT,ON SCENE,INJURY AND / OR TOW DUE TO CRASH,Y,Y,"OVER $1,500",09/14/2021 05:06:00 PM,FAILING TO REDUCE SPEED TO AVOID CRASH,NOT APPLICABLE,4001,W,FOSTER AVE,1712.0,3,NONINCAPACITATING INJURY,1.0,0.0,0.0,1.0,0.0,3.0,0.0,17,3,9,41.975421110999996,-87.728330949,POINT (-87.728330948634 41.975421111334),2021,1026
O1069090,DRIVER,efe18aa7ebe06363ec83dc2dca5e26d1bf57c7632791679eeb494f8f87431dbc0ed4515912b9ce92576f8d8f8265e09547d6c49f66fcf5de9b9f825138d3a7b3,JE186941,1013869.0,04/02/2021 09:16:00 AM,CHICAGO,IL,60651,F,70.0,SAFETY BELT USED,NOT APPLICABLE,NONE,NO INDICATION OF INJURY,OTHER,NOT OBSCURED,NORMAL,TEST NOT OFFERED,2021,JE186941,04/02/2021 09:16:00 AM,20,NO CONTROLS,NO CONTROLS,CLEAR,DAYLIGHT,REAR END,T-INTERSECTION,STRAIGHT AND LEVEL,DRY,NO DEFECTS,ON SCENE,INJURY AND / OR TOW DUE TO CRASH,Y,Y,"OVER $1,500",04/02/2021 09:16:00 AM,UNABLE TO DETERMINE,UNABLE TO DETERMINE,900,N,CENTRAL AVE,1511.0,2,NO INDICATION OF INJURY,0.0,0.0,0.0,0.0,0.0,2.0,0.0,9,6,4,41.896716663,-87.76560763399999,POINT (-87.765607634449 41.896716662721),2021,556
O1191411,DRIVER,86bdc7b9154f881c7b52ad274b93e9d533afd4680a42aa458144d1abb9180eaa2a9d741b522b37d579b6d8853fe8c04abd83458698443c06244bb6371b32abe4,JE386386,1130380.0,09/24/2021 11:12:00 PM,ADDISON,IL,60101,M,31.0,SAFETY BELT USED,DID NOT DEPLOY,NONE,NO INDICATION OF INJURY,NONE,NOT OBSCURED,NORMAL,TEST NOT OFFERED,2021,JE386386,09/24/2021 11:12:00 PM,30,TRAFFIC SIGNAL,FUNCTIONING PROPERLY,RAIN,"DARKNESS, LIGHTED ROAD",SIDESWIPE OPPOSITE DIRECTION,T-INTERSECTION,STRAIGHT AND LEVEL,WET,NO DEFECTS,NOT ON SCENE (DESK REPORT),NO INJURY / DRIVE AWAY,Y,Y,"OVER $1,500",09/25/2021 01:34:00 AM,DRIVING ON WRONG SIDE/WRONG WAY,NOT APPLICABLE,101,E,63RD ST,312.0,2,NO INDICATION OF INJURY,0.0,0.0,0.0,0.0,0.0,2.0,0.0,23,6,9,41.779927284,-87.621893365,POINT (-87.621893364526 41.779927283545),2021,1392
O1060152,DRIVER,27d8c292c0de4b21135b9f36463afd8273eb676b4b6785f40b8c306398045fc8ed0f560f6d97d0d66f4bf6f2d8e3a06f7e9db424fe3153718c5b809ca59e60fd,JE171839,1005351.0,03/17/2021 05:45:00 PM,MONMOUTH,IL,61462,M,25.0,SAFETY BELT USED,DID NOT DEPLOY,NONE,NO INDICATION OF INJURY,UNKNOWN,NOT OBSCURED,NORMAL,TEST NOT OFFERED,2021,JE171839,03/17/2021 05:45:00 PM,30,TRAFFIC SIGNAL,FUNCTIONING PROPERLY,RAIN,DAYLIGHT,SIDESWIPE SAME DIRECTION,FOUR WAY,STRAIGHT AND LEVEL,WET,NO DEFECTS,NOT ON SCENE (DESK REPORT),NO INJURY / DRIVE AWAY,Y,Y,"$501 - $1,500",03/17/2021 06:45:00 PM,UNABLE TO DETERMINE,NOT APPLICABLE,1597,N,AUSTIN BLVD,2531.0,2,NO INDICATION OF INJURY,0.0,0.0,0.0,0.0,0.0,2.0,0.0,17,4,3,41.909164715,-87.775449959,POINT (-87.775449959035 41.909164714713),2021,1065
O1233627,DRIVER,b5ea48c4e88daaab00991350336bb27ab5b33196333af9ee9bb28f961e3b3706d244e9069edd6237330e2b7c1321b4ee00ed96683ec20200ffc65c56145a5123,JE455819,1170787.0,11/24/2021 01:37:00 PM,CHICAGO,IL,60632,M,26.0,SAFETY BELT USED,DID NOT DEPLOY,NONE,NO INDICATION OF INJURY,NONE,NOT OBSCURED,NORMAL,TEST NOT OFFERED,2021,JE455819,11/24/2021 01:37:00 PM,30,NO CONTROLS,NO CONTROLS,CLEAR,DAYLIGHT,TURNING,DIVIDED - W/MEDIAN (NOT RAISED),STRAIGHT AND LEVEL,DRY,NO DEFECTS,ON SCENE,NO INJURY / DRIVE AWAY,N,Y,"OVER $1,500",11/24/2021 02:58:00 PM,IMPROPER BACKING,NOT APPLICABLE,5143,S,PULASKI RD,822.0,2,NO INDICATION OF INJURY,0.0,0.0,0.0,0.0,0.0,3.0,0.0,13,4,11,41.799217682,-87.723187665,POINT (-87.723187665131 41.799217682399),2021,817
O1066904,DRIVER,b25596235ac5ca38428928e05361788bb2a60af568719bbc5ee5d583a94b0053f3979ac53015523b0462675df7bbb30dcfd00fbbfea41c7576ff987a9a784596,JE183323,1011832.0,03/29/2021 02:27:00 PM,NILES,IL,60714,F,23.0,SAFETY BELT USED,DID NOT DEPLOY,NONE,NO INDICATION OF INJURY,NONE,UNKNOWN,NORMAL,TEST NOT OFFERED,2021,JE183323,03/29/2021 02:27:00 PM,30,TRAFFIC SIGNAL,FUNCTIONING PROPERLY,CLEAR,DAYLIGHT,ANGLE,FOUR WAY,STRAIGHT AND LEVEL,DRY,NO DEFECTS,ON SCENE,INJURY AND / OR TOW DUE TO CRASH,Y,Y,"OVER $1,500",03/29/2021 02:33:00 PM,FAILING TO YIELD RIGHT-OF-WAY,IMPROPER TURNING/NO SIGNAL,5066,N,ELSTON AVE,1623.0,2,NO INDICATION OF INJURY,0.0,0.0,0.0,0.0,0.0,2.0,0.0,14,2,3,41.972947408,-87.748250481,POINT (-87.748250481128 41.972947407941),2021,867
O1023917,DRIVER,0d08b92cba439a1325b825a24eb7fe531c934637318ac60167863d92ff9e5bcc000b2861196353e1e5546c26d711d74446fb15fe271392b7868332deae0a181d,JE111705,970465.0,01/13/2021 02:30:00 PM,CHICAGO,IL,61801,F,53.0,SAFETY BELT USED,DID NOT DEPLOY,NONE,NO INDICATION OF INJURY,NONE,UNKNOWN,NORMAL,TEST NOT OFFERED,2021,JE111705,01/13/2021 02:30:00 PM,30,TRAFFIC SIGNAL,FUNCTIONING PROPERLY,CLEAR,DAYLIGHT,REAR END,NOT DIVIDED,STRAIGHT AND LEVEL,DRY,NO DEFECTS,NOT ON SCENE (DESK REPORT),NO INJURY / DRIVE AWAY,Y,Y,"OVER $1,500",01/13/2021 04:00:00 PM,FOLLOWING TOO CLOSELY,FOLLOWING TOO CLOSELY,5500,S,STATE ST,225.0,2,NO INDICATION OF INJURY,0.0,0.0,0.0,0.0,0.0,2.0,0.0,14,4,1,41.794225291,-87.62583601600001,POINT (-87.625836015583 41.79422529104),2021,870
O1205072,DRIVER,d215f9d58338344ed5ee8ceca716ab1464c30128398c08b0f327837b7a9f017fe5984bf7d3931026788912a25c402b051ee9c920a48b3310e2cb2aa14abdd5c1,JE409449,1143421.0,10/14/2021 11:30:00 AM,CHICAGO,IL,60624,F,25.0,SAFETY BELT USED,DID NOT DEPLOY,NONE,NO INDICATION OF INJURY,UNKNOWN,NOT OBSCURED,NORMAL,TEST NOT OFFERED,2021,JE409449,10/14/2021 11:30:00 AM,30,TRAFFIC SIGNAL,FUNCTIONING PROPERLY,CLOUDY/OVERCAST,DAYLIGHT,SIDESWIPE SAME DIRECTION,DIVIDED - W/MEDIAN (NOT RAISED),STRAIGHT AND LEVEL,DRY,NO DEFECTS,NOT ON SCENE (DESK REPORT),NO INJURY / DRIVE AWAY,Y,Y,"OVER $1,500",10/14/2021 01:00:00 PM,UNABLE TO DETERMINE,NOT APPLICABLE,4000,W,WASHINGTON BLVD,1114.0,2,NO INDICATION OF INJURY,0.0,0.0,0.0,0.0,0.0,5.0,0.0,11,5,10,41.882061895999996,-87.72580154399999,POINT (-87.725801544404 41.882061896152),2021,690
O1065167,DRIVER,537bf5748d05a48a6e11502eaa22a5615e22b06c4292b1be40d364354af988c027017b26786d96dd9addc1024d8d6623cf8fd3bf03b522579f655fbde2f16094,JE180426,1010136.0,03/26/2021 02:01:00 PM,CHICAGO,IL,60612,F,45.0,SAFETY BELT USED,DID NOT DEPLOY,NONE,NO INDICATION OF INJURY,NONE,NOT OBSCURED,NORMAL,TEST NOT OFFERED,2021,JE180426,03/26/2021 02:01:00 PM,30,TRAFFIC SIGNAL,UNKNOWN,CLEAR,DAYLIGHT,SIDESWIPE OPPOSITE DIRECTION,DIVIDED - W/MEDIAN (NOT RAISED),STRAIGHT AND LEVEL,DRY,UNKNOWN,ON SCENE,NO INJURY / DRIVE AWAY,Y,Y,"$501 - $1,500",03/26/2021 02:01:00 PM,UNABLE TO DETERMINE,NOT APPLICABLE,2800,W,31ST ST,1033.0,2,NO INDICATION OF INJURY,0.0,0.0,0.0,0.0,0.0,2.0,0.0,14,6,3,41.837520774,-87.695158406,POINT (-87.695158406193 41.83752077351),2021,841
O1118329,DRIVER,d15fe55d1113f46825d617f888a5c685da00993b33107eddffe8b87e3ddfc0821b09b2fb2db3c6c8d2efb35fbad10e37464944dc8036db3447b70d7027fec25e,JE266597,1060780.0,06/15/2021 09:10:00 AM,CHICAGO,IL,60644,F,48.0,SAFETY BELT USED,NOT APPLICABLE,NONE,NO INDICATION OF INJURY,NONE,NOT OBSCURED,NORMAL,TEST NOT OFFERED,2021,JE266597,06/15/2021 09:10:00 AM,30,TRAFFIC SIGNAL,FUNCTIONING PROPERLY,CLEAR,DAYLIGHT,REAR END,DIVIDED - W/MEDIAN (NOT RAISED),STRAIGHT AND LEVEL,DRY,UNKNOWN,ON SCENE,NO INJURY / DRIVE AWAY,Y,Y,"OVER $1,500",06/15/2021 09:14:00 AM,FOLLOWING TOO CLOSELY,UNABLE TO DETERMINE,133,N,CICERO AVE,1113.0,3,NO INDICATION OF INJURY,0.0,0.0,0.0,0.0,0.0,4.0,0.0,9,3,6,41.882997851,-87.74522398100001,POINT (-87.745223980648 41.882997850538),2021,550