PERSON_ID,PERSON_TYPE,CRASH_RECORD_ID,RD_NO_x,VEHICLE_ID,CRASH_DATE_x,CITY,STATE,ZIPCODE,SEX,AGE,SAFETY_EQUIPMENT,AIRBAG_DEPLOYED,EJECTION,INJURY_CLASSIFICATION,DRIVER_ACTION,DRIVER_VISION,PHYSICAL_CONDITION,BAC_RESULT,CRASH_YEAR_x,RD_NO_y,CRASH_DATE_y,POSTED_SPEED_LIMIT,TRAFFIC_CONTROL_DEVICE,DEVICE_CONDITION,WEATHER_CONDITION,LIGHTING_CONDITION,FIRST_CRASH_TYPE,TRAFFICWAY_TYPE,ALIGNMENT,ROADWAY_SURFACE_COND,ROAD_DEFECT,REPORT_TYPE,CRASH_TYPE,INTERSECTION_RELATED_I,HIT_AND_RUN_I,DAMAGE,DATE_POLICE_NOTIFIED,PRIM_CONTRIBUTORY_CAUSE,SEC_CONTRIBUTORY_CAUSE,STREET_NO,STREET_DIRECTION,STREET_NAME,BEAT_OF_OCCURRENCE,NUM_UNITS,MOST_SEVERE_INJURY,INJURIES_TOTAL,INJURIES_FATAL,INJURIES_INCAPACITATING,INJURIES_NON_INCAPACITATING,INJURIES_REPORTED_NOT_EVIDENT,INJURIES_NO_INDICATION,INJURIES_UNKNOWN,CRASH_HOUR,CRASH_DAY_OF_WEEK,CRASH_MONTH,LATITUDE,LONGITUDE,LOCATION,CRASH_YEAR_y,TIME
O1035210,DRIVER,ef1fc76d92eae15835c4639d2a1f01fef587073b2f68810f0280fdfcbeb11ecb56587b3c508db6f0e33fbd60cd4094eedf5a0fddcb2facd3d0fdd620f1165e23,JE131601,981263.0,02/03/2021 03:58:00 PM,CHICAGO,IL,60652,F,36.0,SAFETY BELT USED,DID NOT DEPLOY,NONE,NO INDICATION OF INJURY,NONE,NOT OBSCURED,NORMAL,TEST NOT OFFERED,2021,JE131601,02/03/2021 03:58:00 PM,30,TRAFFIC SIGNAL,FUNCTIONING PROPERLY,CLEAR,"DARKNESS, LIGHTED ROAD",ANGLE,FOUR WAY,STRAIGHT AND LEVEL,DRY,NO DEFECTS,NOT ON SCENE (DESK REPORT),NO INJURY / DRIVE AWAY,Y,Y,"OVER $1,500",02/03/2021 05:51:00 PM,DISREGARDING TRAFFIC SIGNALS,DISREGARDING TRAFFIC SIGNALS,7100,S,LAFAYETTE AVE,731.0,2,NO INDICATION OF INJURY,0.0,0.0,0.0,0.0,0.0,2.0,0.0,15,4,2,41.765398585999996,-87.626695501,POINT (-87.626695500681 41.765398585764),2021,958
O1167162,DRIVER,26c538335b6c3d785d274c163c1b12fdcef2ceffe325f2f1f029e3633204bd4d5fb9dc34c8e87d741653c56856118ecf22c3011607a14f89e2e46227deff8dd5,JE346087,1107160.0,08/22/2021 12:28:00 PM,CHICAGO,IL,60636,M,27.0,USAGE UNKNOWN,DID NOT DEPLOY,NONE,NO INDICATION OF INJURY,NONE,NOT OBSCURED,NORMAL,TEST NOT OFFERED,2021,JE346087,08/22/2021 12:28:00 PM,30,STOP SIGN/FLASHER,FUNCTIONING PROPERLY,CLEAR,DAYLIGHT,SIDESWIPE SAME DIRECTION,DIVIDED - W/MEDIAN (NOT RAISED),STRAIGHT AND LEVEL,DRY,NO DEFECTS,ON SCENE,NO INJURY / DRIVE AWAY,Y,Y,"$501 - $1,500",08/22/2021 12:28:00 PM,IMPROPER OVERTAKING/PASSING,UNABLE TO DETERMINE,931,W,71ST ST,733.0,2,NO INDICATION OF INJURY,0.0,0.0,0.0,0.0,0.0,2.0,0.0,12,1,8,41.765038678,-87.647991815,POINT (-87.647991815354 41.765038678179),2021,748
O1207988,DRIVER,dcc64a18942a76f78ab975e1fe1d47ead0cf84da677e4720b44270f379b9983d60cce1dd426861faa320494c800acd396998955b1dbe213bc9bada9d9fc40bbd,JE413984,1146190.0,10/18/2021 02:43:00 PM,CHICAGO,IL,60619,F,39.0,SAFETY BELT USED,DID NOT DEPLOY,NONE,NO INDICATION OF INJURY,NONE,UNKNOWN,NORMAL,TEST NOT OFFERED,2021,JE413984,10/18/2021 02:43:00 PM,30,TRAFFIC SIGNAL,FUNCTIONING PROPERLY,CLEAR,DAYLIGHT,REAR END,T-INTERSECTION,STRAIGHT AND LEVEL,DRY,NO DEFECTS,ON SCENE,INJURY AND / OR TOW DUE TO CRASH,Y,Y,"OVER $1,500",10/18/2021 03:43:00 PM,FAILING TO REDUCE SPEED TO AVOID CRASH,"OPERATING VEHICLE IN ERRATIC, RECKLESS, CARELESS, NEGLIGENT OR AGGRESSIVE MANNER",5699,S,LAKE SHORE DR SB,331.0,3,INCAPACITATING INJURY,1.0,0.0,1.0,0.0,0.0,2.0,0.0,14,2,10,41.791616574,-87.57993697200001,POINT (-87.579936972138 41.79161657424),2021,883
O1148428,DRIVER,6317aaf8eb058d5c20f4861f8ccdc879857bca29927cf2463f1712de34afe5237e16c54fe17844b2c168185c2a48948d7f5f8ab81641ffdf2dc06277c9e147b0,JE315406,1089367.0,07/26/2021 09:50:00 PM,CHICAGO,IL,60641,F,37.0,SAFETY BELT USED,NOT APPLICABLE,NONE,NO INDICATION OF INJURY,NONE,NOT OBSCURED,NORMAL,TEST NOT OFFERED,2021,JE315406,07/26/2021 09:50:00 PM,30,TRAFFIC SIGNAL,FUNCTIONING PROPERLY,CLEAR,"DARKNESS, LIGHTED ROAD",REAR END,FOUR WAY,STRAIGHT AND LEVEL,DRY,NO DEFECTS,ON SCENE,NO INJURY / DRIVE AWAY,Y,Y,"$501 - $1,500",07/26/2021 09:55:00 PM,FOLLOWING TOO CLOSELY,FOLLOWING TOO CLOSELY,4400,W,DIVERSEY AVE,2523.0,3,NO INDICATION OF INJURY,0.0,0.0,0.0,0.0,0.0,4.0,0.0,21,2,7,41.931770048000004,-87.736878103,POINT (-87.736878102753 41.931770047674),2021,1310
O1113007,DRIVER,0868bd4d0cc71a4210082ffc25d66c0f5db57962fe4a6d6ee5c39024a8dfee4e4bfb671d5f77392db9592a04e98798c02997c506918a70135ff321a80779763d,JE258436,1055832.0,06/08/2021 02:00:00 PM,CHICAGO,IL,60616,M,42.0,SAFETY BELT USED,DID NOT DEPLOY,NONE,NO INDICATION OF INJURY,NONE,NOT OBSCURED,NORMAL,TEST NOT OFFERED,2021,JE258436,06/08/2021 02:00:00 PM,30,TRAFFIC SIGNAL,FUNCTIONING PROPERLY,CLEAR,DAYLIGHT,ANGLE,ONE-WAY,STRAIGHT AND LEVEL,DRY,NO DEFECTS,NOT ON SCENE (DESK REPORT),NO INJURY / DRIVE AWAY,Y,Y,"$501 - $1,500",06/08/2021 02:55:00 PM,IMPROPER LANE USAGE,IMPROPER LANE USAGE,200,N,ABERDEEN ST,1214.0,2,NO INDICATION OF INJURY,0.0,0.0,0.0,0.0,0.0,2.0,0.0,14,3,6,41.885600217,-87.654620204,POINT (-87.654620203988 41.885600216656),2021,840
O1024243,DRIVER,4df6c1ba3a28902c682860391da01c9671092c5e9bfb60afac0adecc268b29399a471b3c7059fa3a005691855182bc497cb81ef8301983ce7b8134fef1e7135e,JE112237,970748.0,01/14/2021 07:55:00 AM,CHICAGO,IL,60623,M,59.0,SAFETY BELT USED,"DEPLOYED, FRONT",NONE,"REPORTED, NOT EVIDENT",NONE,NOT OBSCURED,NORMAL,TEST NOT OFFERED,2021,JE112237,01/14/2021 07:55:00 AM,30,TRAFFIC SIGNAL,FUNCTIONING PROPERLY,CLEAR,DAYLIGHT,ANGLE,FOUR WAY,STRAIGHT AND LEVEL,DRY,NO DEFECTS,ON SCENE,INJURY AND / OR TOW DUE TO CRASH,Y,Y,"OVER $1,500",01/14/2021 08:00:00 AM,DISREGARDING TRAFFIC SIGNALS,UNABLE TO DETERMINE,5900,S,KEDZIE AVE,822.0,2,"REPORTED, NOT EVIDENT",1.0,0.0,0.0,0.0,1.0,1.0,0.0,7,5,1,41.786155308000005,-87.70349314100001,POINT (-87.703493140571 41.786155307863),2021,475
O1107587,DRIVER,09680011531f067dd4cb59749df08e214ab878f4908d40f5c0809c9ed95fa91085c38a812cc1135d5b6248f4758577499d8c5a00741310989ba446f0c5ae2089,JE250022,1050659.0,06/01/2021 01:40:00 PM,CHICAGO,IL,60652,F,29.0,SAFETY BELT USED,DID NOT DEPLOY,NONE,NO INDICATION OF INJURY,NONE,NOT OBSCURED,NORMAL,TEST NOT OFFERED,2021,JE250022,06/01/2021 01:40:00 PM,30,TRAFFIC SIGNAL,FUNCTIONING PROPERLY,CLEAR,DAYLIGHT,REAR END,DIVIDED - W/MEDIAN (NOT RAISED),STRAIGHT AND LEVEL,DRY,NO DEFECTS,NOT ON SCENE (DESK REPORT),NO INJURY / DRIVE AWAY,Y,Y,"$501 - $1,500",06/01/2021 02:30:00 PM,FOLLOWING TOO CLOSELY,NOT APPLICABLE,1437,S,CALIFORNIA BLVD,1023.0,2,NO INDICATION OF INJURY,0.0,0.0,0.0,0.0,0.0,2.0,0.0,13,3,6,41.861391369,-87.695610163,POINT (-87.695610163 41.861391369274),2021,820
O1233956,DRIVER,9c244688d386668a732573823f6b4f7ce4bd295042bfdd74b014b435c536cdd3fb1a1535142304d5e777464643cedec9127ed4097ee838a4afd8ee5b25d2991e,JE456245,1171074.0,11/24/2021 09:14:00 PM,CHICAGO,IL,60620,M,20.0,USAGE UNKNOWN,"DEPLOYED, COMBINATION",NONE,NONINCAPACITATING INJURY,NONE,UNKNOWN,NORMAL,TEST NOT OFFERED,2021,JE456245,11/24/2021 09:14:00 PM,30,TRAFFIC SIGNAL,FUNCTIONING PROPERLY,RAIN,"DARKNESS, LIGHTED ROAD",REAR END,NOT DIVIDED,STRAIGHT AND LEVEL,WET,NO DEFECTS,ON SCENE,INJURY AND / OR TOW DUE TO CRASH,Y,Y,"OVER $1,500",11/24/2021 09:15:00 PM,UNABLE TO DETERMINE,NOT APPLICABLE,4500,W,WASHINGTON BLVD,1113.0,3,NONINCAPACITATING INJURY,5.0,0.0,0.0,5.0,0.0,2.0,0.0,21,4,11,41.882008644,-87.738081069,POINT (-87.73808106854 41.882008643613),2021,1274
O1251586,DRIVER,d1aa721384687e8ef83333f7480c53ff6478f1a18654908a410397a67c1464e231e1151aaff19d398048ef7300a255d8c45203204c706ab49d38bbb3b84829d3,JE487160,1188001.0,12/23/2021 05:57:00 PM,CHICAGO,IL,60644,F,66.0,USAGE UNKNOWN,NOT APPLICABLE,NONE,NO INDICATION OF INJURY,UNKNOWN,UNKNOWN,NORMAL,TEST NOT OFFERED,2021,JE487160,12/23/2021 05:57:00 PM,30,STOP SIGN/FLASHER,FUNCTIONING PROPERLY,CLEAR,"DARKNESS, LIGHTED ROAD",ANGLE,DIVIDED - W/MEDIAN (NOT RAISED),STRAIGHT AND LEVEL,DRY,NO DEFECTS,ON SCENE,NO INJURY / DRIVE AWAY,Y,Y,"OVER $1,500",12/23/2021 05:59:00 PM,UNABLE TO DETERMINE,NOT APPLICABLE,5921,W,WASHINGTON BLVD,1513.0,2,NO INDICATION OF INJURY,0.0,0.0,0.0,0.0,0.0,2.0,0.0,17,5,12,41.882023968,-87.772784485,POINT (-87.772784485402 41.882023967956),2021,1077
O1159806,DRIVER,fe11f6e881a4cc30860dcb148134442ffb1b7403331212a51e16cf2b1928bedb2ded37c1964e50bd01ce8dafd5f7098bbde8e7ca346686ca0bb9fdeb8ef75a27,JE334139,1100186.0,08/10/2021 05:22:00 PM,CHICAGO,IL,60649,F,51.0,USAGE UNKNOWN,DID NOT DEPLOY,NONE,NO INDICATION OF INJURY,UNKNOWN,UNKNOWN,NORMAL,TEST NOT OFFERED,2021,JE334139,08/10/2021 05:22:00 PM,30,STOP SIGN/FLASHER,FUNCTIONING PROPERLY,CLEAR,DAYLIGHT,ANGLE,T-INTERSECTION,STRAIGHT AND LEVEL,DRY,NO DEFECTS,ON SCENE,NO INJURY / DRIVE AWAY,Y,Y,$500 OR LESS,08/11/2021 05:22:00 PM,UNABLE TO DETERMINE,NOT APPLICABLE,7100,S,WABASH AVE,323.0,2,NO INDICATION OF INJURY,0.0,0.0,0.0,0.0,0.0,2.0,0.0,17,3,8,41.765451395999996,-87.623441254,POINT (-87.623441254312 41.765451395655),2021,1042
O1105421,DRIVER,e65c0817d14ee58552fba3c4afa1f950238612c5c54551deea62aa582f3da50e6da94beca1f6d272cb05123f13364a98effa1f3083f2b45bb465484627370b16,JE246328,1048599.0,05/28/2021 10:30:00 PM,CHICAGO,IL,60640,M,43.0,SAFETY BELT USED,NOT APPLICABLE,NONE,NO INDICATION OF INJURY,NONE,NOT OBSCURED,NORMAL,TEST NOT OFFERED,2021,JE246328,05/28/2021 10:30:00 PM,30,TRAFFIC SIGNAL,FUNCTIONING PROPERLY,RAIN,"DARKNESS, LIGHTED ROAD",TURNING,DIVIDED - W/MEDIAN BARRIER,STRAIGHT AND LEVEL,WET,NO DEFECTS,ON SCENE,NO INJURY / DRIVE AWAY,Y,Y,"OVER $1,500",05/28/2021 10:31:00 PM,DISREGARDING TRAFFIC SIGNALS,FAILING TO REDUCE SPEED TO AVOID CRASH,150,W,ILLINOIS ST,1831.0,2,NO INDICATION OF INJURY,0.0,0.0,0.0,0.0,0.0,3.0,0.0,22,6,5,41.890906644,-87.633082567,POINT (-87.633082566815 41.890906643691),2021,1350
O1027839,DRIVER,5fedd5e3bd398203d011fa301ed65cf769f43013ba8cb77c9cb5bca8e553a28cd7183c3032bd88f31c6bee1284276f2d9dabd32b377f5d120ebd7663d54e4a65,JE117994,974176.0,01/19/2021 06:00:00 PM,CHICAGO,IL,60618,M,30.0,SAFETY BELT USED,"DEPLOYED, SIDE",NONE,NO INDICATION OF INJURY,OTHER,NOT OBSCURED,NORMAL,TEST NOT OFFERED,2021,JE117994,01/19/2021 06:00:00 PM,30,TRAFFIC SIGNAL,FUNCTIONING PROPERLY,CLEAR,"DARKNESS, LIGHTED ROAD",TURNING,DIVIDED - W/MEDIAN (NOT RAISED),STRAIGHT AND LEVEL,DRY,NO DEFECTS,NOT ON SCENE (DESK REPORT),NO INJURY / DRIVE AWAY,Y,Y,"OVER $1,500",01/20/2021 01:10:00 PM,UNABLE TO DETERMINE,NOT APPLICABLE,3201,N,KEDZIE AVE,1733.0,2,NO INDICATION OF INJURY,0.0,0.0,0.0,0.0,0.0,2.0,0.0,18,3,1,41.939364286,-87.70755304299999,POINT (-87.70755304337 41.939364286035),2021,1080
O1037404,DRIVER,7d1002b909af49a43d985ddd6880199ca14829a2f8f66a38c2a07a2dcdfef0c409dd9021518aa51d05501499f5829c9a42c48d250ddc0593312575376603d241,JE134650,983338.0,02/06/2021 07:20:00 PM,GRAYSLAKE,IL,60030,M,31.0,SAFETY BELT USED,NOT APPLICABLE,NONE,NO INDICATION OF INJURY,NONE,NOT OBSCURED,NORMAL,TEST NOT OFFERED,2021,JE134650,02/06/2021 07:20:00 PM,30,TRAFFIC SIGNAL,FUNCTIONING PROPERLY,SNOW,"DARKNESS, LIGHTED ROAD",REAR END,FOUR WAY,STRAIGHT AND LEVEL,SNOW OR SLUSH,NO DEFECTS,ON SCENE,NO INJURY / DRIVE AWAY,Y,Y,"$501 - $1,500",02/06/2021 07:27:00 PM,UNABLE TO DETERMINE,UNABLE TO DETERMINE,1959,W,BELMONT AVE,1931.0,2,NO INDICATION OF INJURY,0.0,0.0,0.0,0.0,0.0,2.0,0.0,19,7,2,41.939464525,-87.678231722,POINT (-87.67823172203 41.939464524501),2021,1160
O1149791,DRIVER,987034ac76a491706a6f035443d858263857cfc7f7a95ac8e670907d7a6d123625d1303fda744e99e8db5b4e0dac83cb54ca111fdf948664086106c4a4bc365f,JE317764,1090652.0,07/27/2021 02:15:00 PM,PARK FOREST,IL,60466,F,49.0,SAFETY BELT USED,NOT APPLICABLE,NONE,NO INDICATION OF INJURY,UNKNOWN,UNKNOWN,NORMAL,TEST NOT OFFERED,2021,JE317764,07/27/2021 02:15:00 PM,30,UNKNOWN,UNKNOWN,CLEAR,DAYLIGHT,REAR END,UNKNOWN,STRAIGHT AND LEVEL,DRY,UNKNOWN,NOT ON SCENE (DESK REPORT),NO INJURY / DRIVE AWAY,Y,Y,"OVER $1,500",07/28/2021 07:50:00 PM,UNABLE TO DETERMINE,UNABLE TO DETERMINE,9000,S,STONY ISLAND AVE,413.0,2,NO INDICATION OF INJURY,0.0,0.0,0.0,0.0,0.0,2.0,0.0,14,3,7,41.73135421,-87.585675127,POINT (-87.585675126771 41.731354209915),2021,855
O1237323,DRIVER,c3996456aa0bc9b9be52baf977c8864de74b1ebf37de409be0693c17f269db59ce03a0974f3e480f90bddf6e1810253988eed58d5e959334443218e7ff880067,JE462255,1174343.0,12/01/2021 10:45:00 AM,SCOTTSDALE,AZ,85262,M,52.0,SAFETY BELT USED,"DEPLOYED, SIDE",NONE,NONINCAPACITATING INJURY,UNKNOWN,NOT OBSCURED,NORMAL,TEST NOT OFFERED,2021,JE462255,12/01/2021 10:45:00 AM,30,TRAFFIC SIGNAL,FUNCTIONING PROPERLY,CLEAR,DAYLIGHT,REAR END,NOT DIVIDED,STRAIGHT AND LEVEL,DRY,NO DEFECTS,ON SCENE,INJURY AND / OR TOW DUE TO CRASH,Y,Y,"OVER $1,500",12/01/2021 11:49:00 AM,UNABLE TO DETERMINE,UNABLE TO DETERMINE,431,N,COLUMBUS DR,1834.0,3,NONINCAPACITATING INJURY,1.0,0.0,0.0,1.0,0.0,2.0,0.0,10,4,12,41.889453122,-87.620271106,POINT (-87.620271106269 41.889453121511),2021,645
O1139131,DRIVER,6d8be8e823fb092a0483c4164bdffe758571eb12546ecd83574953772b116a1122676d4045a3494bf6e5a56577df89978858981543e03e1b74535f3210081b4d,JE300225,1080519.0,07/13/2021 04:05:00 PM,CHICAGO,IL,60609,F,23.0,SAFETY BELT USED,DID NOT DEPLOY,NONE,NO INDICATION OF INJURY,NONE,NOT OBSCURED,NORMAL,TEST NOT OFFERED,2021,JE300225,07/13/2021 04:05:00 PM,40,TRAFFIC SIGNAL,NO CONTROLS,CLEAR,DAYLIGHT,SIDESWIPE SAME DIRECTION,T-INTERSECTION,STRAIGHT AND LEVEL,DRY,NO DEFECTS,ON SCENE,NO INJURY / DRIVE AWAY,Y,Y,"$501 - $1,500",07/13/2021 04:08:00 PM,UNABLE TO DETERMINE,UNABLE TO DETERMINE,1200,S,LAKE SHORE DR E,132.0,2,NO INDICATION OF INJURY,0.0,0.0,0.0,0.0,0.0,3.0,0.0,16,3,7,41.867446111999996,-87.618904488,POINT (-87.618904488078 41.867446111851),2021,965
O1200099,DRIVER,5379034779f51015634f3226fd786ef1f8dd646f105cc3ae2f4046ab90b2253ebc2aff6a79a8fce8f517703b29eb31febd17060864edd609ebf6021dde51affc,JE401144,1138679.0,10/07/2021 08:42:00 AM,CHICAGO,IL,60647,F,31.0,SAFETY BELT USED,DID NOT DEPLOY,NONE,NO INDICATION OF INJURY,OTHER,NOT OBSCURED,NORMAL,TEST NOT OFFERED,2021,JE401144,10/07/2021 08:42:00 AM,30,STOP SIGN/FLASHER,FUNCTIONING PROPERLY,RAIN,DAYLIGHT,OTHER OBJECT,DIVIDED - W/MEDIAN (NOT RAISED),STRAIGHT AND LEVEL,WET,NO DEFECTS,ON SCENE,NO INJURY / DRIVE AWAY,Y,N,"$501 - $1,500",10/07/2021 09:02:00 AM,UNABLE TO DETERMINE,NOT APPLICABLE,1100,N,DAMEN AVE,1212.0,1,NO INDICATION OF INJURY,0.0,0.0,0.0,0.0,0.0,2.0,0.0,8,5,10,41.901415639,-87.677353844,POINT (-87.677353843578 41.901415639343),2021,522
O1108279,DRIVER,17bc178db925fc4618dcd70165afc97968fbe1d14e96b61db4fc8034f199a00e3ce8d118c1599cf70cbafde72ef22df484abf76f4abd774c30e1f7f12ad346d9,JE251037,1051322.0,06/02/2021 12:15:00 PM,PALATINE,IL,60067,M,47.0,USAGE UNKNOWN,DID NOT DEPLOY,NONE,NO INDICATION OF INJURY,NONE,UNKNOWN,NORMAL,TEST NOT OFFERED,2021,JE251037,06/02/2021 12:15:00 PM,30,TRAFFIC SIGNAL,FUNCTIONING PROPERLY,CLEAR,DAYLIGHT,TURNING,NOT DIVIDED,STRAIGHT AND LEVEL,DRY,WORN SURFACE,ON SCENE,NO INJURY / DRIVE AWAY,Y,Y,"OVER $1,500",06/02/2021 12:23:00 PM,UNABLE TO DETERMINE,UNABLE TO DETERMINE,600,S,CANAL ST,124.0,2,NO INDICATION OF INJURY,0.0,0.0,0.0,0.0,0.0,3.0,0.0,12,4,6,41.87433069,-87.639600735,POINT (-87.639600735438 41.874330690014),2021,735
O1254547,DRIVER,59ad88944e7a4f69d81c82af18e51a449dd6cf66102d4b2e06adfa968f2fc1586848347562c1513e82a2a04a6a52eca35642565d6d9bfe0d3f9693f0e4453274,JE492298,1190862.0,12/29/2021 06:33:00 PM,WEST CHICAGO,IL,60185,M,39.0,SAFETY BELT USED,DID NOT DEPLOY,NONE,NO INDICATION OF INJURY,NONE,NOT OBSCURED,NORMAL,TEST NOT OFFERED,2021,JE492298,12/29/2021 06:33:00 PM,30,TRAFFIC SIGNAL,FUNCTIONING PROPERLY,CLEAR,"DARKNESS, LIGHTED ROAD",ANGLE,FOUR WAY,STRAIGHT AND LEVEL,DRY,NO DEFECTS,ON SCENE,NO INJURY / DRIVE AWAY,Y,Y,"OVER $1,500",12/29/2021 06:41:00 PM,DISREGARDING TRAFFIC SIGNALS,UNABLE TO DETERMINE,4400,W,ROOSEVELT RD,1131.0,2,NO INDICATION OF INJURY,0.0,0.0,0.0,0.0,0.0,12.0,0.0,18,4,12,41.866140868,-87.73508956,POINT (-87.735089560082 41.866140867642),2021,1113
O1093034,DRIVER,4a68a9efa8639d8d7b8e899ed914400d998062e45b7a02467be2ac9456780d63a5f8c75f5696dd2bed9b5824b152c35414eb657b26f04393e9736e3ebf774bb3,JE226176,1036718.0,05/10/2021 09:10:00 PM,CHICAGO,IL,60619,M,29.0,SAFETY BELT USED,DID NOT DEPLOY,NONE,NO INDICATION OF INJURY,NONE,NOT OBSCURED,NORMAL,TEST NOT OFFERED,2021,JE226176,05/10/2021 09:10:00 PM,30,TRAFFIC SIGNAL,FUNCTIONING PROPERLY,CLEAR,"DARKNESS, LIGHTED ROAD",SIDESWIPE SAME DIRECTION,NOT DIVIDED,STRAIGHT AND LEVEL,DRY,NO DEFECTS,NOT ON SCENE (DESK REPORT),NO INJURY / DRIVE AWAY,Y,Y,$500 OR LESS,05/10/2021 09:30:00 PM,IMPROPER OVERTAKING/PASSING,UNABLE TO DETERMINE,8700,S,ST LAWRENCE AVE,632.0,2,NO INDICATION OF INJURY,0.0,0.0,0.0,0.0,0.0,2.0,0.0,21,2,5,41.736532398,-87.60981802100001,POINT (-87.609818021284 41.736532398108),2021,1270
O1127825,DRIVER,25760846ae028ef9a11cc886c429e8cccd3fdfa5e21efca1ef61410bc68f73ee0fbf7f975deaff17e6aab67fd26b7c2a65e8842c3d9eb1c0290cf3771041f7d3,JE281690,1069811.0,06/27/2021 05:00:00 PM,CHICAGO,IL,60827,F,29.0,USAGE UNKNOWN,"DEPLOYED, FRONT",NONE,NO INDICATION OF INJURY,UNKNOWN,UNKNOWN,NORMAL,TEST NOT OFFERED,2021,JE281690,06/27/2021 05:00:00 PM,30,TRAFFIC SIGNAL,FUNCTIONING PROPERLY,CLEAR,DAYLIGHT,ANGLE,FOUR WAY,STRAIGHT AND LEVEL,DRY,NO DEFECTS,NOT ON SCENE (DESK REPORT),INJURY AND / OR TOW DUE TO CRASH,Y,Y,"OVER $1,500",06/27/2021 08:00:00 PM,"OPERATING VEHICLE IN ERRATIC, RECKLESS, CARELESS, NEGLIGENT OR AGGRESSIVE MANNER",UNABLE TO DETERMINE,8300,S,LAFAYETTE AVE,622.0,2,NO INDICATION OF INJURY,0.0,0.0,0.0,0.0,0.0,2.0,0.0,17,1,6,41.743541848,-87.625773241,POINT (-87.625773241467 41.743541847975),2021,1020
O1239147,DRIVER,4ad36aa21ab7184ad72da5a2e4e4d83d63a181d41110b238833259046a8419398cb48b53aad22f9d55f023a39118755fcfa6af15e968817e31db9cc3b4319c7c,JE465513,1176078.0,12/04/2021 02:35:00 AM,CHICAGO,IL,60623,F,24.0,SAFETY BELT USED,NOT APPLICABLE,NONE,NO INDICATION OF INJURY,NONE,NOT OBSCURED,NORMAL,TEST NOT OFFERED,2021,JE465513,12/04/2021 02:35:00 AM,30,TRAFFIC SIGNAL,FUNCTIONING PROPERLY,CLEAR,"DARKNESS, LIGHTED ROAD",TURNING,DIVIDED - W/MEDIAN (NOT RAISED),STRAIGHT AND LEVEL,DRY,NO DEFECTS,ON SCENE,NO INJURY / DRIVE AWAY,Y,Y,"OVER $1,500",12/04/2021 02:35:00 AM,UNABLE TO DETERMINE,UNABLE TO DETERMINE,4701,S,ARCHER AVE,821.0,2,NO INDICATION OF INJURY,0.0,0.0,0.0,0.0,0.0,2.0,0.0,2,7,12,41.807843145999996,-87.714193726,POINT (-87.714193725911 41.807843146029),2021,155
O1184728,DRIVER,5ba7fda596104b562be9e043976f4d3eb451fb6fe5e1c55848b2ad711bed2bb30e270a6ca248730ce88332484fda1551e59e41b52910d7527a36ff4903f5aee6,JE375294,1123959.0,09/16/2021 03:55:00 AM,CHICAGO,IL,60651,F,23.0,SAFETY BELT USED,NOT APPLICABLE,NONE,NO INDICATION OF INJURY,NONE,NOT OBSCURED,NORMAL,TEST NOT OFFERED,2021,JE375294,09/16/2021 03:55:00 AM,30,TRAFFIC SIGNAL,FUNCTIONING PROPERLY,CLEAR,"DARKNESS, LIGHTED ROAD",TURNING,FOUR WAY,STRAIGHT AND LEVEL,DRY,NO DEFECTS,ON SCENE,NO INJURY / DRIVE AWAY,Y,Y,"OVER $1,500",09/16/2021 03:57:00 AM,DISREGARDING TRAFFIC SIGNALS,NOT APPLICABLE,1401,N,PULASKI RD,2535.0,2,NO INDICATION OF INJURY,0.0,0.0,0.0,0.0,0.0,2.0,0.0,3,5,9,41.90625394,-87.726262935,POINT (-87.726262934617 41.906253940439),2021,235
O1064952,DRIVER,29eaeda31a3462293e529ba005a5f3f87d68ce5a2a24c5d8a74fe1b1b0426da20b0e76a9a9ce2bf563f3ffb986c396d979a03e1947ee6aca52bef0e4334ae340,JE180061,1009946.0,03/26/2021 06:40:00 AM,CHICAGO,IL,60636,M,31.0,USAGE UNKNOWN,NOT APPLICABLE,NONE,NO INDICATION OF INJURY,OTHER,UNKNOWN,NORMAL,TEST NOT OFFERED,2021,JE180061,03/26/2021 06:40:00 AM,30,TRAFFIC SIGNAL,FUNCTIONING PROPERLY,RAIN,DAYLIGHT,TURNING,DIVIDED - W/MEDIAN (NOT RAISED),STRAIGHT AND LEVEL,WET,UNKNOWN,ON SCENE,NO INJURY / DRIVE AWAY,Y,N,"OVER $1,500",03/26/2021 07:40:00 AM,IMPROPER TURNING/NO SIGNAL,NOT APPLICABLE,4300,S,PULASKI RD,815.0,2,NO INDICATION OF INJURY,0.0,0.0,0.0,0.0,0.0,2.0,0.0,6,6,3,41.815101021,-87.72400523299999,POINT (-87.724005233406 41.815101021137),2021,400