PERSON_ID,PERSON_TYPE,CRASH_RECORD_ID,RD_NO_x,VEHICLE_ID,CRASH_DATE_x,CITY,STATE,ZIPCODE,SEX,AGE,SAFETY_EQUIPMENT,AIRBAG_DEPLOYED,EJECTION,INJURY_CLASSIFICATION,DRIVER_ACTION,DRIVER_VISION,PHYSICAL_CONDITION,BAC_RESULT,CRASH_YEAR_x,RD_NO_y,CRASH_DATE_y,POSTED_SPEED_LIMIT,TRAFFIC_CONTROL_DEVICE,DEVICE_CONDITION,WEATHER_CONDITION,LIGHTING_CONDITION,FIRST_CRASH_TYPE,TRAFFICWAY_TYPE,ALIGNMENT,ROADWAY_SURFACE_COND,ROAD_DEFECT,REPORT_TYPE,CRASH_TYPE,INTERSECTION_RELATED_I,HIT_AND_RUN_I,DAMAGE,DATE_POLICE_NOTIFIED,PRIM_CONTRIBUTORY_CAUSE,SEC_CONTRIBUTORY_CAUSE,STREET_NO,STREET_DIRECTION,STREET_NAME,BEAT_OF_OCCURRENCE,NUM_UNITS,MOST_SEVERE_INJURY,INJURIES_TOTAL,INJURIES_FATAL,INJURIES_INCAPACITATING,INJURIES_NON_INCAPACITATING,INJURIES_REPORTED_NOT_EVIDENT,INJURIES_NO_INDICATION,INJURIES_UNKNOWN,CRASH_HOUR,CRASH_DAY_OF_WEEK,CRASH_MONTH,LATITUDE,LONGITUDE,LOCATION,CRASH_YEAR_y,TIME
O1077786,DRIVER,41bf02f2068733d09f20aef4d519c59bfa995659bd800bffd8f00990289ed7bc8025151f2825569f0e077c94a232d9f02e0b8931b43ff3da423246af41bb49a7,JE201445,1022135.0,04/16/2021 06:28:00 PM,CHICAGO,IL,60609,F,17.0,USAGE UNKNOWN,"DEPLOYED, COMBINATION",NONE,NO INDICATION OF INJURY,UNKNOWN,NOT OBSCURED,EMOTIONAL,TEST NOT OFFERED,2021,JE201445,04/16/2021 06:28:00 PM,25,TRAFFIC SIGNAL,FUNCTIONING PROPERLY,CLEAR,DAYLIGHT,ANGLE,FOUR WAY,STRAIGHT AND LEVEL,DRY,NO DEFECTS,ON SCENE,INJURY AND / OR TOW DUE TO CRASH,Y,N,"OVER $1,500",04/16/2021 06:30:00 PM,DISREGARDING STOP SIGN,UNABLE TO DETERMINE,828,E,79TH ST,624.0,2,"REPORTED, NOT EVIDENT",1.0,0.0,0.0,0.0,1.0,3.0,0.0,18,6,4,41.751410473,-87.604031428,POINT (-87.604031428393 41.751410472694),2021,1108
O1119865,DRIVER,4a1818eaec198e48342cc095d2c64f6d90d9c2c91bca64207f8a54608d071239920c88f7aaaf28a2d59cc17522dc3ddcb44f8cbd5c1d3582b520fd953223a145,JE269065,1062217.0,06/16/2021 11:00:00 PM,CHICAGO,IL,60624,F,40.0,SAFETY BELT USED,NOT APPLICABLE,NONE,NO INDICATION OF INJURY,NONE,NOT OBSCURED,NORMAL,TEST NOT OFFERED,2021,JE269065,06/16/2021 11:00:00 PM,30,STOP SIGN/FLASHER,FUNCTIONING PROPERLY,CLEAR,"DARKNESS, LIGHTED ROAD",ANGLE,FOUR WAY,STRAIGHT AND LEVEL,DRY,NO DEFECTS,NOT ON SCENE (DESK REPORT),NO INJURY / DRIVE AWAY,Y,Y,"OVER $1,500",06/17/2021 09:50:00 AM,DISREGARDING STOP SIGN,FAILING TO YIELD RIGHT-OF-WAY,132,S,HAMLIN BLVD,1122.0,2,NO INDICATION OF INJURY,0.0,0.0,0.0,0.0,0.0,4.0,0.0,23,4,6,41.878884833,-87.720825636,POINT (-87.720825636077 41.878884832564),2021,1380
O1161289,DRIVER,b4e94a78ec2f9f7c20132575d15b95bb394289ac75b7fb4755bba6d348e53d438abb6b939ad355778a94ef52e686a8ab99d60701d6f4f5142e847e4593a58cd0,JE336587,1101593.0,08/13/2021 09:20:00 PM,CHICAGO,IL,60653,M,58.0,SAFETY BELT USED,DID NOT DEPLOY,NONE,NO INDICATION OF INJURY,NONE,UNKNOWN,NORMAL,TEST NOT OFFERED,2021,JE336587,08/13/2021 09:20:00 PM,35,NO CONTROLS,OTHER,CLEAR,DAWN,ANGLE,T-INTERSECTION,STRAIGHT AND LEVEL,DRY,NO DEFECTS,ON SCENE,NO INJURY / DRIVE AWAY,Y,Y,"OVER $1,500",08/13/2021 09:23:00 PM,DISREGARDING STOP SIGN,NOT APPLICABLE,3500,W,CERMAK RD,1024.0,2,NO INDICATION OF INJURY,0.0,0.0,0.0,0.0,0.0,2.0,0.0,21,6,8,41.851814979000004,-87.712449279,POINT (-87.712449278671 41.851814978706),2021,1280
O1207957,DRIVER,dac7486d715f11729334745d78f8dee0cdad1b22bf2f4fdaed79ab323de03e36324eea43c28dc626083523097784a7292899c5a97336a560e377e660bd8326ff,JE414248,1146177.0,10/17/2021 12:00:00 AM,CHICAGO,IL,60647,F,42.0,DOT COMPLIANT MOTORCYCLE HELMET,NOT APPLICABLE,TOTALLY EJECTED,NONINCAPACITATING INJURY,NONE,NOT OBSCURED,NORMAL,TEST NOT OFFERED,2021,JE414248,10/17/2021 12:00:00 AM,20,STOP SIGN/FLASHER,FUNCTIONING PROPERLY,CLEAR,"DARKNESS, LIGHTED ROAD",ANGLE,NOT DIVIDED,STRAIGHT AND LEVEL,DRY,NO DEFECTS,NOT ON SCENE (DESK REPORT),INJURY AND / OR TOW DUE TO CRASH,Y,Y,"$501 - $1,500",10/18/2021 05:50:00 PM,UNABLE TO DETERMINE,NOT APPLICABLE,801,W,NORTH AVE,1822.0,2,NONINCAPACITATING INJURY,1.0,0.0,0.0,1.0,0.0,1.0,0.0,0,1,10,41.910809017,-87.648330325,POINT (-87.648330325234 41.910809016625),2021,0
O1046218,DRIVER,ceeef503d1ef1983be72a455d9e39dd307aff3dd1839db0251994ee51420e4dfeacaee074aff9b3b3b737a0eebb7602648386ec3a2ddebdd4f7b75b1369b75d0,JE146739,991886.0,02/20/2021 09:28:00 AM,HICKORY HILLS,IL,60457,M,22.0,USAGE UNKNOWN,DID NOT DEPLOY,NONE,NO INDICATION OF INJURY,IMPROPER PASSING,UNKNOWN,UNKNOWN,TEST NOT OFFERED,2021,JE146739,02/20/2021 09:28:00 AM,30,TRAFFIC SIGNAL,FUNCTIONING PROPERLY,CLEAR,DAYLIGHT,SIDESWIPE SAME DIRECTION,DIVIDED - W/MEDIAN BARRIER,STRAIGHT AND LEVEL,DRY,NO DEFECTS,ON SCENE,INJURY AND / OR TOW DUE TO CRASH,Y,Y,"OVER $1,500",02/20/2021 09:28:00 AM,IMPROPER OVERTAKING/PASSING,UNABLE TO DETERMINE,800,N,MICHIGAN AVE,1833.0,2,NO INDICATION OF INJURY,0.0,0.0,0.0,0.0,0.0,2.0,0.0,9,7,2,41.896790572,-87.624380655,POINT (-87.624380655444 41.896790572039),2021,568
O1060936,DRIVER,df17bb6a1e99eb602e86f84e223180246f53b979de61c1d94a5f0263f1a7b15b1a9a06d1b0e99fc19a566da28ff85eb1c990fec8cd98729b3049aba6f9f43f6d,JE173267,1006100.0,03/19/2021 11:31:00 AM,CHICAGO,IL,60656,M,51.0,SAFETY BELT USED,DID NOT DEPLOY,NONE,NO INDICATION OF INJURY,NONE,UNKNOWN,NORMAL,TEST NOT OFFERED,2021,JE173267,03/19/2021 11:31:00 AM,30,NO CONTROLS,NO CONTROLS,CLEAR,DAYLIGHT,TURNING,DIVIDED - W/MEDIAN (NOT RAISED),STRAIGHT AND LEVEL,UNKNOWN,UNKNOWN,ON SCENE,NO INJURY / DRIVE AWAY,Y,Y,"OVER $1,500",03/19/2021 11:55:00 AM,IMPROPER TURNING/NO SIGNAL,IMPROPER LANE USAGE,3200,W,MONTROSE AVE,1724.0,2,NO INDICATION OF INJURY,0.0,0.0,0.0,0.0,0.0,2.0,0.0,11,6,3,41.961296276999995,-87.708310668,POINT (-87.708310668448 41.961296277291),2021,691
O1108539,DRIVER,19e8921957f3d3125d537311cb6e973cca752dbfdf6dbb95a00040c358ed1c33644c11146ef6c6c4cd8ec6733f3e880b89032524c6de65d43c9bf34009c66fd1,JE251434,1051575.0,06/02/2021 05:25:00 PM,CHICAGO,IL,60618,F,46.0,SAFETY BELT USED,DID NOT DEPLOY,NONE,NO INDICATION OF INJURY,NONE,NOT OBSCURED,NORMAL,TEST NOT OFFERED,2021,JE251434,06/02/2021 05:25:00 PM,30,TRAFFIC SIGNAL,FUNCTIONING PROPERLY,CLEAR,DAYLIGHT,REAR END,NOT DIVIDED,STRAIGHT AND LEVEL,DRY,NO DEFECTS,ON SCENE,NO INJURY / DRIVE AWAY,Y,Y,"OVER $1,500",06/02/2021 05:27:00 PM,UNABLE TO DETERMINE,UNABLE TO DETERMINE,5500,S,WESTERN AVE,824.0,2,NO INDICATION OF INJURY,0.0,0.0,0.0,0.0,0.0,2.0,0.0,17,4,6,41.793370554,-87.684175377,POINT (-87.684175376759 41.79337055433),2021,1045
O1180147,DRIVER,9627b879944d66b96bafa39065fee1ae0048a0f4ec764cb8f58a17be7a1b3e9156ca4698cb50e434e1a39e67954a06ddd8b7ff0173dc1b95450df4fb4ed7f8b1,JE367507,1119640.0,09/09/2021 04:17:00 PM,GILBERT,AZ,85298,M,48.0,SAFETY BELT USED,DID NOT DEPLOY,NONE,NO INDICATION OF INJURY,NONE,NOT OBSCURED,NORMAL,TEST NOT OFFERED,2021,JE367507,09/09/2021 04:17:00 PM,30,NO CONTROLS,NO CONTROLS,CLEAR,DAYLIGHT,SIDESWIPE SAME DIRECTION,DIVIDED - W/MEDIAN (NOT RAISED),STRAIGHT AND LEVEL,DRY,NO DEFECTS,ON SCENE,NO INJURY / DRIVE AWAY,N,Y,"OVER $1,500",09/09/2021 04:29:00 PM,FAILING TO YIELD RIGHT-OF-WAY,UNABLE TO DETERMINE,1356,E,47TH ST,222.0,2,NO INDICATION OF INJURY,0.0,0.0,0.0,0.0,0.0,2.0,0.0,16,5,9,41.809794039,-87.592865215,POINT (-87.592865215023 41.809794038513),2021,977
O1026638,DRIVER,cef96f2410cfbace26d801468c1abe4b439eeff891224dc326011257876299c1ab5d5773f2a595edd7015459bc9efa796d287ff671e6b5fadb95512b4c371f03,JE116483,973045.0,01/18/2021 05:20:00 PM,CHICAGO,IL,60637,F,27.0,SAFETY BELT USED,DID NOT DEPLOY,NONE,NO INDICATION OF INJURY,NONE,UNKNOWN,NORMAL,TEST NOT OFFERED,2021,JE116483,01/18/2021 05:20:00 PM,30,UNKNOWN,UNKNOWN,CLEAR,"DARKNESS, LIGHTED ROAD",REAR END,NOT DIVIDED,STRAIGHT AND LEVEL,DRY,NO DEFECTS,NOT ON SCENE (DESK REPORT),NO INJURY / DRIVE AWAY,N,Y,"OVER $1,500",01/18/2021 05:45:00 PM,NOT APPLICABLE,UNABLE TO DETERMINE,11101,S,LANGLEY AVE,531.0,2,NO INDICATION OF INJURY,0.0,0.0,0.0,0.0,0.0,3.0,0.0,17,2,1,41.69272519,-87.60584622200001,POINT (-87.605846222461 41.692725190185),2021,1040
O1126827,DRIVER,500e4dd6e3b4ade3b63bbd561dba4f8768e77eee4b449d26becb5b841e473d7a3d7d0dc5a4cc512a7acc6d6d7ec57920b657cd85cecd73dabc68a500e988aec3,JE280223,1068861.0,06/26/2021 11:54:00 AM,CHICAGO,IL,60625,M,31.0,SAFETY BELT USED,DID NOT DEPLOY,NONE,NO INDICATION OF INJURY,NONE,NOT OBSCURED,NORMAL,TEST NOT OFFERED,2021,JE280223,06/26/2021 11:54:00 AM,30,TRAFFIC SIGNAL,FUNCTIONING PROPERLY,CLEAR,DAYLIGHT,REAR END,NOT DIVIDED,STRAIGHT AND LEVEL,DRY,NO DEFECTS,NOT ON SCENE (DESK REPORT),INJURY AND / OR TOW DUE TO CRASH,Y,Y,"OVER $1,500",06/26/2021 02:00:00 PM,FOLLOWING TOO CLOSELY,NOT APPLICABLE,1013,N,MILWAUKEE AVE,1213.0,3,NO INDICATION OF INJURY,0.0,0.0,0.0,0.0,0.0,4.0,0.0,11,7,6,41.900179565,-87.661286727,POINT (-87.661286727171 41.900179564983),2021,714
O1037645,DRIVER,bd7e6e14b9777cc6151801835439c600e4aebadd3ef409dcf74bacbd2a8a9ffa1419b021339b5485b60f3708ec1d8dd24392e76fae894b945dbc712fede4ae57,JE134892,983564.0,02/07/2021 08:46:00 AM,CHICAGO,IL,60653,F,35.0,SAFETY BELT USED,"DEPLOYED, SIDE",NONE,NONINCAPACITATING INJURY,NONE,UNKNOWN,NORMAL,TEST NOT OFFERED,2021,JE134892,02/07/2021 08:46:00 AM,35,TRAFFIC SIGNAL,FUNCTIONING PROPERLY,SNOW,DAYLIGHT,TURNING,NOT DIVIDED,STRAIGHT AND LEVEL,WET,UNKNOWN,ON SCENE,INJURY AND / OR TOW DUE TO CRASH,Y,Y,"$501 - $1,500",02/07/2021 08:46:00 AM,DISREGARDING TRAFFIC SIGNALS,UNABLE TO DETERMINE,140,W,43RD ST,925.0,2,NONINCAPACITATING INJURY,1.0,0.0,0.0,1.0,0.0,2.0,0.0,8,1,2,41.816542464,-87.63026813399999,POINT (-87.630268133818 41.816542463675),2021,526
O1233574,DRIVER,c7da0788fef3e9989376b303f27adda12fe1fef99215cfa228f9225210fc5b7dd38a91688894673b74df2d0c295c63fbea5a45c791fb89695eb46a294daeb866,JE455791,1170724.0,11/24/2021 02:00:00 PM,CHICAGO,IL,60621,F,25.0,USAGE UNKNOWN,NOT APPLICABLE,NONE,NO INDICATION OF INJURY,NONE,NOT OBSCURED,NORMAL,TEST NOT OFFERED,2021,JE455791,11/24/2021 02:00:00 PM,20,STOP SIGN/FLASHER,FUNCTIONING PROPERLY,CLEAR,DAYLIGHT,ANGLE,NOT DIVIDED,STRAIGHT AND LEVEL,DRY,UNKNOWN,NOT ON SCENE (DESK REPORT),NO INJURY / DRIVE AWAY,Y,Y,"OVER $1,500",11/24/2021 02:30:00 PM,DISREGARDING STOP SIGN,DRIVING SKILLS/KNOWLEDGE/EXPERIENCE,313,E,60TH ST,311.0,2,NO INDICATION OF INJURY,0.0,0.0,0.0,0.0,0.0,3.0,0.0,14,4,11,41.78554896,-87.61836548,POINT (-87.618365479751 41.785548960102),2021,840
O1064807,DRIVER,de18e4a052539558e5e32ecc6977f64a215ab5675f3080f2078448f136de36b1badc4260aee86e0c769728d8ba5fa0c768431ef829bc4418348ae034857b3e10,JE179810,1009795.0,03/25/2021 09:15:00 PM,CHICAGO,IL,60620,M,27.0,USAGE UNKNOWN,"DEPLOYED, FRONT",UNKNOWN,NO INDICATION OF INJURY,UNKNOWN,UNKNOWN,UNKNOWN,TEST NOT OFFERED,2021,JE179810,03/25/2021 09:15:00 PM,30,UNKNOWN,UNKNOWN,RAIN,DARKNESS,ANGLE,FOUR WAY,STRAIGHT AND LEVEL,WET,UNKNOWN,ON SCENE,INJURY AND / OR TOW DUE TO CRASH,Y,Y,"OVER $1,500",03/25/2021 09:15:00 PM,UNABLE TO DETERMINE,UNABLE TO DETERMINE,4700,S,CHAMPLAIN AVE,223.0,3,NO INDICATION OF INJURY,0.0,0.0,0.0,0.0,0.0,4.0,0.0,21,5,3,41.809385403,-87.61035187899999,POINT (-87.610351879026 41.809385403297),2021,1275
O1090674,DRIVER,4b8c2ca733a74c704b78099cf5b460745808e74dbec87757cadc7b7b867dad696d0dfafb175130813d516242738317febe394b1f36e00b3c91ccaf77bcdceb33,JE222697,1034459.0,05/06/2021 10:00:00 AM,CHICAGO,IL,60619,M,46.0,SAFETY BELT USED,DID NOT DEPLOY,NONE,NO INDICATION OF INJURY,NONE,NOT OBSCURED,NORMAL,TEST NOT OFFERED,2021,JE222697,05/06/2021 10:00:00 AM,30,STOP SIGN/FLASHER,FUNCTIONING PROPERLY,CLEAR,DAYLIGHT,TURNING,FOUR WAY,STRAIGHT AND LEVEL,DRY,NO DEFECTS,NOT ON SCENE (DESK REPORT),NO INJURY / DRIVE AWAY,Y,Y,"$501 - $1,500",05/07/2021 03:00:00 PM,UNABLE TO DETERMINE,UNABLE TO DETERMINE,531,W,76TH ST,621.0,2,NO INDICATION OF INJURY,0.0,0.0,0.0,0.0,0.0,2.0,0.0,10,5,5,41.756068293,-87.63808709700001,POINT (-87.638087097001 41.756068292934),2021,600
O1146420,DRIVER,b27348a14341649f555c7d95cdf066d6ccfff45493b160bbb1bbaba06dbc33324459c94f177d85b1b1601f6f1b7fda2965faee832511b1d274c36c7885448dab,JE312369,1087447.0,07/24/2021 11:13:00 AM,CHICAGO,IL,60619,F,43.0,SAFETY BELT USED,NOT APPLICABLE,NONE,NO INDICATION OF INJURY,NONE,UNKNOWN,NORMAL,TEST NOT OFFERED,2021,JE312369,07/24/2021 11:13:00 AM,20,TRAFFIC SIGNAL,FUNCTIONING PROPERLY,CLEAR,DAYLIGHT,SIDESWIPE SAME DIRECTION,RAMP,STRAIGHT AND LEVEL,DRY,NO DEFECTS,NOT ON SCENE (DESK REPORT),NO INJURY / DRIVE AWAY,Y,Y,"$501 - $1,500",07/24/2021 11:40:00 AM,FAILING TO YIELD RIGHT-OF-WAY,IMPROPER LANE USAGE,1030,N,LAKE SHORE DR SB,1824.0,2,NO INDICATION OF INJURY,0.0,0.0,0.0,0.0,0.0,3.0,0.0,11,7,7,41.901475362,-87.622922851,POINT (-87.622922850908 41.901475362334),2021,673
O1223329,DRIVER,b7849d715872a73de594fa86403750e3036ff862e64ae58b7a4131ac79868e2877d9b7d95f9382627165ac232fe07ade606d9f065b3f7bb623b3a96c2fe8c91d,JE438700,1160867.0,11/08/2021 07:04:00 PM,CHICAGO,IL,60643,M,25.0,USAGE UNKNOWN,"DEPLOYED, COMBINATION",NONE,NONINCAPACITATING INJURY,NONE,NOT OBSCURED,NORMAL,TEST NOT OFFERED,2021,JE438700,11/08/2021 07:04:00 PM,30,TRAFFIC SIGNAL,FUNCTIONING PROPERLY,CLEAR,DARKNESS,ANGLE,NOT REPORTED,STRAIGHT AND LEVEL,DRY,NO DEFECTS,ON SCENE,INJURY AND / OR TOW DUE TO CRASH,Y,Y,"OVER $1,500",11/08/2021 07:05:00 PM,DISREGARDING TRAFFIC SIGNALS,FAILING TO REDUCE SPEED TO AVOID CRASH,600,N,ORLEANS ST,1831.0,4,NONINCAPACITATING INJURY,3.0,0.0,0.0,3.0,0.0,3.0,0.0,19,2,11,41.892410665999996,-87.63720268,POINT (-87.637202679986 41.892410665824),2021,1144
O1221590,DRIVER,f5e513189528e462aaf6f4bc66883916a030ce35214dab07e6cbece35d5d5a0133aedc697d6be373723c4e7301adb722c906d1fbccadb9181df95d8daa4f0812,JE435632,1159203.0,11/06/2021 03:40:00 AM,CHICAGO,IL,60614,F,33.0,SAFETY BELT USED,DID NOT DEPLOY,NONE,NO INDICATION OF INJURY,NONE,UNKNOWN,NORMAL,TEST NOT OFFERED,2021,JE435632,11/06/2021 03:40:00 AM,30,TRAFFIC SIGNAL,FUNCTIONING PROPERLY,CLEAR,"DARKNESS, LIGHTED ROAD",ANGLE,NOT DIVIDED,STRAIGHT AND LEVEL,DRY,NO DEFECTS,ON SCENE,INJURY AND / OR TOW DUE TO CRASH,Y,Y,"OVER $1,500",11/06/2021 03:42:00 AM,FAILING TO YIELD RIGHT-OF-WAY,NOT APPLICABLE,3,N,ASHLAND AVE,1224.0,2,NO INDICATION OF INJURY,0.0,0.0,0.0,0.0,0.0,2.0,0.0,3,7,11,41.881568489,-87.66665983200001,POINT (-87.666659831758 41.881568488966),2021,220
O1020621,DRIVER,be6bae4c624e4217a6db487aa0698de6cb5b9831798ccd2e25d922eff895555ecca6092339388343500c385ab7af8d266ac1e9c9259b75df41ca0c9b8e50613e,JE105244,967370.0,01/06/2021 04:30:00 PM,CHICAGO,IL,60620,M,35.0,SAFETY BELT USED,"DEPLOYED, COMBINATION",NONE,NO INDICATION OF INJURY,UNKNOWN,UNKNOWN,NORMAL,TEST NOT OFFERED,2021,JE105244,01/06/2021 04:30:00 PM,30,UNKNOWN,UNKNOWN,CLEAR,DUSK,ANGLE,UNKNOWN INTERSECTION TYPE,STRAIGHT AND LEVEL,DRY,UNKNOWN,ON SCENE,INJURY AND / OR TOW DUE TO CRASH,Y,Y,"OVER $1,500",01/06/2021 05:00:00 PM,UNABLE TO DETERMINE,UNABLE TO DETERMINE,4300,S,LA SALLE ST,215.0,2,NO INDICATION OF INJURY,0.0,0.0,0.0,0.0,0.0,2.0,0.0,16,4,1,41.816438805,-87.62958659600001,POINT (-87.629586596136 41.816438804918),2021,990
O1182347,DRIVER,930324735da476e354306713aa72e64a31cc144fc1736c772ad3627de8cde9744f40c71ce4d265cb2266c7042aa4d6533b34d8f8aa622a68487bf5bd1a9219eb,JE371282,1121702.0,09/12/2021 11:10:00 PM,CHICAGO,IL,60624,M,26.0,USAGE UNKNOWN,NOT APPLICABLE,NONE,NO INDICATION OF INJURY,UNKNOWN,UNKNOWN,NORMAL,TEST NOT OFFERED,2021,JE371282,09/12/2021 11:10:00 PM,30,TRAFFIC SIGNAL,FUNCTIONING PROPERLY,CLEAR,"DARKNESS, LIGHTED ROAD",ANGLE,DIVIDED - W/MEDIAN (NOT RAISED),STRAIGHT AND LEVEL,DRY,UNKNOWN,NOT ON SCENE (DESK REPORT),NO INJURY / DRIVE AWAY,Y,Y,"OVER $1,500",09/12/2021 11:25:00 PM,FAILING TO REDUCE SPEED TO AVOID CRASH,NOT APPLICABLE,5400,W,WASHINGTON BLVD,1523.0,2,NO INDICATION OF INJURY,0.0,0.0,0.0,0.0,0.0,2.0,0.0,23,1,9,41.88241581,-87.760264206,POINT (-87.76026420606 41.882415810171),2021,1390
O1105828,DRIVER,883af22a53e5e64a29d9e702297ed5ca54a764281a606582da77ece1a793a41e16f81349ada270196a2c99f1268928599f155141063761dc9e8e44ee0163b4cd,JE246910,1048993.0,05/29/2021 02:50:00 PM,CHICAGO,IL,60649,M,26.0,SAFETY BELT USED,"DEPLOYED, SIDE",NONE,NO INDICATION OF INJURY,NONE,NOT OBSCURED,NORMAL,TEST NOT OFFERED,2021,JE246910,05/29/2021 02:50:00 PM,30,STOP SIGN/FLASHER,FUNCTIONING PROPERLY,CLEAR,DAYLIGHT,TURNING,FOUR WAY,STRAIGHT ON GRADE,DRY,NO DEFECTS,ON SCENE,INJURY AND / OR TOW DUE TO CRASH,Y,Y,"OVER $1,500",05/29/2021 02:51:00 PM,FAILING TO YIELD RIGHT-OF-WAY,NOT APPLICABLE,1700,W,119TH ST,2234.0,2,NO INDICATION OF INJURY,0.0,0.0,0.0,0.0,0.0,2.0,0.0,14,7,5,41.677596059,-87.66419631299999,POINT (-87.664196313206 41.677596058738),2021,890
O1249107,DRIVER,a15ebb908caf250f55f0440af61769208064ec3128ea817788e347cf3cb08ec3a70ca81839a7d07dc7edb4be90fb549d21758aaaad20d6a7c61ba6948322ad92,JE482583,1185616.0,12/18/2021 12:30:00 PM,CHICAGO,IL,60649,F,75.0,SAFETY BELT USED,DID NOT DEPLOY,NONE,NO INDICATION OF INJURY,NONE,NOT OBSCURED,NORMAL,TEST NOT OFFERED,2021,JE482583,12/18/2021 12:30:00 PM,30,TRAFFIC SIGNAL,FUNCTIONING PROPERLY,CLEAR,DAYLIGHT,ANGLE,NOT DIVIDED,STRAIGHT AND LEVEL,DRY,NO DEFECTS,NOT ON SCENE (DESK REPORT),NO INJURY / DRIVE AWAY,Y,N,"OVER $1,500",12/19/2021 11:00:00 AM,UNABLE TO DETERMINE,NOT APPLICABLE,500,N,LAKE SHORE DR NB,1834.0,2,NO INDICATION OF INJURY,0.0,0.0,0.0,0.0,0.0,2.0,0.0,12,7,12,41.891147071999995,-87.614375057,POINT (-87.61437505723 41.89114707171),2021,750
O1248122,DRIVER,884717136d7cdfa835049a843d6c649ea8fc0a0b4656066c2a3d8a94252e767211b61b3f781ded731628200e1404c26f05922b0eff0878bf9d97f1f50a19d8d6,JE481007,1184638.0,12/17/2021 06:01:00 PM,FRANKLIN PARK,IL,60131,M,24.0,SAFETY BELT USED,NOT APPLICABLE,NONE,NO INDICATION OF INJURY,NONE,NOT OBSCURED,NORMAL,TEST NOT OFFERED,2021,JE481007,12/17/2021 06:01:00 PM,30,TRAFFIC SIGNAL,FUNCTIONING PROPERLY,CLEAR,"DARKNESS, LIGHTED ROAD",TURNING,FOUR WAY,STRAIGHT AND LEVEL,DRY,NO DEFECTS,ON SCENE,NO INJURY / DRIVE AWAY,Y,Y,"OVER $1,500",12/17/2021 06:03:00 PM,FAILING TO YIELD RIGHT-OF-WAY,NOT APPLICABLE,4003,W,MARQUETTE RD,833.0,2,NO INDICATION OF INJURY,0.0,0.0,0.0,0.0,0.0,2.0,0.0,18,6,12,41.771261914,-87.72272515600001,POINT (-87.722725155658 41.771261914269),2021,1081
O1139706,DRIVER,0a2a6ba2ff13060cec9f1f3e7b157513fec920c9703ee09b0378d8c33e660d3a7de11c78e8a1c4004a20de8040dc571481bfdea411799d57c1fa2daa16fb888b,JE301358,1081073.0,07/14/2021 03:59:00 PM,CHICAGO,IL,60623,F,19.0,USAGE UNKNOWN,DID NOT DEPLOY,NONE,NO INDICATION OF INJURY,NONE,NOT OBSCURED,NORMAL,TEST NOT OFFERED,2021,JE301358,07/14/2021 03:59:00 PM,30,TRAFFIC SIGNAL,FUNCTIONING PROPERLY,CLEAR,DAYLIGHT,TURNING,T-INTERSECTION,STRAIGHT AND LEVEL,DRY,NO DEFECTS,ON SCENE,INJURY AND / OR TOW DUE TO CRASH,Y,Y,"OVER $1,500",07/14/2021 04:00:00 PM,DISREGARDING OTHER TRAFFIC SIGNS,TURNING RIGHT ON RED,3604,W,16TH ST,1014.0,2,NO INDICATION OF INJURY,0.0,0.0,0.0,0.0,0.0,2.0,0.0,15,4,7,41.859077564,-87.71545561,POINT (-87.71545560959 41.859077564468),2021,959
O1209551,DRIVER,98a9a085abca435d0a144eb3484e1d48beaa86ba5a5fdbf898c5e9f896fd876a568b6ef4d402ca8326ce94c100e0a4e89b2ed524a12fb866d5c563f4c58f5e32,JE416848,1147650.0,10/20/2021 07:23:00 PM,OAK PARK,IL,60302,F,68.0,SAFETY BELT USED,DID NOT DEPLOY,NONE,NO INDICATION OF INJURY,NONE,NOT OBSCURED,UNKNOWN,TEST NOT OFFERED,2021,JE416848,10/20/2021 07:23:00 PM,30,TRAFFIC SIGNAL,FUNCTIONING PROPERLY,CLEAR,DARKNESS,TURNING,DIVIDED - W/MEDIAN BARRIER,STRAIGHT AND LEVEL,DRY,UNKNOWN,NOT ON SCENE (DESK REPORT),INJURY AND / OR TOW DUE TO CRASH,Y,Y,"OVER $1,500",10/20/2021 08:20:00 PM,DISREGARDING TRAFFIC SIGNALS,NOT APPLICABLE,4001,W,CERMAK RD,1013.0,2,NONINCAPACITATING INJURY,1.0,0.0,0.0,1.0,0.0,2.0,0.0,19,4,10,41.851434883,-87.724876709,POINT (-87.724876709027 41.851434883205),2021,1163
O1133481,DRIVER,79ccc8fb115ea2f7f9f8053e7a701b0f2a7cce1c782147e1ef2d41fe0f3aafbe72925741185df7796f1b898fd7a7f09bdc8cae66df1eb2cc81b84718986a9336,JE290925,1075129.0,07/02/2021 10:30:00 PM,CHICAGO,IL,60621,M,56.0,USAGE UNKNOWN,DID NOT DEPLOY,NONE,NO INDICATION OF INJURY,UNKNOWN,UNKNOWN,UNKNOWN,TEST NOT OFFERED,2021,JE290925,07/02/2021 10:30:00 PM,30,TRAFFIC SIGNAL,FUNCTIONING PROPERLY,CLEAR,DAYLIGHT,ANGLE,NOT DIVIDED,STRAIGHT AND LEVEL,DRY,UNKNOWN,NOT ON SCENE (DESK REPORT),NO INJURY / DRIVE AWAY,Y,Y,"OVER $1,500",07/05/2021 01:32:00 PM,UNABLE TO DETERMINE,UNABLE TO DETERMINE,4700,S,DR MARTIN LUTHER KING JR DR,224.0,2,NO INDICATION OF INJURY,0.0,0.0,0.0,0.0,0.0,2.0,0.0,22,6,7,41.809290911,-87.61673304600001,POINT (-87.616733045993 41.809290910501),2021,1350