PERSON_ID,PERSON_TYPE,CRASH_RECORD_ID,RD_NO_x,VEHICLE_ID,CRASH_DATE_x,CITY,STATE,ZIPCODE,SEX,AGE,SAFETY_EQUIPMENT,AIRBAG_DEPLOYED,EJECTION,INJURY_CLASSIFICATION,DRIVER_ACTION,DRIVER_VISION,PHYSICAL_CONDITION,BAC_RESULT,CRASH_YEAR_x,RD_NO_y,CRASH_DATE_y,POSTED_SPEED_LIMIT,TRAFFIC_CONTROL_DEVICE,DEVICE_CONDITION,WEATHER_CONDITION,LIGHTING_CONDITION,FIRST_CRASH_TYPE,TRAFFICWAY_TYPE,ALIGNMENT,ROADWAY_SURFACE_COND,ROAD_DEFECT,REPORT_TYPE,CRASH_TYPE,INTERSECTION_RELATED_I,HIT_AND_RUN_I,DAMAGE,DATE_POLICE_NOTIFIED,PRIM_CONTRIBUTORY_CAUSE,SEC_CONTRIBUTORY_CAUSE,STREET_NO,STREET_DIRECTION,STREET_NAME,BEAT_OF_OCCURRENCE,NUM_UNITS,MOST_SEVERE_INJURY,INJURIES_TOTAL,INJURIES_FATAL,INJURIES_INCAPACITATING,INJURIES_NON_INCAPACITATING,INJURIES_REPORTED_NOT_EVIDENT,INJURIES_NO_INDICATION,INJURIES_UNKNOWN,CRASH_HOUR,CRASH_DAY_OF_WEEK,CRASH_MONTH,LATITUDE,LONGITUDE,LOCATION,CRASH_YEAR_y,TIME
O1137149,DRIVER,0156dc7348d09dc20782563cb60e1ad5649a19e8d086d62cf4615923d0c6aef54d04de1273b9aad48fe4de49537df4ef2515c112409e5d2ba98c26c1060c4524,JE296998,1078619.0,07/06/2021 12:45:00 PM,FISHER,IN,46037,M,62.0,SAFETY BELT USED,NOT APPLICABLE,NONE,NO INDICATION OF INJURY,NONE,NOT OBSCURED,NORMAL,TEST NOT OFFERED,2021,JE296998,07/06/2021 12:45:00 PM,30,TRAFFIC SIGNAL,FUNCTIONING PROPERLY,CLEAR,DAYLIGHT,SIDESWIPE SAME DIRECTION,FOUR WAY,STRAIGHT AND LEVEL,DRY,NO DEFECTS,NOT ON SCENE (DESK REPORT),NO INJURY / DRIVE AWAY,Y,Y,"OVER $1,500",07/10/2021 03:30:00 PM,NOT APPLICABLE,NOT APPLICABLE,199,E,OHIO ST,1834.0,2,NO INDICATION OF INJURY,0.0,0.0,0.0,0.0,0.0,2.0,0.0,12,3,7,41.892448923,-87.622763166,POINT (-87.622763165872 41.892448922517),2021,765
O1072722,DRIVER,80fe07f081697f02af3866bba74f7e97339801584e95978dd9b0ec1748bc6f507cbd8e45ef130f4a5641002b33ec00356d4c137883233d4ca7bbc4bca8b892b3,JE193007,1017326.0,04/08/2021 02:25:00 AM,CHICAGO,IL,60636,F,34.0,USAGE UNKNOWN,"DEPLOYED, FRONT",NONE,NONINCAPACITATING INJURY,FAILED TO YIELD,UNKNOWN,NORMAL,TEST NOT OFFERED,2021,JE193007,04/08/2021 02:25:00 AM,30,TRAFFIC SIGNAL,FUNCTIONING PROPERLY,CLEAR,"DARKNESS, LIGHTED ROAD",TURNING,FOUR WAY,STRAIGHT AND LEVEL,DRY,UNKNOWN,ON SCENE,INJURY AND / OR TOW DUE TO CRASH,Y,Y,"OVER $1,500",04/08/2021 02:25:00 AM,FAILING TO REDUCE SPEED TO AVOID CRASH,NOT APPLICABLE,6500,S,ASHLAND AVE,725.0,2,NONINCAPACITATING INJURY,1.0,0.0,0.0,1.0,0.0,3.0,0.0,2,5,4,41.775738934,-87.664264109,POINT (-87.66426410929 41.775738933736),2021,145
O1045999,DRIVER,7d1e0732eabb6b6d760dd76c88bc561b86c5c6f4a375cb655e3291e0d6b05361ebf6fadf70af42023f9dd7ab4714b75c955ff19901bb557ea6ae50d233c65e98,JE146497,991672.0,02/15/2021 09:52:00 AM,CHICAGO,IL,60643,F,34.0,USAGE UNKNOWN,DEPLOYMENT UNKNOWN,NONE,NO INDICATION OF INJURY,TOO FAST FOR CONDITIONS,NOT OBSCURED,NORMAL,TEST NOT OFFERED,2021,JE146497,02/15/2021 09:52:00 AM,30,TRAFFIC SIGNAL,FUNCTIONING PROPERLY,SNOW,DAYLIGHT,REAR END,FOUR WAY,STRAIGHT AND LEVEL,SNOW OR SLUSH,NO DEFECTS,NOT ON SCENE (DESK REPORT),INJURY AND / OR TOW DUE TO CRASH,Y,Y,"OVER $1,500",02/19/2021 11:00:00 PM,FOLLOWING TOO CLOSELY,WEATHER,2358,W,95TH ST,2221.0,2,NONINCAPACITATING INJURY,1.0,0.0,0.0,1.0,0.0,1.0,0.0,9,2,2,41.721047709000004,-87.682004831,POINT (-87.682004830585 41.721047708948),2021,592
O1046620,DRIVER,c0118c5860735dde4af02c354ab6e555dce2e5222c8c2a8d26e3699812eeff8e47fdcc6d8138fe0d2b838153951f5ca6abd2da97bf78ef7068af3f195eec6430,JE147233,992286.0,02/20/2021 05:20:00 PM,CHICAGO,IL,60653,F,29.0,USAGE UNKNOWN,DID NOT DEPLOY,NONE,NO INDICATION OF INJURY,NONE,NOT OBSCURED,NORMAL,TEST NOT OFFERED,2021,JE147233,02/20/2021 05:20:00 PM,30,STOP SIGN/FLASHER,FUNCTIONING PROPERLY,CLEAR,DUSK,ANGLE,NOT DIVIDED,STRAIGHT ON GRADE,WET,UNKNOWN,ON SCENE,INJURY AND / OR TOW DUE TO CRASH,Y,Y,"OVER $1,500",02/20/2021 05:25:00 PM,DISREGARDING STOP SIGN,FAILING TO YIELD RIGHT-OF-WAY,4300,S,PRAIRIE AVE,215.0,2,"REPORTED, NOT EVIDENT",1.0,0.0,0.0,0.0,1.0,4.0,0.0,17,7,2,41.816493490999996,-87.619935135,POINT (-87.619935135497 41.81649349083),2021,1040
O1205926,DRIVER,0778928df9c8785a6ceb46f18c21eb182fd22842ab3002852c27a00d10a62221e8b9e9ba48c073e715e879014d66a5aab8d17bb94b2cbdf098a6a456b8eff4e4,JE410681,1144259.0,10/15/2021 01:56:00 PM,CHICAGO,IL,60634,M,61.0,SAFETY BELT USED,DID NOT DEPLOY,NONE,NO INDICATION OF INJURY,NONE,NOT OBSCURED,NORMAL,TEST NOT OFFERED,2021,JE410681,10/15/2021 01:56:00 PM,30,TRAFFIC SIGNAL,FUNCTIONING PROPERLY,RAIN,DAYLIGHT,TURNING,NOT DIVIDED,STRAIGHT AND LEVEL,WET,NO DEFECTS,ON SCENE,INJURY AND / OR TOW DUE TO CRASH,Y,Y,"OVER $1,500",10/15/2021 01:56:00 PM,"OPERATING VEHICLE IN ERRATIC, RECKLESS, CARELESS, NEGLIGENT OR AGGRESSIVE MANNER",NOT APPLICABLE,2157,S,PRINCETON AVE,914.0,3,NO INDICATION OF INJURY,0.0,0.0,0.0,0.0,0.0,5.0,0.0,13,6,10,41.853012218,-87.634784403,POINT (-87.634784402636 41.853012217883),2021,836
O1137012,DRIVER,c4ac878ef64c97ec223586fa4a00d95d5e7b541707b59659eb8dd5cc97ea27de185a8be48e68f6a0df62908a87bd1b2f67e78a7cd07d7e5574d06d07aaa25014,JE296712,1078495.0,07/10/2021 10:59:00 AM,CHICAGO,IL,60629,F,20.0,SAFETY BELT USED,DID NOT DEPLOY,NONE,NO INDICATION OF INJURY,NONE,NOT OBSCURED,NORMAL,TEST NOT OFFERED,2021,JE296712,07/10/2021 10:59:00 AM,30,TRAFFIC SIGNAL,FUNCTIONING PROPERLY,CLEAR,DAYLIGHT,TURNING,DIVIDED - W/MEDIAN (NOT RAISED),STRAIGHT AND LEVEL,DRY,NO DEFECTS,ON SCENE,INJURY AND / OR TOW DUE TO CRASH,Y,Y,"OVER $1,500",07/10/2021 10:59:00 AM,DISREGARDING TRAFFIC SIGNALS,DISREGARDING TRAFFIC SIGNALS,10702,S,HALSTED ST,2233.0,2,NO INDICATION OF INJURY,0.0,0.0,0.0,0.0,0.0,2.0,0.0,10,7,7,41.69949079,-87.64275033,POINT (-87.642750329652 41.699490790006),2021,659
O1057749,DRIVER,fe5121c81e7c79618f9e0cca79980ea557da4fa8a7734a01345591346439f25363b5acdd82f9c0dd5c975743470155eeea5cf44189a6a87df49b9f08e8e49ff3,JE167474,1003015.0,03/13/2021 01:04:00 AM,WESTCHESTER,IL,60154,M,57.0,USAGE UNKNOWN,DEPLOYMENT UNKNOWN,NONE,NO INDICATION OF INJURY,TOO FAST FOR CONDITIONS,UNKNOWN,UNKNOWN,TEST NOT OFFERED,2021,JE167474,03/13/2021 01:04:00 AM,30,TRAFFIC SIGNAL,FUNCTIONING PROPERLY,CLEAR,"DARKNESS, LIGHTED ROAD",TURNING,UNKNOWN INTERSECTION TYPE,STRAIGHT AND LEVEL,DRY,NO DEFECTS,ON SCENE,INJURY AND / OR TOW DUE TO CRASH,Y,Y,"OVER $1,500",03/13/2021 01:06:00 AM,FAILING TO REDUCE SPEED TO AVOID CRASH,NOT APPLICABLE,713,S,AUSTIN BLVD,1513.0,2,NO INDICATION OF INJURY,0.0,0.0,0.0,0.0,0.0,2.0,0.0,1,7,3,41.870916356,-87.77415344799999,POINT (-87.774153448221 41.870916356085),2021,64
O1239633,DRIVER,8bb6ea17b2eea1192a568bfeaf83e8430e1e06b0f6af8682f05c7c577025932923ae18b83e9111043d92df2b17e58322a6af11174c434207b11bfd31167fd8a5,JE466316,1176537.0,11/26/2021 06:30:00 PM,CHICAGO,IL,60622,F,27.0,SAFETY BELT USED,NOT APPLICABLE,NONE,NO INDICATION OF INJURY,NONE,NOT OBSCURED,NORMAL,TEST NOT OFFERED,2021,JE466316,11/26/2021 06:30:00 PM,35,TRAFFIC SIGNAL,FUNCTIONING PROPERLY,CLEAR,DARKNESS,REAR END,FOUR WAY,STRAIGHT AND LEVEL,DRY,NO DEFECTS,NOT ON SCENE (DESK REPORT),NO INJURY / DRIVE AWAY,Y,Y,"OVER $1,500",12/04/2021 08:47:00 PM,FOLLOWING TOO CLOSELY,FAILING TO REDUCE SPEED TO AVOID CRASH,846,N,WESTERN AVE,1212.0,2,NO INDICATION OF INJURY,0.0,0.0,0.0,0.0,0.0,3.0,0.0,18,6,11,41.897165494,-87.687024405,POINT (-87.687024405055 41.897165493932),2021,1110
O1120295,DRIVER,ab3e3e6d0575cabfde1e22471b242c1b2f4e088f115fa5e5e14f4b6f1f2f8e3ade203eb430ea4492236b14a2199a717588aca29dd24baf83b6e281cf93441c93,JE269591,1062626.0,06/17/2021 04:39:00 PM,BLOOMINGTON,IL,61704,M,24.0,USAGE UNKNOWN,DID NOT DEPLOY,NONE,NONINCAPACITATING INJURY,IMPROPER PASSING,NOT OBSCURED,NORMAL,TEST NOT OFFERED,2021,JE269591,06/17/2021 04:39:00 PM,30,NO CONTROLS,NO CONTROLS,CLEAR,DAYLIGHT,SIDESWIPE SAME DIRECTION,NOT DIVIDED,STRAIGHT AND LEVEL,DRY,NO DEFECTS,ON SCENE,INJURY AND / OR TOW DUE TO CRASH,Y,Y,"OVER $1,500",06/17/2021 04:51:00 PM,IMPROPER LANE USAGE,NOT APPLICABLE,626,W,59TH ST,711.0,2,NONINCAPACITATING INJURY,3.0,0.0,0.0,3.0,0.0,1.0,0.0,16,5,6,41.787199150999996,-87.64123662200001,POINT (-87.641236621967 41.787199150968),2021,999
O1094788,DRIVER,57800982f225fcbf4d2ef2e21c48068e85b9e150b980ec854b75ed9df891cce39339289b995c5f64218e66bdaa28ed8dbcbaf318f5918d74c851ddaae74779ff,JE229103,1038392.0,05/13/2021 04:20:00 PM,CHICAGO,IL,60630,F,33.0,SAFETY BELT USED,DID NOT DEPLOY,NONE,NO INDICATION OF INJURY,NONE,NOT OBSCURED,NORMAL,TEST NOT OFFERED,2021,JE229103,05/13/2021 04:20:00 PM,30,TRAFFIC SIGNAL,FUNCTIONING PROPERLY,CLEAR,DAYLIGHT,REAR END,DIVIDED - W/MEDIAN (NOT RAISED),STRAIGHT AND LEVEL,DRY,NO DEFECTS,NOT ON SCENE (DESK REPORT),NO INJURY / DRIVE AWAY,Y,Y,"$501 - $1,500",05/13/2021 05:40:00 PM,UNABLE TO DETERMINE,UNABLE TO DETERMINE,150,W,31ST ST,914.0,3,NO INDICATION OF INJURY,0.0,0.0,0.0,0.0,0.0,3.0,0.0,16,5,5,41.838365192,-87.630428361,POINT (-87.630428361106 41.838365192275),2021,980
O1159202,DRIVER,e47ca30f8d33c49329598cfc6837045e0d703e05a0d07be12884b614345c18d5a71a85eb2d9911572d1b8d88065d7e6d7b96efcd70b83a25fde3d0a66dada050,JE333230,1099633.0,08/10/2021 07:22:00 PM,CHICAGO,IL,60645,M,28.0,SAFETY BELT USED,NOT APPLICABLE,NONE,NO INDICATION OF INJURY,NONE,NOT OBSCURED,NORMAL,TEST REFUSED,2021,JE333230,08/10/2021 07:22:00 PM,30,TRAFFIC SIGNAL,NO CONTROLS,RAIN,"DARKNESS, LIGHTED ROAD",TURNING,NOT DIVIDED,STRAIGHT AND LEVEL,WET,UNKNOWN,NOT ON SCENE (DESK REPORT),NO INJURY / DRIVE AWAY,Y,Y,"OVER $1,500",08/10/2021 08:45:00 PM,FAILING TO YIELD RIGHT-OF-WAY,UNABLE TO DETERMINE,2999,N,HALSTED ST,1934.0,3,NO INDICATION OF INJURY,0.0,0.0,0.0,0.0,0.0,4.0,0.0,19,3,8,41.936342399000004,-87.648992395,POINT (-87.648992395468 41.936342398819),2021,1162
O1242796,DRIVER,1cdad2c851a558b1b00f36adadd6efb3b97d581dbf2fbb5974a7d1f981c97c71a8c5403b499bc49cb581d6c1bedae9afc55b1ee61bf36a9cd62eb54f01fab309,JE471907,1179589.0,12/09/2021 03:20:00 PM,WESTMONT,IL,60559,M,60.0,USAGE UNKNOWN,DEPLOYMENT UNKNOWN,NONE,NO INDICATION OF INJURY,UNKNOWN,UNKNOWN,UNKNOWN,TEST NOT OFFERED,2021,JE471907,12/09/2021 03:20:00 PM,30,TRAFFIC SIGNAL,UNKNOWN,UNKNOWN,UNKNOWN,SIDESWIPE SAME DIRECTION,DIVIDED - W/MEDIAN (NOT RAISED),STRAIGHT AND LEVEL,UNKNOWN,UNKNOWN,NOT ON SCENE (DESK REPORT),NO INJURY / DRIVE AWAY,N,Y,"$501 - $1,500",12/09/2021 08:00:00 PM,UNABLE TO DETERMINE,NOT APPLICABLE,6400,N,SHERIDAN RD,2432.0,3,NO INDICATION OF INJURY,0.0,0.0,0.0,0.0,0.0,3.0,0.0,15,5,12,41.998217921,-87.660695256,POINT (-87.660695255572 41.998217920532),2021,920
O1240391,DRIVER,28566e095403e53490a9240666bfdefbfba757f6d8d2b2f9ff220c6dc293b9f55bc40cc5b94c0cfb4bd18c59f7c86aa540fc2c23c2d233ec5d37b5e9bdb44949,JE467406,1177269.0,12/05/2021 10:59:00 PM,PALOS HILLS,IL,60465,M,34.0,USAGE UNKNOWN,DID NOT DEPLOY,NONE,NO INDICATION OF INJURY,IMPROPER PASSING,UNKNOWN,NORMAL,TEST NOT OFFERED,2021,JE467406,12/05/2021 10:59:00 PM,30,STOP SIGN/FLASHER,FUNCTIONING PROPERLY,CLOUDY/OVERCAST,"DARKNESS, LIGHTED ROAD",ANGLE,NOT DIVIDED,STRAIGHT AND LEVEL,WET,UNKNOWN,ON SCENE,INJURY AND / OR TOW DUE TO CRASH,Y,Y,"OVER $1,500",12/05/2021 11:05:00 PM,FAILING TO YIELD RIGHT-OF-WAY,DISREGARDING YIELD SIGN,2100,W,71ST ST,735.0,2,NO INDICATION OF INJURY,0.0,0.0,0.0,0.0,0.0,3.0,0.0,22,1,12,41.76489269,-87.676018157,POINT (-87.676018157341 41.764892689879),2021,1379
O1070684,DRIVER,0de515d6894b08f469abba146d2edb2c4f651458c975c3dac3176d4c96a1c866ceef913d5493e7cb3f98f0956f731c88e1890e35e48fa74d006c498d23051574,JE189405,1015364.0,04/04/2021 04:25:00 PM,CHICAGO,IL,60639,M,28.0,SAFETY BELT USED,NOT APPLICABLE,NONE,NO INDICATION OF INJURY,NONE,NOT OBSCURED,NORMAL,TEST NOT OFFERED,2021,JE189405,04/04/2021 04:25:00 PM,30,TRAFFIC SIGNAL,UNKNOWN,CLEAR,DAYLIGHT,TURNING,FOUR WAY,STRAIGHT AND LEVEL,DRY,NO DEFECTS,NOT ON SCENE (DESK REPORT),NO INJURY / DRIVE AWAY,Y,Y,"OVER $1,500",04/04/2021 04:50:00 PM,"OPERATING VEHICLE IN ERRATIC, RECKLESS, CARELESS, NEGLIGENT OR AGGRESSIVE MANNER",NOT APPLICABLE,6500,S,DAMEN AVE,726.0,2,NO INDICATION OF INJURY,0.0,0.0,0.0,0.0,0.0,2.0,0.0,16,1,4,41.775613506,-87.67395236700001,POINT (-87.673952367202 41.775613505891),2021,985
O1082728,DRIVER,87a023e45b1ea64fb41a49e7d1120c994175e65b126e76699df48787523dced60159be7a3473bf8abc2fec60910ff94d848d60360af08ff9954a4d4a0ff82eea,JE209820,1026887.0,04/25/2021 04:15:00 PM,CHICAGO,IL,60615,F,45.0,USAGE UNKNOWN,DEPLOYMENT UNKNOWN,UNKNOWN,NO INDICATION OF INJURY,UNKNOWN,UNKNOWN,UNKNOWN,TEST NOT OFFERED,2021,JE209820,04/25/2021 04:15:00 PM,30,TRAFFIC SIGNAL,UNKNOWN,CLEAR,DAYLIGHT,TURNING,DIVIDED - W/MEDIAN (NOT RAISED),STRAIGHT AND LEVEL,UNKNOWN,UNKNOWN,ON SCENE,INJURY AND / OR TOW DUE TO CRASH,Y,Y,"OVER $1,500",04/25/2021 04:20:00 PM,UNABLE TO DETERMINE,NOT APPLICABLE,7900,S,WESTERN AVE,835.0,3,NONINCAPACITATING INJURY,1.0,0.0,0.0,1.0,0.0,3.0,0.0,16,1,4,41.750054934,-87.682992203,POINT (-87.682992202902 41.75005493365),2021,975
O1138791,DRIVER,4784d3ecbc68471692d31805c2c46b404e214250634516121edeb628cda808a62e9cc0274e676b26d02f039ff67ab4ebe0cb0fec8e34152c7119515696990ec0,JE299601,1080176.0,07/13/2021 12:05:00 AM,CHICAGO,IL,60617,F,29.0,USAGE UNKNOWN,DEPLOYMENT UNKNOWN,UNKNOWN,NO INDICATION OF INJURY,UNKNOWN,UNKNOWN,UNKNOWN,TEST NOT OFFERED,2021,JE299601,07/13/2021 12:05:00 AM,30,TRAFFIC SIGNAL,UNKNOWN,UNKNOWN,"DARKNESS, LIGHTED ROAD",TURNING,FOUR WAY,STRAIGHT AND LEVEL,UNKNOWN,UNKNOWN,ON SCENE,INJURY AND / OR TOW DUE TO CRASH,Y,Y,"OVER $1,500",07/13/2021 01:26:00 AM,UNABLE TO DETERMINE,UNABLE TO DETERMINE,8700,S,JEFFERY BLVD,412.0,2,NO INDICATION OF INJURY,0.0,0.0,0.0,0.0,0.0,3.0,0.0,0,3,7,41.736963126999996,-87.57586270799999,POINT (-87.575862708451 41.736963127272),2021,5
O1245544,DRIVER,983bd3d181a3f4e826b81ab83122c486e01f25461ee80d570cf3c2054beec585ac72d8b0b5429fbdfdf182e091f89eb4f7731602e3b4099a587b072c7a450de2,JE476176,1182198.0,12/13/2021 03:15:00 PM,CHICAGO,IL,60632,F,37.0,SAFETY BELT USED,"DEPLOYED, SIDE",NONE,"REPORTED, NOT EVIDENT",NONE,NOT OBSCURED,NORMAL,TEST NOT OFFERED,2021,JE476176,12/13/2021 03:15:00 PM,30,STOP SIGN/FLASHER,FUNCTIONING PROPERLY,CLEAR,DAYLIGHT,ANGLE,FOUR WAY,STRAIGHT AND LEVEL,DRY,NO DEFECTS,ON SCENE,INJURY AND / OR TOW DUE TO CRASH,Y,Y,"OVER $1,500",12/13/2021 03:39:00 PM,DISREGARDING STOP SIGN,FAILING TO YIELD RIGHT-OF-WAY,2901,W,55TH ST,824.0,2,"REPORTED, NOT EVIDENT",2.0,0.0,0.0,0.0,2.0,1.0,0.0,15,2,12,41.793538359,-87.69629797200001,POINT (-87.696297972233 41.793538359075),2021,915
O1097524,DRIVER,c0fc8ecaee09c4fcc5ae05415835e35b91abab3147ec49750a96cd074541a53e3a89f2e13dff7ba1b695afc15ca05972c657ebec970ffa478f479a3fa23511f3,JE233489,1041018.0,05/17/2021 07:39:00 PM,CHICAGO,IL,60628,M,54.0,SAFETY BELT USED,DID NOT DEPLOY,NONE,NO INDICATION OF INJURY,NONE,NOT OBSCURED,NORMAL,TEST NOT OFFERED,2021,JE233489,05/17/2021 07:39:00 PM,30,STOP SIGN/FLASHER,FUNCTIONING PROPERLY,CLEAR,DAYLIGHT,ANGLE,FOUR WAY,STRAIGHT AND LEVEL,DRY,NO DEFECTS,ON SCENE,INJURY AND / OR TOW DUE TO CRASH,Y,Y,"OVER $1,500",05/17/2021 07:41:00 PM,FAILING TO YIELD RIGHT-OF-WAY,NOT APPLICABLE,301,E,76TH ST,623.0,2,NONINCAPACITATING INJURY,2.0,0.0,0.0,2.0,0.0,2.0,0.0,19,2,5,41.756419,-87.618191272,POINT (-87.618191271879 41.756418999881),2021,1179
O1126474,DRIVER,ef9550a09722a1965cdd61dd59cb3b43d733f7068c72b666e1223bfcd79a89830bcd2ab885db2b95fb4c120f29208ca6d5f1e12542933e6bc2cba4d31780f728,JE279710,1068514.0,06/26/2021 12:20:00 AM,OAK LAWN,IL,60453,M,43.0,SAFETY BELT USED,DID NOT DEPLOY,NONE,NO INDICATION OF INJURY,NONE,NOT OBSCURED,NORMAL,TEST NOT OFFERED,2021,JE279710,06/26/2021 12:20:00 AM,30,TRAFFIC SIGNAL,FUNCTIONING PROPERLY,CLEAR,"DARKNESS, LIGHTED ROAD",TURNING,DIVIDED - W/MEDIAN BARRIER,STRAIGHT AND LEVEL,DRY,NO DEFECTS,NOT ON SCENE (DESK REPORT),NO INJURY / DRIVE AWAY,Y,Y,"OVER $1,500",06/26/2021 01:20:00 AM,IMPROPER TURNING/NO SIGNAL,NOT APPLICABLE,300,E,ROOSEVELT DR,114.0,2,NO INDICATION OF INJURY,0.0,0.0,0.0,0.0,0.0,3.0,0.0,0,7,6,41.867623429,-87.62033239899999,POINT (-87.62033239926 41.867623428526),2021,20
O1104852,DRIVER,12c6c3b178ce225c8144c5c9cee2bb286af07d71c5212673af408fc9e5670d26e3af6f70f7830654963f2f95fa3ca652a26cacf5737957c1fc27e53f0db4fe2a,JE245510,1048039.0,05/28/2021 09:00:00 AM,CHICAGO,IL,60614,M,25.0,SAFETY BELT USED,"DEPLOYED, FRONT",NONE,NO INDICATION OF INJURY,NONE,NOT OBSCURED,NORMAL,TEST NOT OFFERED,2021,JE245510,05/28/2021 09:00:00 AM,30,NO CONTROLS,NO CONTROLS,CLOUDY/OVERCAST,DAYLIGHT,REAR END,TRAFFIC ROUTE,STRAIGHT AND LEVEL,WET,NO DEFECTS,ON SCENE,INJURY AND / OR TOW DUE TO CRASH,Y,Y,"OVER $1,500",05/28/2021 09:05:00 AM,"OPERATING VEHICLE IN ERRATIC, RECKLESS, CARELESS, NEGLIGENT OR AGGRESSIVE MANNER",NOT APPLICABLE,7858,S,LANGLEY AVE,624.0,3,NO INDICATION OF INJURY,0.0,0.0,0.0,0.0,0.0,4.0,0.0,9,6,5,41.751332673,-87.607806405,POINT (-87.607806405311 41.751332673289),2021,540
O1238343,DRIVER,c5be7552bf34d1e6d44e4214680981184cfaaf23dfa0427bdff8844843b1cbf1ef6a6365d1c4abcf954189f226e4ac6c998bf8f079af4937a9bb4e4a179ecf89,JE464226,1175321.0,12/02/2021 08:59:00 PM,LINCOLNWOOD,IL,60712,M,28.0,SAFETY BELT USED,NOT APPLICABLE,NONE,NO INDICATION OF INJURY,NONE,NOT OBSCURED,NORMAL,TEST NOT OFFERED,2021,JE464226,12/02/2021 08:59:00 PM,30,STOP SIGN/FLASHER,NO CONTROLS,CLEAR,"DARKNESS, LIGHTED ROAD",ANGLE,FOUR WAY,STRAIGHT AND LEVEL,DRY,NO DEFECTS,NOT ON SCENE (DESK REPORT),NO INJURY / DRIVE AWAY,Y,Y,"OVER $1,500",12/03/2021 12:15:00 AM,DISREGARDING STOP SIGN,UNABLE TO DETERMINE,2450,N,SHEFFIELD AVE,1932.0,2,NO INDICATION OF INJURY,0.0,0.0,0.0,0.0,0.0,2.0,0.0,20,5,12,41.926892341,-87.65380700700001,POINT (-87.653807006716 41.926892340553),2021,1259
O1052957,DRIVER,865a302993fde32903b3fbc67c4aa0c21948aae30ff999191b59d8329a25237367146b9b7cd7cf50877f7b0bcbd6881a235d65d48b70a0229c1809366234bf48,JE158037,998407.0,03/03/2021 02:30:00 PM,CHICAGO,IL,60844,F,29.0,SAFETY BELT USED,"DEPLOYED, SIDE",NONE,NO INDICATION OF INJURY,NONE,NOT OBSCURED,NORMAL,TEST NOT OFFERED,2021,JE158037,03/03/2021 02:30:00 PM,30,STOP SIGN/FLASHER,FUNCTIONING PROPERLY,CLEAR,DAYLIGHT,ANGLE,NOT DIVIDED,STRAIGHT AND LEVEL,DRY,NO DEFECTS,ON SCENE,INJURY AND / OR TOW DUE TO CRASH,Y,Y,"OVER $1,500",03/03/2021 02:32:00 PM,UNDER THE INFLUENCE OF ALCOHOL/DRUGS (USE WHEN ARREST IS EFFECTED),DISREGARDING STOP SIGN,3930,N,LARAMIE AVE,1634.0,2,NO INDICATION OF INJURY,0.0,0.0,0.0,0.0,0.0,4.0,0.0,14,4,3,41.952395838,-87.757266804,POINT (-87.757266804283 41.952395838272),2021,870
O1249409,DRIVER,5b43f6f94ab12aaebf7fab41114aabac82dfc74a9b78db4df5ff5ee034de2d1ca7b8de44172368339716bff4892103afea2960ee4bdac65ac0ff97054ace4e28,JE483154,1185904.0,12/19/2021 09:40:00 PM,CHICAGO,IL,60651,M,42.0,SAFETY BELT USED,NOT APPLICABLE,NONE,NO INDICATION OF INJURY,NONE,NOT OBSCURED,NORMAL,TEST NOT OFFERED,2021,JE483154,12/19/2021 09:40:00 PM,30,TRAFFIC SIGNAL,FUNCTIONING PROPERLY,CLEAR,"DARKNESS, LIGHTED ROAD",REAR END,NOT DIVIDED,STRAIGHT ON GRADE,DRY,NO DEFECTS,ON SCENE,INJURY AND / OR TOW DUE TO CRASH,Y,Y,"OVER $1,500",12/19/2021 09:49:00 PM,FAILING TO REDUCE SPEED TO AVOID CRASH,UNABLE TO DETERMINE,600,W,KINZIE ST,1214.0,2,NO INDICATION OF INJURY,0.0,0.0,0.0,0.0,0.0,2.0,0.0,21,1,12,41.889158237,-87.642948945,POINT (-87.642948945011 41.889158237063),2021,1300
O1221445,DRIVER,3cbc3c88a2f6e912f1610363a3bbdaad44f9bdb216eed35e8d2bf1da6323ede64182bc8b1e24ca01a210adccfde54fa539ce1703f6e017feceff082e429bf69e,JE435440,1159066.0,11/05/2021 07:43:00 PM,CHICAGO,IL,60659,M,21.0,USAGE UNKNOWN,DID NOT DEPLOY,NONE,NO INDICATION OF INJURY,IMPROPER LANE CHANGE,UNKNOWN,UNKNOWN,TEST NOT OFFERED,2021,JE435440,11/05/2021 07:43:00 PM,25,TRAFFIC SIGNAL,FUNCTIONING PROPERLY,CLEAR,"DARKNESS, LIGHTED ROAD",SIDESWIPE SAME DIRECTION,NOT DIVIDED,STRAIGHT AND LEVEL,DRY,NO DEFECTS,NOT ON SCENE (DESK REPORT),NO INJURY / DRIVE AWAY,Y,Y,"$501 - $1,500",11/05/2021 10:45:00 PM,FAILING TO YIELD RIGHT-OF-WAY,IMPROPER LANE USAGE,2401,W,DEVON AVE,2413.0,2,NO INDICATION OF INJURY,0.0,0.0,0.0,0.0,0.0,2.0,0.0,19,6,11,41.997618689,-87.68993948200001,POINT (-87.689939481947 41.997618688841),2021,1183