PERSON_ID,PERSON_TYPE,CRASH_RECORD_ID,RD_NO_x,VEHICLE_ID,CRASH_DATE_x,CITY,STATE,ZIPCODE,SEX,AGE,SAFETY_EQUIPMENT,AIRBAG_DEPLOYED,EJECTION,INJURY_CLASSIFICATION,DRIVER_ACTION,DRIVER_VISION,PHYSICAL_CONDITION,BAC_RESULT,CRASH_YEAR_x,RD_NO_y,CRASH_DATE_y,POSTED_SPEED_LIMIT,TRAFFIC_CONTROL_DEVICE,DEVICE_CONDITION,WEATHER_CONDITION,LIGHTING_CONDITION,FIRST_CRASH_TYPE,TRAFFICWAY_TYPE,ALIGNMENT,ROADWAY_SURFACE_COND,ROAD_DEFECT,REPORT_TYPE,CRASH_TYPE,INTERSECTION_RELATED_I,HIT_AND_RUN_I,DAMAGE,DATE_POLICE_NOTIFIED,PRIM_CONTRIBUTORY_CAUSE,SEC_CONTRIBUTORY_CAUSE,STREET_NO,STREET_DIRECTION,STREET_NAME,BEAT_OF_OCCURRENCE,NUM_UNITS,MOST_SEVERE_INJURY,INJURIES_TOTAL,INJURIES_FATAL,INJURIES_INCAPACITATING,INJURIES_NON_INCAPACITATING,INJURIES_REPORTED_NOT_EVIDENT,INJURIES_NO_INDICATION,INJURIES_UNKNOWN,CRASH_HOUR,CRASH_DAY_OF_WEEK,CRASH_MONTH,LATITUDE,LONGITUDE,LOCATION,CRASH_YEAR_y,TIME
O1021126,DRIVER,3fa7b1793bb6f1bd800b0d035364265cf994270c3dd179fd514ef7f6081e193cf982f202d7731f203be1e350fdcdbf248f5fea0fcc700f88a607a24cffe8b07f,JE106067,967863.0,01/07/2021 02:27:00 PM,CHICAGO,IL,60626,M,30.0,SAFETY BELT USED,DID NOT DEPLOY,NONE,"REPORTED, NOT EVIDENT",NONE,NOT OBSCURED,NORMAL,TEST NOT OFFERED,2021,JE106067,01/07/2021 02:27:00 PM,25,TRAFFIC SIGNAL,FUNCTIONING PROPERLY,CLEAR,DAYLIGHT,TURNING,FOUR WAY,STRAIGHT ON HILLCREST,DRY,NO DEFECTS,ON SCENE,INJURY AND / OR TOW DUE TO CRASH,Y,Y,"OVER $1,500",01/07/2021 02:29:00 PM,"OPERATING VEHICLE IN ERRATIC, RECKLESS, CARELESS, NEGLIGENT OR AGGRESSIVE MANNER","OPERATING VEHICLE IN ERRATIC, RECKLESS, CARELESS, NEGLIGENT OR AGGRESSIVE MANNER",1957,W,PRATT BLVD,2432.0,2,"REPORTED, NOT EVIDENT",2.0,0.0,0.0,0.0,2.0,1.0,0.0,14,5,1,42.005099099,-87.68005332700001,POINT (-87.680053326616 42.005099098799),2021,867
O1142545,DRIVER,7d4ab9eb9e5e9488d538f96cb676ea55c07eeddf859197af2c67f3b025a87fd736eb227868543ae0567d97099f265e2539dbbb78d4fa305bcd369ae002104529,JE305871,1083755.0,07/16/2021 07:45:00 PM,CHICAGO,IL,60639,F,20.0,SAFETY BELT USED,NOT APPLICABLE,NONE,NO INDICATION OF INJURY,NONE,NOT OBSCURED,NORMAL,TEST NOT OFFERED,2021,JE305871,07/16/2021 07:45:00 PM,30,TRAFFIC SIGNAL,FUNCTIONING PROPERLY,UNKNOWN,DAYLIGHT,SIDESWIPE SAME DIRECTION,FOUR WAY,STRAIGHT AND LEVEL,UNKNOWN,NO DEFECTS,NOT ON SCENE (DESK REPORT),NO INJURY / DRIVE AWAY,Y,Y,"$501 - $1,500",07/18/2021 06:20:00 PM,IMPROPER LANE USAGE,NOT APPLICABLE,2330,N,NARRAGANSETT AVE,2512.0,2,NO INDICATION OF INJURY,0.0,0.0,0.0,0.0,0.0,2.0,0.0,19,6,7,41.922743226,-87.785562328,POINT (-87.785562328285 41.922743226268),2021,1185
O1143437,DRIVER,5730509581ead973317e0caeab46d8660d078d5a10ee0c30227ebc305619961c5211e66585a29c63b7893e8a289b345e1379c3418ab462cc4eb937ee1c78bdf0,JE307327,1084598.0,07/19/2021 09:55:00 PM,CHICAGO,IL,60651,M,33.0,USAGE UNKNOWN,NOT APPLICABLE,NONE,NO INDICATION OF INJURY,NONE,UNKNOWN,NORMAL,TEST NOT OFFERED,2021,JE307327,07/19/2021 09:55:00 PM,30,TRAFFIC SIGNAL,UNKNOWN,CLEAR,"DARKNESS, LIGHTED ROAD",TURNING,DIVIDED - W/MEDIAN (NOT RAISED),STRAIGHT AND LEVEL,DRY,UNKNOWN,ON SCENE,INJURY AND / OR TOW DUE TO CRASH,Y,Y,"OVER $1,500",07/19/2021 11:29:00 PM,DISREGARDING TRAFFIC SIGNALS,NOT APPLICABLE,501,N,PULASKI RD,1122.0,2,NO INDICATION OF INJURY,0.0,0.0,0.0,0.0,0.0,2.0,0.0,21,2,7,41.889953587,-87.725781433,POINT (-87.725781432981 41.889953587384),2021,1315
O1208485,DRIVER,40445a8d4142a68f5eba486dfb0f1462ff4bbf834889da41a6dc674e089e87b67eb6971a82a29e53ed373b9ca86df57603312ebc884605dff90b780045e29861,JE415060,1146655.0,10/19/2021 12:00:00 PM,STICKNEY,IL,60402,M,40.0,SAFETY BELT USED,NOT APPLICABLE,NONE,NO INDICATION OF INJURY,NONE,UNKNOWN,NORMAL,TEST NOT OFFERED,2021,JE415060,10/19/2021 12:00:00 PM,35,TRAFFIC SIGNAL,FUNCTIONING PROPERLY,CLEAR,DAYLIGHT,REAR END,DIVIDED - W/MEDIAN BARRIER,STRAIGHT AND LEVEL,DRY,NO DEFECTS,ON SCENE,NO INJURY / DRIVE AWAY,Y,Y,"$501 - $1,500",10/19/2021 12:00:00 PM,UNABLE TO DETERMINE,NOT APPLICABLE,9158,S,MACKINAW AVE,424.0,2,NO INDICATION OF INJURY,0.0,0.0,0.0,0.0,0.0,2.0,0.0,12,3,10,41.728631332,-87.54301492100001,POINT (-87.543014921258 41.728631332041),2021,720
O1103903,DRIVER,64d4a0cfc8bde83ff0ab4bd9ed8f159f8e29ca4c28472ea60387ed3a751574b4b757f3239d66fb172114e26230a6fd17214a93b4ee47d2685e2f22fbe7306df8,JE244143,1047137.0,05/26/2021 09:07:00 PM,CHICAGI,IL,60639,M,47.0,SAFETY BELT USED,NOT APPLICABLE,NONE,NO INDICATION OF INJURY,NONE,NOT OBSCURED,NORMAL,TEST NOT OFFERED,2021,JE244143,05/26/2021 09:07:00 PM,30,TRAFFIC SIGNAL,FUNCTIONING PROPERLY,CLEAR,"DARKNESS, LIGHTED ROAD",REAR END,DIVIDED - W/MEDIAN (NOT RAISED),STRAIGHT AND LEVEL,DRY,NO DEFECTS,ON SCENE,NO INJURY / DRIVE AWAY,Y,Y,"OVER $1,500",05/26/2021 09:22:00 PM,FOLLOWING TOO CLOSELY,UNABLE TO DETERMINE,4401,W,ARMITAGE AVE,2533.0,3,NO INDICATION OF INJURY,0.0,0.0,0.0,0.0,0.0,3.0,0.0,21,4,5,41.91693444,-87.73638714799999,POINT (-87.736387147508 41.916934439845),2021,1267
O1221793,DRIVER,29d53345f0eecbaacc1aec7815b42ba693e4d9732dc2aed88b287956a1a0592075d6d531caa206fb132f67e6e41c5baed66a42d8480b9d0f1bcc61d5f6d12257,JE436013,1159396.0,11/06/2021 01:10:00 PM,CHICAGO,IL,60617,M,54.0,SAFETY BELT USED,DID NOT DEPLOY,NONE,NO INDICATION OF INJURY,NONE,NOT OBSCURED,NORMAL,TEST NOT OFFERED,2021,JE436013,11/06/2021 01:10:00 PM,35,NO CONTROLS,NO CONTROLS,CLEAR,DAYLIGHT,HEAD ON,NOT DIVIDED,STRAIGHT AND LEVEL,DRY,UNKNOWN,ON SCENE,NO INJURY / DRIVE AWAY,Y,Y,$500 OR LESS,11/06/2021 01:11:00 PM,FAILING TO YIELD RIGHT-OF-WAY,FAILING TO YIELD RIGHT-OF-WAY,315,S,PULASKI RD,1132.0,2,NO INDICATION OF INJURY,0.0,0.0,0.0,0.0,0.0,2.0,0.0,13,7,11,41.876567503000004,-87.725381289,POINT (-87.725381288977 41.876567502731),2021,790
O1087352,DRIVER,96df0422a215c15fdcddc0f3b813cd7b47cf3699b4a18438e175e682d4632ce12c91adae7c799a7fb355cf8bb788d7636bf5f4a5e6f8617cd3a48609ccf0ec2b,JE217321,1031269.0,05/02/2021 03:58:00 PM,SUMMIT ARGO,IL,60501,F,60.0,USAGE UNKNOWN,NOT APPLICABLE,NONE,NO INDICATION OF INJURY,UNKNOWN,UNKNOWN,NORMAL,TEST NOT OFFERED,2021,JE217321,05/02/2021 03:58:00 PM,30,TRAFFIC SIGNAL,FUNCTIONING PROPERLY,CLEAR,DAYLIGHT,TURNING,FOUR WAY,STRAIGHT AND LEVEL,DRY,NO DEFECTS,ON SCENE,NO INJURY / DRIVE AWAY,Y,Y,"OVER $1,500",05/02/2021 03:58:00 PM,UNABLE TO DETERMINE,UNABLE TO DETERMINE,6021,S,ARCHER AVE,811.0,2,NO INDICATION OF INJURY,0.0,0.0,0.0,0.0,0.0,2.0,0.0,15,1,5,41.794849958,-87.767280356,POINT (-87.767280356289 41.794849958048),2021,958
O1018328,DRIVER,f970512812c8ef7a1ccc33f7ecb9db4b794878b06acc830dbf6763efe4171d07627b248d9a91e8121bbef10a537cf57bd6d68500d80fcb32f8d7f6b40f8c0a82,JE100798,965164.0,01/01/2021 06:50:00 PM,CHICAGO,IL,60618,M,23.0,SAFETY BELT USED,"DEPLOYED, COMBINATION",NONE,NONINCAPACITATING INJURY,NONE,UNKNOWN,NORMAL,TEST NOT OFFERED,2021,JE100798,01/01/2021 06:50:00 PM,30,STOP SIGN/FLASHER,FUNCTIONING PROPERLY,FREEZING RAIN/DRIZZLE,"DARKNESS, LIGHTED ROAD",ANGLE,T-INTERSECTION,STRAIGHT AND LEVEL,SNOW OR SLUSH,OTHER,ON SCENE,INJURY AND / OR TOW DUE TO CRASH,Y,Y,"OVER $1,500",01/01/2021 07:01:00 PM,DISREGARDING STOP SIGN,FAILING TO REDUCE SPEED TO AVOID CRASH,3800,N,CHRISTIANA AVE,1733.0,2,NONINCAPACITATING INJURY,1.0,0.0,0.0,1.0,0.0,1.0,0.0,18,6,1,41.950323635,-87.711732134,POINT (-87.71173213383 41.950323635206),2021,1130
O1110262,DRIVER,aa7a26601dfdf2c33a84536d6f6e35591b3390e087e7d5dfe1b0c32ff3aa7170c8de4b68ab3cee40705742d1a0604414ea6fe83969e026f8af362c1f058c157b,JE254061,1053230.0,06/04/2021 09:30:00 PM,CHICAGO,IL,60629,M,21.0,USAGE UNKNOWN,NOT APPLICABLE,NONE,NO INDICATION OF INJURY,NONE,NOT OBSCURED,NORMAL,TEST NOT OFFERED,2021,JE254061,06/04/2021 09:30:00 PM,30,UNKNOWN,UNKNOWN,CLEAR,"DARKNESS, LIGHTED ROAD",REAR END,FOUR WAY,STRAIGHT AND LEVEL,DRY,NO DEFECTS,NOT ON SCENE (DESK REPORT),NO INJURY / DRIVE AWAY,Y,Y,"OVER $1,500",06/04/2021 09:56:00 PM,FOLLOWING TOO CLOSELY,NOT APPLICABLE,5900,S,WESTERN AVE,824.0,2,NO INDICATION OF INJURY,0.0,0.0,0.0,0.0,0.0,2.0,0.0,21,6,6,41.786437175,-87.683975246,POINT (-87.683975246481 41.786437174774),2021,1290
O1095640,DRIVER,69e5fd18cb955711378126b8ef2902bf2199bcc4d98427c9bf53f184df95fc531e38c5156576b9ae50e8680fef17032804b06b105f3d3a40fa48782cf56b5c3f,JE230400,1039221.0,05/14/2021 08:53:00 PM,CHICAGO,IL,60647,M,33.0,SAFETY BELT USED,DEPLOYMENT UNKNOWN,NONE,NO INDICATION OF INJURY,NONE,NOT OBSCURED,NORMAL,TEST NOT OFFERED,2021,JE230400,05/14/2021 08:53:00 PM,30,TRAFFIC SIGNAL,FUNCTIONING PROPERLY,CLEAR,"DARKNESS, LIGHTED ROAD",REAR END,DIVIDED - W/MEDIAN (NOT RAISED),STRAIGHT AND LEVEL,DRY,NO DEFECTS,ON SCENE,INJURY AND / OR TOW DUE TO CRASH,Y,Y,"OVER $1,500",05/14/2021 08:56:00 PM,"OPERATING VEHICLE IN ERRATIC, RECKLESS, CARELESS, NEGLIGENT OR AGGRESSIVE MANNER",NOT APPLICABLE,501,W,18TH ST,1235.0,4,NO INDICATION OF INJURY,0.0,0.0,0.0,0.0,0.0,5.0,0.0,20,6,5,41.857554919,-87.63898417899999,POINT (-87.638984179032 41.857554919296),2021,1253
O1127243,DRIVER,9a208655a82c28e0ec895aa2a988b2ceb3e38ddfc22d1a9f3a73a348da5810a84856950746bc0f4c37f3099d66c89856f6d6f3a0d8f4ca02a72e5452dac909ea,JE280758,1069259.0,06/27/2021 12:24:00 AM,CHICAGO,IL,60641,F,23.0,SAFETY BELT USED,DID NOT DEPLOY,NONE,NO INDICATION OF INJURY,NONE,NOT OBSCURED,NORMAL,TEST NOT OFFERED,2021,JE280758,06/27/2021 12:24:00 AM,30,TRAFFIC SIGNAL,FUNCTIONING PROPERLY,CLEAR,"DARKNESS, LIGHTED ROAD",REAR END,NOT DIVIDED,STRAIGHT AND LEVEL,DRY,NO DEFECTS,ON SCENE,INJURY AND / OR TOW DUE TO CRASH,Y,Y,"OVER $1,500",06/27/2021 12:25:00 AM,"OPERATING VEHICLE IN ERRATIC, RECKLESS, CARELESS, NEGLIGENT OR AGGRESSIVE MANNER",UNABLE TO DETERMINE,3359,N,KEDZIE AVE,1733.0,3,NO INDICATION OF INJURY,0.0,0.0,0.0,0.0,0.0,4.0,0.0,0,1,6,41.942650593,-87.70756674799999,POINT (-87.707566747663 41.942650593273),2021,24
O1212033,DRIVER,fbbc7d979d1e31d2cbfd99fe8fde4aa5e8a12dbcf740d5611dcad6d34df496074eea248dc5e4b75ef12bc49ae481dcbebd3fe6c7a9e29bccc8c738bfe018e598,JE420903,1150065.0,10/24/2021 02:30:00 PM,CHICAGO,IL,60651,M,35.0,USAGE UNKNOWN,NOT APPLICABLE,NONE,NO INDICATION OF INJURY,NONE,NOT OBSCURED,NORMAL,TEST NOT OFFERED,2021,JE420903,10/24/2021 02:30:00 PM,30,NO CONTROLS,UNKNOWN,RAIN,DAYLIGHT,REAR END,FOUR WAY,STRAIGHT AND LEVEL,WET,NO DEFECTS,NOT ON SCENE (DESK REPORT),NO INJURY / DRIVE AWAY,Y,Y,"$501 - $1,500",10/24/2021 02:30:00 PM,UNABLE TO DETERMINE,NOT APPLICABLE,7901,S,WESTERN AVE,835.0,2,NO INDICATION OF INJURY,0.0,0.0,0.0,0.0,0.0,2.0,0.0,14,1,10,41.750060363,-87.682699127,POINT (-87.682699127318 41.750060362735),2021,870
O1156106,DRIVER,8dee48d6f4ddbf8de3d37cb5451d0c38b1f3e17edc7e06e35c30639dc5b18aa69255f013ead7d8dfa55226438ab17424315ff284eb32cd423533e668977ddd2d,JE328295,1096660.0,08/06/2021 01:05:00 PM,PROSPECT HEIGHTS,IL,60070,M,33.0,SAFETY BELT USED,DID NOT DEPLOY,NONE,NO INDICATION OF INJURY,NONE,NOT OBSCURED,NORMAL,TEST NOT OFFERED,2021,JE328295,08/06/2021 01:05:00 PM,30,TRAFFIC SIGNAL,FUNCTIONING PROPERLY,CLEAR,DAYLIGHT,TURNING,UNKNOWN INTERSECTION TYPE,STRAIGHT AND LEVEL,DRY,NO DEFECTS,ON SCENE,NO INJURY / DRIVE AWAY,Y,Y,"OVER $1,500",08/06/2021 01:11:00 PM,DISREGARDING TRAFFIC SIGNALS,UNABLE TO DETERMINE,3198,W,COLUMBUS AVE,835.0,2,NO INDICATION OF INJURY,0.0,0.0,0.0,0.0,0.0,2.0,0.0,13,6,8,41.750596548000004,-87.702458228,POINT (-87.702458228094 41.750596547759),2021,785
O1172517,DRIVER,e9776be1e0142d987693241a540379d08cbfe577eb002cfa40101320e6376ab7cdcde22738e8fbe230440c72df17df814820b258e8b2b54662f3cdc401f6f3bf,JE354782,1112282.0,08/30/2021 12:05:00 AM,CHICAGO,IL,60632,F,29.0,NONE PRESENT,NOT APPLICABLE,NONE,NO INDICATION OF INJURY,NONE,NOT OBSCURED,NORMAL,TEST NOT OFFERED,2021,JE354782,08/30/2021 12:05:00 AM,20,TRAFFIC SIGNAL,FUNCTIONING PROPERLY,CLEAR,DARKNESS,ANGLE,FOUR WAY,STRAIGHT AND LEVEL,DRY,NO DEFECTS,ON SCENE,INJURY AND / OR TOW DUE TO CRASH,Y,Y,"OVER $1,500",08/30/2021 12:10:00 AM,DISREGARDING TRAFFIC SIGNALS,UNABLE TO DETERMINE,3198,W,55TH ST,923.0,3,"REPORTED, NOT EVIDENT",2.0,0.0,0.0,0.0,2.0,2.0,0.0,0,2,8,41.793624505,-87.70349595,POINT (-87.703495950362 41.793624504507),2021,5
O1226778,DRIVER,fc46b30eeada3ed02f47b95dcec7912232bb7150f54afe7b2a968e45b085158b1c17fa55e221d5d42760ede64e2ad27e0baed20934c092e39a2860f4ccfa6858,JE439170,1164174.0,11/08/2021 05:00:00 PM,BERWYN,IL,60402,F,53.0,SAFETY BELT USED,DID NOT DEPLOY,NONE,NO INDICATION OF INJURY,NONE,NOT OBSCURED,NORMAL,TEST NOT OFFERED,2021,JE439170,11/08/2021 05:00:00 PM,30,TRAFFIC SIGNAL,FUNCTIONING PROPERLY,CLEAR,DUSK,REAR END,FOUR WAY,STRAIGHT AND LEVEL,DRY,NO DEFECTS,NOT ON SCENE (DESK REPORT),NO INJURY / DRIVE AWAY,Y,Y,$500 OR LESS,11/09/2021 10:00:00 AM,UNABLE TO DETERMINE,UNABLE TO DETERMINE,1200,S,MORGAN ST,1232.0,2,NO INDICATION OF INJURY,0.0,0.0,0.0,0.0,0.0,2.0,0.0,17,2,11,41.867001143,-87.65118978299999,POINT (-87.65118978311 41.867001143327),2021,1020
O1126644,DRIVER,e3ed79be90371847862377037af46ecaa96ea751f24eb3911fa37089feb1eba55a9bb64b05899c7a12b5dcb9a4c645eb018ecc8e69b9cce40f3aab5af0424ecf,JE275527,1068700.0,06/19/2021 10:45:00 AM,CHICAGO,IL,60619,F,55.0,SAFETY BELT USED,DID NOT DEPLOY,NONE,NO INDICATION OF INJURY,NONE,UNKNOWN,NORMAL,TEST NOT OFFERED,2021,JE275527,06/19/2021 10:45:00 AM,10,NO CONTROLS,NO CONTROLS,CLEAR,DAWN,SIDESWIPE SAME DIRECTION,UNKNOWN,STRAIGHT AND LEVEL,DRY,NO DEFECTS,NOT ON SCENE (DESK REPORT),NO INJURY / DRIVE AWAY,Y,Y,$500 OR LESS,06/22/2021 12:30:00 PM,FAILING TO YIELD RIGHT-OF-WAY,IMPROPER TURNING/NO SIGNAL,51,W,87TH ST,634.0,2,NO INDICATION OF INJURY,0.0,0.0,0.0,0.0,0.0,3.0,0.0,10,7,6,41.736146483,-87.62607588700001,POINT (-87.62607588709 41.736146483145),2021,645
O1235387,DRIVER,bf4cda62722696ff0ee7b2d2be61d48f60a0cf9cd33d8c2cfaf1b67bf2e45122749b20e76c398a786f3f023381e2c68b2fc50e466d0deedd924d8446b91dd7b3,JE458741,1172474.0,11/27/2021 09:25:00 PM,PORTAGE,IN,46368,M,39.0,SAFETY BELT USED,DID NOT DEPLOY,NONE,NO INDICATION OF INJURY,NONE,NOT OBSCURED,NORMAL,TEST NOT OFFERED,2021,JE458741,11/27/2021 09:25:00 PM,30,TRAFFIC SIGNAL,FUNCTIONING PROPERLY,CLEAR,"DARKNESS, LIGHTED ROAD",REAR END,ONE-WAY,STRAIGHT AND LEVEL,DRY,NO DEFECTS,ON SCENE,NO INJURY / DRIVE AWAY,Y,Y,$500 OR LESS,11/27/2021 09:32:00 PM,FAILING TO REDUCE SPEED TO AVOID CRASH,UNABLE TO DETERMINE,1000,S,UNION AVE,1232.0,2,NO INDICATION OF INJURY,0.0,0.0,0.0,0.0,0.0,6.0,0.0,21,7,11,41.869643026999995,-87.64552029200001,POINT (-87.645520292114 41.869643027489),2021,1285
O1127892,DRIVER,8129d87b2a2d5c25b9026cba7d201453370bac0f47bce35f26d1e2e3e56aed2ef455394709be5f9e20889eaeaeeee3cb7dee2695cd47b769fa262d4c02015399,JE281823,1069876.0,06/27/2021 09:57:00 PM,CHICAGO,IL,60632,F,43.0,SAFETY BELT USED,DID NOT DEPLOY,NONE,NO INDICATION OF INJURY,NONE,NOT OBSCURED,NORMAL,TEST NOT OFFERED,2021,JE281823,06/27/2021 09:57:00 PM,35,TRAFFIC SIGNAL,FUNCTIONING PROPERLY,CLEAR,"DARKNESS, LIGHTED ROAD",REAR END,DIVIDED - W/MEDIAN BARRIER,STRAIGHT AND LEVEL,DRY,NO DEFECTS,NOT ON SCENE (DESK REPORT),NO INJURY / DRIVE AWAY,Y,Y,"$501 - $1,500",06/27/2021 10:45:00 PM,FOLLOWING TOO CLOSELY,UNABLE TO DETERMINE,862,N,LAKE SHORE DR,1833.0,2,NO INDICATION OF INJURY,0.0,0.0,0.0,0.0,0.0,2.0,0.0,21,1,6,41.898381124000004,-87.61828801700001,POINT (-87.618288017243 41.898381124242),2021,1317
O1209162,DRIVER,6dd06a0b7eecb0ed10e679c4d53c1760cbe26d3e8a85048adf2b7908fdd8fae07947f5a349bc6fd0b983bb3adc30094b4ba8733fa8ad37f8c70e4254f7b12136,JE416067,1147267.0,10/20/2021 09:30:00 AM,CHICAGO,IL,60619,M,38.0,USAGE UNKNOWN,"DEPLOYED, COMBINATION",NONE,NO INDICATION OF INJURY,UNKNOWN,UNKNOWN,NORMAL,TEST NOT OFFERED,2021,JE416067,10/20/2021 09:30:00 AM,30,OTHER,OTHER,CLEAR,DAYLIGHT,REAR END,DIVIDED - W/MEDIAN (NOT RAISED),STRAIGHT AND LEVEL,DRY,NO DEFECTS,ON SCENE,INJURY AND / OR TOW DUE TO CRASH,Y,Y,"OVER $1,500",10/20/2021 09:30:00 AM,UNABLE TO DETERMINE,NOT APPLICABLE,8658,S,COTTAGE GROVE AVE,632.0,2,NO INDICATION OF INJURY,0.0,0.0,0.0,0.0,0.0,4.0,0.0,9,4,10,41.736737815,-87.604971846,POINT (-87.604971845904 41.736737814762),2021,570
O1142968,DRIVER,63f7c8f8f9880ab94136a4b87007eaf4ec713f5557c9f675d8e6686cfdbd49d5ce08fbd50f0d8621e2d99dd069d0ead25e4b7a9a0de5959556de90d45b27087b,JE306660,1084181.0,07/19/2021 08:30:00 AM,ARLINGTON HTS,IL,60004,M,29.0,SAFETY BELT USED,NOT APPLICABLE,NONE,NO INDICATION OF INJURY,NONE,UNKNOWN,NORMAL,TEST REFUSED,2021,JE306660,07/19/2021 08:30:00 AM,30,TRAFFIC SIGNAL,FUNCTIONING PROPERLY,CLEAR,DAYLIGHT,SIDESWIPE SAME DIRECTION,DIVIDED - W/MEDIAN (NOT RAISED),STRAIGHT AND LEVEL,DRY,NO DEFECTS,NOT ON SCENE (DESK REPORT),NO INJURY / DRIVE AWAY,Y,Y,"OVER $1,500",07/19/2021 01:16:00 PM,IMPROPER TURNING/NO SIGNAL,DISREGARDING ROAD MARKINGS,600,N,LA SALLE DR,1832.0,2,NO INDICATION OF INJURY,0.0,0.0,0.0,0.0,0.0,2.0,0.0,8,2,7,41.892445282,-87.632755374,POINT (-87.632755374411 41.892445282365),2021,510
O1139000,DRIVER,a6c40145efd27b9f99730bdfd09d38e672b9d9df6e75a69a29426a8925c3dcc9d2eac61304a008a3a6680b12a3119fffb8acaf3c5127130619f343a22776b587,JE300027,1080385.0,07/13/2021 12:35:00 PM,CHICAGO,IL,60629,F,55.0,USAGE UNKNOWN,DID NOT DEPLOY,NONE,NO INDICATION OF INJURY,NONE,NOT OBSCURED,NORMAL,TEST NOT OFFERED,2021,JE300027,07/13/2021 12:35:00 PM,30,TRAFFIC SIGNAL,FUNCTIONING PROPERLY,CLEAR,DAYLIGHT,SIDESWIPE SAME DIRECTION,DIVIDED - W/MEDIAN BARRIER,STRAIGHT AND LEVEL,DRY,NO DEFECTS,ON SCENE,NO INJURY / DRIVE AWAY,Y,Y,"OVER $1,500",07/13/2021 01:06:00 PM,DISREGARDING ROAD MARKINGS,DISREGARDING ROAD MARKINGS,1101,S,MICHIGAN AVE,114.0,2,NO INDICATION OF INJURY,0.0,0.0,0.0,0.0,0.0,2.0,0.0,12,3,7,41.869259981,-87.62398294299999,POINT (-87.623982942598 41.869259981118),2021,755
O1248741,DRIVER,f60b0adddd38d490d9179332449bae9112dd5dae1fc05108b67fb4634684550c168b81588be0f9462fa32c4360dd53f74f1af644d1f2a9d9b0ad079f75831fad,JE481946,1185250.0,12/18/2021 04:48:00 PM,CHICAGO,IL,60618,M,55.0,SAFETY BELT USED,NOT APPLICABLE,NONE,NO INDICATION OF INJURY,NONE,NOT OBSCURED,NORMAL,TEST NOT OFFERED,2021,JE481946,12/18/2021 04:48:00 PM,25,TRAFFIC SIGNAL,FUNCTIONING PROPERLY,CLEAR,"DARKNESS, LIGHTED ROAD",TURNING,NOT DIVIDED,STRAIGHT AND LEVEL,DRY,NO DEFECTS,ON SCENE,NO INJURY / DRIVE AWAY,Y,Y,$500 OR LESS,12/18/2021 04:56:00 PM,IMPROPER LANE USAGE,FAILING TO YIELD RIGHT-OF-WAY,2575,N,ELSTON AVE,1432.0,2,NO INDICATION OF INJURY,0.0,0.0,0.0,0.0,0.0,3.0,0.0,16,7,12,41.928451832,-87.682180231,POINT (-87.682180231188 41.928451832144),2021,1008
O1210501,DRIVER,e22ffa94fd865265c176ea849694f99d9091324f81b203fa6304c6e2a623639ce5742c12b7b0923d78cab99bf3126de7a51b25719fb0e252c1e87b8680c3ec5c,JE418624,1148630.0,10/22/2021 12:20:00 PM,CHICAGO,IL,60626,M,55.0,SAFETY BELT USED,DID NOT DEPLOY,NONE,NO INDICATION OF INJURY,UNKNOWN,NOT OBSCURED,NORMAL,TEST NOT OFFERED,2021,JE418624,10/22/2021 12:20:00 PM,30,TRAFFIC SIGNAL,FUNCTIONING PROPERLY,CLEAR,DAYLIGHT,TURNING,T-INTERSECTION,STRAIGHT AND LEVEL,DRY,NO DEFECTS,ON SCENE,NO INJURY / DRIVE AWAY,Y,Y,"OVER $1,500",10/22/2021 12:40:00 PM,FAILING TO YIELD RIGHT-OF-WAY,NOT APPLICABLE,140,W,79TH ST,623.0,2,NO INDICATION OF INJURY,0.0,0.0,0.0,0.0,0.0,2.0,0.0,12,6,10,41.750988801999995,-87.628668519,POINT (-87.628668518716 41.750988802394),2021,740
O1064436,DRIVER,470efef4ce40f72a65daa7ac93be900d4d75f5521401b1fbf739287f0b1b319b0ac390bbcbd4e6602a13315a0fe92bee32ed71d4510309d28a2473afa1e89b23,JE179167,1009452.0,03/24/2021 05:00:00 PM,LYONS,IL,60534,F,29.0,SAFETY BELT USED,DID NOT DEPLOY,NONE,NO INDICATION OF INJURY,UNKNOWN,NOT OBSCURED,NORMAL,TEST NOT OFFERED,2021,JE179167,03/24/2021 05:00:00 PM,25,NO CONTROLS,FUNCTIONING PROPERLY,CLEAR,DAYLIGHT,REAR END,T-INTERSECTION,STRAIGHT AND LEVEL,DRY,NO DEFECTS,NOT ON SCENE (DESK REPORT),NO INJURY / DRIVE AWAY,Y,N,"OVER $1,500",03/25/2021 10:35:00 AM,UNABLE TO DETERMINE,NOT APPLICABLE,3000,W,CERMAK RD,1022.0,2,NO INDICATION OF INJURY,0.0,0.0,0.0,0.0,0.0,2.0,0.0,17,4,3,41.851947265999996,-87.70042754100001,POINT (-87.700427541042 41.851947265758),2021,1020