PERSON_ID,PERSON_TYPE,CRASH_RECORD_ID,RD_NO_x,VEHICLE_ID,CRASH_DATE_x,CITY,STATE,ZIPCODE,SEX,AGE,SAFETY_EQUIPMENT,AIRBAG_DEPLOYED,EJECTION,INJURY_CLASSIFICATION,DRIVER_ACTION,DRIVER_VISION,PHYSICAL_CONDITION,BAC_RESULT,CRASH_YEAR_x,RD_NO_y,CRASH_DATE_y,POSTED_SPEED_LIMIT,TRAFFIC_CONTROL_DEVICE,DEVICE_CONDITION,WEATHER_CONDITION,LIGHTING_CONDITION,FIRST_CRASH_TYPE,TRAFFICWAY_TYPE,ALIGNMENT,ROADWAY_SURFACE_COND,ROAD_DEFECT,REPORT_TYPE,CRASH_TYPE,INTERSECTION_RELATED_I,HIT_AND_RUN_I,DAMAGE,DATE_POLICE_NOTIFIED,PRIM_CONTRIBUTORY_CAUSE,SEC_CONTRIBUTORY_CAUSE,STREET_NO,STREET_DIRECTION,STREET_NAME,BEAT_OF_OCCURRENCE,NUM_UNITS,MOST_SEVERE_INJURY,INJURIES_TOTAL,INJURIES_FATAL,INJURIES_INCAPACITATING,INJURIES_NON_INCAPACITATING,INJURIES_REPORTED_NOT_EVIDENT,INJURIES_NO_INDICATION,INJURIES_UNKNOWN,CRASH_HOUR,CRASH_DAY_OF_WEEK,CRASH_MONTH,LATITUDE,LONGITUDE,LOCATION,CRASH_YEAR_y,TIME
O1060256,DRIVER,6464c535e007ea2cff688716da6df4a15432cc7ba6fa330a8e120d01bacbbb9bf43f9e8c9f908740ff140552f0dd05d21ee112885aebe4d29e5b9d1a35c42358,JE171998,1005458.0,03/17/2021 11:20:00 PM,CHICAGO,IL,60629,F,23.0,USAGE UNKNOWN,DID NOT DEPLOY,NONE,NO INDICATION OF INJURY,NONE,UNKNOWN,NORMAL,TEST NOT OFFERED,2021,JE171998,03/17/2021 11:20:00 PM,30,TRAFFIC SIGNAL,FUNCTIONING PROPERLY,RAIN,"DARKNESS, LIGHTED ROAD",TURNING,NOT DIVIDED,STRAIGHT AND LEVEL,WET,UNKNOWN,ON SCENE,NO INJURY / DRIVE AWAY,Y,Y,"OVER $1,500",03/17/2021 11:25:00 PM,UNABLE TO DETERMINE,UNABLE TO DETERMINE,4400,W,MARQUETTE RD,833.0,2,NO INDICATION OF INJURY,0.0,0.0,0.0,0.0,0.0,3.0,0.0,23,4,3,41.771368868,-87.732390493,POINT (-87.732390493234 41.771368867506),2021,1400
O1074664,DRIVER,43626dac55bfa08c217d6d6a541c62bcc026262850b7e062eaad281716d7159cf653824c238dd707e98dd251b7538dbb272a911c017f9d2f34de95b15c9ee1e6,JE196265,1019176.0,04/11/2021 12:45:00 PM,HOWE,IN,46237,F,26.0,SAFETY BELT USED,DID NOT DEPLOY,NONE,NO INDICATION OF INJURY,NONE,NOT OBSCURED,NORMAL,TEST NOT OFFERED,2021,JE196265,04/11/2021 12:45:00 PM,30,TRAFFIC SIGNAL,FUNCTIONING PROPERLY,CLOUDY/OVERCAST,DAYLIGHT,TURNING,FOUR WAY,STRAIGHT AND LEVEL,DRY,NO DEFECTS,NOT ON SCENE (DESK REPORT),NO INJURY / DRIVE AWAY,Y,Y,"OVER $1,500",04/11/2021 01:10:00 PM,DISREGARDING TRAFFIC SIGNALS,UNABLE TO DETERMINE,8700,S,COTTAGE GROVE AVE,632.0,2,NO INDICATION OF INJURY,0.0,0.0,0.0,0.0,0.0,2.0,0.0,12,1,4,41.736601558000004,-87.6049681,POINT (-87.604968100168 41.736601558476),2021,765
O1108519,DRIVER,aad67be56ea90f7e3865331373eca72595621c34c0b9afb44c635734a84ed20009832c4527f37eac2f30ad5056abb29c69b7131982bfea6993840aca3ce8ed36,JE251428,1051567.0,06/02/2021 05:25:00 PM,CHICAGO,IL,60632,M,54.0,SAFETY BELT USED,DID NOT DEPLOY,NONE,NO INDICATION OF INJURY,NONE,NOT OBSCURED,NORMAL,TEST NOT OFFERED,2021,JE251428,06/02/2021 05:25:00 PM,30,STOP SIGN/FLASHER,FUNCTIONING PROPERLY,CLEAR,DAYLIGHT,ANGLE,T-INTERSECTION,STRAIGHT AND LEVEL,DRY,NO DEFECTS,ON SCENE,INJURY AND / OR TOW DUE TO CRASH,Y,Y,"OVER $1,500",06/02/2021 05:26:00 PM,FAILING TO YIELD RIGHT-OF-WAY,NOT APPLICABLE,3700,W,47TH ST,821.0,2,NO INDICATION OF INJURY,0.0,0.0,0.0,0.0,0.0,2.0,0.0,17,4,6,41.808073054,-87.716296412,POINT (-87.716296412225 41.808073054096),2021,1045
O1252216,DRIVER,6ecefa7ffec97c5001529f5ab3a0b4acb0cc057e44fada2d9a94ffe3a5a733a8bc9762a217a345ff9211a1d446dd8f86976cd797da573804f8ccd964d2f87dba,JE488051,1188590.0,12/24/2021 06:30:00 PM,CHICAGO,IL,60625,M,25.0,SAFETY BELT USED,NOT APPLICABLE,NONE,NO INDICATION OF INJURY,DISREGARDED CONTROL DEVICES,UNKNOWN,UNKNOWN,TEST NOT OFFERED,2021,JE488051,12/24/2021 06:30:00 PM,30,TRAFFIC SIGNAL,FUNCTIONING PROPERLY,CLEAR,"DARKNESS, LIGHTED ROAD",TURNING,FOUR WAY,STRAIGHT AND LEVEL,WET,NO DEFECTS,ON SCENE,NO INJURY / DRIVE AWAY,Y,Y,"OVER $1,500",12/24/2021 06:30:00 PM,DISREGARDING TRAFFIC SIGNALS,FAILING TO REDUCE SPEED TO AVOID CRASH,1600,N,PULASKI RD,2534.0,2,NO INDICATION OF INJURY,0.0,0.0,0.0,0.0,0.0,2.0,0.0,18,6,12,41.90997501,-87.72648052299999,POINT (-87.726480523066 41.909975010237),2021,1110
O1160129,DRIVER,380d69b7cc43ca29b4b22b78e6253aee093dc9fd4ff922fdf89dc61423c9565b486bf2480704a55408eb0e4a709c4713cb2bfce2ff6dc583d4970ed8f2f6a4cf,JE334764,1100506.0,08/12/2021 10:07:00 AM,CALUMET CITY,IL,60409,M,69.0,SAFETY BELT USED,DID NOT DEPLOY,NONE,NO INDICATION OF INJURY,NONE,UNKNOWN,NORMAL,TEST NOT OFFERED,2021,JE334764,08/12/2021 10:07:00 AM,30,NO CONTROLS,UNKNOWN,CLEAR,DAYLIGHT,ANGLE,UNKNOWN INTERSECTION TYPE,STRAIGHT ON GRADE,UNKNOWN,UNKNOWN,ON SCENE,NO INJURY / DRIVE AWAY,Y,Y,"OVER $1,500",08/12/2021 10:15:00 AM,DISREGARDING STOP SIGN,FAILING TO YIELD RIGHT-OF-WAY,11800,S,STATE ST,522.0,2,NO INDICATION OF INJURY,0.0,0.0,0.0,0.0,0.0,2.0,0.0,10,5,8,41.679802416,-87.622861465,POINT (-87.62286146532 41.679802416092),2021,607
O1176278,DRIVER,9e104aafb88f1fae47c20740e2d9d98105b2ed33782d20b0c42f609f6dfa3bb5568d818129ef2ea867468dc8deeb3894830423b10b44f19a6d4326ad7733f7e3,JE360849,1115878.0,09/03/2021 11:53:00 PM,CHICAGO,IL,60628,F,28.0,USAGE UNKNOWN,"DEPLOYED, FRONT",NONE,NO INDICATION OF INJURY,UNKNOWN,UNKNOWN,NORMAL,TEST NOT OFFERED,2021,JE360849,09/03/2021 11:53:00 PM,30,STOP SIGN/FLASHER,NO CONTROLS,CLEAR,"DARKNESS, LIGHTED ROAD",ANGLE,FOUR WAY,STRAIGHT AND LEVEL,DRY,UNKNOWN,NOT ON SCENE (DESK REPORT),INJURY AND / OR TOW DUE TO CRASH,Y,N,"OVER $1,500",09/04/2021 01:50:00 AM,"OPERATING VEHICLE IN ERRATIC, RECKLESS, CARELESS, NEGLIGENT OR AGGRESSIVE MANNER",UNABLE TO DETERMINE,11005,S,MICHIGAN AVE,513.0,2,NO INDICATION OF INJURY,0.0,0.0,0.0,0.0,0.0,2.0,0.0,23,6,9,41.694262099,-87.620649269,POINT (-87.620649269421 41.69426209896),2021,1433
O1088032,DRIVER,2d250916daed2c8af29ed993816f4a90a2bc4920b9f8c5f29d2c28372bd5d5f7977069059ccf595ee3f51549cce3be4de52ec43bc5498a58b467864e29d40e10,JE218375,1031943.0,05/03/2021 01:08:00 PM,CHICAGO,IL,60623,F,29.0,SAFETY BELT USED,DID NOT DEPLOY,NONE,NO INDICATION OF INJURY,NONE,NOT OBSCURED,NORMAL,TEST NOT OFFERED,2021,JE218375,05/03/2021 01:08:00 PM,30,TRAFFIC SIGNAL,FUNCTIONING PROPERLY,CLEAR,DAYLIGHT,REAR END,ONE-WAY,STRAIGHT AND LEVEL,DRY,NO DEFECTS,NOT ON SCENE (DESK REPORT),NO INJURY / DRIVE AWAY,Y,Y,"OVER $1,500",05/03/2021 03:00:00 PM,UNABLE TO DETERMINE,UNABLE TO DETERMINE,2350,W,VAN BUREN ST,1225.0,2,NO INDICATION OF INJURY,0.0,0.0,0.0,0.0,0.0,3.0,0.0,13,2,5,41.876208341,-87.685846344,POINT (-87.685846343724 41.876208341121),2021,788
O1246415,DRIVER,34f6998e2ee0bd262caa70e1c0913d1febe2cafbe9da8451ef658f6a126df6b9e9df8c9f49ee6bcb851dce6a7377ba812c6d9a060caee675bb0a4e1520262c91,JE477842,1183020.0,12/14/2021 10:42:00 PM,CHICAGO,IL,60643,F,49.0,SAFETY BELT USED,DID NOT DEPLOY,NONE,"REPORTED, NOT EVIDENT",NONE,UNKNOWN,UNKNOWN,TEST NOT OFFERED,2021,JE477842,12/14/2021 10:42:00 PM,30,TRAFFIC SIGNAL,FUNCTIONING PROPERLY,RAIN,"DARKNESS, LIGHTED ROAD",REAR END,NOT DIVIDED,STRAIGHT AND LEVEL,WET,UNKNOWN,NOT ON SCENE (DESK REPORT),INJURY AND / OR TOW DUE TO CRASH,Y,N,"OVER $1,500",12/14/2021 11:56:00 PM,FOLLOWING TOO CLOSELY,FAILING TO REDUCE SPEED TO AVOID CRASH,2400,N,DAMEN AVE,1432.0,2,"REPORTED, NOT EVIDENT",1.0,0.0,0.0,0.0,1.0,1.0,0.0,22,3,12,41.925038006,-87.678047191,POINT (-87.678047191013 41.92503800641),2021,1362
O1140001,DRIVER,82bc444f9383ad99caee4d9f8d06249c59f441bf6a7d5eb71a3b3b2b9efe4675d6ce4dd2c9306575ae8adb348899d4228a2d692b500e3e6fee318548f7b950ee,JE301765,1081338.0,07/14/2021 11:00:00 PM,HUNTSVILLE,AL,35810,F,44.0,SAFETY BELT USED,DID NOT DEPLOY,NONE,NO INDICATION OF INJURY,NONE,NOT OBSCURED,NORMAL,TEST NOT OFFERED,2021,JE301765,07/14/2021 11:00:00 PM,25,STOP SIGN/FLASHER,FUNCTIONING PROPERLY,CLEAR,"DARKNESS, LIGHTED ROAD",ANGLE,FOUR WAY,STRAIGHT AND LEVEL,DRY,NO DEFECTS,ON SCENE,INJURY AND / OR TOW DUE TO CRASH,Y,Y,"OVER $1,500",07/14/2021 11:09:00 PM,DISREGARDING STOP SIGN,FAILING TO YIELD RIGHT-OF-WAY,258,E,53RD ST,231.0,2,NO INDICATION OF INJURY,0.0,0.0,0.0,0.0,0.0,4.0,0.0,23,4,7,41.79851331,-87.61940239100001,POINT (-87.6194023912 41.798513310468),2021,1380
O1152352,DRIVER,90439ec976eea83bc78914729c5c5fe88c3835706f4572a93c24b655310a4801ca8956d2e854e5164b9f1fc122fb9ddeac79d4ca8f390a77bc979fe6268926e6,JE321795,1093090.0,08/01/2021 04:45:00 AM,SUMMIT,IL,60501,F,24.0,USAGE UNKNOWN,NOT APPLICABLE,NONE,NO INDICATION OF INJURY,NONE,NOT OBSCURED,NORMAL,TEST NOT OFFERED,2021,JE321795,08/01/2021 04:45:00 AM,35,TRAFFIC SIGNAL,FUNCTIONING PROPERLY,CLEAR,DAWN,REAR END,FOUR WAY,STRAIGHT AND LEVEL,DRY,UNKNOWN,ON SCENE,NO INJURY / DRIVE AWAY,Y,Y,"$501 - $1,500",08/01/2021 05:00:00 AM,FOLLOWING TOO CLOSELY,IMPROPER LANE USAGE,5505,S,HARLEM AVE,811.0,2,NO INDICATION OF INJURY,0.0,0.0,0.0,0.0,0.0,2.0,0.0,4,1,8,41.791731603,-87.80137306700001,POINT (-87.801373067325 41.791731603162),2021,285
O1129647,DRIVER,7f9fe4c53176e3de3a98dfd25330e36ff02df296ddbd02912eca56c54233313d0b743a7b333d20e28868768622fdce3fca36d36704fd998bcbf6287736fa4401,JE284788,1071569.0,06/30/2021 01:00:00 PM,BUFFALO GROVE,IL,60089,M,23.0,USAGE UNKNOWN,"DEPLOYED, COMBINATION",NONE,NO INDICATION OF INJURY,UNKNOWN,NOT OBSCURED,NORMAL,TEST NOT OFFERED,2021,JE284788,06/30/2021 01:00:00 PM,35,TRAFFIC SIGNAL,FUNCTIONING PROPERLY,RAIN,DAYLIGHT,TURNING,NOT DIVIDED,STRAIGHT AND LEVEL,WET,NO DEFECTS,ON SCENE,INJURY AND / OR TOW DUE TO CRASH,Y,Y,"OVER $1,500",06/30/2021 01:23:00 PM,UNABLE TO DETERMINE,NOT APPLICABLE,4000,N,ASHLAND AVE,1912.0,2,NO INDICATION OF INJURY,0.0,0.0,0.0,0.0,0.0,2.0,0.0,13,4,6,41.954379326,-87.66919912,POINT (-87.669199119804 41.954379326213),2021,780
O1111837,DRIVER,4b8159096f89162b0f89a735875e4a2fa37ba6dc7e1021ed18d62dc334a82e0dbc69ee9ec24d5635fca72f15729940bc88daa7f7bdb850b49ff49d47020c4610,JE256421,1054707.0,06/06/2021 08:48:00 PM,NAPERVILLE,IL,60564,F,48.0,SAFETY BELT USED,"DEPLOYED, SIDE",NONE,NO INDICATION OF INJURY,NONE,NOT OBSCURED,NORMAL,TEST NOT OFFERED,2021,JE256421,06/06/2021 08:48:00 PM,30,TRAFFIC SIGNAL,FUNCTIONING PROPERLY,CLEAR,"DARKNESS, LIGHTED ROAD",ANGLE,FOUR WAY,STRAIGHT AND LEVEL,DRY,NO DEFECTS,ON SCENE,INJURY AND / OR TOW DUE TO CRASH,Y,Y,"OVER $1,500",06/06/2021 10:56:00 PM,DISREGARDING OTHER TRAFFIC SIGNS,DISREGARDING TRAFFIC SIGNALS,302,E,WACKER DR,114.0,2,NO INDICATION OF INJURY,0.0,0.0,0.0,0.0,0.0,2.0,0.0,20,1,6,41.88805687,-87.62051272299999,POINT (-87.620512722977 41.888056869669),2021,1248
O1127752,DRIVER,094ba02a581572382fd426b5919c760962ea766d8cc1ba2accee03217671d0ed0cf8169db0cd158f4e89c17cafb381c8e6aaf4e5fbf27c8a0615a7c78f0582bd,JE281586,1069739.0,06/27/2021 02:45:00 PM,CHICAGO,IL,60645,M,74.0,SAFETY BELT USED,NOT APPLICABLE,NONE,NONINCAPACITATING INJURY,NONE,NOT OBSCURED,NORMAL,TEST NOT OFFERED,2021,JE281586,06/27/2021 02:45:00 PM,30,STOP SIGN/FLASHER,NO CONTROLS,CLEAR,DAYLIGHT,TURNING,NOT DIVIDED,STRAIGHT AND LEVEL,DRY,NO DEFECTS,NOT ON SCENE (DESK REPORT),INJURY AND / OR TOW DUE TO CRASH,Y,Y,"OVER $1,500",06/27/2021 06:20:00 PM,FAILING TO YIELD RIGHT-OF-WAY,NOT APPLICABLE,6501,N,KEDZIE AVE,2412.0,2,NONINCAPACITATING INJURY,1.0,0.0,0.0,1.0,0.0,1.0,0.0,14,1,6,41.999303284,-87.70921590200001,POINT (-87.709215901594 41.999303283571),2021,885
O1209466,DRIVER,6cd67311f4b0554b6e12e4f152dea6ef9606d705463e7083934d496cd4a7160e731cc13f8079a243c9e4f632939c885851bb8b3bf3e05b5d1ccebe75c95cf639,JE416669,1147565.0,10/20/2021 05:15:00 PM,CHICAGO,IL,60619,F,31.0,USAGE UNKNOWN,DID NOT DEPLOY,NONE,NO INDICATION OF INJURY,OTHER,NOT OBSCURED,UNKNOWN,TEST NOT OFFERED,2021,JE416669,10/20/2021 05:15:00 PM,30,TRAFFIC SIGNAL,FUNCTIONING PROPERLY,CLEAR,DAYLIGHT,REAR END,RAMP,STRAIGHT AND LEVEL,DRY,NO DEFECTS,ON SCENE,NO INJURY / DRIVE AWAY,Y,Y,"OVER $1,500",10/20/2021 05:20:00 PM,FOLLOWING TOO CLOSELY,"OPERATING VEHICLE IN ERRATIC, RECKLESS, CARELESS, NEGLIGENT OR AGGRESSIVE MANNER",4300,S,STATE ST,215.0,2,NO INDICATION OF INJURY,0.0,0.0,0.0,0.0,0.0,3.0,0.0,17,4,10,41.816395834,-87.626412894,POINT (-87.626412894288 41.816395833928),2021,1035
O1141727,DRIVER,75ed32a21b12bd215c34dc153806e5b66afc69ed4e21e0900db7b887a140b76531bef513d32eb1a1374226fd5f349d3c44321629e8c009aff1cc041e7db2962f,JE304711,1082992.0,07/17/2021 04:07:00 PM,ELMHURST,IL,60126,M,39.0,SAFETY BELT USED,NOT APPLICABLE,NONE,NO INDICATION OF INJURY,NONE,NOT OBSCURED,NORMAL,TEST NOT OFFERED,2021,JE304711,07/17/2021 04:07:00 PM,30,TRAFFIC SIGNAL,FUNCTIONING PROPERLY,CLEAR,DAYLIGHT,SIDESWIPE SAME DIRECTION,NOT DIVIDED,STRAIGHT AND LEVEL,DRY,NO DEFECTS,ON SCENE,NO INJURY / DRIVE AWAY,Y,Y,"$501 - $1,500",07/17/2021 04:21:00 PM,IMPROPER LANE USAGE,IMPROPER OVERTAKING/PASSING,1200,W,ROOSEVELT RD,1231.0,2,NO INDICATION OF INJURY,0.0,0.0,0.0,0.0,0.0,2.0,0.0,16,7,7,41.867105475,-87.656745012,POINT (-87.656745011924 41.867105475026),2021,967
O1180869,DRIVER,46ab447d951045ca428520e1f965c589a40fa7b99984523b6ee8e28cfab3dab0528dac5fbe8654d4f84fb05b528a55356fd328e8a4f9ba61fd99f268aded21f3,JE368800,1120317.0,09/10/2021 05:55:00 PM,AURORA,IL,60505,M,27.0,USAGE UNKNOWN,DID NOT DEPLOY,NONE,NO INDICATION OF INJURY,UNKNOWN,UNKNOWN,NORMAL,TEST NOT OFFERED,2021,JE368800,09/10/2021 05:55:00 PM,30,TRAFFIC SIGNAL,UNKNOWN,UNKNOWN,UNKNOWN,ANGLE,NOT DIVIDED,STRAIGHT AND LEVEL,UNKNOWN,UNKNOWN,ON SCENE,INJURY AND / OR TOW DUE TO CRASH,Y,Y,"OVER $1,500",09/10/2021 06:00:00 PM,UNABLE TO DETERMINE,UNABLE TO DETERMINE,800,N,KEDZIE AVE,1121.0,3,"REPORTED, NOT EVIDENT",1.0,0.0,0.0,0.0,1.0,3.0,0.0,17,6,9,41.895615314000004,-87.706705325,POINT (-87.706705325106 41.895615313545),2021,1075
O1049947,DRIVER,1995abc550ed9950629c47a148afb94fcf58b211af34a4314719eb0615c4938ca4d40f3e8435afc691aa79c25f25c1d0d548d78a3e7b7ea9e84eb2ba7a821b43,JE152891,995529.0,02/26/2021 12:00:00 PM,NILES,IL,60714,M,24.0,SAFETY BELT USED,DID NOT DEPLOY,NONE,NO INDICATION OF INJURY,UNKNOWN,NOT OBSCURED,NORMAL,TEST NOT OFFERED,2021,JE152891,02/26/2021 12:00:00 PM,30,TRAFFIC SIGNAL,FUNCTIONING PROPERLY,CLEAR,DAYLIGHT,REAR END,FOUR WAY,STRAIGHT AND LEVEL,DRY,NO DEFECTS,ON SCENE,INJURY AND / OR TOW DUE TO CRASH,Y,Y,"OVER $1,500",02/26/2021 12:04:00 PM,DISREGARDING TRAFFIC SIGNALS,UNABLE TO DETERMINE,655,N,CICERO AVE,1111.0,2,NO INDICATION OF INJURY,0.0,0.0,0.0,0.0,0.0,4.0,0.0,12,6,2,41.892997123,-87.745592049,POINT (-87.745592049309 41.892997123023),2021,720
O1137564,DRIVER,de404b27ecb6b27df0bdef106bac9c7a20b2cb893df1d76ac079301bcccfa2e10448e83b7740a9cb9c892d74d3c721cbf6f68d25f3b36a96994c59d2851ea181,JE297541,1080169.0,07/11/2021 02:40:00 AM,CHICAGO,IL,60624,M,39.0,USAGE UNKNOWN,"DEPLOYED, COMBINATION",TRAPPED/EXTRICATED,INCAPACITATING INJURY,UNKNOWN,UNKNOWN,REMOVED BY EMS,TEST NOT OFFERED,2021,JE297541,07/11/2021 02:40:00 AM,30,TRAFFIC SIGNAL,UNKNOWN,CLEAR,"DARKNESS, LIGHTED ROAD",ANGLE,FOUR WAY,STRAIGHT AND LEVEL,WET,NO DEFECTS,ON SCENE,INJURY AND / OR TOW DUE TO CRASH,Y,Y,"OVER $1,500",07/11/2021 03:06:00 AM,FAILING TO REDUCE SPEED TO AVOID CRASH,UNABLE TO DETERMINE,3001,W,WASHINGTON BLVD,1222.0,2,INCAPACITATING INJURY,3.0,0.0,3.0,0.0,0.0,2.0,0.0,2,1,7,41.882736186,-87.701375563,POINT (-87.701375563052 41.882736185609),2021,160
O1022840,DRIVER,096e1d72cc6e07cc81ef91d28efde4f7010d446ea56ce548e571e7b7baff603ea3eaff4c7b9344ce7042938908c559f8b8a52f29d52f9edc5c14f5b1bccf5607,JE109747,969480.0,01/11/2021 02:09:00 PM,CALUMET CITY,IL,60409,F,26.0,USAGE UNKNOWN,NOT APPLICABLE,NONE,NO INDICATION OF INJURY,NONE,NOT OBSCURED,NORMAL,TEST NOT OFFERED,2021,JE109747,01/11/2021 02:09:00 PM,30,TRAFFIC SIGNAL,FUNCTIONING PROPERLY,CLEAR,DAYLIGHT,SIDESWIPE SAME DIRECTION,NOT DIVIDED,STRAIGHT AND LEVEL,DRY,NO DEFECTS,ON SCENE,NO INJURY / DRIVE AWAY,Y,Y,"OVER $1,500",01/11/2021 02:16:00 PM,IMPROPER LANE USAGE,"OPERATING VEHICLE IN ERRATIC, RECKLESS, CARELESS, NEGLIGENT OR AGGRESSIVE MANNER",699,W,59TH ST,711.0,4,NO INDICATION OF INJURY,0.0,0.0,0.0,0.0,0.0,4.0,0.0,14,2,1,41.786958847,-87.642468395,POINT (-87.642468395298 41.786958846815),2021,849
O1157216,DRIVER,4dadb7c7e630f18ffbfe6884304e9686aa458a42e7061425900ff9a5c0478ce62811db8d18bae1cf0cb0333b9c65c1151bc4daf7639d17edce271ea7e89d0f36,JE329927,1097715.0,08/07/2021 11:08:00 PM,SOUTH HOLLAND,IL,60473,M,53.0,USAGE UNKNOWN,"DEPLOYED, COMBINATION",NONE,NO INDICATION OF INJURY,NONE,NOT OBSCURED,NORMAL,TEST NOT OFFERED,2021,JE329927,08/07/2021 11:08:00 PM,30,TRAFFIC SIGNAL,FUNCTIONING PROPERLY,CLEAR,"DARKNESS, LIGHTED ROAD",ANGLE,FOUR WAY,STRAIGHT AND LEVEL,DRY,UNKNOWN,ON SCENE,INJURY AND / OR TOW DUE TO CRASH,Y,Y,"OVER $1,500",08/07/2021 11:08:00 PM,DISREGARDING TRAFFIC SIGNALS,DISREGARDING TRAFFIC SIGNALS,10700,S,COTTAGE GROVE AVE,513.0,2,NO INDICATION OF INJURY,0.0,0.0,0.0,0.0,0.0,3.0,0.0,23,7,8,41.70000749,-87.608364915,POINT (-87.608364915036 41.700007489875),2021,1388
O1071522,DRIVER,abf1a3b2d1fb43d283cd1d18f3e93a3160a90a617dfc03e92ae2e2288f50f0c81935494451fc367b4552f3c471dfd31432061ffefb4f957ff00d89e0fdbde3e6,JE190686,1016169.0,04/05/2021 10:54:00 PM,CHICAGO,IL,60620,M,29.0,USAGE UNKNOWN,DID NOT DEPLOY,NONE,NO INDICATION OF INJURY,OTHER,UNKNOWN,NORMAL,TEST NOT OFFERED,2021,JE190686,04/05/2021 10:54:00 PM,30,TRAFFIC SIGNAL,FUNCTIONING PROPERLY,CLEAR,"DARKNESS, LIGHTED ROAD",TURNING,FOUR WAY,STRAIGHT AND LEVEL,DRY,UNKNOWN,ON SCENE,INJURY AND / OR TOW DUE TO CRASH,Y,Y,"OVER $1,500",04/05/2021 10:54:00 PM,IMPROPER OVERTAKING/PASSING,UNABLE TO DETERMINE,8300,S,COTTAGE GROVE AVE,632.0,2,NO INDICATION OF INJURY,0.0,0.0,0.0,0.0,0.0,3.0,0.0,22,2,4,41.743873821,-87.605176161,POINT (-87.605176160557 41.743873821012),2021,1374
O1235696,DRIVER,01544a9caa114d84445f853a9defcf9c6fd8f9cc92631ffd0893c44a5e605b4400ad4f43f4db5f741ea2728b9d87274044720147a8c81a9cb92c772954cbd4af,JE459300,1172776.0,11/28/2021 03:00:00 AM,MATTESON,IL,60443,M,35.0,SAFETY BELT USED,NOT APPLICABLE,NONE,NO INDICATION OF INJURY,NONE,NOT OBSCURED,UNKNOWN,TEST NOT OFFERED,2021,JE459300,11/28/2021 03:00:00 AM,30,TRAFFIC SIGNAL,NO CONTROLS,CLEAR,"DARKNESS, LIGHTED ROAD",TURNING,FOUR WAY,STRAIGHT AND LEVEL,DRY,NO DEFECTS,NOT ON SCENE (DESK REPORT),NO INJURY / DRIVE AWAY,Y,Y,"OVER $1,500",11/28/2021 01:20:00 PM,DISREGARDING TRAFFIC SIGNALS,NOT APPLICABLE,7600,S,VINCENNES AVE,623.0,2,NO INDICATION OF INJURY,0.0,0.0,0.0,0.0,0.0,2.0,0.0,3,1,11,41.756285700999996,-87.632406663,POINT (-87.632406662789 41.756285700818),2021,180
O1104878,DRIVER,e76b26b49c9f5acf28476c5c52af1e274e60a1d7c81e28444211d1323f4c4f4c28067fa561348e5781d8647c2f1099d935a5206154b2719363b90b49591f80b1,JE245577,1048074.0,05/28/2021 10:07:00 AM,ORLAND HILLS,IL,60487,F,38.0,USAGE UNKNOWN,NOT APPLICABLE,NONE,NO INDICATION OF INJURY,NONE,NOT OBSCURED,NORMAL,TEST NOT OFFERED,2021,JE245577,05/28/2021 10:07:00 AM,30,TRAFFIC SIGNAL,FUNCTIONING PROPERLY,CLOUDY/OVERCAST,DAYLIGHT,SIDESWIPE SAME DIRECTION,DIVIDED - W/MEDIAN (NOT RAISED),STRAIGHT AND LEVEL,WET,NO DEFECTS,ON SCENE,NO INJURY / DRIVE AWAY,Y,Y,"$501 - $1,500",05/28/2021 10:09:00 AM,NOT APPLICABLE,NOT APPLICABLE,1555,W,47TH ST,933.0,2,NO INDICATION OF INJURY,0.0,0.0,0.0,0.0,0.0,2.0,0.0,10,6,5,41.808499087,-87.664663714,POINT (-87.664663714375 41.808499087041),2021,607
O1132488,DRIVER,02afbd90523197a76c32639e1159d8e7f5ea5da9aeaf94274665b9a6deab59c8ce1ca26ed0a6106b9a07c2f5347b1ac0fd8b0766043a0b6691d7dbac99d864e2,JE289280,1074237.0,07/04/2021 02:00:00 AM,CHICAGO,IL,60616,M,28.0,USAGE UNKNOWN,DID NOT DEPLOY,NONE,NO INDICATION OF INJURY,NONE,UNKNOWN,NORMAL,TEST NOT OFFERED,2021,JE289280,07/04/2021 02:00:00 AM,35,TRAFFIC SIGNAL,UNKNOWN,CLEAR,"DARKNESS, LIGHTED ROAD",ANGLE,FOUR WAY,STRAIGHT AND LEVEL,DRY,NO DEFECTS,ON SCENE,NO INJURY / DRIVE AWAY,Y,Y,"OVER $1,500",07/04/2021 02:30:00 AM,UNABLE TO DETERMINE,NOT APPLICABLE,9100,S,STATE ST,634.0,2,NO INDICATION OF INJURY,0.0,0.0,0.0,0.0,0.0,2.0,0.0,2,1,7,41.728947946999995,-87.624081304,POINT (-87.62408130375 41.728947946995),2021,120
O1081350,DRIVER,02e9104ef8d7224b6ce8fe2a178bf0aa5d6b564cce925a3b6778e29ce576abfa2e893a0910605f37e93c91bcece3c8e1f8fd57501cc81d83aeb7670517fcd7e7,JE207506,1025563.0,04/23/2021 09:10:00 AM,CHICAGO,IL,60651,F,60.0,SAFETY BELT USED,DID NOT DEPLOY,NONE,NONINCAPACITATING INJURY,UNKNOWN,NOT OBSCURED,NORMAL,TEST NOT OFFERED,2021,JE207506,04/23/2021 09:10:00 AM,30,STOP SIGN/FLASHER,FUNCTIONING PROPERLY,CLEAR,DAYLIGHT,REAR END,FOUR WAY,STRAIGHT AND LEVEL,DRY,NO DEFECTS,ON SCENE,INJURY AND / OR TOW DUE TO CRASH,Y,N,"OVER $1,500",04/23/2021 09:20:00 AM,UNABLE TO DETERMINE,UNABLE TO DETERMINE,2300,N,SACRAMENTO AVE,1414.0,4,NONINCAPACITATING INJURY,2.0,0.0,0.0,2.0,0.0,5.0,0.0,9,6,4,41.923282505,-87.70240913,POINT (-87.70240912951 41.923282505353),2021,550