PERSON_ID,PERSON_TYPE,CRASH_RECORD_ID,RD_NO_x,VEHICLE_ID,CRASH_DATE_x,CITY,STATE,ZIPCODE,SEX,AGE,SAFETY_EQUIPMENT,AIRBAG_DEPLOYED,EJECTION,INJURY_CLASSIFICATION,DRIVER_ACTION,DRIVER_VISION,PHYSICAL_CONDITION,BAC_RESULT,CRASH_YEAR_x,RD_NO_y,CRASH_DATE_y,POSTED_SPEED_LIMIT,TRAFFIC_CONTROL_DEVICE,DEVICE_CONDITION,WEATHER_CONDITION,LIGHTING_CONDITION,FIRST_CRASH_TYPE,TRAFFICWAY_TYPE,ALIGNMENT,ROADWAY_SURFACE_COND,ROAD_DEFECT,REPORT_TYPE,CRASH_TYPE,INTERSECTION_RELATED_I,HIT_AND_RUN_I,DAMAGE,DATE_POLICE_NOTIFIED,PRIM_CONTRIBUTORY_CAUSE,SEC_CONTRIBUTORY_CAUSE,STREET_NO,STREET_DIRECTION,STREET_NAME,BEAT_OF_OCCURRENCE,NUM_UNITS,MOST_SEVERE_INJURY,INJURIES_TOTAL,INJURIES_FATAL,INJURIES_INCAPACITATING,INJURIES_NON_INCAPACITATING,INJURIES_REPORTED_NOT_EVIDENT,INJURIES_NO_INDICATION,INJURIES_UNKNOWN,CRASH_HOUR,CRASH_DAY_OF_WEEK,CRASH_MONTH,LATITUDE,LONGITUDE,LOCATION,CRASH_YEAR_y,TIME
O1095736,DRIVER,a4a92026b54a034704d87a19208c3f2c6f0c323c3a7cb316d27c727a3819aa999ea9308da2a8b10c28fbcc6adbb803ba730b362763e6af0dbba8ee5c605d84be,JE230499,1039312.0,05/14/2021 11:36:00 PM,CHICAGO,IL,60641,M,28.0,SAFETY BELT USED,NOT APPLICABLE,NONE,NONINCAPACITATING INJURY,NONE,NOT OBSCURED,NORMAL,TEST NOT OFFERED,2021,JE230499,05/14/2021 11:36:00 PM,25,STOP SIGN/FLASHER,FUNCTIONING PROPERLY,CLEAR,"DARKNESS, LIGHTED ROAD",ANGLE,UNKNOWN INTERSECTION TYPE,STRAIGHT AND LEVEL,DRY,NO DEFECTS,ON SCENE,INJURY AND / OR TOW DUE TO CRASH,Y,Y,"OVER $1,500",05/14/2021 11:42:00 PM,UNABLE TO DETERMINE,DISREGARDING STOP SIGN,2701,W,BELDEN AVE,1431.0,2,NONINCAPACITATING INJURY,1.0,0.0,0.0,1.0,0.0,1.0,0.0,23,6,5,41.922858522,-87.695640667,POINT (-87.695640666565 41.922858522188),2021,1416
O1082263,DRIVER,ada67040796c43d18f04e71fa3a8673e1b6c20aab1c5eeee844f9f95ec85ee8744309f3b2c11dcb211d0f1fc7c541264c61304867dbce68ffdb0b9ce95fc5046,JE209072,1026443.0,04/24/2021 07:00:00 PM,CHICAGO,IL,60632,F,31.0,SAFETY BELT USED,NOT APPLICABLE,NONE,NO INDICATION OF INJURY,NONE,NOT OBSCURED,NORMAL,TEST NOT OFFERED,2021,JE209072,04/24/2021 07:00:00 PM,30,NO CONTROLS,NO CONTROLS,CLEAR,"DARKNESS, LIGHTED ROAD",REAR END,OTHER,STRAIGHT AND LEVEL,DRY,NO DEFECTS,ON SCENE,INJURY AND / OR TOW DUE TO CRASH,N,Y,"$501 - $1,500",04/24/2021 07:24:00 PM,FOLLOWING TOO CLOSELY,UNABLE TO DETERMINE,1232,W,50TH ST,933.0,2,NO INDICATION OF INJURY,0.0,0.0,0.0,0.0,0.0,4.0,0.0,19,7,4,41.803363477,-87.656383768,POINT (-87.656383767773 41.80336347713),2021,1140
O1045029,DRIVER,65aa62842c411d1ca17c7af4f5470360e6bbaadca3637b57a1a44af61d5cb95ba197aa9d8df62213e2ff787facffba92ebaa198d7a235a93c65b781ecd8b9695,JE145215,990738.0,02/18/2021 06:35:00 PM,CHICAGO,IL,60619,M,35.0,USAGE UNKNOWN,DID NOT DEPLOY,NONE,NO INDICATION OF INJURY,NONE,UNKNOWN,NORMAL,TEST NOT OFFERED,2021,JE145215,02/18/2021 06:35:00 PM,30,TRAFFIC SIGNAL,FUNCTIONING PROPERLY,CLEAR,"DARKNESS, LIGHTED ROAD",REAR END,DIVIDED - W/MEDIAN BARRIER,STRAIGHT AND LEVEL,WET,NO DEFECTS,ON SCENE,NO INJURY / DRIVE AWAY,Y,Y,"$501 - $1,500",02/18/2021 06:38:00 PM,UNABLE TO DETERMINE,UNABLE TO DETERMINE,3359,W,DOUGLAS BLVD,1021.0,2,NO INDICATION OF INJURY,0.0,0.0,0.0,0.0,0.0,2.0,0.0,18,5,2,41.862345221,-87.71036887700001,POINT (-87.710368877489 41.862345221148),2021,1115
O1155948,DRIVER,37a1e22f60c918638570c2866b75ca1a8660e6cff5c8da8990a347032f39022ad65322d4cc9c0585eff2fab704664db43f6bd9850f050e24682a8de28fb0dea5,JE327028,1096512.0,08/02/2021 11:40:00 PM,CHICAGO,IL,60629,M,41.0,SAFETY BELT USED,DID NOT DEPLOY,NONE,NO INDICATION OF INJURY,NONE,NOT OBSCURED,NORMAL,TEST NOT OFFERED,2021,JE327028,08/02/2021 11:40:00 PM,30,TRAFFIC SIGNAL,FUNCTIONING PROPERLY,CLEAR,"DARKNESS, LIGHTED ROAD",ANGLE,FOUR WAY,STRAIGHT AND LEVEL,DRY,NO DEFECTS,NOT ON SCENE (DESK REPORT),NO INJURY / DRIVE AWAY,Y,Y,"OVER $1,500",08/05/2021 10:30:00 AM,UNABLE TO DETERMINE,UNABLE TO DETERMINE,6900,S,ASHLAND AVE,735.0,2,NO INDICATION OF INJURY,0.0,0.0,0.0,0.0,0.0,2.0,0.0,23,2,8,41.76845491,-87.66403843299999,POINT (-87.664038433009 41.768454909931),2021,1420
O1215451,DRIVER,17ff5eb01d1e9111d3368d0520af3b736e3d4517a3f3dc61517624c9367ebcff054ac968aad78c6eb19356bcb38f0650d2e0e1e4d0ee46fef43e49d9d16f98c3,JE426182,1153329.0,10/29/2021 03:55:00 AM,CHICAGO,IL,60609,M,65.0,USAGE UNKNOWN,DID NOT DEPLOY,NONE,NONINCAPACITATING INJURY,NONE,NOT OBSCURED,REMOVED BY EMS,TEST NOT OFFERED,2021,JE426182,10/29/2021 03:55:00 AM,30,TRAFFIC SIGNAL,FUNCTIONING PROPERLY,RAIN,"DARKNESS, LIGHTED ROAD",TURNING,FOUR WAY,STRAIGHT AND LEVEL,WET,NO DEFECTS,ON SCENE,INJURY AND / OR TOW DUE TO CRASH,Y,Y,"OVER $1,500",10/29/2021 04:00:00 AM,IMPROPER TURNING/NO SIGNAL,NOT APPLICABLE,1201,S,CENTRAL PARK AVE,1021.0,2,NONINCAPACITATING INJURY,1.0,0.0,0.0,1.0,0.0,1.0,0.0,3,6,10,41.866234828,-87.715272176,POINT (-87.715272176429 41.866234828383),2021,235
O1161343,DRIVER,29d533f185bfacaff5b18a6b471157efa031ca84ffdd984a23ecb2269d77ffba60f159769a4551ca66e746b0052075a64a17a34d28d3c773e4b04c515681db96,JE336630,1101645.0,08/13/2021 09:21:00 PM,CHICAGO,IL,60619,M,29.0,SAFETY BELT USED,DID NOT DEPLOY,NONE,NO INDICATION OF INJURY,NONE,NOT OBSCURED,NORMAL,TEST NOT OFFERED,2021,JE336630,08/13/2021 09:21:00 PM,30,STOP SIGN/FLASHER,FUNCTIONING PROPERLY,CLEAR,DAYLIGHT,TURNING,DIVIDED - W/MEDIAN (NOT RAISED),STRAIGHT AND LEVEL,DRY,NO DEFECTS,NOT ON SCENE (DESK REPORT),NO INJURY / DRIVE AWAY,Y,Y,"$501 - $1,500",08/13/2021 11:00:00 PM,FAILING TO REDUCE SPEED TO AVOID CRASH,DRIVING SKILLS/KNOWLEDGE/EXPERIENCE,9300,S,PRAIRIE AVE,633.0,2,NO INDICATION OF INJURY,0.0,0.0,0.0,0.0,0.0,2.0,0.0,21,6,8,41.72539226,-87.618010648,POINT (-87.618010647535 41.725392259579),2021,1281
O1167041,DRIVER,a71cf044ee62ef158b5aa9fa9bd4780a4572aaf3aeab94f05cebe7a5f2c9a6e791b38c766699803f9b0bb7837b3ff3d268cf7afea28a2e18fa938cad76ca78a3,JE345872,1107053.0,08/21/2021 03:35:00 PM,WHITE BEAR LAKE,MN,55110,M,21.0,USAGE UNKNOWN,DID NOT DEPLOY,NONE,NO INDICATION OF INJURY,NONE,NOT OBSCURED,NORMAL,TEST NOT OFFERED,2021,JE345872,08/21/2021 03:35:00 PM,30,STOP SIGN/FLASHER,FUNCTIONING PROPERLY,UNKNOWN,DAYLIGHT,REAR END,DIVIDED - W/MEDIAN (NOT RAISED),STRAIGHT AND LEVEL,UNKNOWN,UNKNOWN,NOT ON SCENE (DESK REPORT),NO INJURY / DRIVE AWAY,Y,Y,"OVER $1,500",08/22/2021 09:50:00 AM,FOLLOWING TOO CLOSELY,FAILING TO REDUCE SPEED TO AVOID CRASH,1903,S,CALIFORNIA AVE,1023.0,2,NO INDICATION OF INJURY,0.0,0.0,0.0,0.0,0.0,3.0,0.0,15,7,8,41.855449568000004,-87.69541798600001,POINT (-87.695417985663 41.855449568127),2021,935
O1204783,DRIVER,ba6afea139d0e8fff95a5b5da84604497633d2d92fef17b64d7f55cbe3e1156d67fcb055249e319688abca564f6692b728e47399419207aefc04b985d1f667d1,JE408851,1143144.0,10/13/2021 06:00:00 PM,CHICAGO,IL,60619,F,68.0,USAGE UNKNOWN,DID NOT DEPLOY,NONE,NO INDICATION OF INJURY,NONE,NOT OBSCURED,NORMAL,TEST NOT OFFERED,2021,JE408851,10/13/2021 06:00:00 PM,30,TRAFFIC SIGNAL,FUNCTIONING PROPERLY,CLEAR,"DARKNESS, LIGHTED ROAD",REAR END,NOT DIVIDED,STRAIGHT AND LEVEL,DRY,NO DEFECTS,NOT ON SCENE (DESK REPORT),NO INJURY / DRIVE AWAY,Y,Y,"OVER $1,500",10/13/2021 09:10:00 PM,FOLLOWING TOO CLOSELY,"OPERATING VEHICLE IN ERRATIC, RECKLESS, CARELESS, NEGLIGENT OR AGGRESSIVE MANNER",11900,S,MORGAN ST,524.0,2,NO INDICATION OF INJURY,0.0,0.0,0.0,0.0,0.0,2.0,0.0,18,4,10,41.677655865,-87.646706001,POINT (-87.64670600087 41.677655864628),2021,1080
O1215308,DRIVER,853c5ff9546ccb0964dae14433b3266566ab9e739a09c82950790641ef9370ac1adbec8ecd048e1f07c0c506d54d1d90c5b74ae1b9041c3eb3afc7b8fc579a33,JE425992,1153191.0,10/28/2021 08:30:00 PM,CHICAGO,IL,60641,M,41.0,SAFETY BELT USED,NOT APPLICABLE,NONE,NO INDICATION OF INJURY,NONE,NOT OBSCURED,NORMAL,TEST NOT OFFERED,2021,JE425992,10/28/2021 08:30:00 PM,30,TRAFFIC SIGNAL,FUNCTIONING PROPERLY,RAIN,"DARKNESS, LIGHTED ROAD",REAR END,FOUR WAY,STRAIGHT AND LEVEL,DRY,NO DEFECTS,ON SCENE,NO INJURY / DRIVE AWAY,Y,Y,"OVER $1,500",10/28/2021 08:50:00 PM,FOLLOWING TOO CLOSELY,FOLLOWING TOO CLOSELY,4859,W,BELMONT AVE,2521.0,2,NO INDICATION OF INJURY,0.0,0.0,0.0,0.0,0.0,2.0,0.0,20,5,10,41.938687104,-87.749214015,POINT (-87.749214014822 41.938687104352),2021,1230
O1143860,DRIVER,9def4d059d428fe98d30f10e74076d7fa8561fd10a995b680b559c88132f249c0b30fa7ffc68cc70221efac9fbc49d051b92603ccd14ae3ec6732cf677e58707,JE308092,1084999.0,07/20/2021 04:02:00 PM,CHICAGO,IL,60645,F,26.0,SAFETY BELT USED,NOT APPLICABLE,NONE,NO INDICATION OF INJURY,NONE,NOT OBSCURED,NORMAL,TEST NOT OFFERED,2021,JE308092,07/20/2021 04:02:00 PM,30,TRAFFIC SIGNAL,FUNCTIONING PROPERLY,CLEAR,DAYLIGHT,TURNING,ONE-WAY,STRAIGHT AND LEVEL,DRY,NO DEFECTS,ON SCENE,NO INJURY / DRIVE AWAY,Y,Y,"OVER $1,500",07/20/2021 04:35:00 PM,FAILING TO YIELD RIGHT-OF-WAY,NOT APPLICABLE,200,N,WABASH AVE,111.0,2,NO INDICATION OF INJURY,0.0,0.0,0.0,0.0,0.0,2.0,0.0,16,3,7,41.885757418000004,-87.626426369,POINT (-87.626426369268 41.88575741772),2021,962
O1176707,DRIVER,3006455e5fed034904297657677fdb1b34ba599db1db7b38b4def9067ddb2ee0d343481c2e91cccd6e61816bb3f4c2cfd868a3aaf7e9b88f396968f4261b644e,JE361591,1116287.0,09/04/2021 04:30:00 PM,CHICAGO,IL,60623,F,35.0,USAGE UNKNOWN,NOT APPLICABLE,NONE,NO INDICATION OF INJURY,UNKNOWN,UNKNOWN,NORMAL,TEST NOT OFFERED,2021,JE361591,09/04/2021 04:30:00 PM,30,TRAFFIC SIGNAL,UNKNOWN,CLEAR,DAYLIGHT,ANGLE,NOT DIVIDED,STRAIGHT AND LEVEL,DRY,NO DEFECTS,NOT ON SCENE (DESK REPORT),NO INJURY / DRIVE AWAY,Y,Y,"$501 - $1,500",09/04/2021 04:53:00 PM,DISREGARDING TRAFFIC SIGNALS,UNABLE TO DETERMINE,3000,W,ROOSEVELT RD,1134.0,2,NO INDICATION OF INJURY,0.0,0.0,0.0,0.0,0.0,2.0,0.0,16,7,9,41.866564727,-87.70085147799999,POINT (-87.70085147848 41.866564726967),2021,990
O1123114,DRIVER,164aefcf8169a6f5ff44e6f00a4ae1d381d60eb51552ffadbc1ec795c91d8229e8bce77167cdb06e306fdc0f2d52d2a0b3c4386154154e97b0dd03975548ea18,JE274053,1065298.0,06/20/2021 11:45:00 AM,HAZELCREST,IL,60429,M,40.0,SAFETY BELT USED,NOT APPLICABLE,NONE,NO INDICATION OF INJURY,OTHER,NOT OBSCURED,NORMAL,TEST NOT OFFERED,2021,JE274053,06/20/2021 11:45:00 AM,30,STOP SIGN/FLASHER,FUNCTIONING PROPERLY,RAIN,"DARKNESS, LIGHTED ROAD",ANGLE,FOUR WAY,STRAIGHT AND LEVEL,WET,NO DEFECTS,NOT ON SCENE (DESK REPORT),NO INJURY / DRIVE AWAY,Y,Y,"OVER $1,500",06/21/2021 10:55:00 AM,FAILING TO YIELD RIGHT-OF-WAY,UNABLE TO DETERMINE,1900,W,70TH ST,735.0,2,NO INDICATION OF INJURY,0.0,0.0,0.0,0.0,0.0,2.0,0.0,11,1,6,41.766757154000004,-87.67121300299999,POINT (-87.671213003457 41.766757153723),2021,705
O1110774,DRIVER,388312e126bde3ff5d8167055b63b0c030159e0983f7a6bb68b5233740051d6750dbf3c5b11461362e03f0faab904801549cb29b07d11d1ba771fef340e1a6e6,JE254792,1053689.0,06/05/2021 02:55:00 PM,CHICAGO,IL,60651,F,22.0,SAFETY BELT USED,DID NOT DEPLOY,NONE,"REPORTED, NOT EVIDENT",FAILED TO YIELD,UNKNOWN,NORMAL,TEST NOT OFFERED,2021,JE254792,06/05/2021 02:55:00 PM,30,STOP SIGN/FLASHER,FUNCTIONING PROPERLY,CLEAR,DAYLIGHT,TURNING,NOT DIVIDED,STRAIGHT AND LEVEL,DRY,NO DEFECTS,ON SCENE,INJURY AND / OR TOW DUE TO CRASH,Y,Y,"OVER $1,500",06/05/2021 02:57:00 PM,FAILING TO YIELD RIGHT-OF-WAY,FAILING TO YIELD RIGHT-OF-WAY,3432,W,CHICAGO AVE,1121.0,2,"REPORTED, NOT EVIDENT",1.0,0.0,0.0,0.0,1.0,1.0,0.0,14,7,6,41.895605335,-87.71259633700001,POINT (-87.712596337189 41.895605334877),2021,895
O1200625,DRIVER,9acb0678c7de20f04b58e9be8719ccd24775c538d531de6d9a214aee005e4b68227340b190365e005d53277ecb0d1fb916d07c346cda705c95dc29e29e2bfe7c,JE402008,1139188.0,10/07/2021 09:20:00 PM,CHICAGO,IL,60641,F,44.0,SAFETY BELT USED,DID NOT DEPLOY,NONE,NO INDICATION OF INJURY,NONE,NOT OBSCURED,NORMAL,TEST NOT OFFERED,2021,JE402008,10/07/2021 09:20:00 PM,30,TRAFFIC SIGNAL,FUNCTIONING PROPERLY,CLEAR,"DARKNESS, LIGHTED ROAD",TURNING,DIVIDED - W/MEDIAN (NOT RAISED),STRAIGHT AND LEVEL,WET,NO DEFECTS,ON SCENE,NO INJURY / DRIVE AWAY,Y,Y,"$501 - $1,500",10/07/2021 09:28:00 PM,FAILING TO YIELD RIGHT-OF-WAY,NOT APPLICABLE,1959,W,GRAND AVE,1221.0,2,NO INDICATION OF INJURY,0.0,0.0,0.0,0.0,0.0,2.0,0.0,21,5,10,41.890716713,-87.67678251,POINT (-87.676782509902 41.890716713058),2021,1280
O1053488,DRIVER,0689cf2b96a5e5a34d5a29c10a7a8c2aff2a596419b6639b6590348592080329b077884bc56c9cd83e12248d7e2ba461b6fe7d437ce9d159a1ee364b3fbc7dca,JE159103,998911.0,03/04/2021 03:00:00 PM,LAS VEGAS,NV,89119,F,29.0,SAFETY BELT USED,"DEPLOYED, COMBINATION",NONE,NO INDICATION OF INJURY,NONE,NOT OBSCURED,NORMAL,TEST NOT OFFERED,2021,JE159103,03/04/2021 03:00:00 PM,30,NO CONTROLS,NO CONTROLS,CLEAR,DAYLIGHT,ANGLE,DIVIDED - W/MEDIAN BARRIER,STRAIGHT AND LEVEL,DRY,UNKNOWN,ON SCENE,INJURY AND / OR TOW DUE TO CRASH,Y,Y,"OVER $1,500",03/04/2021 03:00:00 PM,FAILING TO YIELD RIGHT-OF-WAY,DRIVING ON WRONG SIDE/WRONG WAY,8561,S,ASHLAND AVE,614.0,2,NO INDICATION OF INJURY,0.0,0.0,0.0,0.0,0.0,4.0,0.0,15,5,3,41.737707201999996,-87.66296803700001,POINT (-87.662968036927 41.737707202395),2021,900
O1183006,DRIVER,7104f900516061a7356004a106a1c1f111abfec5ba9f535effca66a8993f31b62cd1317f6b8801113c156096ffe3976757cf241c81531c8791eff9f10b3d7fdb,JE372354,1122357.0,09/13/2021 05:58:00 PM,CHICAGO,IL,60639,M,38.0,USAGE UNKNOWN,NOT APPLICABLE,NONE,NO INDICATION OF INJURY,UNKNOWN,NOT OBSCURED,NORMAL,TEST NOT OFFERED,2021,JE372354,09/13/2021 05:58:00 PM,30,STOP SIGN/FLASHER,NO CONTROLS,CLEAR,DAYLIGHT,ANGLE,NOT DIVIDED,STRAIGHT AND LEVEL,DRY,NO DEFECTS,ON SCENE,INJURY AND / OR TOW DUE TO CRASH,Y,Y,"$501 - $1,500",09/13/2021 06:15:00 PM,FAILING TO YIELD RIGHT-OF-WAY,NOT APPLICABLE,1700,N,NARRAGANSETT AVE,2513.0,3,NO INDICATION OF INJURY,0.0,0.0,0.0,0.0,0.0,4.0,0.0,17,2,9,41.911047057,-87.785210362,POINT (-87.785210361835 41.911047057406),2021,1078
O1233953,DRIVER,558b2610289a761c17737b9d2ee931e487d132c035ca5fda29f7f82fe970eef2fad64c16fa6446b914bbf3caeb523e6d7b6e0465ff0422c6e96c8931f313f5be,JE456302,1171085.0,11/24/2021 11:00:00 PM,CHICAGO,IL,60628,F,49.0,USAGE UNKNOWN,DID NOT DEPLOY,NONE,NONINCAPACITATING INJURY,NONE,NOT OBSCURED,NORMAL,TEST NOT OFFERED,2021,JE456302,11/24/2021 11:00:00 PM,35,TRAFFIC SIGNAL,FUNCTIONING PROPERLY,CLEAR,"DARKNESS, LIGHTED ROAD",TURNING,FOUR WAY,STRAIGHT AND LEVEL,WET,NO DEFECTS,NOT ON SCENE (DESK REPORT),INJURY AND / OR TOW DUE TO CRASH,Y,Y,"OVER $1,500",11/24/2021 11:30:00 PM,UNABLE TO DETERMINE,UNABLE TO DETERMINE,6600,S,STATE ST,312.0,2,NONINCAPACITATING INJURY,1.0,0.0,0.0,1.0,0.0,1.0,0.0,23,4,11,41.774915770999996,-87.62532691700001,POINT (-87.625326917393 41.774915771313),2021,1380
O1102656,DRIVER,17dcea40cbf8c9b0ba6af95b772af2e30326a9797ec9d13f703d72f1547718d7d409749c4b499eb29bdf5f961c5eddff586fa96237db4da37314881ea3d76b8d,JE242136,1045942.0,05/25/2021 10:03:00 AM,CALUMET CITY,IL,60409,F,24.0,USAGE UNKNOWN,"DEPLOYED, COMBINATION",NONE,NO INDICATION OF INJURY,DISREGARDED CONTROL DEVICES,UNKNOWN,NORMAL,TEST NOT OFFERED,2021,JE242136,05/25/2021 10:03:00 AM,30,TRAFFIC SIGNAL,FUNCTIONING PROPERLY,CLEAR,DAYLIGHT,HEAD ON,FOUR WAY,STRAIGHT ON GRADE,DRY,UNKNOWN,ON SCENE,INJURY AND / OR TOW DUE TO CRASH,Y,Y,"OVER $1,500",05/25/2021 10:07:00 AM,DRIVING ON WRONG SIDE/WRONG WAY,IMPROPER LANE USAGE,10301,S,WESTERN AVE,2212.0,2,NONINCAPACITATING INJURY,1.0,0.0,0.0,1.0,0.0,1.0,0.0,10,3,5,41.706288117,-87.68147073,POINT (-87.681470730043 41.706288116534),2021,603
O1137464,DRIVER,31515c1c6d9d9cff21c727c01ea215277f212c0bc6c0f9341f53c5cf688698d99165649cdea5adbb401fa0a7d0c7e608b8f83a518c88be32c0702f1fae4059f7,JE297434,1078910.0,07/10/2021 10:25:00 PM,CHICAGO,IL,60620,F,33.0,SAFETY BELT USED,DID NOT DEPLOY,NONE,NONINCAPACITATING INJURY,NONE,NOT OBSCURED,NORMAL,TEST NOT OFFERED,2021,JE297434,07/10/2021 10:25:00 PM,30,TRAFFIC SIGNAL,FUNCTIONING PROPERLY,CLEAR,"DARKNESS, LIGHTED ROAD",TURNING,NOT DIVIDED,STRAIGHT AND LEVEL,DRY,NO DEFECTS,NOT ON SCENE (DESK REPORT),INJURY AND / OR TOW DUE TO CRASH,Y,Y,"OVER $1,500",07/10/2021 11:00:00 PM,IMPROPER TURNING/NO SIGNAL,NOT APPLICABLE,8300,S,LA SALLE ST,622.0,2,NONINCAPACITATING INJURY,1.0,0.0,0.0,1.0,0.0,2.0,0.0,22,7,7,41.74350578,-87.62819656,POINT (-87.628196560035 41.743505780006),2021,1345
O1069298,DRIVER,d3671d21e84df3465d0c0c9e81f5209eaf957e7f50cb15cd561064106b649b22f134fc52f1d8fec43703eabbce94a069b667cf862751a4b5f377b9d8d6a8b152,JE187305,1014037.0,04/02/2021 02:17:00 PM,HAMMOND,IN,66327,M,34.0,SAFETY BELT USED,DID NOT DEPLOY,NONE,NO INDICATION OF INJURY,NONE,NOT OBSCURED,NORMAL,TEST NOT OFFERED,2021,JE187305,04/02/2021 02:17:00 PM,30,TRAFFIC SIGNAL,FUNCTIONING PROPERLY,CLEAR,DAYLIGHT,SIDESWIPE SAME DIRECTION,NOT DIVIDED,STRAIGHT AND LEVEL,DRY,NO DEFECTS,ON SCENE,NO INJURY / DRIVE AWAY,Y,Y,"$501 - $1,500",04/02/2021 02:17:00 PM,UNABLE TO DETERMINE,NOT APPLICABLE,601,W,IRVING PARK DR,1925.0,2,NO INDICATION OF INJURY,0.0,0.0,0.0,0.0,0.0,2.0,0.0,14,6,4,41.954526042,-87.645322614,POINT (-87.645322613574 41.954526041729),2021,857
O1187802,DRIVER,1513173d4f4d85ebc6a15020f42250d041c8fd8d97182bc694c091280a5ebea93eac7e73df893ab35b594c096c5ed6f586960286c1fe629ab96c3e0b925f9421,JE380178,1126912.0,09/19/2021 11:13:00 PM,CHICAGO,IL,60621,F,47.0,USAGE UNKNOWN,"DEPLOYED, FRONT",NONE,NONINCAPACITATING INJURY,NONE,NOT OBSCURED,NORMAL,TEST NOT OFFERED,2021,JE380178,09/19/2021 11:13:00 PM,30,TRAFFIC SIGNAL,FUNCTIONING PROPERLY,CLEAR,"DARKNESS, LIGHTED ROAD",ANGLE,FOUR WAY,STRAIGHT AND LEVEL,DRY,NO DEFECTS,ON SCENE,INJURY AND / OR TOW DUE TO CRASH,N,Y,"$501 - $1,500",09/19/2021 11:14:00 PM,DISREGARDING TRAFFIC SIGNALS,NOT APPLICABLE,5500,S,HALSTED ST,712.0,2,NONINCAPACITATING INJURY,1.0,0.0,0.0,1.0,0.0,1.0,0.0,23,1,9,41.793869011999995,-87.645294902,POINT (-87.645294901547 41.793869012306),2021,1393
O1066995,DRIVER,f1747de8b442afc84a7e8df637fb41115fb4e867fd85dc873ca36f9599f60c3a01aea941067bd606c8b32b90791c67db3771032ae3c4faaeec75a53bff70c98f,JE183451,1011922.0,03/29/2021 05:15:00 PM,CHICAGO,IL,60617,F,41.0,NONE PRESENT,NOT APPLICABLE,NONE,NO INDICATION OF INJURY,NONE,UNKNOWN,NORMAL,TEST NOT OFFERED,2021,JE183451,03/29/2021 05:15:00 PM,35,TRAFFIC SIGNAL,UNKNOWN,CLEAR,DAYLIGHT,SIDESWIPE OPPOSITE DIRECTION,FOUR WAY,STRAIGHT AND LEVEL,DRY,UNKNOWN,ON SCENE,NO INJURY / DRIVE AWAY,Y,Y,$500 OR LESS,03/29/2021 05:15:00 PM,IMPROPER OVERTAKING/PASSING,NOT APPLICABLE,7900,S,STONY ISLAND AVE,411.0,2,NO INDICATION OF INJURY,0.0,0.0,0.0,0.0,0.0,3.0,0.0,17,2,3,41.751460603000005,-87.58597199299999,POINT (-87.585971992965 41.751460603167),2021,1035
O1080112,DRIVER,d19d882e3da6f32d2400b8878f1e45e8c9f0bae25dca8186971f3b2d870127a0647e0cc086997441ef044e4f5a9324ff2cc3f2393e48df4785ce65dd655dd88b,JE205381,1024359.0,04/21/2021 05:46:00 AM,OAKLAWN,IL,60453,M,31.0,SAFETY BELT USED,NOT APPLICABLE,NONE,"REPORTED, NOT EVIDENT",NONE,NOT OBSCURED,NORMAL,TEST NOT OFFERED,2021,JE205381,04/21/2021 05:46:00 AM,30,TRAFFIC SIGNAL,FUNCTIONING PROPERLY,CLEAR,DAWN,TURNING,FOUR WAY,STRAIGHT AND LEVEL,DRY,NO DEFECTS,ON SCENE,INJURY AND / OR TOW DUE TO CRASH,Y,Y,"OVER $1,500",04/21/2021 05:46:00 AM,DISREGARDING TRAFFIC SIGNALS,NOT APPLICABLE,7159,S,CICERO AVE,833.0,2,"REPORTED, NOT EVIDENT",1.0,0.0,0.0,0.0,1.0,1.0,0.0,5,4,4,41.76224077,-87.741693289,POINT (-87.741693289207 41.762240770378),2021,346
O1019675,DRIVER,530e60c883d4d9bac94f9369be8b9511d360f8cad73ab77089c74e447fcc48a949305719b584ead5dd6fdd9037eb2605f25c00bf039035015ddd598cb3453ea5,JE103378,966459.0,01/04/2021 02:50:00 PM,CHICAGO,IL,60620,F,80.0,SAFETY BELT USED,NOT APPLICABLE,NONE,NO INDICATION OF INJURY,NONE,UNKNOWN,NORMAL,TEST NOT OFFERED,2021,JE103378,01/04/2021 02:50:00 PM,30,TRAFFIC SIGNAL,FUNCTIONING PROPERLY,CLEAR,DUSK,SIDESWIPE SAME DIRECTION,NOT DIVIDED,STRAIGHT AND LEVEL,DRY,UNKNOWN,NOT ON SCENE (DESK REPORT),INJURY AND / OR TOW DUE TO CRASH,Y,Y,"OVER $1,500",01/04/2021 06:45:00 PM,UNABLE TO DETERMINE,UNABLE TO DETERMINE,1200,W,71ST ST,734.0,2,NO INDICATION OF INJURY,0.0,0.0,0.0,0.0,0.0,2.0,0.0,14,2,1,41.765165958000004,-87.6541792,POINT (-87.654179199896 41.765165958332),2021,890