PERSON_ID,PERSON_TYPE,CRASH_RECORD_ID,RD_NO_x,VEHICLE_ID,CRASH_DATE_x,CITY,STATE,ZIPCODE,SEX,AGE,SAFETY_EQUIPMENT,AIRBAG_DEPLOYED,EJECTION,INJURY_CLASSIFICATION,DRIVER_ACTION,DRIVER_VISION,PHYSICAL_CONDITION,BAC_RESULT,CRASH_YEAR_x,RD_NO_y,CRASH_DATE_y,POSTED_SPEED_LIMIT,TRAFFIC_CONTROL_DEVICE,DEVICE_CONDITION,WEATHER_CONDITION,LIGHTING_CONDITION,FIRST_CRASH_TYPE,TRAFFICWAY_TYPE,ALIGNMENT,ROADWAY_SURFACE_COND,ROAD_DEFECT,REPORT_TYPE,CRASH_TYPE,INTERSECTION_RELATED_I,HIT_AND_RUN_I,DAMAGE,DATE_POLICE_NOTIFIED,PRIM_CONTRIBUTORY_CAUSE,SEC_CONTRIBUTORY_CAUSE,STREET_NO,STREET_DIRECTION,STREET_NAME,BEAT_OF_OCCURRENCE,NUM_UNITS,MOST_SEVERE_INJURY,INJURIES_TOTAL,INJURIES_FATAL,INJURIES_INCAPACITATING,INJURIES_NON_INCAPACITATING,INJURIES_REPORTED_NOT_EVIDENT,INJURIES_NO_INDICATION,INJURIES_UNKNOWN,CRASH_HOUR,CRASH_DAY_OF_WEEK,CRASH_MONTH,LATITUDE,LONGITUDE,LOCATION,CRASH_YEAR_y,TIME
O1052022,DRIVER,693dcd0ce1fcfab80b40649fe823b25d892d929914cc0e33eda0e5322df37eb3d9c2cdf1c6c2e76891dd651c8b6dca7e6751faf61e7ad758aae15a7152753300,JE156319,997502.0,03/01/2021 06:13:00 PM,CHICAGO,IL,60628,F,26.0,SAFETY BELT USED,NOT APPLICABLE,NONE,NO INDICATION OF INJURY,NONE,UNKNOWN,NORMAL,TEST NOT OFFERED,2021,JE156319,03/01/2021 06:13:00 PM,30,STOP SIGN/FLASHER,NO CONTROLS,CLEAR,"DARKNESS, LIGHTED ROAD",HEAD ON,FOUR WAY,STRAIGHT AND LEVEL,DRY,NO DEFECTS,NOT ON SCENE (DESK REPORT),NO INJURY / DRIVE AWAY,Y,Y,"OVER $1,500",03/01/2021 07:40:00 PM,NOT APPLICABLE,UNABLE TO DETERMINE,11900,S,PRINCETON AVE,522.0,2,NO INDICATION OF INJURY,0.0,0.0,0.0,0.0,0.0,2.0,0.0,18,2,3,41.677854881,-87.630011937,POINT (-87.630011936619 41.677854880562),2021,1093
O1159710,DRIVER,ecd7143ec69b9916a7e94fb871509a269a488cf73b786e29a9ce5cb99adf2e803e9577d9b1671ef5d737ea1936390deac3d283955e9098905fc3c49e29578e56,JE334056,1100130.0,08/11/2021 04:03:00 PM,CHICAGO,IL,60639,M,57.0,SAFETY BELT USED,DID NOT DEPLOY,NONE,"REPORTED, NOT EVIDENT",NONE,UNKNOWN,NORMAL,TEST NOT OFFERED,2021,JE334056,08/11/2021 04:03:00 PM,30,STOP SIGN/FLASHER,FUNCTIONING PROPERLY,CLEAR,DAYLIGHT,TURNING,DIVIDED - W/MEDIAN (NOT RAISED),STRAIGHT AND LEVEL,DRY,UNKNOWN,ON SCENE,INJURY AND / OR TOW DUE TO CRASH,Y,Y,"OVER $1,500",08/11/2021 04:04:00 PM,TURNING RIGHT ON RED,NOT APPLICABLE,4002,W,ROOSEVELT RD,1132.0,3,"REPORTED, NOT EVIDENT",2.0,0.0,0.0,0.0,2.0,2.0,0.0,16,4,8,41.866279953,-87.72530731200001,POINT (-87.725307311971 41.866279953201),2021,963
O1243741,DRIVER,8465b71081c55c3a000c9ea436efc5e239136c901d8373b4cacfbc528943755203e9733ca9145e6ae68f7ec81c268bef236fb73a5df1484b8935d9eb4660c257,JE473187,1180478.0,12/10/2021 09:00:00 PM,CHICAGO,IL,60624,F,35.0,SAFETY BELT USED,"DEPLOYED, COMBINATION",NONE,NO INDICATION OF INJURY,NONE,UNKNOWN,NORMAL,TEST NOT OFFERED,2021,JE473187,12/10/2021 09:00:00 PM,30,TRAFFIC SIGNAL,FUNCTIONING PROPERLY,RAIN,"DARKNESS, LIGHTED ROAD",ANGLE,FOUR WAY,STRAIGHT ON GRADE,WET,UNKNOWN,ON SCENE,INJURY AND / OR TOW DUE TO CRASH,Y,Y,"OVER $1,500",12/10/2021 09:05:00 PM,DISREGARDING TRAFFIC SIGNALS,NOT APPLICABLE,300,S,KEDZIE AVE,1134.0,3,"REPORTED, NOT EVIDENT",1.0,0.0,0.0,0.0,1.0,3.0,0.0,21,6,12,41.877251044,-87.706159227,POINT (-87.706159226855 41.877251043563),2021,1260
O1235897,DRIVER,b89c34975d3024a30ca770a6fa81ea0a3853a52043ea12e5ea98c7ac4efb86b367d0e13372dd39a1e9107e23a93dc5f5ee140baa48a74816f90a732907e7b19c,JE459512,1172977.0,11/28/2021 04:40:00 PM,CHICAGO,IL,60647,F,25.0,USAGE UNKNOWN,DID NOT DEPLOY,NONE,NONINCAPACITATING INJURY,NONE,NOT OBSCURED,NORMAL,TEST NOT OFFERED,2021,JE459512,11/28/2021 04:40:00 PM,35,TRAFFIC SIGNAL,FUNCTIONING PROPERLY,CLEAR,"DARKNESS, LIGHTED ROAD",REAR END,NOT DIVIDED,STRAIGHT AND LEVEL,DRY,NO DEFECTS,ON SCENE,INJURY AND / OR TOW DUE TO CRASH,Y,Y,"OVER $1,500",11/28/2021 05:03:00 PM,FOLLOWING TOO CLOSELY,FOLLOWING TOO CLOSELY,2201,N,CICERO AVE,2522.0,3,NONINCAPACITATING INJURY,1.0,0.0,0.0,1.0,0.0,3.0,0.0,16,1,11,41.920677672,-87.746065504,POINT (-87.746065504081 41.920677672101),2021,1000
O1046277,DRIVER,76518e974acd5806d4399b4f2b6fe0a086b21490011b1c024bdfcccc90d234a7a7046db51910fb5403c150045c03e7462798e753fe6d87f3ac91956ec9618f85,JE146868,991947.0,02/20/2021 10:00:00 AM,CHICAGO,IL,60623,M,68.0,SAFETY BELT USED,DID NOT DEPLOY,NONE,NO INDICATION OF INJURY,NONE,NOT OBSCURED,NORMAL,TEST NOT OFFERED,2021,JE146868,02/20/2021 10:00:00 AM,30,STOP SIGN/FLASHER,FUNCTIONING PROPERLY,CLEAR,DAYLIGHT,ANGLE,NOT DIVIDED,STRAIGHT AND LEVEL,WET,NO DEFECTS,ON SCENE,INJURY AND / OR TOW DUE TO CRASH,Y,Y,"OVER $1,500",02/20/2021 11:13:00 AM,UNABLE TO DETERMINE,NOT APPLICABLE,3632,W,31ST ST,1032.0,2,NO INDICATION OF INJURY,0.0,0.0,0.0,0.0,0.0,2.0,0.0,10,7,2,41.837143228,-87.715874842,POINT (-87.715874842281 41.837143228105),2021,600
O1194704,DRIVER,6277bf2faa2cde8c81b2c6004e480c3d2fb1dc30b6053260e8036c38cfca492d5a4658dc1806ea72017eda350977b32bd028231b0cd71669db409805319f62fa,JE391882,1133558.0,09/29/2021 04:23:00 PM,CALUMET CITY,IL,60409,F,26.0,SAFETY BELT USED,"DEPLOYED, COMBINATION",UNKNOWN,NO INDICATION OF INJURY,UNKNOWN,UNKNOWN,NORMAL,TEST NOT OFFERED,2021,JE391882,09/29/2021 04:23:00 PM,35,STOP SIGN/FLASHER,UNKNOWN,CLEAR,DAYLIGHT,ANGLE,FOUR WAY,STRAIGHT AND LEVEL,DRY,UNKNOWN,ON SCENE,INJURY AND / OR TOW DUE TO CRASH,Y,Y,"OVER $1,500",09/29/2021 04:33:00 PM,FAILING TO YIELD RIGHT-OF-WAY,NOT APPLICABLE,10716,S,EWING AVE,432.0,2,NO INDICATION OF INJURY,0.0,0.0,0.0,0.0,0.0,3.0,0.0,16,4,9,41.700379246,-87.535428934,POINT (-87.535428933573 41.700379246096),2021,983
O1205633,DRIVER,cdcb36bcda6bb4405c905efeb01e40d6acc61c8c4cf51e48fe09b452ecc2dcffc5c9c93f7d55878c7ec6a6a7e803749917edffe7911f24526560a088cf10907c,JE410356,1143971.0,10/15/2021 09:19:00 AM,CHICAGO,IL,60644,F,53.0,USAGE UNKNOWN,DID NOT DEPLOY,NONE,NO INDICATION OF INJURY,NONE,UNKNOWN,NORMAL,TEST NOT OFFERED,2021,JE410356,10/15/2021 09:19:00 AM,30,TRAFFIC SIGNAL,FUNCTIONING PROPERLY,CLEAR,DAYLIGHT,TURNING,FOUR WAY,STRAIGHT AND LEVEL,DRY,NO DEFECTS,ON SCENE,NO INJURY / DRIVE AWAY,Y,Y,$500 OR LESS,10/15/2021 09:19:00 AM,FAILING TO YIELD RIGHT-OF-WAY,IMPROPER TURNING/NO SIGNAL,2801,W,TOUHY AVE,2411.0,2,NO INDICATION OF INJURY,0.0,0.0,0.0,0.0,0.0,2.0,0.0,9,6,10,42.011953888,-87.69983023200001,POINT (-87.699830231991 42.011953888438),2021,559
O1027849,DRIVER,a9df30cf3da908ea4c767970e40f73b5e54039fee56850adb29e0492d131f30cae1c9ff05dfb9564c0990382c6f33e608eee09793b13bf09bbd2867e6f9704f9,JE117886,974183.0,01/20/2021 10:30:00 AM,FRANKLIN PARK,IL,60131,F,55.0,SAFETY BELT USED,DID NOT DEPLOY,NONE,NO INDICATION OF INJURY,NONE,UNKNOWN,NORMAL,TEST NOT OFFERED,2021,JE117886,01/20/2021 10:30:00 AM,30,TRAFFIC SIGNAL,FUNCTIONING PROPERLY,CLEAR,DAYLIGHT,TURNING,FOUR WAY,STRAIGHT AND LEVEL,WET,NO DEFECTS,ON SCENE,NO INJURY / DRIVE AWAY,Y,Y,"$501 - $1,500",01/20/2021 10:45:00 AM,UNABLE TO DETERMINE,UNABLE TO DETERMINE,4801,W,ARMITAGE AVE,2533.0,2,NO INDICATION OF INJURY,0.0,0.0,0.0,0.0,0.0,2.0,0.0,10,4,1,41.91682247,-87.746173091,POINT (-87.746173091407 41.916822470032),2021,630
O1249529,DRIVER,c1e8080f3bdcc2d0bcd9bd2c92784d390fe397cab48678d0f6d20f7bf24102b9144ca7ecd1ee4c53d04df2d0257bbcf3dd7b97d639a0d8411e1842f325e78145,JE483439,1186023.0,12/20/2021 08:35:00 AM,CHICAGO,IL,60623,F,36.0,SAFETY BELT USED,DID NOT DEPLOY,NONE,NO INDICATION OF INJURY,OTHER,NOT OBSCURED,NORMAL,TEST NOT OFFERED,2021,JE483439,12/20/2021 08:35:00 AM,30,TRAFFIC SIGNAL,FUNCTIONING PROPERLY,CLEAR,DAYLIGHT,ANGLE,NOT DIVIDED,STRAIGHT AND LEVEL,DRY,NO DEFECTS,NOT ON SCENE (DESK REPORT),NO INJURY / DRIVE AWAY,Y,Y,"OVER $1,500",12/20/2021 09:25:00 AM,DISREGARDING TRAFFIC SIGNALS,UNABLE TO DETERMINE,1932,W,OGDEN AVE,1225.0,2,NO INDICATION OF INJURY,0.0,0.0,0.0,0.0,0.0,2.0,0.0,8,2,12,41.874173825,-87.674927792,POINT (-87.674927792369 41.874173824531),2021,515
O1092855,DRIVER,2f560bd6f6c5d4fa064a4860b86a82bbd719fabe82408edbfa78e678cb6bd075930a20e84ad58a6f66466c966b51e7d8106a5e50d009c60d1a06531ac15e6f79,JE225934,1036543.0,05/10/2021 05:15:00 PM,CHICAGO,IL,60617,F,27.0,SAFETY BELT USED,DID NOT DEPLOY,NONE,"REPORTED, NOT EVIDENT",NONE,NOT OBSCURED,NORMAL,TEST NOT OFFERED,2021,JE225934,05/10/2021 05:15:00 PM,30,TRAFFIC SIGNAL,FUNCTIONING PROPERLY,CLEAR,DAYLIGHT,REAR END,DIVIDED - W/MEDIAN (NOT RAISED),STRAIGHT AND LEVEL,DRY,NO DEFECTS,NOT ON SCENE (DESK REPORT),INJURY AND / OR TOW DUE TO CRASH,Y,Y,"OVER $1,500",05/10/2021 05:40:00 PM,FAILING TO REDUCE SPEED TO AVOID CRASH,UNABLE TO DETERMINE,8500,S,HALSTED ST,613.0,2,"REPORTED, NOT EVIDENT",1.0,0.0,0.0,0.0,1.0,1.0,0.0,17,2,5,41.739661416,-87.64387095200001,POINT (-87.643870951608 41.739661415891),2021,1035
O1033713,DRIVER,1d8ffee13f7fbc20c94dd2febfc9d8c552f4ae3c8fe7a174ef9aa8e1846528ecf57b89b384115687371e31c9b86c44fcbfc6fb2ddf01b115b5388eda8b0c3e84,JE129229,979816.0,02/01/2021 12:15:00 PM,CHICAGO,IL,60633,M,43.0,SAFETY BELT USED,NOT APPLICABLE,NONE,NO INDICATION OF INJURY,NONE,NOT OBSCURED,NORMAL,TEST NOT OFFERED,2021,JE129229,02/01/2021 12:15:00 PM,30,TRAFFIC SIGNAL,FUNCTIONING PROPERLY,CLEAR,DAYLIGHT,REAR END,DIVIDED - W/MEDIAN (NOT RAISED),STRAIGHT AND LEVEL,SNOW OR SLUSH,NO DEFECTS,NOT ON SCENE (DESK REPORT),NO INJURY / DRIVE AWAY,Y,Y,"$501 - $1,500",02/01/2021 01:50:00 PM,FOLLOWING TOO CLOSELY,NOT APPLICABLE,5600,W,FULLERTON AVE,2515.0,2,NO INDICATION OF INJURY,0.0,0.0,0.0,0.0,0.0,2.0,0.0,12,2,2,41.924090199,-87.76605353,POINT (-87.766053530161 41.924090198835),2021,735
O1234589,DRIVER,eb3e6be9533e626c5932019d1b020d858e454bd0706e6bab716eb74cfadfc2016562315e415de5d28dd2d73fe83843db76aaa9b07f9958032ee5d2685fd31a04,JE457356,1171690.0,11/24/2021 05:28:00 PM,CHICAGO,IL,60645,F,40.0,SAFETY BELT USED,DID NOT DEPLOY,NONE,NO INDICATION OF INJURY,NONE,NOT OBSCURED,NORMAL,TEST NOT OFFERED,2021,JE457356,11/24/2021 05:28:00 PM,30,STOP SIGN/FLASHER,FUNCTIONING PROPERLY,UNKNOWN,"DARKNESS, LIGHTED ROAD",ANGLE,NOT DIVIDED,STRAIGHT AND LEVEL,UNKNOWN,NO DEFECTS,NOT ON SCENE (DESK REPORT),NO INJURY / DRIVE AWAY,Y,Y,"OVER $1,500",11/26/2021 12:00:00 PM,FAILING TO YIELD RIGHT-OF-WAY,UNABLE TO DETERMINE,7432,N,WESTERN AVE,2411.0,2,NO INDICATION OF INJURY,0.0,0.0,0.0,0.0,0.0,2.0,0.0,17,4,11,42.016851007,-87.690349447,POINT (-87.690349447423 42.016851006654),2021,1048
O1224514,DRIVER,ded5f9db9e5e1c993611166ed8417862d56e1bd26e273ba4238a3a86f74091687ab1bd44cec5680c1b44aea78f3798d23adaade5c315a33f4656bbdfbb367686,JE441029,1162002.0,11/10/2021 06:25:00 PM,CHICAGO,IL,60616,F,24.0,SAFETY BELT USED,"DEPLOYED, COMBINATION",NONE,NONINCAPACITATING INJURY,FAILED TO YIELD,NOT OBSCURED,NORMAL,TEST NOT OFFERED,2021,JE441029,11/10/2021 06:25:00 PM,30,TRAFFIC SIGNAL,FUNCTIONING PROPERLY,CLEAR,"DARKNESS, LIGHTED ROAD",TURNING,NOT DIVIDED,STRAIGHT AND LEVEL,DRY,NO DEFECTS,NOT ON SCENE (DESK REPORT),INJURY AND / OR TOW DUE TO CRASH,Y,Y,"OVER $1,500",11/10/2021 08:10:00 PM,FAILING TO YIELD RIGHT-OF-WAY,NOT APPLICABLE,8700,S,VINCENNES AVE,2222.0,2,NONINCAPACITATING INJURY,1.0,0.0,0.0,1.0,0.0,2.0,0.0,18,4,11,41.736006565,-87.645341819,POINT (-87.64534181898 41.736006564585),2021,1105
O1144356,DRIVER,c232456c75e7a2b87d4ba6ddc7b7c9b3953b7cf1495c205775de2877fc50d36cd82b2155ca5756113d215fbb6a39ff0c35f90225a4a3698f607a4b51b1b3931f,JE309013,1085491.0,07/20/2021 07:00:00 PM,BLUE ISLAND,IL,60406,M,21.0,USAGE UNKNOWN,DEPLOYMENT UNKNOWN,UNKNOWN,NO INDICATION OF INJURY,UNKNOWN,UNKNOWN,NORMAL,TEST NOT OFFERED,2021,JE309013,07/20/2021 07:00:00 PM,30,NO CONTROLS,NO CONTROLS,CLEAR,"DARKNESS, LIGHTED ROAD",SIDESWIPE SAME DIRECTION,FOUR WAY,STRAIGHT AND LEVEL,DRY,NO DEFECTS,NOT ON SCENE (DESK REPORT),NO INJURY / DRIVE AWAY,Y,N,"$501 - $1,500",07/21/2021 01:20:00 PM,UNABLE TO DETERMINE,UNABLE TO DETERMINE,11106,S,INDIANA AVE,531.0,2,NO INDICATION OF INJURY,0.0,0.0,0.0,0.0,0.0,3.0,0.0,19,3,7,41.692383682,-87.61841993600001,POINT (-87.618419936215 41.692383682076),2021,1140
O1051593,DRIVER,bec99ae73ecec066d07026c5fc69cccddbd5249fde97d964c001acb6d4180c6d422de447d07ce9222339755881a7ff7dcda967b796026199246d939af3b9f88b,JE155592,997095.0,03/01/2021 07:15:00 AM,CHICAGO,IL,60649,F,50.0,SAFETY BELT USED,DID NOT DEPLOY,NONE,NO INDICATION OF INJURY,NONE,NOT OBSCURED,NORMAL,TEST NOT OFFERED,2021,JE155592,03/01/2021 07:15:00 AM,35,TRAFFIC SIGNAL,UNKNOWN,CLEAR,DAYLIGHT,SIDESWIPE SAME DIRECTION,FOUR WAY,STRAIGHT AND LEVEL,DRY,NO DEFECTS,ON SCENE,NO INJURY / DRIVE AWAY,Y,Y,"OVER $1,500",03/01/2021 07:19:00 AM,IMPROPER LANE USAGE,DISREGARDING ROAD MARKINGS,2000,E,HAYES DR,331.0,2,NO INDICATION OF INJURY,0.0,0.0,0.0,0.0,0.0,2.0,0.0,7,2,3,41.780503236,-87.577547876,POINT (-87.577547876387 41.780503235854),2021,435
O1124429,DRIVER,451088e0383b0e06182a503e91a0a8bc3a87de93255d056cdb7e402c74523196a572e401db2f5d6daf6a5142abebd5371f0ef4940cd75d774cb513c9f62689dc,JE276256,1066561.0,06/23/2021 12:03:00 AM,CHICAGO,IL,60621,F,28.0,SAFETY BELT USED,NOT APPLICABLE,NONE,NONINCAPACITATING INJURY,NONE,UNKNOWN,NORMAL,TEST NOT OFFERED,2021,JE276256,06/23/2021 12:03:00 AM,30,STOP SIGN/FLASHER,FUNCTIONING PROPERLY,CLEAR,"DARKNESS, LIGHTED ROAD",TURNING,FOUR WAY,STRAIGHT AND LEVEL,DRY,NO DEFECTS,NOT ON SCENE (DESK REPORT),INJURY AND / OR TOW DUE TO CRASH,Y,Y,"OVER $1,500",06/23/2021 12:15:00 AM,DISREGARDING STOP SIGN,NOT APPLICABLE,832,E,82ND ST,631.0,3,NONINCAPACITATING INJURY,1.0,0.0,0.0,1.0,0.0,2.0,0.0,0,4,6,41.745921725,-87.60375398,POINT (-87.603753979506 41.745921724582),2021,3
O1081076,DRIVER,8d577f826d82c6cc4b3ecf22174419478eddf99cd44ec64a5b802271fb28d8d0949fa4456b91ab833c0bdbb53585a978bb70b2ab90cbfae10877fe9dfefe2c4e,JE207092,1025314.0,04/22/2021 06:00:00 PM,CHICAGO,IL,60620,M,26.0,USAGE UNKNOWN,DID NOT DEPLOY,UNKNOWN,"REPORTED, NOT EVIDENT",UNKNOWN,UNKNOWN,UNKNOWN,TEST NOT OFFERED,2021,JE207092,04/22/2021 06:00:00 PM,30,STOP SIGN/FLASHER,UNKNOWN,UNKNOWN,UNKNOWN,ANGLE,FOUR WAY,STRAIGHT AND LEVEL,UNKNOWN,UNKNOWN,NOT ON SCENE (DESK REPORT),INJURY AND / OR TOW DUE TO CRASH,Y,N,"OVER $1,500",04/22/2021 07:20:00 PM,NOT APPLICABLE,NOT APPLICABLE,8801,S,STONY ISLAND AVE,412.0,2,"REPORTED, NOT EVIDENT",2.0,0.0,0.0,0.0,2.0,0.0,0.0,18,5,4,41.735004576,-87.58502866,POINT (-87.58502865972 41.735004576136),2021,1080
O1242116,DRIVER,db2700e348aa11b3df958b1d0dcef4853f60058320527347a101f848b8130702f21487d5b231a43ecf6d3b0dd95c46af89382dba6bddbd34afe58be5fad85330,JE470671,1178921.0,12/08/2021 04:29:00 PM,CHICAGO,IL,60625,M,43.0,USAGE UNKNOWN,DEPLOYMENT UNKNOWN,UNKNOWN,NO INDICATION OF INJURY,UNKNOWN,UNKNOWN,UNKNOWN,TEST NOT OFFERED,2021,JE470671,12/08/2021 04:29:00 PM,30,STOP SIGN/FLASHER,UNKNOWN,CLEAR,DAYLIGHT,REAR END,DIVIDED - W/MEDIAN (NOT RAISED),STRAIGHT AND LEVEL,DRY,UNKNOWN,NOT ON SCENE (DESK REPORT),NO INJURY / DRIVE AWAY,Y,Y,"OVER $1,500",12/08/2021 05:50:00 PM,UNABLE TO DETERMINE,NOT APPLICABLE,5658,N,CALIFORNIA AVE,2011.0,2,NO INDICATION OF INJURY,0.0,0.0,0.0,0.0,0.0,2.0,0.0,16,4,12,41.984845913,-87.69936260200001,POINT (-87.699362602422 41.984845913096),2021,989
O1178286,DRIVER,bad5641f9c9db63c9e5a1e2c8fbf99643ccbc504dfeb6697f4ab7519213154e5c3e2a7e726ee4057ce153e01fca267351d1e2460465e8c65edd168aa573fd7ad,JE364450,1117817.0,09/07/2021 09:50:00 AM,CHICAGO,IL,60651,F,42.0,SAFETY BELT USED,NOT APPLICABLE,NONE,NO INDICATION OF INJURY,NONE,NOT OBSCURED,NORMAL,TEST NOT OFFERED,2021,JE364450,09/07/2021 09:50:00 AM,30,STOP SIGN/FLASHER,NO CONTROLS,CLEAR,DAYLIGHT,REAR END,FOUR WAY,STRAIGHT AND LEVEL,DRY,NO DEFECTS,ON SCENE,NO INJURY / DRIVE AWAY,Y,Y,"OVER $1,500",09/07/2021 10:00:00 AM,DISREGARDING STOP SIGN,FAILING TO REDUCE SPEED TO AVOID CRASH,4235,W,KAMERLING AVE,2534.0,2,NO INDICATION OF INJURY,0.0,0.0,0.0,0.0,0.0,2.0,0.0,9,3,9,41.905171555,-87.73271643,POINT (-87.732716430081 41.905171555484),2021,590
O1090636,DRIVER,916077722f256a7be68707103afd252becf8ea7d07a0cf3efca8dfc470ca734dea656d24ebce4fccec5bde1364844654b44b0a0137ad360b563bf4b0c1f5ecb7,JE222594,1034438.0,05/07/2021 12:27:00 PM,BERWYN,IL,60402,F,41.0,SAFETY BELT USED,DID NOT DEPLOY,NONE,NO INDICATION OF INJURY,UNKNOWN,NOT OBSCURED,UNKNOWN,TEST NOT OFFERED,2021,JE222594,05/07/2021 12:27:00 PM,30,TRAFFIC SIGNAL,FUNCTIONING PROPERLY,CLEAR,DAYLIGHT,ANGLE,NOT DIVIDED,STRAIGHT AND LEVEL,DRY,NO DEFECTS,NOT ON SCENE (DESK REPORT),INJURY AND / OR TOW DUE TO CRASH,Y,N,"OVER $1,500",05/07/2021 01:20:00 PM,UNABLE TO DETERMINE,NOT APPLICABLE,599,S,ASHLAND AVE,1231.0,2,"REPORTED, NOT EVIDENT",1.0,0.0,0.0,0.0,1.0,4.0,0.0,12,6,5,41.8742514,-87.666453359,POINT (-87.666453358949 41.87425139966),2021,747
O1048366,DRIVER,a786746a789f82d7b26c95a6888109daa6d625d7567a661e2c115a94dfe6c843209c83f9975249f9ff195a4f5bd51b43048c02b679d12d615500f65d1d764c3d,JE149910,993991.0,02/23/2021 01:20:00 PM,DEEFIELD,IL,60015,F,52.0,SAFETY BELT USED,DID NOT DEPLOY,NONE,NO INDICATION OF INJURY,NONE,NOT OBSCURED,NORMAL,TEST TAKEN,2021,JE149910,02/23/2021 01:20:00 PM,30,FLASHING CONTROL SIGNAL,FUNCTIONING IMPROPERLY,CLEAR,DAYLIGHT,ANGLE,FOUR WAY,STRAIGHT AND LEVEL,DRY,UNKNOWN,ON SCENE,NO INJURY / DRIVE AWAY,Y,Y,"OVER $1,500",02/23/2021 01:27:00 PM,DISREGARDING TRAFFIC SIGNALS,FAILING TO YIELD RIGHT-OF-WAY,431,W,FULLERTON PKWY,1812.0,2,NO INDICATION OF INJURY,0.0,0.0,0.0,0.0,0.0,2.0,0.0,13,3,2,41.925474048000005,-87.64052768799999,POINT (-87.640527687693 41.925474047791),2021,800
O1182310,DRIVER,6b43a83ad444b666b5bcd47e2f16a6a60a7fa7d93d6c0167f088e412e57b4c9ea7a630a27fba62676c92126b064fbfe6f27f04975bc535359232472af856e46f,JE371212,1121678.0,09/12/2021 06:00:00 AM,CHICAGO,IL,60649,M,60.0,SAFETY BELT USED,NOT APPLICABLE,NONE,NO INDICATION OF INJURY,NONE,NOT OBSCURED,NORMAL,TEST NOT OFFERED,2021,JE371212,09/12/2021 06:00:00 AM,30,TRAFFIC SIGNAL,FUNCTIONING PROPERLY,CLEAR,DAWN,REAR END,FOUR WAY,STRAIGHT AND LEVEL,DRY,NO DEFECTS,NOT ON SCENE (DESK REPORT),NO INJURY / DRIVE AWAY,Y,Y,$500 OR LESS,09/12/2021 09:30:00 PM,UNABLE TO DETERMINE,NOT APPLICABLE,340,N,MICHIGAN AVE,111.0,2,NO INDICATION OF INJURY,0.0,0.0,0.0,0.0,0.0,2.0,0.0,6,1,9,41.887705769,-87.62470385799999,POINT (-87.624703858025 41.88770576912),2021,360
O1079077,DRIVER,aba1582a58377c5c37acbcd716a7fa9f931f89581b80221fc28c32799ab9019bb24a95dcc48823bbc8f8268cda3022ca436a8355dca8433b7b964eb6fb7d22e0,JE203697,1023374.0,04/19/2021 10:32:00 AM,CHICAGO,IL,60619,F,60.0,SAFETY BELT USED,NOT APPLICABLE,NONE,NO INDICATION OF INJURY,NONE,NOT OBSCURED,NORMAL,TEST NOT OFFERED,2021,JE203697,04/19/2021 10:32:00 AM,30,TRAFFIC SIGNAL,FUNCTIONING PROPERLY,CLOUDY/OVERCAST,DAYLIGHT,TURNING,FOUR WAY,STRAIGHT AND LEVEL,OTHER,NO DEFECTS,ON SCENE,INJURY AND / OR TOW DUE TO CRASH,Y,Y,"$501 - $1,500",04/19/2021 10:35:00 AM,IMPROPER TURNING/NO SIGNAL,UNABLE TO DETERMINE,559,E,79TH ST,624.0,2,NO INDICATION OF INJURY,0.0,0.0,0.0,0.0,0.0,2.0,0.0,10,2,4,41.751088525,-87.610139533,POINT (-87.610139533483 41.751088525058),2021,632
O1059480,DRIVER,cfe9f8c5f7abea1392fb155e9785a906e9a569874cd3e4abae4bcaf45a80104698eb13ea15d7ef946dc31a0e25a84ebfb8683ffc8631556ea2344c55d678ce3e,JE170506,1004711.0,03/16/2021 01:00:00 PM,CHICAGO,IL,60651,M,47.0,SAFETY BELT USED,NOT APPLICABLE,NONE,NO INDICATION OF INJURY,NONE,NOT OBSCURED,NORMAL,TEST NOT OFFERED,2021,JE170506,03/16/2021 01:00:00 PM,30,TRAFFIC SIGNAL,FUNCTIONING PROPERLY,CLEAR,DAYLIGHT,SIDESWIPE SAME DIRECTION,FOUR WAY,STRAIGHT AND LEVEL,DRY,NO DEFECTS,NOT ON SCENE (DESK REPORT),NO INJURY / DRIVE AWAY,Y,Y,"$501 - $1,500",03/16/2021 01:10:00 PM,UNABLE TO DETERMINE,UNABLE TO DETERMINE,2800,W,MADISON ST,1222.0,2,NO INDICATION OF INJURY,0.0,0.0,0.0,0.0,0.0,2.0,0.0,13,3,3,41.881185443,-87.69636210899999,POINT (-87.696362109063 41.88118544276),2021,780
O1080621,DRIVER,2932270913687b162db2ab961e71ca5eff032f11ad1686ecf1b5cce99aef10b9cb2556c4040dc3aee79ead948af60dbefb7f46c267318bfd24361f86815b3b0e,JE206323,1024855.0,04/22/2021 02:23:00 AM,HAMMOND,IN,46323,M,16.0,USAGE UNKNOWN,DID NOT DEPLOY,NONE,NO INDICATION OF INJURY,FAILED TO YIELD,UNKNOWN,NORMAL,TEST NOT OFFERED,2021,JE206323,04/22/2021 02:23:00 AM,30,TRAFFIC SIGNAL,FUNCTIONING PROPERLY,CLEAR,"DARKNESS, LIGHTED ROAD",TURNING,FOUR WAY,STRAIGHT AND LEVEL,DRY,NO DEFECTS,ON SCENE,NO INJURY / DRIVE AWAY,Y,N,"OVER $1,500",04/22/2021 02:23:00 AM,FAILING TO YIELD RIGHT-OF-WAY,NOT APPLICABLE,1600,E,87TH ST,412.0,2,NO INDICATION OF INJURY,0.0,0.0,0.0,0.0,0.0,3.0,0.0,2,5,4,41.737030992,-87.58508645399999,POINT (-87.585086453532 41.737030992315),2021,143