PERSON_ID,PERSON_TYPE,CRASH_RECORD_ID,RD_NO_x,VEHICLE_ID,CRASH_DATE_x,CITY,STATE,ZIPCODE,SEX,AGE,SAFETY_EQUIPMENT,AIRBAG_DEPLOYED,EJECTION,INJURY_CLASSIFICATION,DRIVER_ACTION,DRIVER_VISION,PHYSICAL_CONDITION,BAC_RESULT,CRASH_YEAR_x,RD_NO_y,CRASH_DATE_y,POSTED_SPEED_LIMIT,TRAFFIC_CONTROL_DEVICE,DEVICE_CONDITION,WEATHER_CONDITION,LIGHTING_CONDITION,FIRST_CRASH_TYPE,TRAFFICWAY_TYPE,ALIGNMENT,ROADWAY_SURFACE_COND,ROAD_DEFECT,REPORT_TYPE,CRASH_TYPE,INTERSECTION_RELATED_I,HIT_AND_RUN_I,DAMAGE,DATE_POLICE_NOTIFIED,PRIM_CONTRIBUTORY_CAUSE,SEC_CONTRIBUTORY_CAUSE,STREET_NO,STREET_DIRECTION,STREET_NAME,BEAT_OF_OCCURRENCE,NUM_UNITS,MOST_SEVERE_INJURY,INJURIES_TOTAL,INJURIES_FATAL,INJURIES_INCAPACITATING,INJURIES_NON_INCAPACITATING,INJURIES_REPORTED_NOT_EVIDENT,INJURIES_NO_INDICATION,INJURIES_UNKNOWN,CRASH_HOUR,CRASH_DAY_OF_WEEK,CRASH_MONTH,LATITUDE,LONGITUDE,LOCATION,CRASH_YEAR_y,TIME
O1210528,DRIVER,4b026061b147b3678618e2e76349157b32294c9324dea2e94556d6d8eaf866329019be9f967562cd1f7a4e333987314b211f73f8e7c83bc81a050d3eafb9248d,JE418602,1148611.0,10/22/2021 12:20:00 PM,CHICAGO,IL,60605,F,48.0,SAFETY BELT USED,DID NOT DEPLOY,NONE,NO INDICATION OF INJURY,NONE,NOT OBSCURED,NORMAL,TEST NOT OFFERED,2021,JE418602,10/22/2021 12:20:00 PM,30,TRAFFIC SIGNAL,FUNCTIONING PROPERLY,CLEAR,DAYLIGHT,SIDESWIPE OPPOSITE DIRECTION,CENTER TURN LANE,STRAIGHT AND LEVEL,DRY,NO DEFECTS,ON SCENE,INJURY AND / OR TOW DUE TO CRASH,N,Y,"OVER $1,500",10/22/2021 12:23:00 PM,"OPERATING VEHICLE IN ERRATIC, RECKLESS, CARELESS, NEGLIGENT OR AGGRESSIVE MANNER",NOT APPLICABLE,1151,S,WABASH AVE,123.0,3,NO INDICATION OF INJURY,0.0,0.0,0.0,0.0,0.0,4.0,0.0,12,6,10,41.867752912,-87.625685836,POINT (-87.62568583618 41.867752911949),2021,740
O1126109,DRIVER,44d74a6562105c263cda131cfe960eb762f2c8802c08f54bff3689a6a9b9a79e3e02c5e6e0ae7b6a46c8bef270b9a9d111a6c9139b2e7fbfbc6aac061ca2b89e,JE279179,1068176.0,06/25/2021 02:12:00 PM,ROSELAND,NJ,07068,M,40.0,SAFETY BELT USED,DID NOT DEPLOY,NONE,NO INDICATION OF INJURY,NONE,NOT OBSCURED,NORMAL,TEST NOT OFFERED,2021,JE279179,06/25/2021 02:12:00 PM,30,STOP SIGN/FLASHER,FUNCTIONING PROPERLY,CLEAR,DAYLIGHT,REAR END,NOT DIVIDED,STRAIGHT AND LEVEL,DRY,NO DEFECTS,NOT ON SCENE (DESK REPORT),NO INJURY / DRIVE AWAY,Y,Y,$500 OR LESS,06/25/2021 03:00:00 PM,FOLLOWING TOO CLOSELY,NOT APPLICABLE,799,W,DIVISION ST,1822.0,2,NO INDICATION OF INJURY,0.0,0.0,0.0,0.0,0.0,3.0,0.0,14,6,6,41.903527671,-87.648073646,POINT (-87.648073645642 41.903527671183),2021,852
O1181453,DRIVER,5908574bf032fca1366d813ff29804570f79b6f0f3bc23e290b792c2f0e43a07aa17c9e5c258782ae86f1525fba276238fcbd064bc49539ec6a0205e3e12214f,JE369753,1125013.0,09/11/2021 02:00:00 PM,CHICAGO,IL,60651,M,19.0,SAFETY BELT USED,NOT APPLICABLE,NONE,NO INDICATION OF INJURY,NONE,NOT OBSCURED,NORMAL,TEST NOT OFFERED,2021,JE369753,09/11/2021 02:00:00 PM,30,TRAFFIC SIGNAL,FUNCTIONING PROPERLY,CLEAR,DAYLIGHT,SIDESWIPE SAME DIRECTION,DIVIDED - W/MEDIAN (NOT RAISED),STRAIGHT AND LEVEL,DRY,UNKNOWN,NOT ON SCENE (DESK REPORT),NO INJURY / DRIVE AWAY,Y,Y,"$501 - $1,500",09/11/2021 02:30:00 PM,"OPERATING VEHICLE IN ERRATIC, RECKLESS, CARELESS, NEGLIGENT OR AGGRESSIVE MANNER","OPERATING VEHICLE IN ERRATIC, RECKLESS, CARELESS, NEGLIGENT OR AGGRESSIVE MANNER",2200,S,DAMEN AVE,1034.0,2,NO INDICATION OF INJURY,0.0,0.0,0.0,0.0,0.0,2.0,0.0,14,7,9,41.852127661,-87.675985449,POINT (-87.675985449051 41.852127660753),2021,840
O1238635,DRIVER,f3abc21a94f3e0bade7a56c4a86ac925936287a8e66cc723789d340a4513d138c3a3022319d8cf310c396b03ccaa5456ced3ddf659a7d5e96282751ddc7934f3,JE464629,1175605.0,12/03/2021 10:30:00 AM,CHICAGO,IL,60649,F,42.0,SAFETY BELT USED,DID NOT DEPLOY,NONE,NO INDICATION OF INJURY,NONE,UNKNOWN,NORMAL,TEST NOT OFFERED,2021,JE464629,12/03/2021 10:30:00 AM,25,YIELD,NO CONTROLS,CLEAR,DAYLIGHT,SIDESWIPE SAME DIRECTION,NOT REPORTED,STRAIGHT AND LEVEL,DRY,UNKNOWN,ON SCENE,NO INJURY / DRIVE AWAY,N,Y,"OVER $1,500",12/03/2021 10:44:00 AM,IMPROPER OVERTAKING/PASSING,UNABLE TO DETERMINE,7610,S,EXCHANGE AVE,421.0,2,NO INDICATION OF INJURY,0.0,0.0,0.0,0.0,0.0,2.0,0.0,10,6,12,41.756947081,-87.558179965,POINT (-87.558179964912 41.756947081388),2021,630
O1068065,DRIVER,96ee6197b464d5975463821db82a57c5e5ba4b1674de4bef74442320cdad4b33f61d7a61cfb924e1e796511b5425bf90c6841b90d9ad5556b93797c91f314799,JE185337,1012921.0,03/30/2021 04:50:00 PM,CHICAGO,IL,60618,M,74.0,SAFETY BELT USED,NOT APPLICABLE,NONE,NO INDICATION OF INJURY,OTHER,NOT OBSCURED,NORMAL,TEST NOT OFFERED,2021,JE185337,03/30/2021 04:50:00 PM,30,TRAFFIC SIGNAL,FUNCTIONING PROPERLY,CLEAR,DAYLIGHT,TURNING,FOUR WAY,STRAIGHT AND LEVEL,DRY,NO DEFECTS,NOT ON SCENE (DESK REPORT),NO INJURY / DRIVE AWAY,Y,Y,"OVER $1,500",03/31/2021 02:15:00 PM,IMPROPER OVERTAKING/PASSING,NOT APPLICABLE,3200,W,IRVING PARK RD,1724.0,2,NO INDICATION OF INJURY,0.0,0.0,0.0,0.0,0.0,2.0,0.0,16,3,3,41.954029047,-87.708077494,POINT (-87.708077493832 41.954029046919),2021,1010
O1142979,DRIVER,3adc042b340b96a587b9a5524b8ede1281c27c881da92806872a0c1636ce744201ff865f71b2cb1af5388024d505dc0f58ee8dfd20d7a357fa5467ada607e4f3,JE306671,1084193.0,07/19/2021 01:00:00 PM,CHICAGO,IL,60639,M,36.0,SAFETY BELT USED,NOT APPLICABLE,NONE,NO INDICATION OF INJURY,NONE,NOT OBSCURED,NORMAL,TEST NOT OFFERED,2021,JE306671,07/19/2021 01:00:00 PM,30,TRAFFIC SIGNAL,FUNCTIONING PROPERLY,CLEAR,DAYLIGHT,SIDESWIPE SAME DIRECTION,FOUR WAY,STRAIGHT AND LEVEL,DRY,NO DEFECTS,NOT ON SCENE (DESK REPORT),NO INJURY / DRIVE AWAY,Y,Y,"$501 - $1,500",07/19/2021 01:15:00 PM,IMPROPER OVERTAKING/PASSING,NOT APPLICABLE,5800,W,GRAND AVE,2515.0,2,NO INDICATION OF INJURY,0.0,0.0,0.0,0.0,0.0,2.0,0.0,13,2,7,41.919774901,-87.770726526,POINT (-87.770726525828 41.919774900971),2021,780
O1105834,DRIVER,ab9b58a5dd76302203b6d0d2cb89ea408f0cf190852e6b06e9bdb4a2a0b6c377b350d4a28cdec637dd2ace2d577dbee911302d9b36e0586eea89b5f7c622ea5f,JE246922,1048998.0,05/29/2021 02:50:00 PM,SOUTH HOLLAND,IL,60473,M,55.0,SAFETY BELT USED,DID NOT DEPLOY,NONE,NO INDICATION OF INJURY,NONE,NOT OBSCURED,NORMAL,TEST NOT OFFERED,2021,JE246922,05/29/2021 02:50:00 PM,30,STOP SIGN/FLASHER,FUNCTIONING PROPERLY,CLEAR,DAYLIGHT,ANGLE,FOUR WAY,STRAIGHT AND LEVEL,DRY,NO DEFECTS,ON SCENE,INJURY AND / OR TOW DUE TO CRASH,Y,Y,"$501 - $1,500",05/29/2021 03:09:00 PM,FAILING TO YIELD RIGHT-OF-WAY,FAILING TO YIELD RIGHT-OF-WAY,10901,S,STATE ST,513.0,2,NO INDICATION OF INJURY,0.0,0.0,0.0,0.0,0.0,2.0,0.0,14,7,5,41.696185441,-87.623060956,POINT (-87.623060955642 41.696185441403),2021,890
O1029350,DRIVER,bf8688c5d4a819aeb3fd4a60115a98040c520be8b917cb5cfa991d912d5bbea54efa036ee3dadc79b3ea7eadacfe82a8390d0d214ade867413f0515c65757ce0,JE121305,975609.0,01/23/2021 04:10:00 PM,GLEN ELLYN,IL,60137,M,30.0,SAFETY BELT USED,DID NOT DEPLOY,NONE,NO INDICATION OF INJURY,NONE,NOT OBSCURED,NORMAL,TEST NOT OFFERED,2021,JE121305,01/23/2021 04:10:00 PM,20,STOP SIGN/FLASHER,FUNCTIONING PROPERLY,CLEAR,DAYLIGHT,ANGLE,FOUR WAY,STRAIGHT AND LEVEL,DRY,NO DEFECTS,ON SCENE,NO INJURY / DRIVE AWAY,Y,Y,"OVER $1,500",01/23/2021 04:14:00 PM,FAILING TO YIELD RIGHT-OF-WAY,UNABLE TO DETERMINE,4726,W,47TH ST,815.0,2,NO INDICATION OF INJURY,0.0,0.0,0.0,0.0,0.0,4.0,0.0,16,7,1,41.807748614,-87.741873561,POINT (-87.741873561246 41.807748613642),2021,970
O1113353,DRIVER,6f077e069b113fe87233c0edb304d6fb343fcb1ba6ed08039a5e401159165ac57cbe389412e5358bc0f6f7f6e76c07f12502210e120ed52c318fd1a07fb3aff1,JE258882,1056155.0,06/08/2021 07:00:00 PM,CHICAGO,IL,60639,F,29.0,SAFETY BELT USED,DID NOT DEPLOY,NONE,NO INDICATION OF INJURY,NONE,NOT OBSCURED,NORMAL,TEST NOT OFFERED,2021,JE258882,06/08/2021 07:00:00 PM,30,TRAFFIC SIGNAL,FUNCTIONING PROPERLY,CLEAR,DAYLIGHT,TURNING,DIVIDED - W/MEDIAN (NOT RAISED),STRAIGHT AND LEVEL,DRY,NO DEFECTS,ON SCENE,INJURY AND / OR TOW DUE TO CRASH,Y,Y,"OVER $1,500",06/08/2021 07:41:00 PM,FAILING TO YIELD RIGHT-OF-WAY,NOT APPLICABLE,299,S,CENTRAL AVE,1522.0,2,NO INDICATION OF INJURY,0.0,0.0,0.0,0.0,0.0,2.0,0.0,19,3,6,41.876586533,-87.76457987399999,POINT (-87.76457987401 41.876586533336),2021,1140
O1223930,DRIVER,3ddcb963412a9eff616cf9f4391579bdae8c47d5f524180292eeb4a11422052debf90d8d9c4e7f005a08aee1a3404b6ea2c5f58123d6686264ae4bd8a3e4afb5,JE739962,1161435.0,11/09/2021 09:10:00 PM,WOODRIDGE,IL,60517,F,34.0,USAGE UNKNOWN,DID NOT DEPLOY,NONE,NO INDICATION OF INJURY,NONE,NOT OBSCURED,NORMAL,TEST NOT OFFERED,2021,JE739962,11/09/2021 09:10:00 PM,30,NO CONTROLS,NO CONTROLS,CLEAR,"DARKNESS, LIGHTED ROAD",TURNING,NOT DIVIDED,STRAIGHT AND LEVEL,DRY,UNKNOWN,NOT ON SCENE (DESK REPORT),NO INJURY / DRIVE AWAY,Y,Y,"$501 - $1,500",11/09/2021 09:40:00 PM,FAILING TO YIELD RIGHT-OF-WAY,IMPROPER TURNING/NO SIGNAL,7058,N,RIDGE BLVD,2411.0,2,NO INDICATION OF INJURY,0.0,0.0,0.0,0.0,0.0,2.0,0.0,21,3,11,42.010474798000004,-87.68258839100001,POINT (-87.682588391089 42.01047479826),2021,1270
O1123696,DRIVER,b3a338d9e6c94cdf79ba8d9afb2508a35dd8e6b54e3df34da7eb433f6149204c00811195e0d78daaa65cb6d50c926c7c209de8bf20ec3e1310a6c3b069bd847a,JE274923,1065857.0,06/21/2021 05:03:00 PM,MELROSE PARK,IL,60160,F,55.0,SAFETY BELT USED,NOT APPLICABLE,NONE,NO INDICATION OF INJURY,NONE,NOT OBSCURED,NORMAL,TEST NOT OFFERED,2021,JE274923,06/21/2021 05:03:00 PM,30,NO CONTROLS,NO CONTROLS,CLEAR,DAYLIGHT,TURNING,DIVIDED - W/MEDIAN (NOT RAISED),STRAIGHT AND LEVEL,DRY,NO DEFECTS,NOT ON SCENE (DESK REPORT),NO INJURY / DRIVE AWAY,Y,Y,"OVER $1,500",06/21/2021 09:50:00 PM,IMPROPER TURNING/NO SIGNAL,NOT APPLICABLE,6600,W,NORTH AVE,2513.0,2,NO INDICATION OF INJURY,0.0,0.0,0.0,0.0,0.0,2.0,0.0,17,2,6,41.909201161999995,-87.789914626,POINT (-87.789914626251 41.909201161636),2021,1023
O1240527,DRIVER,9d8888ef95ff586e319812eba90904a76dda04af53479deb68f0bb3ec70c3259b4f0c00befadea00443c14616713c15fb534fca30c1a8533f5f56d0881ed69f7,JE467605,1177428.0,12/06/2021 08:35:00 AM,CHICAGO,IL,60620,M,28.0,USAGE UNKNOWN,NOT APPLICABLE,NONE,NO INDICATION OF INJURY,NONE,UNKNOWN,NORMAL,TEST NOT OFFERED,2021,JE467605,12/06/2021 08:35:00 AM,20,NO CONTROLS,NO CONTROLS,CLEAR,DAYLIGHT,TURNING,ONE-WAY,STRAIGHT AND LEVEL,DRY,NO DEFECTS,ON SCENE,NO INJURY / DRIVE AWAY,Y,Y,"OVER $1,500",12/06/2021 08:36:00 AM,IMPROPER TURNING/NO SIGNAL,UNABLE TO DETERMINE,7900,S,EAST END AVE,414.0,2,NO INDICATION OF INJURY,0.0,0.0,0.0,0.0,0.0,2.0,0.0,8,2,12,41.751428609,-87.58303693100001,POINT (-87.583036930848 41.751428609075),2021,515
O1201409,DRIVER,073bbfd58a17258832b7449990dd28c4a48e2a4cfaf3911f92142b4fd5df4a042e91505445789ca110bc0682e23b2a539d171e247e582b3ab901fcc1a398f78a,JE403219,1139957.0,10/08/2021 08:28:00 PM,SPRINGFIELD,IL,62704,F,32.0,USAGE UNKNOWN,DID NOT DEPLOY,NONE,NO INDICATION OF INJURY,NONE,NOT OBSCURED,NORMAL,TEST NOT OFFERED,2021,JE403219,10/08/2021 08:28:00 PM,30,TRAFFIC SIGNAL,FUNCTIONING PROPERLY,RAIN,"DARKNESS, LIGHTED ROAD",REAR END,FOUR WAY,STRAIGHT AND LEVEL,WET,NO DEFECTS,NOT ON SCENE (DESK REPORT),NO INJURY / DRIVE AWAY,Y,Y,"$501 - $1,500",10/08/2021 08:29:00 PM,UNABLE TO DETERMINE,NOT APPLICABLE,398,E,43RD ST,214.0,2,NO INDICATION OF INJURY,0.0,0.0,0.0,0.0,0.0,3.0,0.0,20,6,10,41.816747676,-87.616544448,POINT (-87.61654444763 41.816747675693),2021,1228
O1127424,DRIVER,07b29c6bf36f5087f2b30f7bfb7c6aac3a4ee11b794f2ab8c2250dcb86b6cac0dbbcb5599074432006aef63413ee878ec6fee2a9c23860ee91cd23f1fc2bab99,JE281014,1069433.0,06/26/2021 10:30:00 PM,CHICAGO,IL,60617,M,59.0,SAFETY BELT USED,DID NOT DEPLOY,NONE,NO INDICATION OF INJURY,UNKNOWN,NOT OBSCURED,NORMAL,TEST NOT OFFERED,2021,JE281014,06/26/2021 10:30:00 PM,30,TRAFFIC SIGNAL,FUNCTIONING PROPERLY,CLEAR,"DARKNESS, LIGHTED ROAD",REAR END,DIVIDED - W/MEDIAN (NOT RAISED),STRAIGHT AND LEVEL,WET,NO DEFECTS,NOT ON SCENE (DESK REPORT),NO INJURY / DRIVE AWAY,Y,Y,"$501 - $1,500",06/27/2021 09:00:00 AM,UNABLE TO DETERMINE,UNABLE TO DETERMINE,800,S,HALSTED ST,1232.0,2,NO INDICATION OF INJURY,0.0,0.0,0.0,0.0,0.0,2.0,0.0,22,7,6,41.871850375,-87.647166465,POINT (-87.647166465184 41.871850374852),2021,1350
O1142690,DRIVER,babcf1cc7a611d1ebf89d8ac0d54006aa09db4bf43e9d5369e10fe18b987bf719553a3c642c1710f14201ffaa2792cf0bd978512f583bfcc8625ecaefac4501c,JE306058,1083905.0,07/18/2021 09:00:00 PM,RIVER FOREST,IL,60305,M,31.0,SAFETY BELT USED,DID NOT DEPLOY,NONE,NO INDICATION OF INJURY,UNKNOWN,UNKNOWN,NORMAL,TEST NOT OFFERED,2021,JE306058,07/18/2021 09:00:00 PM,30,UNKNOWN,FUNCTIONING PROPERLY,CLEAR,DUSK,REAR END,NOT DIVIDED,STRAIGHT AND LEVEL,DRY,UNKNOWN,NOT ON SCENE (DESK REPORT),NO INJURY / DRIVE AWAY,Y,Y,"$501 - $1,500",07/18/2021 09:00:00 PM,UNABLE TO DETERMINE,NOT APPLICABLE,300,N,HALSTED ST,1214.0,3,NO INDICATION OF INJURY,0.0,0.0,0.0,0.0,0.0,3.0,0.0,21,1,7,41.886824585,-87.64765355200001,POINT (-87.647653551662 41.886824584631),2021,1260
O1165981,DRIVER,ceda4e233cc4894c978583ad33840215a5102204a65faeb05c964d346d09f9b55493da931fc281ed0a4aa58835915fade083b2d016ec7c5db0b787c010661a24,JE344263,1106052.0,08/20/2021 08:30:00 PM,SUGAR LAND,TX,77479-5461,F,35.0,USAGE UNKNOWN,DEPLOYMENT UNKNOWN,NONE,NO INDICATION OF INJURY,UNKNOWN,UNKNOWN,NORMAL,TEST NOT OFFERED,2021,JE344263,08/20/2021 08:30:00 PM,30,UNKNOWN,UNKNOWN,UNKNOWN,"DARKNESS, LIGHTED ROAD",HEAD ON,FOUR WAY,STRAIGHT AND LEVEL,UNKNOWN,UNKNOWN,NOT ON SCENE (DESK REPORT),NO INJURY / DRIVE AWAY,Y,Y,"OVER $1,500",08/20/2021 09:30:00 PM,UNABLE TO DETERMINE,NOT APPLICABLE,1300,S,HOMAN AVE,1021.0,2,NO INDICATION OF INJURY,0.0,0.0,0.0,0.0,0.0,3.0,0.0,20,6,8,41.864067463000005,-87.710619672,POINT (-87.71061967196 41.864067462872),2021,1230
O1171228,DRIVER,dda8bc2ff2c8e17621e55cceeb70121bfa61edc8b7a30d6dd696b7e012e3b38ea007eba792c0c9912878445c18d57ff50b2231322d63a4787b895d54cb5e2b4f,JE347034,1111055.0,08/23/2021 10:47:00 AM,CHICAGO,IL,60613,F,61.0,SAFETY BELT NOT USED,NOT APPLICABLE,NONE,NO INDICATION OF INJURY,NONE,NOT OBSCURED,NORMAL,TEST NOT OFFERED,2021,JE347034,08/23/2021 10:47:00 AM,30,TRAFFIC SIGNAL,FUNCTIONING PROPERLY,CLEAR,DAYLIGHT,REAR END,NOT DIVIDED,STRAIGHT AND LEVEL,DRY,NO DEFECTS,ON SCENE,NO INJURY / DRIVE AWAY,Y,Y,"OVER $1,500",08/23/2021 10:59:00 AM,FOLLOWING TOO CLOSELY,"OPERATING VEHICLE IN ERRATIC, RECKLESS, CARELESS, NEGLIGENT OR AGGRESSIVE MANNER",659,W,IRVING PARK RD,1925.0,2,NO INDICATION OF INJURY,0.0,0.0,0.0,0.0,0.0,3.0,0.0,10,2,8,41.954490943,-87.64742268299999,POINT (-87.647422683181 41.954490942672),2021,647
O1062608,DRIVER,a06f594709fb727ae745ee0b8c799a2c37137ec5be94ef65690193f459b50040198651b3489096a94f081d4997dd65930c93e8a2775bca98c2f986e98057f936,JE175645,1007725.0,03/21/2021 07:30:00 PM,CHICAGO,IL,60657,M,27.0,USAGE UNKNOWN,NOT APPLICABLE,NONE,NO INDICATION OF INJURY,NONE,NOT OBSCURED,NORMAL,TEST NOT OFFERED,2021,JE175645,03/21/2021 07:30:00 PM,30,TRAFFIC SIGNAL,FUNCTIONING PROPERLY,CLEAR,"DARKNESS, LIGHTED ROAD",SIDESWIPE SAME DIRECTION,NOT DIVIDED,STRAIGHT AND LEVEL,DRY,NO DEFECTS,NOT ON SCENE (DESK REPORT),NO INJURY / DRIVE AWAY,Y,Y,"OVER $1,500",03/21/2021 08:51:00 PM,FAILING TO YIELD RIGHT-OF-WAY,IMPROPER LANE USAGE,3199,N,SHEFFIELD AVE,1933.0,2,NO INDICATION OF INJURY,0.0,0.0,0.0,0.0,0.0,2.0,0.0,19,1,3,41.939866822,-87.653957224,POINT (-87.653957223634 41.939866821533),2021,1170
O1179294,DRIVER,49d8e6e5e2fb6ecd5c3a18dd92a3692576158b7915fb7b9846310b99cf8f485c1670e08479b11a934d9d6cf0cce371c94e321c7e64be323f8e4bcda8d710069a,JE366231,1118800.0,09/08/2021 03:50:00 PM,CHICAGO,IL,60643,F,46.0,SAFETY BELT USED,NOT APPLICABLE,NONE,NO INDICATION OF INJURY,UNKNOWN,NOT OBSCURED,NORMAL,TEST NOT OFFERED,2021,JE366231,09/08/2021 03:50:00 PM,30,UNKNOWN,UNKNOWN,CLEAR,DAYLIGHT,SIDESWIPE SAME DIRECTION,UNKNOWN,STRAIGHT AND LEVEL,DRY,UNKNOWN,NOT ON SCENE (DESK REPORT),NO INJURY / DRIVE AWAY,Y,Y,"OVER $1,500",09/08/2021 04:20:00 PM,UNABLE TO DETERMINE,UNABLE TO DETERMINE,232,S,WELLS ST,122.0,2,NO INDICATION OF INJURY,0.0,0.0,0.0,0.0,0.0,2.0,0.0,15,4,9,41.878475583000004,-87.63388550399999,POINT (-87.633885503557 41.878475582815),2021,950
O1181744,DRIVER,265887290dc978ed885e4a5fc153a462f039dc1ba15f1ba391a133b821f6913c2f6f75ba4a7003bdd6edb5f47a1a1d1224071feb0315a9884f3a9494a2dd2778,JE370296,1121152.0,09/12/2021 01:40:00 AM,COUNTRY CLUB HILLS,IL,60478,M,37.0,SAFETY BELT USED,DID NOT DEPLOY,NONE,NO INDICATION OF INJURY,UNKNOWN,NOT OBSCURED,NORMAL,TEST NOT OFFERED,2021,JE370296,09/12/2021 01:40:00 AM,30,STOP SIGN/FLASHER,FUNCTIONING PROPERLY,CLEAR,"DARKNESS, LIGHTED ROAD",REAR END,DIVIDED - W/MEDIAN (NOT RAISED),STRAIGHT AND LEVEL,DRY,NO DEFECTS,ON SCENE,NO INJURY / DRIVE AWAY,N,Y,"$501 - $1,500",09/12/2021 01:50:00 AM,UNABLE TO DETERMINE,UNABLE TO DETERMINE,146,W,47TH ST,215.0,2,NO INDICATION OF INJURY,0.0,0.0,0.0,0.0,0.0,3.0,0.0,1,1,9,41.809370476,-87.62993882200001,POINT (-87.629938822023 41.809370476067),2021,100
O1025074,DRIVER,aaa6f22d54a3ec6fa89660f64d45d27a6047c3f4907ac157b021f5808f3b06e5c887d0b8f450aa28c17465fb5486c55136df52d0e7bf78e3748107e7045b8040,JE113875,971519.0,01/15/2021 06:00:00 PM,CHIAGO,IL,60651,M,60.0,SAFETY BELT USED,NOT APPLICABLE,NONE,NO INDICATION OF INJURY,NONE,NOT OBSCURED,NORMAL,TEST NOT OFFERED,2021,JE113875,01/15/2021 06:00:00 PM,30,TRAFFIC SIGNAL,FUNCTIONING PROPERLY,CLEAR,DARKNESS,ANGLE,NOT DIVIDED,STRAIGHT AND LEVEL,DRY,NO DEFECTS,NOT ON SCENE (DESK REPORT),NO INJURY / DRIVE AWAY,Y,Y,"$501 - $1,500",01/15/2021 06:37:00 PM,UNABLE TO DETERMINE,NOT APPLICABLE,7900,S,YATES BLVD,414.0,2,NO INDICATION OF INJURY,0.0,0.0,0.0,0.0,0.0,2.0,0.0,18,6,1,41.751636269,-87.566378121,POINT (-87.56637812136 41.751636269168),2021,1080
O1113452,DRIVER,26aa65b327a6475fc59b242b7a7a4b3252bf46b4a199b7fe4b6aef82552d45d87c203ed93bd23f7ff99a7c9adff55e57f4c687a7d9400cbf20e71e68cbfbb2ab,JE259071,1056252.0,06/08/2021 11:40:00 PM,CHICAGO,IL,60651,M,69.0,SAFETY BELT USED,DEPLOYMENT UNKNOWN,NONE,NO INDICATION OF INJURY,NONE,NOT OBSCURED,NORMAL,TEST NOT OFFERED,2021,JE259071,06/08/2021 11:40:00 PM,30,TRAFFIC SIGNAL,FUNCTIONING PROPERLY,CLEAR,"DARKNESS, LIGHTED ROAD",ANGLE,FOUR WAY,STRAIGHT ON GRADE,DRY,NO DEFECTS,ON SCENE,INJURY AND / OR TOW DUE TO CRASH,Y,Y,"OVER $1,500",06/08/2021 11:42:00 PM,DISREGARDING TRAFFIC SIGNALS,UNABLE TO DETERMINE,8300,S,HALSTED ST,613.0,3,NO INDICATION OF INJURY,0.0,0.0,0.0,0.0,0.0,3.0,0.0,23,3,6,41.743264491,-87.64397498,POINT (-87.643974980157 41.743264490644),2021,1420
O1156417,DRIVER,2d5ddee162b1beaab72eb4e33c99fc2cf4ae5e73ff45f90fa5c565d5a86f50b2c93d561143e997e0cb922192e3707fd4660b545a1986085e779c6ab60ae38bf6,JE328742,1096964.0,08/06/2021 07:20:00 PM,CHICAGO,IL,60608,F,30.0,SAFETY BELT USED,NOT APPLICABLE,NONE,NO INDICATION OF INJURY,NONE,NOT OBSCURED,NORMAL,TEST NOT OFFERED,2021,JE328742,08/06/2021 07:20:00 PM,30,STOP SIGN/FLASHER,FUNCTIONING PROPERLY,CLEAR,"DARKNESS, LIGHTED ROAD",ANGLE,FOUR WAY,STRAIGHT AND LEVEL,DRY,NO DEFECTS,ON SCENE,INJURY AND / OR TOW DUE TO CRASH,Y,Y,"OVER $1,500",08/06/2021 07:51:00 PM,DISREGARDING STOP SIGN,UNABLE TO DETERMINE,632,W,35TH ST,915.0,2,NO INDICATION OF INJURY,0.0,0.0,0.0,0.0,0.0,2.0,0.0,19,6,8,41.830908879,-87.642518869,POINT (-87.642518868866 41.830908878634),2021,1160
O1234909,DRIVER,9f5a260eecfb288b97b634f134c10c0d23201b17111dd111c1428592c961f7f83c85b921a4efce7f8ccddf6f225454297d68fdd0a84aa1e0a4ba18c5936dc3a9,JE457860,1172002.0,11/26/2021 09:14:00 PM,CHICAGO,IL,60649,F,27.0,SAFETY BELT USED,DID NOT DEPLOY,NONE,NO INDICATION OF INJURY,UNKNOWN,NOT OBSCURED,NORMAL,TEST NOT OFFERED,2021,JE457860,11/26/2021 09:14:00 PM,35,TRAFFIC SIGNAL,FUNCTIONING PROPERLY,CLEAR,"DARKNESS, LIGHTED ROAD",REAR END,NOT DIVIDED,STRAIGHT AND LEVEL,DRY,NO DEFECTS,NOT ON SCENE (DESK REPORT),NO INJURY / DRIVE AWAY,Y,Y,"OVER $1,500",11/26/2021 10:10:00 PM,UNABLE TO DETERMINE,NOT APPLICABLE,2002,E,71ST ST,331.0,2,NO INDICATION OF INJURY,0.0,0.0,0.0,0.0,0.0,2.0,0.0,21,6,11,41.766354940999996,-87.576158756,POINT (-87.576158756209 41.766354940975),2021,1274