PERSON_ID,PERSON_TYPE,CRASH_RECORD_ID,RD_NO_x,VEHICLE_ID,CRASH_DATE_x,CITY,STATE,ZIPCODE,SEX,AGE,SAFETY_EQUIPMENT,AIRBAG_DEPLOYED,EJECTION,INJURY_CLASSIFICATION,DRIVER_ACTION,DRIVER_VISION,PHYSICAL_CONDITION,BAC_RESULT,CRASH_YEAR_x,RD_NO_y,CRASH_DATE_y,POSTED_SPEED_LIMIT,TRAFFIC_CONTROL_DEVICE,DEVICE_CONDITION,WEATHER_CONDITION,LIGHTING_CONDITION,FIRST_CRASH_TYPE,TRAFFICWAY_TYPE,ALIGNMENT,ROADWAY_SURFACE_COND,ROAD_DEFECT,REPORT_TYPE,CRASH_TYPE,INTERSECTION_RELATED_I,HIT_AND_RUN_I,DAMAGE,DATE_POLICE_NOTIFIED,PRIM_CONTRIBUTORY_CAUSE,SEC_CONTRIBUTORY_CAUSE,STREET_NO,STREET_DIRECTION,STREET_NAME,BEAT_OF_OCCURRENCE,NUM_UNITS,MOST_SEVERE_INJURY,INJURIES_TOTAL,INJURIES_FATAL,INJURIES_INCAPACITATING,INJURIES_NON_INCAPACITATING,INJURIES_REPORTED_NOT_EVIDENT,INJURIES_NO_INDICATION,INJURIES_UNKNOWN,CRASH_HOUR,CRASH_DAY_OF_WEEK,CRASH_MONTH,LATITUDE,LONGITUDE,LOCATION,CRASH_YEAR_y,TIME
O1027705,DRIVER,04b36478e468de0a47bcaad96b30dd8f2bc9cce150ee003d298e6b7ff23768de1bfccbbdbe6c72edaa38cd58c8f1d24f250dad5b78678d5dc8ac4fbbf0957f2e,JE118299,974065.0,01/20/2021 05:23:00 PM,EVANSTON,IL,60202,M,31.0,SAFETY BELT USED,DID NOT DEPLOY,NONE,NONINCAPACITATING INJURY,NONE,NOT OBSCURED,NORMAL,"TEST PERFORMED, RESULTS UNKNOWN",2021,JE118299,01/20/2021 05:23:00 PM,30,TRAFFIC SIGNAL,FUNCTIONING PROPERLY,CLEAR,DAYLIGHT,REAR END,DIVIDED - W/MEDIAN BARRIER,STRAIGHT AND LEVEL,DRY,NO DEFECTS,ON SCENE,INJURY AND / OR TOW DUE TO CRASH,Y,Y,"OVER $1,500",01/20/2021 07:32:00 PM,FOLLOWING TOO CLOSELY,UNABLE TO DETERMINE,500,S,FINANCIAL PL,123.0,3,NONINCAPACITATING INJURY,3.0,0.0,0.0,3.0,0.0,1.0,0.0,17,4,1,41.875532666,-87.63322641100001,POINT (-87.633226410926 41.875532665721),2021,1043
O1126068,DRIVER,66478249c1dd6e88e8e4e318f3712886e9713133939d5d1c5a2b5f19a47ee5e08e4817e7ebb0f92fb8382d67676b00a316247a9375e764466c9004bf0b487850,JE279092,1068115.0,06/25/2021 01:30:00 PM,CHICAGO,IL,60627,M,64.0,SAFETY BELT USED,NOT APPLICABLE,NONE,NO INDICATION OF INJURY,NONE,NOT OBSCURED,NORMAL,TEST NOT OFFERED,2021,JE279092,06/25/2021 01:30:00 PM,30,STOP SIGN/FLASHER,FUNCTIONING PROPERLY,RAIN,DAYLIGHT,REAR END,FOUR WAY,STRAIGHT AND LEVEL,WET,NO DEFECTS,ON SCENE,NO INJURY / DRIVE AWAY,Y,Y,"OVER $1,500",06/25/2021 01:31:00 PM,DISREGARDING STOP SIGN,NOT APPLICABLE,934,W,107TH ST,2232.0,2,NO INDICATION OF INJURY,0.0,0.0,0.0,0.0,0.0,2.0,0.0,13,6,6,41.699712726,-87.646488025,POINT (-87.646488025361 41.699712725592),2021,810
O1193644,DRIVER,1ccb00ed7eeaa4f176dc35cead022361a6ea54f7d82fdbfc59fc8a106fbb0d6e3d8d883a2ca3a3034795cfe916d259ae7eacbf2278d42049cda1611da9cd2642,JE390011,1132534.0,09/28/2021 09:06:00 AM,CHICAGO,IL,60634,M,32.0,USAGE UNKNOWN,NOT APPLICABLE,NONE,NO INDICATION OF INJURY,NONE,UNKNOWN,NORMAL,TEST NOT OFFERED,2021,JE390011,09/28/2021 09:06:00 AM,30,STOP SIGN/FLASHER,FUNCTIONING PROPERLY,CLEAR,DAYLIGHT,ANGLE,DIVIDED - W/MEDIAN (NOT RAISED),STRAIGHT AND LEVEL,DRY,NO DEFECTS,ON SCENE,NO INJURY / DRIVE AWAY,Y,Y,"OVER $1,500",09/28/2021 09:07:00 AM,FAILING TO YIELD RIGHT-OF-WAY,UNABLE TO DETERMINE,3100,W,ADDISON ST,1733.0,2,NO INDICATION OF INJURY,0.0,0.0,0.0,0.0,0.0,2.0,0.0,9,3,9,41.946755376,-87.70543091,POINT (-87.705430910497 41.946755376241),2021,546
O1234153,DRIVER,6570062e997f80b23ca25d855a7b4f3660890fbb56ae1f1db0a0c698fb97420cd28802e4500a7614e077b05bd11e933617b334267f6060b87e10ddaed6ead83e,JE456599,1171274.0,11/25/2021 10:22:00 AM,CHICAGO,IL,60632,M,48.0,USAGE UNKNOWN,DID NOT DEPLOY,NONE,NO INDICATION OF INJURY,NONE,UNKNOWN,NORMAL,TEST NOT OFFERED,2021,JE456599,11/25/2021 10:22:00 AM,30,TRAFFIC SIGNAL,FUNCTIONING PROPERLY,CLEAR,DAYLIGHT,REAR END,FOUR WAY,STRAIGHT AND LEVEL,DRY,NO DEFECTS,ON SCENE,NO INJURY / DRIVE AWAY,Y,Y,"OVER $1,500",11/25/2021 10:22:00 AM,FOLLOWING TOO CLOSELY,UNABLE TO DETERMINE,5500,S,CICERO AVE,813.0,3,NO INDICATION OF INJURY,0.0,0.0,0.0,0.0,0.0,4.0,0.0,10,5,11,41.792910883000005,-87.74207734299999,POINT (-87.742077342959 41.792910883497),2021,622
O1151138,DRIVER,d5fa1a76a3927b6ed35a95a9f057b65fe8d9324c43ac15fbe4a4880fd77d1f52d9fac5ef3b5f9948ca96f4427b65549bec416aff370d5e513b09f4ad52b0abe2,JE319954,1091953.0,07/30/2021 03:10:00 PM,LINCOLNSHIRE,IL,60069,M,41.0,SAFETY BELT USED,"DEPLOYED, FRONT",NONE,NO INDICATION OF INJURY,NONE,NOT OBSCURED,NORMAL,TEST NOT OFFERED,2021,JE319954,07/30/2021 03:10:00 PM,30,STOP SIGN/FLASHER,FUNCTIONING PROPERLY,CLEAR,DAYLIGHT,ANGLE,FOUR WAY,STRAIGHT AND LEVEL,DRY,NO DEFECTS,ON SCENE,INJURY AND / OR TOW DUE TO CRASH,Y,N,"OVER $1,500",07/30/2021 03:14:00 PM,FAILING TO YIELD RIGHT-OF-WAY,UNABLE TO DETERMINE,1022,W,CHICAGO AVE,1213.0,2,NO INDICATION OF INJURY,0.0,0.0,0.0,0.0,0.0,5.0,0.0,15,6,7,41.896403014,-87.653560092,POINT (-87.653560091853 41.896403013596),2021,910
O1251981,DRIVER,ac92bdd46f680ed69c44aa6d500f1e575d22ffe94e900b9752389b96abcab8525dcdb32458b68c7d0166c6756000db665fcb497480f3bb8c882278dbafbf2c18,JE487730,1188370.0,12/24/2021 11:52:00 AM,CHICAGO,IL,60619,M,62.0,USAGE UNKNOWN,DEPLOYMENT UNKNOWN,UNKNOWN,NO INDICATION OF INJURY,FAILED TO YIELD,UNKNOWN,UNKNOWN,TEST NOT OFFERED,2021,JE487730,12/24/2021 11:52:00 AM,30,STOP SIGN/FLASHER,FUNCTIONING PROPERLY,RAIN,DAYLIGHT,TURNING,FOUR WAY,STRAIGHT AND LEVEL,WET,NO DEFECTS,ON SCENE,INJURY AND / OR TOW DUE TO CRASH,Y,Y,"OVER $1,500",12/24/2021 11:59:00 AM,FAILING TO YIELD RIGHT-OF-WAY,UNABLE TO DETERMINE,8300,S,MICHIGAN AVE,632.0,2,NO INDICATION OF INJURY,0.0,0.0,0.0,0.0,0.0,2.0,0.0,11,6,12,41.743612719,-87.621329534,POINT (-87.621329533582 41.743612718903),2021,712
O1136799,DRIVER,7aa620bf360d3de6702c0c5630c9faba9da6d7e2f309f87cdee43257d9c0bb777eb03e4e335f18c7ee1f26d318cf4ef602a72f312f3efdfc6e4e5ae5d237dc33,JE296429,1078288.0,07/10/2021 02:14:00 AM,CHICAGO,IL,60644,M,23.0,USAGE UNKNOWN,"DEPLOYED, COMBINATION",NONE,NONINCAPACITATING INJURY,NONE,NOT OBSCURED,NORMAL,TEST NOT OFFERED,2021,JE296429,07/10/2021 02:14:00 AM,30,STOP SIGN/FLASHER,FUNCTIONING PROPERLY,CLEAR,"DARKNESS, LIGHTED ROAD",REAR END,NOT DIVIDED,STRAIGHT AND LEVEL,DRY,NO DEFECTS,ON SCENE,INJURY AND / OR TOW DUE TO CRASH,Y,Y,"OVER $1,500",07/10/2021 02:14:00 AM,FOLLOWING TOO CLOSELY,FAILING TO REDUCE SPEED TO AVOID CRASH,356,S,CICERO AVE,1533.0,2,NONINCAPACITATING INJURY,3.0,0.0,0.0,3.0,0.0,0.0,0.0,2,7,7,41.875042889,-87.74521496700001,POINT (-87.745214967411 41.875042888998),2021,134
O1053050,DRIVER,f849dea48429c14e669fba4bfc8adcb790c772cac67c0b337f5e8f162c1eacd5192257c78b990eb3a553734cd9b6e7dda8ee094f7dd404d847a38ae2241c69c0,JE158296,998485.0,03/03/2021 06:00:00 PM,CHICAGO,IL,60707,M,51.0,USAGE UNKNOWN,NOT APPLICABLE,NONE,NO INDICATION OF INJURY,FAILED TO YIELD,UNKNOWN,UNKNOWN,TEST NOT OFFERED,2021,JE158296,03/03/2021 06:00:00 PM,30,NO CONTROLS,NO CONTROLS,CLEAR,"DARKNESS, LIGHTED ROAD",TURNING,NOT DIVIDED,STRAIGHT AND LEVEL,DRY,UNKNOWN,ON SCENE,NO INJURY / DRIVE AWAY,Y,Y,$500 OR LESS,03/03/2021 06:11:00 PM,FAILING TO YIELD RIGHT-OF-WAY,NOT APPLICABLE,6854,W,GRAND AVE,2512.0,2,NO INDICATION OF INJURY,0.0,0.0,0.0,0.0,0.0,2.0,0.0,18,4,3,41.923691374,-87.797376531,POINT (-87.797376531217 41.92369137404),2021,1080
O1165159,DRIVER,dd819a6678392f847626b3ff428dcc5002c652073140633721b3be3fc9094fd2aff23d8344a2f4d42f4ee00483debb6eecd8f3e63557c8519597b82f2bbd99ce,JE342969,1105285.0,08/19/2021 05:30:00 PM,BURBANK,IL,60459,F,31.0,SAFETY BELT USED,DID NOT DEPLOY,NONE,NO INDICATION OF INJURY,NONE,UNKNOWN,NORMAL,TEST NOT OFFERED,2021,JE342969,08/19/2021 05:30:00 PM,30,STOP SIGN/FLASHER,FUNCTIONING PROPERLY,CLEAR,DAYLIGHT,REAR END,FOUR WAY,STRAIGHT AND LEVEL,UNKNOWN,NO DEFECTS,NOT ON SCENE (DESK REPORT),NO INJURY / DRIVE AWAY,Y,N,"OVER $1,500",08/19/2021 06:20:00 PM,FAILING TO REDUCE SPEED TO AVOID CRASH,UNABLE TO DETERMINE,5300,S,CALIFORNIA AVE,923.0,2,NO INDICATION OF INJURY,0.0,0.0,0.0,0.0,0.0,2.0,0.0,17,5,8,41.79724535,-87.69404441,POINT (-87.694044409543 41.797245350107),2021,1050
O1176069,DRIVER,8cbe94b4d1f967da9f49e7dd0545e4e5a03452526581c57ec9ab3dc453b8e8ba9e57235fa8522e28489ab3b4c5e96ecd4afaaf674f2f5a2623293802ffc9fb39,JE360588,1115671.0,09/03/2021 03:30:00 PM,CHICAGO,IL,60637,M,51.0,USAGE UNKNOWN,NOT APPLICABLE,NONE,NO INDICATION OF INJURY,UNKNOWN,UNKNOWN,NORMAL,TEST NOT OFFERED,2021,JE360588,09/03/2021 03:30:00 PM,30,STOP SIGN/FLASHER,FUNCTIONING PROPERLY,CLEAR,DAYLIGHT,TURNING,NOT DIVIDED,STRAIGHT AND LEVEL,DRY,NO DEFECTS,NOT ON SCENE (DESK REPORT),NO INJURY / DRIVE AWAY,Y,Y,"OVER $1,500",09/03/2021 06:00:00 PM,UNABLE TO DETERMINE,UNABLE TO DETERMINE,7046,S,HALSTED ST,733.0,2,NO INDICATION OF INJURY,0.0,0.0,0.0,0.0,0.0,2.0,0.0,15,6,9,41.765628744000004,-87.644571191,POINT (-87.644571191149 41.765628744339),2021,930
O1149841,DRIVER,066179ed32582b988c3f028aff9c83fb1a21cce707b9a6ea4935742348772410d59b47fd05950f36e93988b6213b84dbce806cbd25673d892d1e60ece04b99c9,JE317727,1090701.0,07/28/2021 07:14:00 PM,CHICAGO,IL,60617,M,57.0,SAFETY BELT USED,"DEPLOYED, COMBINATION",NONE,NONINCAPACITATING INJURY,NONE,NOT OBSCURED,NORMAL,TEST NOT OFFERED,2021,JE317727,07/28/2021 07:14:00 PM,30,TRAFFIC SIGNAL,FUNCTIONING PROPERLY,CLEAR,DAYLIGHT,REAR END,FOUR WAY,STRAIGHT AND LEVEL,DRY,NO DEFECTS,ON SCENE,INJURY AND / OR TOW DUE TO CRASH,Y,Y,"OVER $1,500",07/28/2021 07:17:00 PM,DRIVING SKILLS/KNOWLEDGE/EXPERIENCE,FAILING TO REDUCE SPEED TO AVOID CRASH,7899,S,STONY ISLAND AVE,411.0,4,INCAPACITATING INJURY,4.0,0.0,1.0,3.0,0.0,1.0,0.0,19,4,7,41.75151786,-87.585465141,POINT (-87.585465140554 41.751517859972),2021,1154
O1182914,DRIVER,bd8674a4f73de6d8f5cd5be757b7af5a0b223d0105d0967168647c9b74c5adf97d319ded7cf82efddeb3a6ad19cb188a507925dcb213ce82907b4c43077ed1ff,JE372242,1122254.0,09/13/2021 04:40:00 PM,BLUE ISLAND,IL,60406,M,48.0,SAFETY BELT USED,DID NOT DEPLOY,NONE,NO INDICATION OF INJURY,NONE,NOT OBSCURED,NORMAL,TEST NOT OFFERED,2021,JE372242,09/13/2021 04:40:00 PM,30,NO CONTROLS,NO CONTROLS,CLEAR,DAYLIGHT,REAR END,DIVIDED - W/MEDIAN (NOT RAISED),STRAIGHT AND LEVEL,DRY,NO DEFECTS,NOT ON SCENE (DESK REPORT),NO INJURY / DRIVE AWAY,Y,Y,"$501 - $1,500",09/13/2021 04:50:00 PM,UNABLE TO DETERMINE,UNABLE TO DETERMINE,7700,S,HALSTED ST,621.0,3,NO INDICATION OF INJURY,0.0,0.0,0.0,0.0,0.0,5.0,0.0,16,2,9,41.754179348,-87.64428069600001,POINT (-87.644280696154 41.754179348229),2021,1000
O1050417,DRIVER,b3d65b1ab691d5c6cb7e6ee0ce94380304ab58324806e0f8be462cd8fae14a4a9e838035c10ce3ceca2de45666a531906d5d26dfcd7ccd5d5e4a8986e602c306,JE153667,995967.0,02/27/2021 03:22:00 AM,CHICAGO,IL,60628,M,26.0,USAGE UNKNOWN,"DEPLOYED, SIDE",NONE,NO INDICATION OF INJURY,NONE,UNKNOWN,OTHER,TEST NOT OFFERED,2021,JE153667,02/27/2021 03:22:00 AM,30,STOP SIGN/FLASHER,OTHER,SLEET/HAIL,DARKNESS,ANGLE,NOT DIVIDED,STRAIGHT AND LEVEL,WET,NO DEFECTS,ON SCENE,INJURY AND / OR TOW DUE TO CRASH,Y,Y,"$501 - $1,500",02/27/2021 03:32:00 AM,FAILING TO YIELD RIGHT-OF-WAY,NOT APPLICABLE,9701,S,YALE AVE,511.0,2,NO INDICATION OF INJURY,0.0,0.0,0.0,0.0,0.0,6.0,0.0,3,7,2,41.717917399,-87.629632685,POINT (-87.629632685379 41.717917399214),2021,202
O1127257,DRIVER,5d32ff12af00977216f8499cf987fb854dfe61213e562591c83e8233b0383310435d8830ffd137b65b95a75e34636060819bfc3caa2fb27794c18cfa202c1030,JE280794,1069264.0,06/27/2021 12:56:00 AM,CHICAGO,IL,60639,M,27.0,SAFETY BELT USED,DID NOT DEPLOY,NONE,NO INDICATION OF INJURY,NONE,NOT OBSCURED,NORMAL,TEST NOT OFFERED,2021,JE280794,06/27/2021 12:56:00 AM,30,STOP SIGN/FLASHER,FUNCTIONING PROPERLY,CLEAR,"DARKNESS, LIGHTED ROAD",REAR END,FOUR WAY,STRAIGHT AND LEVEL,DRY,NO DEFECTS,ON SCENE,NO INJURY / DRIVE AWAY,Y,Y,"OVER $1,500",06/27/2021 12:56:00 AM,"OPERATING VEHICLE IN ERRATIC, RECKLESS, CARELESS, NEGLIGENT OR AGGRESSIVE MANNER",NOT APPLICABLE,2700,W,CHICAGO AVE,1211.0,2,NO INDICATION OF INJURY,0.0,0.0,0.0,0.0,0.0,4.0,0.0,0,1,6,41.895777621,-87.694300438,POINT (-87.694300437575 41.895777620535),2021,56
O1121176,DRIVER,51c1bef283225c6e4e5ec66c58b730b179eb3c0d8d742588b14c4777ccdfb50271623268e34ac601be8facb3d7c8bdf1ebf3427ba9dbc90dd9c8cd098c032cc3,JE271122,1063472.0,06/18/2021 06:00:00 PM,PEORIA,IL,61607,M,48.0,USAGE UNKNOWN,DEPLOYMENT UNKNOWN,NONE,NO INDICATION OF INJURY,NONE,UNKNOWN,UNKNOWN,TEST NOT OFFERED,2021,JE271122,06/18/2021 06:00:00 PM,30,TRAFFIC SIGNAL,UNKNOWN,UNKNOWN,UNKNOWN,REAR END,UNKNOWN,STRAIGHT AND LEVEL,UNKNOWN,UNKNOWN,NOT ON SCENE (DESK REPORT),NO INJURY / DRIVE AWAY,Y,Y,"OVER $1,500",06/18/2021 09:15:00 PM,FAILING TO REDUCE SPEED TO AVOID CRASH,DRIVING SKILLS/KNOWLEDGE/EXPERIENCE,1,E,8TH ST,123.0,2,NO INDICATION OF INJURY,0.0,0.0,0.0,0.0,0.0,4.0,0.0,18,6,6,41.87169777,-87.627484473,POINT (-87.627484472649 41.871697769698),2021,1080
O1028921,DRIVER,370419048de2b7d1798e709ee428324d13d65f710fbddcd9c74ebc0a2f60a2430a75a83d9de9e503094da9c792e75d58c56cedb5dbff40eaecb1dbb52ac28f5e,JE120673,975198.0,01/23/2021 12:40:00 AM,CHICAGO,IL,60638,M,35.0,SAFETY BELT USED,DID NOT DEPLOY,NONE,NO INDICATION OF INJURY,NONE,NOT OBSCURED,NORMAL,TEST NOT OFFERED,2021,JE120673,01/23/2021 12:40:00 AM,30,STOP SIGN/FLASHER,FUNCTIONING PROPERLY,CLEAR,"DARKNESS, LIGHTED ROAD",REAR END,NOT DIVIDED,STRAIGHT AND LEVEL,DRY,NO DEFECTS,ON SCENE,NO INJURY / DRIVE AWAY,Y,Y,"OVER $1,500",01/23/2021 12:40:00 AM,FAILING TO REDUCE SPEED TO AVOID CRASH,NOT APPLICABLE,1650,W,18TH ST,1234.0,2,NO INDICATION OF INJURY,0.0,0.0,0.0,0.0,0.0,3.0,0.0,0,7,1,41.857871405,-87.668270534,POINT (-87.668270534138 41.857871405319),2021,40
O1190152,DRIVER,7f2cfeb0b5b4670a0c4dd2dcb80d946da72707f6eee70d2a45fe0f7eecc546da11ecaa1ef6b37c5871f83d729a421fd305076757183665517fe412159a0e48c2,JE384296,1129182.0,09/23/2021 11:40:00 AM,CHICAGO,IL,60620,M,30.0,SAFETY BELT USED,DID NOT DEPLOY,NONE,NO INDICATION OF INJURY,NONE,NOT OBSCURED,NORMAL,TEST NOT OFFERED,2021,JE384296,09/23/2021 11:40:00 AM,30,TRAFFIC SIGNAL,FUNCTIONING PROPERLY,CLEAR,DAYLIGHT,REAR END,FOUR WAY,STRAIGHT ON GRADE,DRY,NO DEFECTS,ON SCENE,INJURY AND / OR TOW DUE TO CRASH,Y,Y,"OVER $1,500",09/23/2021 11:52:00 AM,FAILING TO REDUCE SPEED TO AVOID CRASH,NOT APPLICABLE,9101,S,ASHLAND AVE,2221.0,2,NO INDICATION OF INJURY,0.0,0.0,0.0,0.0,0.0,2.0,0.0,11,5,9,41.728393614,-87.662702646,POINT (-87.662702645551 41.728393613737),2021,700
O1049167,DRIVER,215cb36cbd024b94c969f8232357dfef1b404c8bf36e04ff6afc9fc1ee13d77ab9d1077f551256a7f1aa2115b49b7c1ec39af2dd22d15a765c3240ea9fd68228,JE151329,994761.0,02/24/2021 08:00:00 PM,CHICAGO,IL,60651,F,32.0,SAFETY BELT USED,DID NOT DEPLOY,NONE,NO INDICATION OF INJURY,NONE,NOT OBSCURED,NORMAL,TEST NOT OFFERED,2021,JE151329,02/24/2021 08:00:00 PM,30,TRAFFIC SIGNAL,FUNCTIONING PROPERLY,CLEAR,"DARKNESS, LIGHTED ROAD",REAR END,NOT DIVIDED,STRAIGHT AND LEVEL,WET,NO DEFECTS,NOT ON SCENE (DESK REPORT),NO INJURY / DRIVE AWAY,Y,Y,$500 OR LESS,02/24/2021 08:15:00 PM,FOLLOWING TOO CLOSELY,NOT APPLICABLE,3000,W,NORTH AVE,1421.0,2,NO INDICATION OF INJURY,0.0,0.0,0.0,0.0,0.0,2.0,0.0,20,4,2,41.910282255,-87.70227395799999,POINT (-87.70227395792 41.910282254788),2021,1200
O1188308,DRIVER,3aacddd80344df9fdcd6274eb102bc90b2e62b8146e5a9ea787d1723b339bef112f21e69febee71392032d7cf015c9e10d381edf6c41f24aded48fe0e123dc05,JE381061,1127399.0,09/20/2021 04:15:00 PM,CHICAGO,IL,60653,M,24.0,USAGE UNKNOWN,DID NOT DEPLOY,NONE,INCAPACITATING INJURY,NONE,UNKNOWN,REMOVED BY EMS,TEST NOT OFFERED,2021,JE381061,09/20/2021 04:15:00 PM,30,UNKNOWN,FUNCTIONING PROPERLY,CLEAR,DAYLIGHT,TURNING,CENTER TURN LANE,STRAIGHT AND LEVEL,DRY,NO DEFECTS,ON SCENE,INJURY AND / OR TOW DUE TO CRASH,Y,Y,"OVER $1,500",09/20/2021 04:19:00 PM,UNABLE TO DETERMINE,NOT APPLICABLE,199,W,69TH ST,731.0,2,INCAPACITATING INJURY,1.0,0.0,1.0,0.0,0.0,1.0,0.0,16,2,9,41.768973323000004,-87.62977641399999,POINT (-87.629776413917 41.768973322569),2021,975
O1125799,DRIVER,2be6995244defd34f123876819f67e29074082de8211dfe1605edd403185a83d30dee5aae4d53527653cd8d33aa99c8f972854f1ef46df3cafb586615b0268c3,JE278627,1067875.0,06/24/2021 11:12:00 PM,CHICAGO,IL,60632,M,26.0,SAFETY BELT USED,"DEPLOYED, FRONT",NONE,NO INDICATION OF INJURY,NONE,NOT OBSCURED,NORMAL,TEST REFUSED,2021,JE278627,06/24/2021 11:12:00 PM,35,TRAFFIC SIGNAL,FUNCTIONING PROPERLY,CLEAR,"DARKNESS, LIGHTED ROAD",ANGLE,FOUR WAY,STRAIGHT AND LEVEL,DRY,NO DEFECTS,ON SCENE,INJURY AND / OR TOW DUE TO CRASH,Y,Y,"OVER $1,500",06/24/2021 11:14:00 PM,DISREGARDING TRAFFIC SIGNALS,FAILING TO REDUCE SPEED TO AVOID CRASH,5500,S,PULASKI RD,813.0,2,NO INDICATION OF INJURY,0.0,0.0,0.0,0.0,0.0,3.0,0.0,23,5,6,41.793155061,-87.723303765,POINT (-87.723303764642 41.793155060731),2021,1392
O1160540,DRIVER,c4132c60cc72923fbf9d65cfa88d4818f8a917c6fdb644ae785edcceff954459c9b714991dc02fe0a7d4e885d05c1ef3eab6f8a40d1a329ca9fa116104f8f1e7,JE335365,1100892.0,08/12/2021 06:58:00 PM,CHICAGO,IL,60619,M,41.0,USAGE UNKNOWN,DEPLOYMENT UNKNOWN,NONE,NONINCAPACITATING INJURY,NONE,NOT OBSCURED,NORMAL,TEST NOT OFFERED,2021,JE335365,08/12/2021 06:58:00 PM,15,STOP SIGN/FLASHER,UNKNOWN,CLEAR,UNKNOWN,ANGLE,FOUR WAY,STRAIGHT AND LEVEL,DRY,UNKNOWN,ON SCENE,INJURY AND / OR TOW DUE TO CRASH,Y,Y,"OVER $1,500",08/12/2021 06:58:00 PM,FAILING TO YIELD RIGHT-OF-WAY,FAILING TO YIELD RIGHT-OF-WAY,7800,S,RHODES AVE,624.0,2,NONINCAPACITATING INJURY,1.0,0.0,0.0,1.0,0.0,1.0,0.0,18,5,8,41.752910865,-87.611483605,POINT (-87.61148360515 41.752910865287),2021,1138
O1073872,DRIVER,023cab8c58778dc6e34f50ef4fdbe721a000a58c874a8820dbc65ede2cf475f9a6228230f40d2428d9fee79950fee33e1e17b168d33dce494ed5c550c5920ceb,JE194997,1018446.0,04/10/2021 01:40:00 AM,CALUMET,IL,60409,F,0.0,SAFETY BELT USED,NOT APPLICABLE,NONE,NONINCAPACITATING INJURY,NONE,NOT OBSCURED,NORMAL,TEST NOT OFFERED,2021,JE194997,04/10/2021 01:40:00 AM,30,STOP SIGN/FLASHER,FUNCTIONING PROPERLY,CLEAR,"DARKNESS, LIGHTED ROAD",REAR END,NOT DIVIDED,STRAIGHT AND LEVEL,DRY,NO DEFECTS,ON SCENE,INJURY AND / OR TOW DUE TO CRASH,Y,Y,"OVER $1,500",04/10/2021 01:47:00 AM,"OPERATING VEHICLE IN ERRATIC, RECKLESS, CARELESS, NEGLIGENT OR AGGRESSIVE MANNER",FOLLOWING TOO CLOSELY,8059,S,EXCHANGE AVE,422.0,2,NONINCAPACITATING INJURY,2.0,0.0,0.0,2.0,0.0,1.0,0.0,1,7,4,41.748325240999996,-87.552684536,POINT (-87.552684536382 41.748325240942),2021,100
O1046543,DRIVER,4820e54782d76dc712a03748f55c0b947f9176292dbaf43d7fc0ccf803919f5d15774208ee4962060b6e6afa61e67709c68b3c77484b3966f633e816ec790245,JE147213,992196.0,02/20/2021 02:30:00 PM,CHICAGO,IL,60612,F,28.0,SAFETY BELT USED,DID NOT DEPLOY,NONE,"REPORTED, NOT EVIDENT",UNKNOWN,NOT OBSCURED,NORMAL,TEST NOT OFFERED,2021,JE147213,02/20/2021 02:30:00 PM,30,TRAFFIC SIGNAL,FUNCTIONING PROPERLY,CLEAR,DAYLIGHT,REAR END,DIVIDED - W/MEDIAN (NOT RAISED),STRAIGHT AND LEVEL,DRY,NO DEFECTS,NOT ON SCENE (DESK REPORT),INJURY AND / OR TOW DUE TO CRASH,Y,Y,"OVER $1,500",02/20/2021 03:00:00 PM,UNABLE TO DETERMINE,NOT APPLICABLE,4810,W,ROOSEVELT RD,1533.0,2,"REPORTED, NOT EVIDENT",1.0,0.0,0.0,0.0,1.0,1.0,0.0,14,7,2,41.866001549,-87.74518560700001,POINT (-87.745185607448 41.866001548702),2021,870
O1146939,DRIVER,3f54d10d398d0ff6622962cec5963b123d0870522b47b53034a53754ee34abb63ee578c62cb373ea9219e0ca7cbb02b6f5cc130403ec6a3c2f07dbeb844d1791,JE312996,1087938.0,07/24/2021 08:08:00 PM,CHICAGO,IL,60628,F,17.0,USAGE UNKNOWN,DID NOT DEPLOY,NONE,NO INDICATION OF INJURY,UNKNOWN,UNKNOWN,NORMAL,TEST REFUSED,2021,JE312996,07/24/2021 08:08:00 PM,30,STOP SIGN/FLASHER,FUNCTIONING PROPERLY,CLEAR,DAYLIGHT,ANGLE,FOUR WAY,STRAIGHT AND LEVEL,DRY,NO DEFECTS,NOT ON SCENE (DESK REPORT),INJURY AND / OR TOW DUE TO CRASH,Y,Y,"OVER $1,500",07/24/2021 09:50:00 PM,"OPERATING VEHICLE IN ERRATIC, RECKLESS, CARELESS, NEGLIGENT OR AGGRESSIVE MANNER",UNABLE TO DETERMINE,11300,S,EMERALD AVE,2233.0,2,NO INDICATION OF INJURY,0.0,0.0,0.0,0.0,0.0,2.0,0.0,20,7,7,41.688641324,-87.64119858299999,POINT (-87.641198582543 41.688641323647),2021,1208
O1116477,DRIVER,be51b7c895efd9359f9c0205f2ee1f21daee49855fab6082a9f3859d769c79fbc3565ef821285d7abf85100cf8be9c055e1b336af07fd3323d361edca987c22b,JE263602,1059039.0,06/12/2021 05:25:00 PM,CHICAGO,IL,60620,F,54.0,SAFETY BELT USED,DID NOT DEPLOY,NONE,NO INDICATION OF INJURY,NONE,NOT OBSCURED,NORMAL,TEST NOT OFFERED,2021,JE263602,06/12/2021 05:25:00 PM,35,TRAFFIC SIGNAL,FUNCTIONING PROPERLY,CLEAR,DAYLIGHT,REAR END,FOUR WAY,STRAIGHT AND LEVEL,DRY,NO DEFECTS,ON SCENE,NO INJURY / DRIVE AWAY,Y,Y,"OVER $1,500",06/12/2021 05:31:00 PM,UNABLE TO DETERMINE,UNABLE TO DETERMINE,4500,S,DR MARTIN LUTHER KING JR DR,215.0,2,NO INDICATION OF INJURY,0.0,0.0,0.0,0.0,0.0,3.0,0.0,17,7,6,41.812962741,-87.61683558600001,POINT (-87.616835585954 41.812962741184),2021,1045