PERSON_ID,PERSON_TYPE,CRASH_RECORD_ID,RD_NO_x,VEHICLE_ID,CRASH_DATE_x,CITY,STATE,ZIPCODE,SEX,AGE,SAFETY_EQUIPMENT,AIRBAG_DEPLOYED,EJECTION,INJURY_CLASSIFICATION,DRIVER_ACTION,DRIVER_VISION,PHYSICAL_CONDITION,BAC_RESULT,CRASH_YEAR_x,RD_NO_y,CRASH_DATE_y,POSTED_SPEED_LIMIT,TRAFFIC_CONTROL_DEVICE,DEVICE_CONDITION,WEATHER_CONDITION,LIGHTING_CONDITION,FIRST_CRASH_TYPE,TRAFFICWAY_TYPE,ALIGNMENT,ROADWAY_SURFACE_COND,ROAD_DEFECT,REPORT_TYPE,CRASH_TYPE,INTERSECTION_RELATED_I,HIT_AND_RUN_I,DAMAGE,DATE_POLICE_NOTIFIED,PRIM_CONTRIBUTORY_CAUSE,SEC_CONTRIBUTORY_CAUSE,STREET_NO,STREET_DIRECTION,STREET_NAME,BEAT_OF_OCCURRENCE,NUM_UNITS,MOST_SEVERE_INJURY,INJURIES_TOTAL,INJURIES_FATAL,INJURIES_INCAPACITATING,INJURIES_NON_INCAPACITATING,INJURIES_REPORTED_NOT_EVIDENT,INJURIES_NO_INDICATION,INJURIES_UNKNOWN,CRASH_HOUR,CRASH_DAY_OF_WEEK,CRASH_MONTH,LATITUDE,LONGITUDE,LOCATION,CRASH_YEAR_y,TIME
O1164898,DRIVER,9dc55a28c5f97eebc8948367b6a917d70224af6390c1140d0c9054bf23ef48db9134247448ee3ee3eacd50d301bec718e73b19ea99cba66d00eb921d93f8eeb1,JE342585,1105033.0,08/19/2021 12:45:00 PM,CHICAGOI,IL,60629,M,42.0,SAFETY BELT USED,DID NOT DEPLOY,NONE,NO INDICATION OF INJURY,NONE,NOT OBSCURED,NORMAL,TEST NOT OFFERED,2021,JE342585,08/19/2021 12:45:00 PM,30,TRAFFIC SIGNAL,FUNCTIONING PROPERLY,CLOUDY/OVERCAST,DAYLIGHT,REAR END,NOT DIVIDED,STRAIGHT AND LEVEL,DRY,NO DEFECTS,ON SCENE,NO INJURY / DRIVE AWAY,Y,Y,"$501 - $1,500",08/19/2021 12:48:00 PM,DRIVING SKILLS/KNOWLEDGE/EXPERIENCE,UNABLE TO DETERMINE,1521,N,HALSTED ST,1822.0,2,NO INDICATION OF INJURY,0.0,0.0,0.0,0.0,0.0,2.0,0.0,12,5,8,41.909259405,-87.648084975,POINT (-87.648084974824 41.909259404926),2021,765
O1151137,DRIVER,d5fa1a76a3927b6ed35a95a9f057b65fe8d9324c43ac15fbe4a4880fd77d1f52d9fac5ef3b5f9948ca96f4427b65549bec416aff370d5e513b09f4ad52b0abe2,JE319954,1091923.0,07/30/2021 03:10:00 PM,ROMEOVILLE,IL,60446,M,27.0,SAFETY BELT USED,"DEPLOYED, COMBINATION",NONE,NO INDICATION OF INJURY,FAILED TO YIELD,MOVING VEHICLES,NORMAL,TEST NOT OFFERED,2021,JE319954,07/30/2021 03:10:00 PM,30,STOP SIGN/FLASHER,FUNCTIONING PROPERLY,CLEAR,DAYLIGHT,ANGLE,FOUR WAY,STRAIGHT AND LEVEL,DRY,NO DEFECTS,ON SCENE,INJURY AND / OR TOW DUE TO CRASH,Y,N,"OVER $1,500",07/30/2021 03:14:00 PM,FAILING TO YIELD RIGHT-OF-WAY,UNABLE TO DETERMINE,1022,W,CHICAGO AVE,1213.0,2,NO INDICATION OF INJURY,0.0,0.0,0.0,0.0,0.0,5.0,0.0,15,6,7,41.896403014,-87.653560092,POINT (-87.653560091853 41.896403013596),2021,910
O1213449,DRIVER,7e2ab58b277570932c6600d18c957fef2120ee96c24eb5ab2ce0e4fdf96d1ef10e76e17daecfd4d0a364a862544d2fabfcc1a0b1e9b6b581536a1b0062c58549,JE423106,1151414.0,10/23/2021 10:30:00 AM,CHICAGO,IL,60619,M,90.0,SAFETY BELT USED,DID NOT DEPLOY,NONE,NO INDICATION OF INJURY,NONE,NOT OBSCURED,NORMAL,TEST NOT OFFERED,2021,JE423106,10/23/2021 10:30:00 AM,20,TRAFFIC SIGNAL,FUNCTIONING PROPERLY,CLEAR,DAYLIGHT,SIDESWIPE OPPOSITE DIRECTION,NOT DIVIDED,STRAIGHT AND LEVEL,DRY,NO DEFECTS,NOT ON SCENE (DESK REPORT),NO INJURY / DRIVE AWAY,Y,Y,"OVER $1,500",10/26/2021 02:00:00 PM,FAILING TO REDUCE SPEED TO AVOID CRASH,FOLLOWING TOO CLOSELY,7900,S,DR MARTIN LUTHER KING JR DR,623.0,2,NO INDICATION OF INJURY,0.0,0.0,0.0,0.0,0.0,2.0,0.0,10,7,10,41.751020471,-87.615102246,POINT (-87.615102245534 41.751020470682),2021,630
O1099363,DRIVER,8d97cb75a0e5f83c579e252542bfcd73c202ba983aa1eba7fe41c50c028fbc9177503e99d736fd99f22622528afcb67ff5c5c0c85463293f97788370dc739a3c,JE236832,1042786.0,05/20/2021 08:13:00 PM,CHICAGO,IL,60640,M,34.0,USAGE UNKNOWN,DID NOT DEPLOY,NONE,NO INDICATION OF INJURY,NONE,UNKNOWN,NORMAL,TEST NOT OFFERED,2021,JE236832,05/20/2021 08:13:00 PM,30,TRAFFIC SIGNAL,FUNCTIONING PROPERLY,CLEAR,"DARKNESS, LIGHTED ROAD",SIDESWIPE SAME DIRECTION,DIVIDED - W/MEDIAN (NOT RAISED),STRAIGHT AND LEVEL,DRY,NO DEFECTS,ON SCENE,NO INJURY / DRIVE AWAY,Y,Y,$500 OR LESS,05/20/2021 08:36:00 PM,UNABLE TO DETERMINE,NOT APPLICABLE,4400,N,HAZEL ST,1914.0,2,NO INDICATION OF INJURY,0.0,0.0,0.0,0.0,0.0,2.0,0.0,20,5,5,41.961851077,-87.652476368,POINT (-87.652476368277 41.961851076972),2021,1213
O1165612,DRIVER,02eed7fa6f75f945d9b27465ffd81a0fb5912b90cab522d86ff06c3bd261e566b0c12c8296851eb91da88c5b616bf513c4db936cbd58623ca04067014d148b0e,JE343770,1105684.0,08/20/2021 01:30:00 PM,CHICAGO,IL,60629,M,30.0,HELMET NOT USED,NOT APPLICABLE,UNKNOWN,NONINCAPACITATING INJURY,UNKNOWN,NOT OBSCURED,NORMAL,TEST NOT OFFERED,2021,JE343770,08/20/2021 01:30:00 PM,25,STOP SIGN/FLASHER,FUNCTIONING PROPERLY,CLEAR,DAYLIGHT,ANGLE,FOUR WAY,STRAIGHT AND LEVEL,DRY,NO DEFECTS,ON SCENE,INJURY AND / OR TOW DUE TO CRASH,Y,Y,$500 OR LESS,08/20/2021 01:44:00 PM,FAILING TO YIELD RIGHT-OF-WAY,UNABLE TO DETERMINE,6500,S,RICHMOND ST,831.0,2,NONINCAPACITATING INJURY,1.0,0.0,0.0,1.0,0.0,1.0,0.0,13,6,8,41.775321952,-87.697099377,POINT (-87.697099376913 41.775321951928),2021,810
O1224246,DRIVER,9698e4b05790028245092dd9c7fd1acd1c6616a91cff84734365057ba185e4072dca12776af929cd26d0169bc727820388ce276b75a40b306c138a1f17709382,JE440604,1161737.0,11/10/2021 02:11:00 PM,GLENDALE HEIGHTS,IL,60139,M,48.0,USAGE UNKNOWN,DID NOT DEPLOY,NONE,NO INDICATION OF INJURY,NONE,NOT OBSCURED,NORMAL,TEST NOT OFFERED,2021,JE440604,11/10/2021 02:11:00 PM,35,NO CONTROLS,FUNCTIONING PROPERLY,CLEAR,DAYLIGHT,REAR END,DIVIDED - W/MEDIAN (NOT RAISED),STRAIGHT AND LEVEL,DRY,NO DEFECTS,ON SCENE,NO INJURY / DRIVE AWAY,Y,Y,"$501 - $1,500",11/10/2021 02:11:00 PM,UNABLE TO DETERMINE,UNABLE TO DETERMINE,815,W,63RD ST,723.0,2,NO INDICATION OF INJURY,0.0,0.0,0.0,0.0,0.0,3.0,0.0,14,4,11,41.779631077,-87.645469769,POINT (-87.645469768851 41.779631076859),2021,851
O1225925,DRIVER,8a8814855b853bccb20722442bf29e8d45f28107cc9f0486e4b10318de95105c86f3b47bb2a1ce1a31d545ea14aa897b65bcb558e52142882e040d21315fc93e,JE443318,1163366.0,11/12/2021 10:07:00 PM,CHICAGO,IL,60645,M,43.0,USAGE UNKNOWN,NOT APPLICABLE,NONE,NO INDICATION OF INJURY,NONE,NOT OBSCURED,NORMAL,TEST NOT OFFERED,2021,JE443318,11/12/2021 10:07:00 PM,15,UNKNOWN,UNKNOWN,UNKNOWN,"DARKNESS, LIGHTED ROAD",ANGLE,NOT DIVIDED,STRAIGHT AND LEVEL,UNKNOWN,UNKNOWN,NOT ON SCENE (DESK REPORT),INJURY AND / OR TOW DUE TO CRASH,Y,Y,$500 OR LESS,11/12/2021 11:45:00 PM,FAILING TO YIELD RIGHT-OF-WAY,FAILING TO YIELD RIGHT-OF-WAY,5500,N,ROCKWELL ST,2011.0,2,"REPORTED, NOT EVIDENT",1.0,0.0,0.0,0.0,1.0,2.0,0.0,22,6,11,41.981363773000005,-87.69438677,POINT (-87.694386769815 41.981363773192),2021,1327
O1091026,DRIVER,3b39ed9dd302316da6bf30f5e737464538ba375e0576806f5903c7110e3abe40f4238da5d13af3b70624ae21f086b14889ebbe789db9ab58ed1ae162ba200786,JE223148,1034802.0,05/07/2021 09:39:00 PM,BUFFALO GROVE,IL,60089,M,24.0,SAFETY BELT USED,DID NOT DEPLOY,NONE,NO INDICATION OF INJURY,UNKNOWN,UNKNOWN,NORMAL,TEST NOT OFFERED,2021,JE223148,05/07/2021 09:39:00 PM,35,TRAFFIC SIGNAL,UNKNOWN,CLEAR,"DARKNESS, LIGHTED ROAD",SIDESWIPE SAME DIRECTION,Y-INTERSECTION,STRAIGHT AND LEVEL,DRY,NO DEFECTS,NOT ON SCENE (DESK REPORT),NO INJURY / DRIVE AWAY,Y,Y,$500 OR LESS,05/07/2021 11:50:00 PM,UNABLE TO DETERMINE,UNABLE TO DETERMINE,400,E,MARQUETTE RD,312.0,2,NO INDICATION OF INJURY,0.0,0.0,0.0,0.0,0.0,2.0,0.0,21,6,5,41.77308031,-87.615392622,POINT (-87.615392621573 41.773080310407),2021,1299
O1027581,DRIVER,aa90db766e3fe262c61deb8ef7a89d79fc480ecc76e64a53dc6487df0e79089f85880828ab99a7597ef6806a8b6534b754df6800c7fe2024b0bb731fbdae0a39,JE118181,973943.0,01/20/2021 03:15:00 PM,CHICAGO,IL,60617,M,33.0,SAFETY BELT USED,NOT APPLICABLE,NONE,NO INDICATION OF INJURY,NONE,NOT OBSCURED,NORMAL,TEST NOT OFFERED,2021,JE118181,01/20/2021 03:15:00 PM,30,TRAFFIC SIGNAL,FUNCTIONING PROPERLY,CLEAR,DAYLIGHT,TURNING,NOT DIVIDED,STRAIGHT AND LEVEL,SNOW OR SLUSH,NO DEFECTS,ON SCENE,NO INJURY / DRIVE AWAY,Y,Y,"$501 - $1,500",01/20/2021 04:11:00 PM,FAILING TO YIELD RIGHT-OF-WAY,NOT APPLICABLE,6701,S,JEFFERY BLVD,331.0,2,NO INDICATION OF INJURY,0.0,0.0,0.0,0.0,0.0,7.0,0.0,15,4,1,41.77336022,-87.57634548899999,POINT (-87.576345488656 41.77336021958),2021,915
O1082397,DRIVER,6a47091ac73c0567d03ee979f13ba00654a38967f077e9e796be7bd2abb1f706849b39eac11fc3145b23b3ea455cb61127280b052a0e7a846253264fd42fcdc2,JE209321,1026569.0,04/25/2021 01:06:00 AM,CHICAGO,IL,60629,M,32.0,SAFETY BELT USED,DID NOT DEPLOY,NONE,INCAPACITATING INJURY,NONE,NOT OBSCURED,NORMAL,TEST NOT OFFERED,2021,JE209321,04/25/2021 01:06:00 AM,35,STOP SIGN/FLASHER,FUNCTIONING PROPERLY,CLEAR,"DARKNESS, LIGHTED ROAD",ANGLE,FOUR WAY,STRAIGHT AND LEVEL,DRY,NO DEFECTS,ON SCENE,INJURY AND / OR TOW DUE TO CRASH,Y,Y,"OVER $1,500",04/25/2021 01:06:00 AM,DISREGARDING STOP SIGN,NOT APPLICABLE,5199,S,KEDZIE AVE,923.0,2,INCAPACITATING INJURY,1.0,0.0,1.0,0.0,0.0,1.0,0.0,1,1,4,41.799086885,-87.703569705,POINT (-87.70356970472 41.799086884514),2021,66
O1115694,DRIVER,4f29ccb87426df3407444f827215dbdaf0057dac45bfc60a4a4fba5f20c75ea934abad2b0af1e9131e2694240c02141c5182be9516316ad4cce45ffd21fdf6bf,JE262552,1058306.0,06/11/2021 04:30:00 PM,CHICAGO,IL,60643,F,41.0,SAFETY BELT USED,DID NOT DEPLOY,NONE,"REPORTED, NOT EVIDENT",NONE,NOT OBSCURED,NORMAL,TEST NOT OFFERED,2021,JE262552,06/11/2021 04:30:00 PM,30,TRAFFIC SIGNAL,FUNCTIONING PROPERLY,CLEAR,DAYLIGHT,REAR END,ONE-WAY,STRAIGHT ON GRADE,DRY,NO DEFECTS,NOT ON SCENE (DESK REPORT),INJURY AND / OR TOW DUE TO CRASH,Y,Y,"OVER $1,500",06/11/2021 07:45:00 PM,FAILING TO REDUCE SPEED TO AVOID CRASH,NOT APPLICABLE,851,W,99TH ST,2232.0,2,"REPORTED, NOT EVIDENT",1.0,0.0,0.0,0.0,1.0,1.0,0.0,16,6,6,41.714071706,-87.64511219299999,POINT (-87.645112192816 41.714071706401),2021,990
O1249206,DRIVER,ca79b066602dc444f97c7a78b00d6b2e23bd277d4f6b053a7c9ac240357b9ea9a6fba48e20c5a20f4a8b2682fd66faa2d1cb05e1d59b0c6a37567fef445bc467,JE482467,1185706.0,12/19/2021 08:06:00 AM,CHICAGO,IL,60645,F,29.0,USAGE UNKNOWN,DID NOT DEPLOY,NONE,NONINCAPACITATING INJURY,NONE,NOT OBSCURED,NORMAL,TEST NOT OFFERED,2021,JE482467,12/19/2021 08:06:00 AM,30,TRAFFIC SIGNAL,FUNCTIONING PROPERLY,CLEAR,DAYLIGHT,ANGLE,NOT DIVIDED,STRAIGHT AND LEVEL,DRY,NO DEFECTS,ON SCENE,INJURY AND / OR TOW DUE TO CRASH,Y,N,"OVER $1,500",12/19/2021 08:11:00 AM,DISREGARDING TRAFFIC SIGNALS,UNDER THE INFLUENCE OF ALCOHOL/DRUGS (USE WHEN ARREST IS EFFECTED),300,S,LARAMIE AVE,1522.0,2,NONINCAPACITATING INJURY,2.0,0.0,0.0,2.0,0.0,1.0,0.0,8,1,12,41.876611038,-87.75507450399999,POINT (-87.755074504036 41.876611038277),2021,486
O1098925,DRIVER,68a0997088ca652ab9157eeab61c9b5a5feb8f7fe06b5a25fa94166740a3f3a7a0ed232aa26279f6cd57bf18149c14d0e0864279011ae34ed1da4bfdd9fe6db5,JE236186,1042361.0,05/20/2021 10:30:00 AM,CHICAGO,IL,60630,F,42.0,USAGE UNKNOWN,NOT APPLICABLE,NONE,NO INDICATION OF INJURY,NONE,NOT OBSCURED,NORMAL,TEST NOT OFFERED,2021,JE236186,05/20/2021 10:30:00 AM,30,TRAFFIC SIGNAL,FUNCTIONING PROPERLY,CLEAR,DAYLIGHT,REAR END,NOT DIVIDED,STRAIGHT AND LEVEL,DRY,NO DEFECTS,ON SCENE,INJURY AND / OR TOW DUE TO CRASH,Y,Y,"$501 - $1,500",05/20/2021 10:30:00 AM,UNABLE TO DETERMINE,UNABLE TO DETERMINE,2400,N,ASHLAND AVE,1931.0,2,NO INDICATION OF INJURY,0.0,0.0,0.0,0.0,0.0,3.0,0.0,10,5,5,41.92519389,-87.66829436299999,POINT (-87.668294363399 41.92519388981),2021,630
O1162216,DRIVER,c2d05ddbdf84630f956ddb5d5db4cd53f247c9fa27fe53b0948d59691dc572993af9f1fccd4043b0cebf5f5dd86976d79110d84f3af2e0cb6d0385dcdb6b296d,JE337835,1102453.0,08/15/2021 03:00:00 AM,CHICAGO,IL,60621,F,50.0,SAFETY BELT USED,"DEPLOYED, COMBINATION",NONE,INCAPACITATING INJURY,NONE,NOT OBSCURED,NORMAL,TEST NOT OFFERED,2021,JE337835,08/15/2021 03:00:00 AM,35,TRAFFIC SIGNAL,FUNCTIONING PROPERLY,CLEAR,"DARKNESS, LIGHTED ROAD",ANGLE,DIVIDED - W/MEDIAN BARRIER,STRAIGHT AND LEVEL,DRY,NO DEFECTS,ON SCENE,INJURY AND / OR TOW DUE TO CRASH,Y,Y,"OVER $1,500",08/15/2021 03:00:00 AM,FAILING TO REDUCE SPEED TO AVOID CRASH,FAILING TO REDUCE SPEED TO AVOID CRASH,5448,S,HALSTED ST,934.0,2,INCAPACITATING INJURY,2.0,0.0,2.0,0.0,0.0,1.0,0.0,3,1,8,41.794666245,-87.64531559299999,POINT (-87.645315592922 41.794666245134),2021,180
O1136375,DRIVER,a4dc33b22e858d80a35f916a18fa405c19c9cdb70e538e9cb3b63ddb11cfb67aa50a85360b31d55a3fb6d236bf1a1bb9a40fbe8aa0380359c689a574a29ddb26,JE295808,1077880.0,07/09/2021 01:14:00 PM,MATTESON,IL,60443,F,25.0,USAGE UNKNOWN,NOT APPLICABLE,NONE,"REPORTED, NOT EVIDENT",NONE,NOT OBSCURED,NORMAL,TEST NOT OFFERED,2021,JE295808,07/09/2021 01:14:00 PM,35,TRAFFIC SIGNAL,FUNCTIONING PROPERLY,CLEAR,DAYLIGHT,TURNING,DIVIDED - W/MEDIAN BARRIER,STRAIGHT AND LEVEL,DRY,NO DEFECTS,NOT ON SCENE (DESK REPORT),INJURY AND / OR TOW DUE TO CRASH,Y,Y,"OVER $1,500",07/09/2021 03:00:00 PM,DISREGARDING TRAFFIC SIGNALS,UNABLE TO DETERMINE,8300,S,STONY ISLAND AVE,412.0,2,"REPORTED, NOT EVIDENT",1.0,0.0,0.0,0.0,1.0,1.0,0.0,13,6,7,41.744151639,-87.58594506700001,POINT (-87.585945066953 41.744151639042),2021,794
O1221696,DRIVER,a895ffde230d89af4932fb061e6228329e9b82de525518d25a91bbe12bda7127f37687b2ac4ad06b96dc994d568f599d75c352b02553f2cfe58f4ec7537f3ca1,JE435850,1159316.0,11/05/2021 04:23:00 PM,CHICAGO,IL,60623,M,48.0,SAFETY BELT USED,DID NOT DEPLOY,NONE,NO INDICATION OF INJURY,NONE,NOT OBSCURED,NORMAL,TEST NOT OFFERED,2021,JE435850,11/05/2021 04:23:00 PM,30,TRAFFIC SIGNAL,FUNCTIONING PROPERLY,CLEAR,DAYLIGHT,TURNING,DIVIDED - W/MEDIAN (NOT RAISED),STRAIGHT AND LEVEL,DRY,NO DEFECTS,NOT ON SCENE (DESK REPORT),NO INJURY / DRIVE AWAY,Y,Y,"$501 - $1,500",11/06/2021 10:45:00 AM,UNABLE TO DETERMINE,NOT APPLICABLE,7800,S,KEDZIE AVE,835.0,2,NO INDICATION OF INJURY,0.0,0.0,0.0,0.0,0.0,3.0,0.0,16,6,11,41.751570750999996,-87.70259286299999,POINT (-87.702592862696 41.751570751478),2021,983
O1210258,DRIVER,a931a32eb4fb1bc284fc2d15b89b0f3438c2a2c3dec53a29ef722314f1af73b5832166e71305194cdb2f7a8dbff67009007fbe19f88977d51396d8b3e0b379ac,JE418111,1148338.0,10/21/2021 09:55:00 PM,SAINT CHARLES,IL,60174,M,47.0,USAGE UNKNOWN,DID NOT DEPLOY,NONE,NO INDICATION OF INJURY,OTHER,NOT OBSCURED,NORMAL,TEST NOT OFFERED,2021,JE418111,10/21/2021 09:55:00 PM,30,TRAFFIC SIGNAL,FUNCTIONING PROPERLY,CLEAR,"DARKNESS, LIGHTED ROAD",REAR END,NOT DIVIDED,STRAIGHT AND LEVEL,UNKNOWN,UNKNOWN,NOT ON SCENE (DESK REPORT),NO INJURY / DRIVE AWAY,Y,Y,$500 OR LESS,10/21/2021 10:35:00 PM,UNABLE TO DETERMINE,UNABLE TO DETERMINE,335,W,ERIE ST,1831.0,2,NO INDICATION OF INJURY,0.0,0.0,0.0,0.0,0.0,2.0,0.0,21,5,10,41.893841857,-87.637027994,POINT (-87.637027994021 41.893841857276),2021,1315
O1146113,DRIVER,7bfb96f83743a27b702a7e352c06b3dcc78680435f466cd1f1b5480eb048e0b68a53c7af5b0523fb22168e43cba09f48645653751b403513e29f52de9e5790c7,JE311824,1087160.0,07/22/2021 03:00:00 PM,CHICAGO,IL,60628,M,58.0,USAGE UNKNOWN,DEPLOYMENT UNKNOWN,NONE,NO INDICATION OF INJURY,NONE,NOT OBSCURED,NORMAL,TEST NOT OFFERED,2021,JE311824,07/22/2021 03:00:00 PM,30,STOP SIGN/FLASHER,NO CONTROLS,UNKNOWN,UNKNOWN,TURNING,NOT DIVIDED,STRAIGHT AND LEVEL,UNKNOWN,UNKNOWN,NOT ON SCENE (DESK REPORT),NO INJURY / DRIVE AWAY,Y,Y,"OVER $1,500",07/23/2021 08:25:00 PM,FAILING TO YIELD RIGHT-OF-WAY,NOT APPLICABLE,810,W,115TH ST,2234.0,2,NO INDICATION OF INJURY,0.0,0.0,0.0,0.0,0.0,2.0,0.0,15,5,7,41.685184914000004,-87.642653234,POINT (-87.642653233807 41.685184913959),2021,900
O1113633,DRIVER,77820d4596ef18b2e63b0472ff055c6b9ce746dae231fe6d75077a29aab8496b7a19b60a79b540d29f3f6ab3f863328b0732e95f1b0910ee0692c7952df9cbbc,JE259455,1056511.0,06/09/2021 10:50:00 AM,WINNETKA,IL,60093,F,48.0,USAGE UNKNOWN,DID NOT DEPLOY,NONE,NO INDICATION OF INJURY,NONE,UNKNOWN,UNKNOWN,TEST NOT OFFERED,2021,JE259455,06/09/2021 10:50:00 AM,30,TRAFFIC SIGNAL,FUNCTIONING PROPERLY,CLEAR,DAYLIGHT,REAR END,NOT DIVIDED,STRAIGHT AND LEVEL,DRY,NO DEFECTS,ON SCENE,NO INJURY / DRIVE AWAY,Y,Y,"OVER $1,500",06/09/2021 10:54:00 AM,FOLLOWING TOO CLOSELY,FAILING TO REDUCE SPEED TO AVOID CRASH,5058,W,LAWRENCE AVE,1623.0,3,NO INDICATION OF INJURY,0.0,0.0,0.0,0.0,0.0,5.0,0.0,10,4,6,41.96804663,-87.754980857,POINT (-87.754980856586 41.968046629615),2021,650
O1185244,DRIVER,9e17b12f67dcf9c95fd11575eab5f38b4b682fbd9aa05d3413ddd1c49908f8987f91f4aa275f3a1da8b84be7bbe5952da2c9ad5097b8a31935a8fceb8775d7e8,JE376084,1124465.0,09/16/2021 03:51:00 PM,CHICAGO,IL,60624,F,29.0,SAFETY BELT USED,NOT APPLICABLE,NONE,NO INDICATION OF INJURY,NONE,NOT OBSCURED,NORMAL,TEST NOT OFFERED,2021,JE376084,09/16/2021 03:51:00 PM,25,STOP SIGN/FLASHER,FUNCTIONING PROPERLY,CLEAR,DAYLIGHT,ANGLE,NOT DIVIDED,STRAIGHT AND LEVEL,DRY,NO DEFECTS,ON SCENE,INJURY AND / OR TOW DUE TO CRASH,Y,Y,"OVER $1,500",09/16/2021 04:15:00 PM,UNABLE TO DETERMINE,NOT APPLICABLE,127,S,PULASKI RD,1122.0,2,NO INDICATION OF INJURY,0.0,0.0,0.0,0.0,0.0,2.0,0.0,15,5,9,41.879024412,-87.72546599299999,POINT (-87.725465992864 41.879024412236),2021,951
O1177793,DRIVER,3fcd46c0e3aba82d4d7bd19f0c767c4a4ff41fe512d03f5631d5cb07395cf48dda1eeaac4e2f9b10ee7d9f33635b45b3dd2e6e2ac557fdcbb9efac37399869fb,JE363588,1117340.0,09/06/2021 02:00:00 AM,CHICAGO,IL,60615,M,41.0,SAFETY BELT USED,NOT APPLICABLE,NONE,NO INDICATION OF INJURY,NONE,NOT OBSCURED,NORMAL,TEST NOT OFFERED,2021,JE363588,09/06/2021 02:00:00 AM,30,NO CONTROLS,NO CONTROLS,CLEAR,DARKNESS,REAR END,DIVIDED - W/MEDIAN BARRIER,STRAIGHT AND LEVEL,DRY,UNKNOWN,ON SCENE,NO INJURY / DRIVE AWAY,Y,Y,"OVER $1,500",09/06/2021 01:50:00 PM,UNABLE TO DETERMINE,NOT APPLICABLE,420,E,115TH ST,531.0,2,NO INDICATION OF INJURY,0.0,0.0,0.0,0.0,0.0,2.0,0.0,2,2,9,41.685542782,-87.612371039,POINT (-87.612371038772 41.685542781831),2021,120
O1098065,DRIVER,ad79bec65df541413211e156074e474370a130cadb392879cbb9967e86ab4b098efce457eb15827d783a84fe47ac353087fafe185c1db62ed726641b10a4186c,JE234563,1041541.0,05/18/2021 07:00:00 PM,CHICAGO,IL,60647,F,31.0,USAGE UNKNOWN,NOT APPLICABLE,NONE,NO INDICATION OF INJURY,NONE,NOT OBSCURED,NORMAL,TEST NOT OFFERED,2021,JE234563,05/18/2021 07:00:00 PM,30,TRAFFIC SIGNAL,FUNCTIONING PROPERLY,CLOUDY/OVERCAST,DUSK,REAR TO FRONT,NOT DIVIDED,STRAIGHT AND LEVEL,WET,NO DEFECTS,NOT ON SCENE (DESK REPORT),NO INJURY / DRIVE AWAY,Y,Y,$500 OR LESS,05/18/2021 07:15:00 PM,UNABLE TO DETERMINE,NOT APPLICABLE,1330,W,NORTH AVE,1433.0,2,NO INDICATION OF INJURY,0.0,0.0,0.0,0.0,0.0,2.0,0.0,19,3,5,41.910823111,-87.66166513200001,POINT (-87.661665132098 41.910823111013),2021,1140
O1244656,DRIVER,25bed18d7276db5c6cc09a53b0f76953ab717312adb86507d6e5158baa334485acec04419278049adf60addc508d58c3fa1844449b2f1e3c10cb647c372e3035,JE474552,1181314.0,12/12/2021 02:01:00 AM,ARLINGTON HEIGHTS,IL,60005,M,34.0,SAFETY BELT USED,NOT APPLICABLE,NONE,NO INDICATION OF INJURY,NONE,NOT OBSCURED,NORMAL,TEST NOT OFFERED,2021,JE474552,12/12/2021 02:01:00 AM,30,STOP SIGN/FLASHER,FUNCTIONING PROPERLY,CLEAR,"DARKNESS, LIGHTED ROAD",ANGLE,FOUR WAY,STRAIGHT AND LEVEL,DRY,NO DEFECTS,ON SCENE,NO INJURY / DRIVE AWAY,Y,Y,"OVER $1,500",12/12/2021 02:01:00 AM,FAILING TO YIELD RIGHT-OF-WAY,DISREGARDING STOP SIGN,401,N,HALSTED ST,1214.0,2,NO INDICATION OF INJURY,0.0,0.0,0.0,0.0,0.0,3.0,0.0,2,1,12,41.889094076,-87.647437223,POINT (-87.647437223414 41.889094076284),2021,121
O1167022,DRIVER,f144abd030b41906de2b31a5100857e468af76f70099a2f5d37fe0ea61b73305f5b751f11a70fe1d1ffb52eb56cc83db842fa42931d8101a9f25bc940f62c819,JE345790,1107034.0,08/22/2021 07:30:00 AM,CHARLOTTE,NC,28210,F,65.0,SAFETY BELT USED,DID NOT DEPLOY,NONE,NO INDICATION OF INJURY,NONE,NOT OBSCURED,NORMAL,TEST NOT OFFERED,2021,JE345790,08/22/2021 07:30:00 AM,20,STOP SIGN/FLASHER,NO CONTROLS,CLEAR,DAYLIGHT,TURNING,FOUR WAY,STRAIGHT AND LEVEL,DRY,NO DEFECTS,ON SCENE,NO INJURY / DRIVE AWAY,Y,Y,"$501 - $1,500",08/22/2021 07:40:00 AM,DISREGARDING STOP SIGN,DISREGARDING STOP SIGN,569,W,MONTROSE DR,1915.0,2,NO INDICATION OF INJURY,0.0,0.0,0.0,0.0,0.0,2.0,0.0,7,1,8,41.962059074,-87.64482938,POINT (-87.644829380208 41.962059074018),2021,450