PERSON_ID,PERSON_TYPE,CRASH_RECORD_ID,RD_NO_x,VEHICLE_ID,CRASH_DATE_x,CITY,STATE,ZIPCODE,SEX,AGE,SAFETY_EQUIPMENT,AIRBAG_DEPLOYED,EJECTION,INJURY_CLASSIFICATION,DRIVER_ACTION,DRIVER_VISION,PHYSICAL_CONDITION,BAC_RESULT,CRASH_YEAR_x,RD_NO_y,CRASH_DATE_y,POSTED_SPEED_LIMIT,TRAFFIC_CONTROL_DEVICE,DEVICE_CONDITION,WEATHER_CONDITION,LIGHTING_CONDITION,FIRST_CRASH_TYPE,TRAFFICWAY_TYPE,ALIGNMENT,ROADWAY_SURFACE_COND,ROAD_DEFECT,REPORT_TYPE,CRASH_TYPE,INTERSECTION_RELATED_I,HIT_AND_RUN_I,DAMAGE,DATE_POLICE_NOTIFIED,PRIM_CONTRIBUTORY_CAUSE,SEC_CONTRIBUTORY_CAUSE,STREET_NO,STREET_DIRECTION,STREET_NAME,BEAT_OF_OCCURRENCE,NUM_UNITS,MOST_SEVERE_INJURY,INJURIES_TOTAL,INJURIES_FATAL,INJURIES_INCAPACITATING,INJURIES_NON_INCAPACITATING,INJURIES_REPORTED_NOT_EVIDENT,INJURIES_NO_INDICATION,INJURIES_UNKNOWN,CRASH_HOUR,CRASH_DAY_OF_WEEK,CRASH_MONTH,LATITUDE,LONGITUDE,LOCATION,CRASH_YEAR_y,TIME
O1142030,DRIVER,e0f6ba2c1dd3a2ed64f5aafcf97e37d7871dd50b11fa6614dab8f881e6cb02ce56da3ca7c0200add297bc584d88f51fc505b627fc176283ff8beedfaae1458de,JE305118,1083264.0,07/17/2021 11:34:00 PM,NAPERVILLE,IL,60563,M,38.0,SAFETY BELT USED,DID NOT DEPLOY,NONE,NO INDICATION OF INJURY,FOLLOWED TOO CLOSELY,NOT OBSCURED,UNKNOWN,TEST NOT OFFERED,2021,JE305118,07/17/2021 11:34:00 PM,30,TRAFFIC SIGNAL,FUNCTIONING PROPERLY,CLEAR,"DARKNESS, LIGHTED ROAD",REAR END,NOT DIVIDED,STRAIGHT AND LEVEL,DRY,UNKNOWN,NOT ON SCENE (DESK REPORT),NO INJURY / DRIVE AWAY,Y,N,"OVER $1,500",07/18/2021 12:25:00 AM,FOLLOWING TOO CLOSELY,FAILING TO REDUCE SPEED TO AVOID CRASH,6901,S,DR MARTIN LUTHER KING JR DR,322.0,2,NO INDICATION OF INJURY,0.0,0.0,0.0,0.0,0.0,4.0,0.0,23,7,7,41.769251202,-87.61520577200001,POINT (-87.61520577193 41.769251202434),2021,1414
O1108556,DRIVER,dc9fffa0a5f245cbab452d6fe8dbd1fcc3c00cb65e33d5e87e38582a2bf69662c8c31c0b721d2b6929e270539f49d549fbd1a59b88725368091c4629e3f40d57,JE251517,1051589.0,06/02/2021 06:30:00 PM,CHICAGO,IL,60660,M,29.0,SAFETY BELT USED,NOT APPLICABLE,NONE,NO INDICATION OF INJURY,NONE,NOT OBSCURED,NORMAL,TEST NOT OFFERED,2021,JE251517,06/02/2021 06:30:00 PM,30,TRAFFIC SIGNAL,FUNCTIONING PROPERLY,CLEAR,DAYLIGHT,SIDESWIPE SAME DIRECTION,NOT DIVIDED,STRAIGHT AND LEVEL,DRY,NO DEFECTS,NOT ON SCENE (DESK REPORT),NO INJURY / DRIVE AWAY,Y,Y,"OVER $1,500",06/02/2021 06:30:00 PM,IMPROPER OVERTAKING/PASSING,NOT APPLICABLE,1200,W,GRANVILLE AVE,2433.0,2,NO INDICATION OF INJURY,0.0,0.0,0.0,0.0,0.0,2.0,0.0,18,4,6,41.994661738000005,-87.660472348,POINT (-87.660472348165 41.994661738426),2021,1110
O1142209,DRIVER,735d73530b945cb12034aa34d9bb7d68e8a0db5b98af8248244552d2bc6c639d11af2e4926f7c248dfaa951c292109f2f1790114c10d3ce5bda92fa6a7dac39c,JE305384,1083439.0,07/18/2021 12:00:00 AM,CHICAGO,IL,60615,F,31.0,SAFETY BELT USED,DID NOT DEPLOY,NONE,NO INDICATION OF INJURY,UNKNOWN,UNKNOWN,FATIGUED/ASLEEP,TEST NOT OFFERED,2021,JE305384,07/18/2021 12:00:00 AM,30,TRAFFIC SIGNAL,FUNCTIONING PROPERLY,CLEAR,"DARKNESS, LIGHTED ROAD",ANGLE,FOUR WAY,STRAIGHT AND LEVEL,DRY,NO DEFECTS,NOT ON SCENE (DESK REPORT),NO INJURY / DRIVE AWAY,Y,Y,"OVER $1,500",07/18/2021 08:45:00 AM,UNABLE TO DETERMINE,UNABLE TO DETERMINE,6805,S,SOUTH CHICAGO AVE,321.0,2,NO INDICATION OF INJURY,0.0,0.0,0.0,0.0,0.0,2.0,0.0,0,1,7,41.770837364,-87.612297953,POINT (-87.612297952815 41.770837364405),2021,0
O1229542,DRIVER,7dcc77a6064f0014bb390db5c7cfd417501694dadf2d1c1fd2f79e51e16d0d2d1a5ff25e1b399d96458c09460c1f3c8c120024db3daaff270bc83616227bf196,JE449367,1166805.0,11/18/2021 01:50:00 PM,BLUE ISLAND,IL,60406,F,45.0,SAFETY BELT USED,"DEPLOYED, FRONT",NONE,NO INDICATION OF INJURY,NONE,NOT OBSCURED,NORMAL,TEST NOT OFFERED,2021,JE449367,11/18/2021 01:50:00 PM,30,TRAFFIC SIGNAL,FUNCTIONING PROPERLY,CLOUDY/OVERCAST,DAYLIGHT,ANGLE,DIVIDED - W/MEDIAN (NOT RAISED),STRAIGHT AND LEVEL,DRY,NO DEFECTS,NOT ON SCENE (DESK REPORT),NO INJURY / DRIVE AWAY,Y,Y,"OVER $1,500",11/18/2021 02:20:00 PM,DISREGARDING TRAFFIC SIGNALS,UNABLE TO DETERMINE,11900,S,HALSTED ST,524.0,2,NO INDICATION OF INJURY,0.0,0.0,0.0,0.0,0.0,2.0,0.0,13,5,11,41.677720829,-87.642051845,POINT (-87.642051844982 41.677720829248),2021,830
O1032907,DRIVER,52506efcc0879bb5a80fc9d7c81a7856303b2c6e46bec90d8b4dd5912e5825bd98b619f65e861d0c5b9eb62510dcbe735dfdb9ee6424b94f5b6ce033ca59b8fb,JE127888,979045.0,01/30/2021 06:25:00 PM,LINCOLNWOOD,IL,60712,M,31.0,USAGE UNKNOWN,DEPLOYMENT UNKNOWN,NONE,NO INDICATION OF INJURY,FAILED TO YIELD,UNKNOWN,UNKNOWN,TEST NOT OFFERED,2021,JE127888,01/30/2021 06:25:00 PM,30,TRAFFIC SIGNAL,FUNCTIONING PROPERLY,SNOW,DUSK,ANGLE,DIVIDED - W/MEDIAN BARRIER,STRAIGHT AND LEVEL,SNOW OR SLUSH,NO DEFECTS,ON SCENE,INJURY AND / OR TOW DUE TO CRASH,Y,Y,"OVER $1,500",01/30/2021 06:32:00 PM,DISREGARDING TRAFFIC SIGNALS,FAILING TO YIELD RIGHT-OF-WAY,1299,N,LA SALLE DR,1821.0,2,NO INDICATION OF INJURY,0.0,0.0,0.0,0.0,0.0,2.0,0.0,18,7,1,41.905664893,-87.63283586799999,POINT (-87.63283586758 41.905664892542),2021,1105
O1177357,DRIVER,8fb137348acc854600750c23f0d9266b8db382066990e0fcd5e04e90388ad02bef7c69f4a01f2117fc7a7d704ca4f391fb284e7981c0fbf44075562b430e3fd8,JE362655,1116914.0,09/05/2021 02:08:00 PM,INDIANAPOLIS,IN,46229,M,40.0,NONE PRESENT,NOT APPLICABLE,NONE,NO INDICATION OF INJURY,UNKNOWN,UNKNOWN,UNKNOWN,TEST NOT OFFERED,2021,JE362655,09/05/2021 02:08:00 PM,30,UNKNOWN,UNKNOWN,UNKNOWN,UNKNOWN,ANGLE,FOUR WAY,STRAIGHT AND LEVEL,UNKNOWN,UNKNOWN,ON SCENE,NO INJURY / DRIVE AWAY,Y,Y,"OVER $1,500",09/05/2021 02:09:00 PM,UNABLE TO DETERMINE,UNABLE TO DETERMINE,500,W,HARRISON ST,124.0,2,NO INDICATION OF INJURY,0.0,0.0,0.0,0.0,0.0,3.0,0.0,14,1,9,41.874516006,-87.63950149600001,POINT (-87.639501495644 41.874516005793),2021,848
O1251248,DRIVER,1c25b6c88e20924e493050f2e66e91e5d82c929ba2267e2e928cb527cdfdf795194888266bf2f9a3b7b306be9826dcfb2021e5ac4a072bbc71a90e78937c32aa,JE486588,1187664.0,12/23/2021 07:40:00 AM,CHICAGO,IL,60634,M,51.0,SAFETY BELT USED,DID NOT DEPLOY,NONE,NO INDICATION OF INJURY,NONE,NOT OBSCURED,NORMAL,TEST NOT OFFERED,2021,JE486588,12/23/2021 07:40:00 AM,30,STOP SIGN/FLASHER,FUNCTIONING PROPERLY,CLEAR,DAYLIGHT,REAR END,T-INTERSECTION,STRAIGHT AND LEVEL,DRY,NO DEFECTS,ON SCENE,INJURY AND / OR TOW DUE TO CRASH,Y,N,"OVER $1,500",12/23/2021 08:30:00 AM,FAILING TO YIELD RIGHT-OF-WAY,FAILING TO YIELD RIGHT-OF-WAY,6699,W,ADDISON ST,1632.0,2,"REPORTED, NOT EVIDENT",1.0,0.0,0.0,0.0,1.0,2.0,0.0,7,5,12,41.945417751,-87.793482238,POINT (-87.79348223797 41.945417751273),2021,460
O1167493,DRIVER,0ac340e96b582f86790f96f71c12edf2ac74c9f847967cc14ef70a5f2e81045bff6c0cc778973e28750e6f21166cb363bdaaf2c2a0b98978ebf20cbfcc31200c,JE346648,1107482.0,08/22/2021 11:57:00 PM,CHICAGO,IL,60613,F,36.0,SAFETY BELT USED,DID NOT DEPLOY,NONE,NO INDICATION OF INJURY,NONE,NOT OBSCURED,NORMAL,TEST NOT OFFERED,2021,JE346648,08/22/2021 11:57:00 PM,30,TRAFFIC SIGNAL,FUNCTIONING PROPERLY,CLEAR,"DARKNESS, LIGHTED ROAD",REAR END,UNKNOWN INTERSECTION TYPE,STRAIGHT AND LEVEL,DRY,NO DEFECTS,ON SCENE,NO INJURY / DRIVE AWAY,Y,Y,$500 OR LESS,08/22/2021 11:59:00 PM,FAILING TO REDUCE SPEED TO AVOID CRASH,DISREGARDING TRAFFIC SIGNALS,3800,N,LAKE SHORE DR,1925.0,2,NO INDICATION OF INJURY,0.0,0.0,0.0,0.0,0.0,2.0,0.0,23,1,8,41.952363928000004,-87.64517895,POINT (-87.645178950338 41.95236392767),2021,1437
O1041618,DRIVER,27e2248973f76e034457ef8360e11ea608f0bc26bbe83db0c7f5e21f556abffddf88b473e1c0556301b70c5a8b6dde1e4eff7db80cbe7aa2be4be2c2619503d7,JE140602,987432.0,02/13/2021 10:40:00 AM,CHICAGO,IL,60661,M,43.0,USAGE UNKNOWN,DID NOT DEPLOY,NONE,NO INDICATION OF INJURY,NONE,UNKNOWN,NORMAL,TEST NOT OFFERED,2021,JE140602,02/13/2021 10:40:00 AM,30,NO CONTROLS,NO CONTROLS,SNOW,DAYLIGHT,TURNING,OTHER,STRAIGHT AND LEVEL,WET,UNKNOWN,ON SCENE,NO INJURY / DRIVE AWAY,Y,Y,"$501 - $1,500",02/13/2021 10:51:00 AM,FAILING TO YIELD RIGHT-OF-WAY,DISREGARDING YIELD SIGN,7100,S,MERRILL AVE,333.0,2,NO INDICATION OF INJURY,0.0,0.0,0.0,0.0,0.0,2.0,0.0,10,7,2,41.766064012,-87.572738412,POINT (-87.572738411621 41.766064012128),2021,640
O1138126,DRIVER,0165054a63e12f6783f488507f29469940109782021e3fa7eb01387a87fbdec162b636316a6bef2e41028ba86e15268124ac242e3544c58ff5b4223b7b207603,JE298391,1079546.0,07/12/2021 12:08:00 AM,MATTESON,IL,60443,M,32.0,SAFETY BELT USED,DID NOT DEPLOY,NONE,"REPORTED, NOT EVIDENT",OTHER,NOT OBSCURED,NORMAL,TEST NOT OFFERED,2021,JE298391,07/12/2021 12:08:00 AM,30,TRAFFIC SIGNAL,FUNCTIONING PROPERLY,CLEAR,DUSK,SIDESWIPE OPPOSITE DIRECTION,FOUR WAY,STRAIGHT AND LEVEL,DRY,NO DEFECTS,ON SCENE,INJURY AND / OR TOW DUE TO CRASH,Y,Y,"OVER $1,500",07/12/2021 12:10:00 AM,DISREGARDING TRAFFIC SIGNALS,UNABLE TO DETERMINE,3058,S,CALIFORNIA AVE,1033.0,3,INCAPACITATING INJURY,4.0,0.0,1.0,0.0,3.0,1.0,0.0,0,2,7,41.837468785,-87.695178072,POINT (-87.69517807175 41.837468784711),2021,8
O1169347,DRIVER,761850209b32e05c2bd08a44e835b09916818db8d289a781f0fb5d42a3c6ef7e1cdb50c0c4d34641668e1f129c94ed33720649f9b9449166bf970774533d9254,JE349776,1109265.0,08/25/2021 01:00:00 PM,CHICAGO,IL,60613,F,24.0,SAFETY BELT USED,DID NOT DEPLOY,NONE,NO INDICATION OF INJURY,OTHER,UNKNOWN,NORMAL,TEST NOT OFFERED,2021,JE349776,08/25/2021 01:00:00 PM,30,TRAFFIC SIGNAL,FUNCTIONING PROPERLY,CLEAR,DAYLIGHT,SIDESWIPE SAME DIRECTION,DIVIDED - W/MEDIAN (NOT RAISED),STRAIGHT AND LEVEL,UNKNOWN,UNKNOWN,NOT ON SCENE (DESK REPORT),NO INJURY / DRIVE AWAY,Y,Y,"$501 - $1,500",08/25/2021 03:50:00 PM,IMPROPER LANE USAGE,IMPROPER OVERTAKING/PASSING,430,N,OGDEN AVE,1215.0,2,NO INDICATION OF INJURY,0.0,0.0,0.0,0.0,0.0,2.0,0.0,13,4,8,41.889979115,-87.660081801,POINT (-87.660081800746 41.889979114753),2021,780
O1019020,DRIVER,9db178c0fbd3adb978bbf4b7a6206d9483676016a0b261bede66a6c411bb09c7bd84b940e1a403d60e7ffc175d90b583570c4eabdacdf4423a0a24361abd9003,JE102096,965835.0,01/03/2021 12:30:00 PM,CHICAGO,IL,60647,F,21.0,USAGE UNKNOWN,NOT APPLICABLE,NONE,NO INDICATION OF INJURY,NONE,UNKNOWN,NORMAL,TEST NOT OFFERED,2021,JE102096,01/03/2021 12:30:00 PM,30,TRAFFIC SIGNAL,FUNCTIONING PROPERLY,CLEAR,DAYLIGHT,REAR END,FOUR WAY,STRAIGHT AND LEVEL,UNKNOWN,UNKNOWN,ON SCENE,NO INJURY / DRIVE AWAY,Y,Y,"OVER $1,500",01/03/2021 12:37:00 PM,HAD BEEN DRINKING (USE WHEN ARREST IS NOT MADE),"OPERATING VEHICLE IN ERRATIC, RECKLESS, CARELESS, NEGLIGENT OR AGGRESSIVE MANNER",1600,N,KOSTNER AVE,2533.0,2,NO INDICATION OF INJURY,0.0,0.0,0.0,0.0,0.0,3.0,0.0,12,1,1,41.909788304,-87.736404667,POINT (-87.736404667392 41.909788303943),2021,750
O1061615,DRIVER,2dfd8a3f6d87977978b217fee61748a17549e318d7ee0ffd7160e1dd09ab5ecd8662332ca133780c325f8da39faeff35339ace478485b143e7663fd380df0de1,JE174156,1006736.0,03/20/2021 10:03:00 AM,CHICAGO,IL,60649,M,50.0,SAFETY BELT USED,DID NOT DEPLOY,NONE,NO INDICATION OF INJURY,NONE,NOT OBSCURED,NORMAL,TEST NOT OFFERED,2021,JE174156,03/20/2021 10:03:00 AM,30,NO CONTROLS,NO CONTROLS,CLEAR,DAYLIGHT,SIDESWIPE OPPOSITE DIRECTION,DIVIDED - W/MEDIAN (NOT RAISED),STRAIGHT AND LEVEL,DRY,NO DEFECTS,ON SCENE,NO INJURY / DRIVE AWAY,Y,Y,"OVER $1,500",03/20/2021 10:08:00 AM,UNABLE TO DETERMINE,NOT APPLICABLE,537,E,76TH ST,624.0,2,NO INDICATION OF INJURY,0.0,0.0,0.0,0.0,0.0,2.0,0.0,10,7,3,41.75654254,-87.61119161,POINT (-87.611191610109 41.756542540089),2021,603
O1202591,DRIVER,9df53f0cc223b112b7af4e04bf09f3313dc41c0119cbc1a8fe62d6bd62d014f009523599202526685332bde4fd9a17600d99d8f3dca52e09e6a7077425dd6470,JE404985,1141058.0,10/10/2021 02:48:00 PM,CHICAGO,IL,60624,M,44.0,USAGE UNKNOWN,"DEPLOYED, COMBINATION",NONE,NO INDICATION OF INJURY,NONE,UNKNOWN,NORMAL,TEST NOT OFFERED,2021,JE404985,10/10/2021 02:48:00 PM,30,TRAFFIC SIGNAL,FUNCTIONING PROPERLY,CLEAR,DAYLIGHT,TURNING,NOT DIVIDED,STRAIGHT AND LEVEL,DRY,NO DEFECTS,ON SCENE,INJURY AND / OR TOW DUE TO CRASH,Y,Y,"OVER $1,500",10/10/2021 02:49:00 PM,FAILING TO REDUCE SPEED TO AVOID CRASH,NOT APPLICABLE,4500,W,MADISON ST,1113.0,2,NO INDICATION OF INJURY,0.0,0.0,0.0,0.0,0.0,2.0,0.0,14,1,10,41.880691076,-87.73803813100001,POINT (-87.738038131465 41.880691075693),2021,888
O1212318,DRIVER,15fd2928e88d8a364cd2f69f32604bac66341284f14e90e9208a77b365fbdeb6ec03ce3105d5a8a2e114bbdac20367b835ee93263aceb67f1d5e4d09d5cc8573,JE421249,1150334.0,10/24/2021 09:45:00 PM,CHICAGO,IL,60609,M,53.0,USAGE UNKNOWN,NOT APPLICABLE,NONE,NO INDICATION OF INJURY,NONE,UNKNOWN,NORMAL,TEST NOT OFFERED,2021,JE421249,10/24/2021 09:45:00 PM,30,TRAFFIC SIGNAL,FUNCTIONING PROPERLY,RAIN,"DARKNESS, LIGHTED ROAD",TURNING,FOUR WAY,STRAIGHT AND LEVEL,WET,NO DEFECTS,NOT ON SCENE (DESK REPORT),NO INJURY / DRIVE AWAY,Y,Y,"$501 - $1,500",10/24/2021 09:50:00 PM,FAILING TO YIELD RIGHT-OF-WAY,NOT APPLICABLE,400,S,WESTERN AVE,1135.0,3,NO INDICATION OF INJURY,0.0,0.0,0.0,0.0,0.0,3.0,0.0,21,1,10,41.876064776,-87.686415631,POINT (-87.686415630988 41.876064776425),2021,1305
O1098802,DRIVER,bc21af080fa4e1d1f3c2a70ae4c28152fa566e5df208b4c0feeb7c79084ab6be187ea2f844a40e1f529a70d9e2f6a2685d0a19f25c5961d1e0d123612a28b3fc,JE235903,1042245.0,05/20/2021 12:45:00 AM,CHICAGO,IL,60621,F,38.0,SAFETY BELT USED,"DEPLOYED, FRONT",NONE,NO INDICATION OF INJURY,UNKNOWN,NOT OBSCURED,UNKNOWN,TEST NOT OFFERED,2021,JE235903,05/20/2021 12:45:00 AM,30,TRAFFIC SIGNAL,FUNCTIONING PROPERLY,RAIN,"DARKNESS, LIGHTED ROAD",ANGLE,FOUR WAY,STRAIGHT AND LEVEL,WET,NO DEFECTS,ON SCENE,INJURY AND / OR TOW DUE TO CRASH,Y,Y,"OVER $1,500",05/20/2021 12:49:00 AM,DISREGARDING TRAFFIC SIGNALS,NOT APPLICABLE,1200,W,63RD ST,713.0,2,NO INDICATION OF INJURY,0.0,0.0,0.0,0.0,0.0,5.0,0.0,0,5,5,41.779717683,-87.654565525,POINT (-87.654565524531 41.779717682556),2021,45
O1106166,DRIVER,1d3d3b1b269e5f15254b93347b2f35a649e0ebeac0f3d439816ac8db2bdc84103af64b33b1d6ca97257842496ddce171e89d2d3421975665c696fc5e96ad5f2c,JE247455,1049313.0,05/30/2021 01:20:00 AM,MATTESON,IL,60443,F,53.0,SAFETY BELT USED,"DEPLOYED, COMBINATION",NONE,NONINCAPACITATING INJURY,NONE,NOT OBSCURED,NORMAL,TEST NOT OFFERED,2021,JE247455,05/30/2021 01:20:00 AM,25,STOP SIGN/FLASHER,NO CONTROLS,UNKNOWN,"DARKNESS, LIGHTED ROAD",HEAD ON,FOUR WAY,STRAIGHT AND LEVEL,DRY,NO DEFECTS,ON SCENE,INJURY AND / OR TOW DUE TO CRASH,Y,Y,"OVER $1,500",05/30/2021 01:25:00 AM,UNABLE TO DETERMINE,NOT APPLICABLE,6000,S,TALMAN AVE,825.0,2,NONINCAPACITATING INJURY,2.0,0.0,0.0,2.0,0.0,2.0,0.0,1,1,5,41.78454915,-87.690030478,POINT (-87.690030478079 41.784549149501),2021,80
O1094366,DRIVER,22e9aa6789e7b4873efae6ec86ec53171110d3145478c6e53e3f99781c3c3d9f27df02c47580ff8c57c7085ef37adda7db0cebef98b73a9c4420238092a0172c,JE228357,1037985.0,05/12/2021 11:50:00 PM,CHICAGO,IL,60623,F,47.0,USAGE UNKNOWN,DEPLOYMENT UNKNOWN,NONE,NO INDICATION OF INJURY,NONE,UNKNOWN,NORMAL,TEST NOT OFFERED,2021,JE228357,05/12/2021 11:50:00 PM,30,TRAFFIC SIGNAL,FUNCTIONING PROPERLY,CLEAR,"DARKNESS, LIGHTED ROAD",TURNING,FOUR WAY,STRAIGHT AND LEVEL,DRY,NO DEFECTS,ON SCENE,INJURY AND / OR TOW DUE TO CRASH,Y,Y,"OVER $1,500",05/13/2021 12:41:00 AM,IMPROPER OVERTAKING/PASSING,FOLLOWING TOO CLOSELY,3800,W,HARRISON ST,1133.0,2,NO INDICATION OF INJURY,0.0,0.0,0.0,0.0,0.0,2.0,0.0,23,4,5,41.873624119,-87.720406557,POINT (-87.720406557306 41.873624118782),2021,1430
O1064075,DRIVER,5d4f84ff3b2e8cf6f6153686f8a4092694498528cee24fbc520e396c126d528530adb57cb7d87a840c4b4fbe74bdb0d3a9620319cf973fd694138da7e37e372d,JE178520,1009109.0,03/24/2021 03:30:00 PM,CHICAGO,IL,60620,F,33.0,SAFETY BELT USED,DID NOT DEPLOY,NONE,NO INDICATION OF INJURY,NONE,NOT OBSCURED,NORMAL,TEST NOT OFFERED,2021,JE178520,03/24/2021 03:30:00 PM,30,TRAFFIC SIGNAL,UNKNOWN,CLEAR,DAYLIGHT,SIDESWIPE SAME DIRECTION,FOUR WAY,STRAIGHT AND LEVEL,UNKNOWN,UNKNOWN,NOT ON SCENE (DESK REPORT),NO INJURY / DRIVE AWAY,Y,Y,"$501 - $1,500",03/24/2021 03:55:00 PM,UNABLE TO DETERMINE,UNABLE TO DETERMINE,148,W,GARFIELD BLVD,225.0,2,NO INDICATION OF INJURY,0.0,0.0,0.0,0.0,0.0,3.0,0.0,15,4,3,41.794693107,-87.629515109,POINT (-87.629515108795 41.794693106757),2021,930
O1214436,DRIVER,72631a1477d4e72c36713fd5204aebf6c5a52418b0313c89bdd71deba808d70ed979355198775531b473ae72a138cd787dcdcb0fafd06b3efb43d4e5cfbf2017,JE424596,1152370.0,10/27/2021 04:50:00 PM,CHICAGO,IL,60612,F,79.0,USAGE UNKNOWN,DID NOT DEPLOY,NONE,NO INDICATION OF INJURY,NONE,UNKNOWN,NORMAL,TEST NOT OFFERED,2021,JE424596,10/27/2021 04:50:00 PM,30,TRAFFIC SIGNAL,FUNCTIONING PROPERLY,CLEAR,DUSK,TURNING,FOUR WAY,STRAIGHT AND LEVEL,DRY,UNKNOWN,ON SCENE,INJURY AND / OR TOW DUE TO CRASH,Y,Y,"OVER $1,500",10/27/2021 05:40:00 PM,DISREGARDING TRAFFIC SIGNALS,DISTRACTION - FROM INSIDE VEHICLE,3939,W,OGDEN AVE,1013.0,2,NO INDICATION OF INJURY,0.0,0.0,0.0,0.0,0.0,2.0,0.0,16,4,10,41.851288488,-87.723850843,POINT (-87.723850843329 41.851288488406),2021,1010
O1024268,DRIVER,b8f61e98598bca6ae864200ff005c93be91a108054508e10e7578cbf827607da1436909d5f6459fcf1d07f914df22d24581c31f1fb097b88c1e0a72df6924439,JE112384,970770.0,01/11/2021 06:37:00 PM,CHICAGO,IL,60643,F,27.0,SAFETY BELT USED,DID NOT DEPLOY,NONE,NO INDICATION OF INJURY,UNKNOWN,NOT OBSCURED,NORMAL,TEST NOT OFFERED,2021,JE112384,01/11/2021 06:37:00 PM,30,TRAFFIC SIGNAL,FUNCTIONING PROPERLY,CLEAR,"DARKNESS, LIGHTED ROAD",ANGLE,FOUR WAY,STRAIGHT AND LEVEL,DRY,NO DEFECTS,NOT ON SCENE (DESK REPORT),INJURY AND / OR TOW DUE TO CRASH,Y,Y,"OVER $1,500",01/14/2021 11:15:00 AM,DISREGARDING TRAFFIC SIGNALS,UNABLE TO DETERMINE,6300,S,WENTWORTH AVE,312.0,2,NO INDICATION OF INJURY,0.0,0.0,0.0,0.0,0.0,2.0,0.0,18,2,1,41.779902613000004,-87.630293806,POINT (-87.630293805556 41.779902613439),2021,1117
O1137170,DRIVER,7b1a7925a663b10b74c3305c8bf3075d4246e754b1c40711ac6b6f4cf732c8092487c80d60ccbea017fe1d87fde68024e6ce3e7f094384b453c05e029152f8c4,JE297055,1078641.0,07/10/2021 04:00:00 PM,CHICAGO,IL,60652,F,20.0,SAFETY BELT USED,NOT APPLICABLE,NONE,NO INDICATION OF INJURY,NONE,NOT OBSCURED,NORMAL,TEST NOT OFFERED,2021,JE297055,07/10/2021 04:00:00 PM,30,STOP SIGN/FLASHER,FUNCTIONING PROPERLY,RAIN,DAYLIGHT,REAR END,NOT DIVIDED,STRAIGHT AND LEVEL,WET,NO DEFECTS,NOT ON SCENE (DESK REPORT),NO INJURY / DRIVE AWAY,Y,Y,"OVER $1,500",07/10/2021 04:51:00 PM,FAILING TO REDUCE SPEED TO AVOID CRASH,UNABLE TO DETERMINE,4223,W,59TH ST,813.0,2,NO INDICATION OF INJURY,0.0,0.0,0.0,0.0,0.0,4.0,0.0,16,7,7,41.785764692,-87.728919554,POINT (-87.728919553975 41.785764691902),2021,960
O1167328,DRIVER,62eb7c899b88501b828071198c1105386cdc4103944297f149288a9afa2b14646681d5d482033e1e9b484e8df22bdca587457119fe86041d4b715e30c7ea87f1,JE346372,1107327.0,08/22/2021 03:45:00 PM,ORLAND PARK,IL,60467,M,34.0,SAFETY BELT USED,DID NOT DEPLOY,NONE,NO INDICATION OF INJURY,NONE,NOT OBSCURED,NORMAL,TEST NOT OFFERED,2021,JE346372,08/22/2021 03:45:00 PM,30,NO CONTROLS,NO CONTROLS,CLEAR,DAYLIGHT,REAR END,NOT DIVIDED,STRAIGHT AND LEVEL,DRY,NO DEFECTS,NOT ON SCENE (DESK REPORT),NO INJURY / DRIVE AWAY,N,Y,"OVER $1,500",08/22/2021 06:10:00 PM,FOLLOWING TOO CLOSELY,NOT APPLICABLE,475,N,ORLEANS ST,1831.0,2,NO INDICATION OF INJURY,0.0,0.0,0.0,0.0,0.0,2.0,0.0,15,1,8,41.890707121999995,-87.636861415,POINT (-87.636861415088 41.890707121656),2021,945
O1241650,DRIVER,68c8c2e07ddf85ef3f9ed48817dbff3fba818eedee615b186ee5e54638dd69fae8b82b7f3fd901dd95078fc0495bc32604694257f917dd06c634c634340a7de1,JE469687,1178483.0,12/07/2021 09:30:00 PM,CHICAGO,IL,60641,F,32.0,SAFETY BELT USED,DID NOT DEPLOY,NONE,NO INDICATION OF INJURY,NONE,NOT OBSCURED,NORMAL,TEST NOT OFFERED,2021,JE469687,12/07/2021 09:30:00 PM,30,TRAFFIC SIGNAL,FUNCTIONING PROPERLY,CLEAR,"DARKNESS, LIGHTED ROAD",REAR END,FOUR WAY,STRAIGHT AND LEVEL,DRY,NO DEFECTS,NOT ON SCENE (DESK REPORT),NO INJURY / DRIVE AWAY,Y,Y,"OVER $1,500",12/07/2021 10:00:00 PM,FAILING TO REDUCE SPEED TO AVOID CRASH,FOLLOWING TOO CLOSELY,1000,S,LOOMIS ST,1231.0,2,NO INDICATION OF INJURY,0.0,0.0,0.0,0.0,0.0,3.0,0.0,21,3,12,41.869297559,-87.661786994,POINT (-87.661786993856 41.869297559446),2021,1290