PERSON_ID,PERSON_TYPE,CRASH_RECORD_ID,RD_NO_x,VEHICLE_ID,CRASH_DATE_x,CITY,STATE,ZIPCODE,SEX,AGE,SAFETY_EQUIPMENT,AIRBAG_DEPLOYED,EJECTION,INJURY_CLASSIFICATION,DRIVER_ACTION,DRIVER_VISION,PHYSICAL_CONDITION,BAC_RESULT,CRASH_YEAR_x,RD_NO_y,CRASH_DATE_y,POSTED_SPEED_LIMIT,TRAFFIC_CONTROL_DEVICE,DEVICE_CONDITION,WEATHER_CONDITION,LIGHTING_CONDITION,FIRST_CRASH_TYPE,TRAFFICWAY_TYPE,ALIGNMENT,ROADWAY_SURFACE_COND,ROAD_DEFECT,REPORT_TYPE,CRASH_TYPE,INTERSECTION_RELATED_I,HIT_AND_RUN_I,DAMAGE,DATE_POLICE_NOTIFIED,PRIM_CONTRIBUTORY_CAUSE,SEC_CONTRIBUTORY_CAUSE,STREET_NO,STREET_DIRECTION,STREET_NAME,BEAT_OF_OCCURRENCE,NUM_UNITS,MOST_SEVERE_INJURY,INJURIES_TOTAL,INJURIES_FATAL,INJURIES_INCAPACITATING,INJURIES_NON_INCAPACITATING,INJURIES_REPORTED_NOT_EVIDENT,INJURIES_NO_INDICATION,INJURIES_UNKNOWN,CRASH_HOUR,CRASH_DAY_OF_WEEK,CRASH_MONTH,LATITUDE,LONGITUDE,LOCATION,CRASH_YEAR_y,TIME
O1170777,DRIVER,12d738ffb1f2394f0dfebaa7b219736b0a95820873cd64872ad5d1122e8e9baca571e9b5a2de2860ab6d5a5c04054f522dddfad823bdddce07b9aaf18fb60197,JE352087,1110613.0,08/27/2021 03:44:00 PM,DEERFIELD,IL,60015,M,22.0,SAFETY BELT USED,DID NOT DEPLOY,NONE,NO INDICATION OF INJURY,OTHER,UNKNOWN,NORMAL,TEST NOT OFFERED,2021,JE352087,08/27/2021 03:44:00 PM,30,TRAFFIC SIGNAL,FUNCTIONING PROPERLY,CLEAR,DAYLIGHT,TURNING,NOT DIVIDED,STRAIGHT AND LEVEL,UNKNOWN,UNKNOWN,NOT ON SCENE (DESK REPORT),NO INJURY / DRIVE AWAY,Y,Y,"$501 - $1,500",08/27/2021 04:03:00 PM,IMPROPER OVERTAKING/PASSING,UNABLE TO DETERMINE,399,W,BELMONT AVE,1934.0,2,NO INDICATION OF INJURY,0.0,0.0,0.0,0.0,0.0,2.0,0.0,15,6,8,41.940032239000004,-87.639498525,POINT (-87.639498525284 41.94003223873),2021,944
O1147105,DRIVER,1de6fabf47dfd99635c28a49ee2d94c78106010d7b1c5ac770ae786423a02ced1a0e65be3db5c2e4f7bc39d09ab149ffa224f0b36ca90981e98e96c91199fe3a,JE313251,1088108.0,07/25/2021 04:45:00 AM,CHICAGO,IL,60653,F,50.0,SAFETY BELT USED,NOT APPLICABLE,NONE,NONINCAPACITATING INJURY,NONE,NOT OBSCURED,NORMAL,TEST NOT OFFERED,2021,JE313251,07/25/2021 04:45:00 AM,30,STOP SIGN/FLASHER,FUNCTIONING PROPERLY,CLEAR,"DARKNESS, LIGHTED ROAD",ANGLE,T-INTERSECTION,STRAIGHT AND LEVEL,DRY,NO DEFECTS,NOT ON SCENE (DESK REPORT),INJURY AND / OR TOW DUE TO CRASH,Y,Y,"OVER $1,500",07/25/2021 05:00:00 AM,DISREGARDING STOP SIGN,DISREGARDING STOP SIGN,4900,S,DR MARTIN LUTHER KING JR DR,224.0,2,NONINCAPACITATING INJURY,1.0,0.0,0.0,1.0,0.0,1.0,0.0,4,1,7,41.805648709,-87.61664066700001,POINT (-87.616640667441 41.805648708559),2021,285
O1188189,DRIVER,094bc4410624d7d32d89b45e5fa9aa21db4e562c8a1ed67ed4ac743a7311e3c44b63e64246a23dd08bdf0dba454d756f4bb45dc43355592d7d79b82fbf6cea6b,JE380916,1127291.0,09/20/2021 02:35:00 PM,CHICAGO,IL,60634,M,51.0,USAGE UNKNOWN,DID NOT DEPLOY,NONE,NO INDICATION OF INJURY,UNKNOWN,UNKNOWN,NORMAL,TEST NOT OFFERED,2021,JE380916,09/20/2021 02:35:00 PM,30,TRAFFIC SIGNAL,FUNCTIONING PROPERLY,CLEAR,DAYLIGHT,SIDESWIPE SAME DIRECTION,NOT DIVIDED,STRAIGHT AND LEVEL,DRY,NO DEFECTS,ON SCENE,NO INJURY / DRIVE AWAY,Y,Y,"OVER $1,500",09/20/2021 03:19:00 PM,UNABLE TO DETERMINE,NOT APPLICABLE,6401,N,SHERIDAN RD,2432.0,2,NO INDICATION OF INJURY,0.0,0.0,0.0,0.0,0.0,2.0,0.0,14,2,9,41.998308806,-87.659696383,POINT (-87.659696383256 41.99830880639),2021,875
O1159195,DRIVER,4d1c7a7c548f582c67bf6a27ecad5e19f534001e95e153b8df04dabbc22dbc600fcf96a6b2a07cae6f45eb266cf4987e0aebe70448a43350337d91f66af3194b,JE333258,1099631.0,08/10/2021 09:10:00 PM,ARLINGTON HEIGHTS,IL,60005,M,36.0,USAGE UNKNOWN,DID NOT DEPLOY,NONE,NO INDICATION OF INJURY,NONE,UNKNOWN,NORMAL,TEST NOT OFFERED,2021,JE333258,08/10/2021 09:10:00 PM,30,TRAFFIC SIGNAL,FUNCTIONING PROPERLY,RAIN,"DARKNESS, LIGHTED ROAD",REAR END,NOT DIVIDED,STRAIGHT AND LEVEL,WET,UNKNOWN,NOT ON SCENE (DESK REPORT),NO INJURY / DRIVE AWAY,Y,Y,"$501 - $1,500",08/10/2021 09:20:00 PM,FAILING TO REDUCE SPEED TO AVOID CRASH,FOLLOWING TOO CLOSELY,3401,N,AUSTIN AVE,1633.0,2,NO INDICATION OF INJURY,0.0,0.0,0.0,0.0,0.0,3.0,0.0,21,3,8,41.942160918,-87.776211837,POINT (-87.776211836963 41.942160917716),2021,1270
O1215490,DRIVER,7212ffef5e51433dc08e2dde98656cea7ad460164247ebd107af58cc7a08107d3d1a21d7f59839a0ab0026f1d7c772256b2ef040d386d0adb8a630891a6b6831,JE426204,1154186.0,10/29/2021 06:12:00 AM,CHICAGO,IL,60623,M,37.0,USAGE UNKNOWN,DID NOT DEPLOY,NONE,NO INDICATION OF INJURY,UNKNOWN,UNKNOWN,UNKNOWN,TEST NOT OFFERED,2021,JE426204,10/29/2021 06:12:00 AM,30,TRAFFIC SIGNAL,FUNCTIONING PROPERLY,RAIN,"DARKNESS, LIGHTED ROAD",TURNING,NOT DIVIDED,STRAIGHT AND LEVEL,WET,NO DEFECTS,ON SCENE,INJURY AND / OR TOW DUE TO CRASH,Y,N,"OVER $1,500",10/29/2021 06:14:00 AM,FAILING TO YIELD RIGHT-OF-WAY,NOT APPLICABLE,3100,S,PULASKI RD,1031.0,2,NO INDICATION OF INJURY,0.0,0.0,0.0,0.0,0.0,2.0,0.0,6,6,10,41.836789643,-87.724495465,POINT (-87.724495465118 41.836789642982),2021,372
O1243531,DRIVER,27541e921230ade8576670f12092c3c1dfe76747f2e3b42579a055fb11f50c48055117eaed53bb42fb451ed9da2f604a1dcfcdb7f1eec40bdc419c40f6c05016,JE473014,1180228.0,12/10/2021 03:30:00 PM,CHICAGO,IL,60624,M,43.0,SAFETY BELT USED,NOT APPLICABLE,NONE,NO INDICATION OF INJURY,UNKNOWN,NOT OBSCURED,NORMAL,TEST NOT OFFERED,2021,JE473014,12/10/2021 03:30:00 PM,30,TRAFFIC SIGNAL,FUNCTIONING PROPERLY,RAIN,"DARKNESS, LIGHTED ROAD",TURNING,FOUR WAY,STRAIGHT AND LEVEL,WET,NO DEFECTS,NOT ON SCENE (DESK REPORT),NO INJURY / DRIVE AWAY,Y,N,$500 OR LESS,12/10/2021 06:30:00 PM,UNABLE TO DETERMINE,UNABLE TO DETERMINE,2914,W,GRAND AVE,1211.0,2,NO INDICATION OF INJURY,0.0,0.0,0.0,0.0,0.0,3.0,0.0,15,6,12,41.895740616,-87.699879515,POINT (-87.699879515009 41.895740616098),2021,930
O1159708,DRIVER,ecd7143ec69b9916a7e94fb871509a269a488cf73b786e29a9ce5cb99adf2e803e9577d9b1671ef5d737ea1936390deac3d283955e9098905fc3c49e29578e56,JE334056,1100079.0,08/11/2021 04:03:00 PM,PLAINFIELD,IL,60586,M,36.0,USAGE UNKNOWN,DEPLOYMENT UNKNOWN,UNKNOWN,NO INDICATION OF INJURY,DISREGARDED CONTROL DEVICES,UNKNOWN,UNKNOWN,TEST NOT OFFERED,2021,JE334056,08/11/2021 04:03:00 PM,30,STOP SIGN/FLASHER,FUNCTIONING PROPERLY,CLEAR,DAYLIGHT,TURNING,DIVIDED - W/MEDIAN (NOT RAISED),STRAIGHT AND LEVEL,DRY,UNKNOWN,ON SCENE,INJURY AND / OR TOW DUE TO CRASH,Y,Y,"OVER $1,500",08/11/2021 04:04:00 PM,TURNING RIGHT ON RED,NOT APPLICABLE,4002,W,ROOSEVELT RD,1132.0,3,"REPORTED, NOT EVIDENT",2.0,0.0,0.0,0.0,2.0,2.0,0.0,16,4,8,41.866279953,-87.72530731200001,POINT (-87.725307311971 41.866279953201),2021,963
O1037354,DRIVER,6ac0de3d0d8bf7b45b043cb78efc4ca2030585f13be8825e40fbc609ad047ad5687b3448b1c8576b1a47dac03db470150734784edb145b594e0ec6e4b0fdc99a,JE134621,983299.0,02/06/2021 07:10:00 PM,CHICAGO,IL,60617,M,36.0,SAFETY BELT USED,DID NOT DEPLOY,NONE,NO INDICATION OF INJURY,NONE,NOT OBSCURED,NORMAL,TEST NOT OFFERED,2021,JE134621,02/06/2021 07:10:00 PM,30,TRAFFIC SIGNAL,FUNCTIONING PROPERLY,SNOW,DARKNESS,TURNING,DIVIDED - W/MEDIAN (NOT RAISED),STRAIGHT AND LEVEL,SNOW OR SLUSH,NO DEFECTS,NOT ON SCENE (DESK REPORT),NO INJURY / DRIVE AWAY,Y,Y,"$501 - $1,500",02/06/2021 07:10:00 PM,UNABLE TO DETERMINE,NOT APPLICABLE,8100,S,COTTAGE GROVE AVE,631.0,2,NO INDICATION OF INJURY,0.0,0.0,0.0,0.0,0.0,2.0,0.0,19,7,2,41.747533286,-87.605278801,POINT (-87.605278800842 41.747533286283),2021,1150
O1218980,DRIVER,aaab3bc00c84050794999833a6a4a8c5b7c976226963fd633f5748bf1b6aa24ad485a34ffdf2fff76482ca443b5ad2219a8a8c35c58f43b5277bbbb5740c42a1,JE431353,1156700.0,11/02/2021 12:24:00 PM,CHICAGO,IL,60623,M,52.0,SAFETY BELT USED,DID NOT DEPLOY,NONE,NO INDICATION OF INJURY,NONE,NOT OBSCURED,NORMAL,TEST NOT OFFERED,2021,JE431353,11/02/2021 12:24:00 PM,30,STOP SIGN/FLASHER,FUNCTIONING PROPERLY,CLEAR,DAYLIGHT,ANGLE,NOT DIVIDED,STRAIGHT AND LEVEL,DRY,NO DEFECTS,ON SCENE,NO INJURY / DRIVE AWAY,Y,N,"OVER $1,500",11/02/2021 12:24:00 PM,DISREGARDING STOP SIGN,FAILING TO YIELD RIGHT-OF-WAY,1900,S,CALIFORNIA AVE,1022.0,2,NO INDICATION OF INJURY,0.0,0.0,0.0,0.0,0.0,7.0,0.0,12,3,11,41.855533524,-87.695714955,POINT (-87.695714954669 41.855533523924),2021,744
O1050294,DRIVER,7310b311e78307a9757c4d4eca5178444db45d98452da73575574b282339977ebb4343b7e3fa9aef8be5ce0d7faedf71380481ee3ceed8f3c40de4e1467ac6c5,JE153449,995858.0,02/26/2021 06:30:00 PM,CHICAGO,IL,60623,M,37.0,USAGE UNKNOWN,NOT APPLICABLE,NONE,NO INDICATION OF INJURY,NONE,UNKNOWN,UNKNOWN,TEST NOT OFFERED,2021,JE153449,02/26/2021 06:30:00 PM,30,TRAFFIC SIGNAL,UNKNOWN,CLEAR,UNKNOWN,REAR END,NOT DIVIDED,STRAIGHT AND LEVEL,UNKNOWN,UNKNOWN,NOT ON SCENE (DESK REPORT),NO INJURY / DRIVE AWAY,Y,Y,"OVER $1,500",02/26/2021 08:50:00 PM,FOLLOWING TOO CLOSELY,NOT APPLICABLE,100,S,KOSTNER AVE,1113.0,2,NO INDICATION OF INJURY,0.0,0.0,0.0,0.0,0.0,2.0,0.0,18,6,2,41.879597177,-87.735588731,POINT (-87.735588730941 41.879597177411),2021,1110
O1188086,DRIVER,81129ce5f067c7fad3150b3997289b968c166e60ceaeb5b76aab72193b3110a303a721a2f97a3585d40757ebec3fe40321dbd924197cf4cf2708e6f3d019a499,JE380734,1127179.0,09/20/2021 12:20:00 PM,CHICAGO,IL,60632,F,49.0,USAGE UNKNOWN,DID NOT DEPLOY,NONE,NO INDICATION OF INJURY,NONE,NOT OBSCURED,NORMAL,TEST NOT OFFERED,2021,JE380734,09/20/2021 12:20:00 PM,30,TRAFFIC SIGNAL,FUNCTIONING PROPERLY,CLEAR,DAYLIGHT,TURNING,NOT DIVIDED,STRAIGHT AND LEVEL,DRY,NO DEFECTS,ON SCENE,NO INJURY / DRIVE AWAY,Y,Y,"OVER $1,500",09/20/2021 12:41:00 PM,UNABLE TO DETERMINE,NOT APPLICABLE,5458,S,CALIFORNIA AVE,923.0,2,NO INDICATION OF INJURY,0.0,0.0,0.0,0.0,0.0,3.0,0.0,12,2,9,41.793779764,-87.69394713700001,POINT (-87.69394713686 41.793779763655),2021,740
O1095513,DRIVER,26afaa332cd04ed485bfaa51909046d873f4ed98b040e1a335371c85cbcea5c193dd405ebe86869daf7b9c59907f56ee3766a3549ace0658cf4ba60650012f42,JE230212,1039087.0,05/14/2021 05:37:00 PM,CHICAGO,IL,60623,F,26.0,USAGE UNKNOWN,"DEPLOYED, SIDE",NONE,NONINCAPACITATING INJURY,UNKNOWN,UNKNOWN,NORMAL,TEST NOT OFFERED,2021,JE230212,05/14/2021 05:37:00 PM,30,STOP SIGN/FLASHER,FUNCTIONING PROPERLY,CLEAR,DAYLIGHT,ANGLE,FOUR WAY,STRAIGHT AND LEVEL,DRY,NO DEFECTS,ON SCENE,INJURY AND / OR TOW DUE TO CRASH,Y,Y,"OVER $1,500",05/14/2021 05:54:00 PM,DISREGARDING STOP SIGN,NOT APPLICABLE,1500,S,CENTRAL PARK AVE,1014.0,2,INCAPACITATING INJURY,3.0,0.0,1.0,2.0,0.0,1.0,0.0,17,6,5,41.860708928,-87.715404921,POINT (-87.715404921124 41.860708927844),2021,1057
O1179592,DRIVER,9c27f3e736ee77961a5cd5cd869835d02f246a68de36242beff22fd178f72c5641744020e27acc0f9d4bf4839f713fabea5f84a32f4aabce7909f218e72f20ee,JE366679,1119113.0,09/08/2021 06:30:00 PM,MIAMI,FL,33138,M,45.0,SAFETY BELT USED,NOT APPLICABLE,NONE,NO INDICATION OF INJURY,NONE,NOT OBSCURED,NORMAL,TEST NOT OFFERED,2021,JE366679,09/08/2021 06:30:00 PM,30,STOP SIGN/FLASHER,NO CONTROLS,CLEAR,DAYLIGHT,TURNING,DIVIDED - W/MEDIAN (NOT RAISED),STRAIGHT AND LEVEL,DRY,NO DEFECTS,NOT ON SCENE (DESK REPORT),NO INJURY / DRIVE AWAY,Y,Y,$500 OR LESS,09/08/2021 10:40:00 PM,IMPROPER OVERTAKING/PASSING,NOT APPLICABLE,7199,W,DICKENS AVE,2512.0,2,NO INDICATION OF INJURY,0.0,0.0,0.0,0.0,0.0,2.0,0.0,18,4,9,41.917914397,-87.805971288,POINT (-87.805971288458 41.917914396821),2021,1110
O1215680,DRIVER,277631beee67cff22c65eeb2acb318817d1253163002cda1d724fd5e4c41cc8de341fe8e852dd92b20726e00a138773f888cd4fb3996855e08322b7e057aecd7,JE426437,1153589.0,10/29/2021 10:24:00 AM,TEMPE,AZ,85282,M,32.0,USAGE UNKNOWN,"DEPLOYED, COMBINATION",NONE,"REPORTED, NOT EVIDENT",OTHER,UNKNOWN,NORMAL,TEST NOT OFFERED,2021,JE426437,10/29/2021 10:24:00 AM,30,TRAFFIC SIGNAL,FUNCTIONING PROPERLY,RAIN,"DARKNESS, LIGHTED ROAD",REAR TO SIDE,DIVIDED - W/MEDIAN (NOT RAISED),STRAIGHT AND LEVEL,WET,UNKNOWN,ON SCENE,INJURY AND / OR TOW DUE TO CRASH,Y,Y,"OVER $1,500",10/29/2021 10:26:00 AM,FAILING TO YIELD RIGHT-OF-WAY,FAILING TO REDUCE SPEED TO AVOID CRASH,800,S,WABASH AVE,123.0,2,"REPORTED, NOT EVIDENT",1.0,0.0,0.0,0.0,1.0,2.0,0.0,10,6,10,41.871774309,-87.626082794,POINT (-87.626082793942 41.871774308984),2021,624
O1063786,DRIVER,feac02f8c85d9b117da594544e6b8cfb2e8152cd96c51edc9280ac44f8f6903c85a2487738d34b83484002a03b1d3ebf3e9df767a0d56728a73c587cb8600287,JE177900,1008815.0,03/23/2021 11:07:00 PM,CHICAGO,IL,60626,M,48.0,USAGE UNKNOWN,DID NOT DEPLOY,NONE,NO INDICATION OF INJURY,UNKNOWN,UNKNOWN,NORMAL,TEST NOT OFFERED,2021,JE177900,03/23/2021 11:07:00 PM,30,TRAFFIC SIGNAL,FUNCTIONING PROPERLY,RAIN,"DARKNESS, LIGHTED ROAD",SIDESWIPE SAME DIRECTION,NOT DIVIDED,STRAIGHT AND LEVEL,WET,NO DEFECTS,ON SCENE,NO INJURY / DRIVE AWAY,Y,Y,"$501 - $1,500",03/23/2021 11:11:00 PM,UNABLE TO DETERMINE,UNABLE TO DETERMINE,6298,N,BROADWAY,2433.0,2,NO INDICATION OF INJURY,0.0,0.0,0.0,0.0,0.0,3.0,0.0,23,3,3,41.996280115,-87.660602464,POINT (-87.66060246384 41.996280114773),2021,1387
O1127768,DRIVER,b119833c684f0114d36a2afebcd9c6616bd447da9e1b2d3e998fc9577d5f1a6b789c5921bcb893619f12bdd5eb0cfc88d9fd0bca860a19203c231c5147bf755d,JE281576,1069757.0,06/27/2021 03:58:00 PM,CHICAGO,IL,60619,F,19.0,USAGE UNKNOWN,DEPLOYMENT UNKNOWN,NONE,"REPORTED, NOT EVIDENT",NONE,UNKNOWN,NORMAL,TEST NOT OFFERED,2021,JE281576,06/27/2021 03:58:00 PM,35,TRAFFIC SIGNAL,FUNCTIONING PROPERLY,CLEAR,DAYLIGHT,REAR END,DIVIDED - W/MEDIAN BARRIER,STRAIGHT AND LEVEL,DRY,NO DEFECTS,ON SCENE,INJURY AND / OR TOW DUE TO CRASH,Y,N,"OVER $1,500",06/27/2021 05:57:00 PM,FOLLOWING TOO CLOSELY,UNABLE TO DETERMINE,9500,S,STONY ISLAND AVE,511.0,2,"REPORTED, NOT EVIDENT",1.0,0.0,0.0,0.0,1.0,1.0,0.0,15,1,6,41.722257273000004,-87.585275565,POINT (-87.585275565077 41.722257273006),2021,958
O1031194,DRIVER,58f52aba0d42c4ba456af42db6103403ebf1f60acccce42e29173f91f016c3439de751c1f7751ead8c015051f9030f2501fbb3ee873a1be7077d05b121acfa83,JE124957,977389.0,01/27/2021 05:30:00 PM,CHICAGO,IL,60620,F,24.0,SAFETY BELT USED,"DEPLOYED, FRONT",NONE,"REPORTED, NOT EVIDENT",NONE,NOT OBSCURED,NORMAL,TEST NOT OFFERED,2021,JE124957,01/27/2021 05:30:00 PM,30,TRAFFIC SIGNAL,FUNCTIONING PROPERLY,CLEAR,"DARKNESS, LIGHTED ROAD",TURNING,FOUR WAY,STRAIGHT AND LEVEL,DRY,NO DEFECTS,NOT ON SCENE (DESK REPORT),INJURY AND / OR TOW DUE TO CRASH,Y,Y,"$501 - $1,500",01/27/2021 05:38:00 PM,FAILING TO YIELD RIGHT-OF-WAY,UNABLE TO DETERMINE,10700,S,HALSTED ST,2233.0,2,"REPORTED, NOT EVIDENT",1.0,0.0,0.0,0.0,1.0,1.0,0.0,17,4,1,41.699547415,-87.642751915,POINT (-87.64275191512 41.699547414667),2021,1050
O1131841,DRIVER,926f12f21eb69604349671b72f4b24ca3814c2c707e39ee2140696b6d715efccab4ea11c39a1fa95c421ae7e1f699c1e412ebc2d209318d72d546f3e2f8efd35,JE288323,1073642.0,07/03/2021 09:10:00 AM,CHIAGO,IL,60639,F,33.0,USAGE UNKNOWN,NOT APPLICABLE,NONE,NO INDICATION OF INJURY,UNKNOWN,UNKNOWN,NORMAL,TEST NOT OFFERED,2021,JE288323,07/03/2021 09:10:00 AM,30,TRAFFIC SIGNAL,FUNCTIONING PROPERLY,CLEAR,DAYLIGHT,REAR END,NOT DIVIDED,STRAIGHT AND LEVEL,DRY,UNKNOWN,NOT ON SCENE (DESK REPORT),NO INJURY / DRIVE AWAY,Y,N,$500 OR LESS,07/03/2021 11:00:00 AM,UNABLE TO DETERMINE,UNABLE TO DETERMINE,6700,S,SOUTH SHORE DR,331.0,2,NO INDICATION OF INJURY,0.0,0.0,0.0,0.0,0.0,2.0,0.0,9,7,7,41.773438565999996,-87.56689930600001,POINT (-87.566899305833 41.773438566009),2021,550
O1156522,DRIVER,d8a4db0a48541bc23ae0839f3a4ca4a034190f37103d7b0f147552e48d0f60bf1888b8e50d0acb853b7b01c8f79565c3e1c32116097bac9eab0974a8264f72b2,JE328875,1097042.0,08/06/2021 10:52:00 PM,SCHILLER PARK,IL,60176,M,48.0,SAFETY BELT USED,DID NOT DEPLOY,NONE,NO INDICATION OF INJURY,NONE,NOT OBSCURED,NORMAL,TEST NOT OFFERED,2021,JE328875,08/06/2021 10:52:00 PM,30,TRAFFIC SIGNAL,FUNCTIONING PROPERLY,CLEAR,"DARKNESS, LIGHTED ROAD",ANGLE,DIVIDED - W/MEDIAN (NOT RAISED),STRAIGHT AND LEVEL,WET,NO DEFECTS,ON SCENE,INJURY AND / OR TOW DUE TO CRASH,Y,Y,"OVER $1,500",08/06/2021 10:57:00 PM,DISREGARDING TRAFFIC SIGNALS,UNABLE TO DETERMINE,2800,N,SOUTHPORT AVE,1932.0,2,NO INDICATION OF INJURY,0.0,0.0,0.0,0.0,0.0,5.0,0.0,22,6,8,41.932521912,-87.66371700299999,POINT (-87.663717003278 41.93252191212),2021,1372
O1021843,DRIVER,4d6f2b3c87316bec9f25fbb9675df8cd66c203234f774fe04af4811e0418e778a70994bf002b5c118d78f9d74fd7e47aea475207ad944a79800e16081dbbb4cd,JE107544,968525.0,01/09/2021 01:04:00 AM,CHICAGO,IL,60639,M,35.0,SAFETY BELT USED,DID NOT DEPLOY,NONE,NO INDICATION OF INJURY,NONE,NOT OBSCURED,NORMAL,TEST NOT OFFERED,2021,JE107544,01/09/2021 01:04:00 AM,30,TRAFFIC SIGNAL,FUNCTIONING PROPERLY,CLEAR,"DARKNESS, LIGHTED ROAD",ANGLE,FOUR WAY,STRAIGHT AND LEVEL,DRY,NO DEFECTS,ON SCENE,INJURY AND / OR TOW DUE TO CRASH,Y,Y,"OVER $1,500",01/09/2021 01:05:00 AM,DISREGARDING TRAFFIC SIGNALS,UNABLE TO DETERMINE,3201,N,CICERO AVE,1731.0,4,NONINCAPACITATING INJURY,3.0,0.0,0.0,3.0,0.0,3.0,0.0,1,7,1,41.938871860999996,-87.746726537,POINT (-87.746726536548 41.938871861177),2021,64
O1149501,DRIVER,7b7214901334210ef7547978f2fe1818e691995de03bb5e4804ae3e820f8bb744214ac40e10c2cc5c65732e010e83a8d943fa08ec6d6963fedbcddc15315bbea,JE317385,1090376.0,07/28/2021 11:24:00 AM,CHICAGO,IL,60649,M,56.0,SAFETY BELT USED,NOT APPLICABLE,UNKNOWN,NO INDICATION OF INJURY,UNKNOWN,UNKNOWN,UNKNOWN,TEST NOT OFFERED,2021,JE317385,07/28/2021 11:24:00 AM,30,STOP SIGN/FLASHER,FUNCTIONING PROPERLY,CLEAR,DAYLIGHT,TURNING,DIVIDED - W/MEDIAN BARRIER,STRAIGHT AND LEVEL,DRY,UNKNOWN,NOT ON SCENE (DESK REPORT),NO INJURY / DRIVE AWAY,Y,N,$500 OR LESS,07/28/2021 02:58:00 PM,UNABLE TO DETERMINE,UNABLE TO DETERMINE,10505,S,HALSTED ST,2233.0,2,NO INDICATION OF INJURY,0.0,0.0,0.0,0.0,0.0,2.0,0.0,11,4,7,41.703078227,-87.642567986,POINT (-87.642567985699 41.703078226851),2021,684
O1147633,DRIVER,2bbd77bb41c790946f88fcd4010896429df5aeb061bfb9097f54ddc000e9cd60a4df913e4af1c8bc9e8711ab1772d1bc950095070576f00f78fcc0d0c9453f86,JE314021,1088614.0,07/25/2021 06:59:00 PM,CHICAGO,IL,60660,M,38.0,SAFETY BELT USED,"DEPLOYED, SIDE",NONE,NO INDICATION OF INJURY,NONE,NOT OBSCURED,NORMAL,TEST NOT OFFERED,2021,JE314021,07/25/2021 06:59:00 PM,30,TRAFFIC SIGNAL,FUNCTIONING PROPERLY,CLEAR,DAYLIGHT,TURNING,FOUR WAY,STRAIGHT AND LEVEL,DRY,NO DEFECTS,ON SCENE,INJURY AND / OR TOW DUE TO CRASH,Y,Y,"OVER $1,500",07/25/2021 07:01:00 PM,FAILING TO REDUCE SPEED TO AVOID CRASH,UNABLE TO DETERMINE,351,W,JACKSON BLVD,122.0,2,NO INDICATION OF INJURY,0.0,0.0,0.0,0.0,0.0,2.0,0.0,18,1,7,41.877975626,-87.636592565,POINT (-87.636592565303 41.877975625807),2021,1139
O1174526,DRIVER,e574c96f255d19f544c6f25832df8faae25332372dafbf5fcb7b692facf3733a514e0afee1a5a5155f12b20cf4e8948886b9f164b0f9cce7bb79bc3c20bf6809,JE358099,1114215.0,09/01/2021 04:13:00 PM,BELLWOOD,IL,60104,F,24.0,USAGE UNKNOWN,DID NOT DEPLOY,NONE,NO INDICATION OF INJURY,NONE,NOT OBSCURED,NORMAL,TEST NOT OFFERED,2021,JE358099,09/01/2021 04:13:00 PM,30,TRAFFIC SIGNAL,FUNCTIONING PROPERLY,CLEAR,DAYLIGHT,TURNING,NOT DIVIDED,STRAIGHT AND LEVEL,DRY,NO DEFECTS,ON SCENE,NO INJURY / DRIVE AWAY,Y,Y,"OVER $1,500",09/01/2021 04:15:00 PM,FAILING TO REDUCE SPEED TO AVOID CRASH,FAILING TO YIELD RIGHT-OF-WAY,5500,S,MORGAN ST,712.0,2,NO INDICATION OF INJURY,0.0,0.0,0.0,0.0,0.0,2.0,0.0,16,4,9,41.793795646999996,-87.650154466,POINT (-87.650154465819 41.793795646576),2021,973
O1044742,DRIVER,b69e19fcc2349487d5bc2be8444ce9f59b83b724aa16f663d0607c29fee4c1c9e4010fd4126c32c28fc4bb556b7c3617a81a3a39b4bc831b8a35717befee7aa7,JE144835,990448.0,02/13/2021 06:15:00 PM,CHICAGO,IL,60641,M,20.0,SAFETY BELT USED,NOT APPLICABLE,NONE,NO INDICATION OF INJURY,NONE,NOT OBSCURED,NORMAL,TEST NOT OFFERED,2021,JE144835,02/13/2021 06:15:00 PM,30,TRAFFIC SIGNAL,FUNCTIONING PROPERLY,UNKNOWN,UNKNOWN,TURNING,T-INTERSECTION,STRAIGHT AND LEVEL,UNKNOWN,NO DEFECTS,NOT ON SCENE (DESK REPORT),NO INJURY / DRIVE AWAY,Y,Y,"$501 - $1,500",02/18/2021 01:00:00 PM,UNABLE TO DETERMINE,NOT APPLICABLE,383,E,JACKSON DR,114.0,2,NO INDICATION OF INJURY,0.0,0.0,0.0,0.0,0.0,2.0,0.0,18,7,2,41.878261318,-87.617789602,POINT (-87.617789601846 41.878261318309),2021,1095
O1250165,DRIVER,8d7d0e40eb260703f807f078ce254744efcd5f82c4b87dab7c54d18491a95a4f6e6a9ca7cb0ea2f8245f8cfec0b86564402106b6c03ee599681b63776015254c,JE484590,1186668.0,12/21/2021 09:20:00 AM,CHICAGO,IL,60651,F,51.0,SAFETY BELT USED,DID NOT DEPLOY,NONE,NO INDICATION OF INJURY,NONE,UNKNOWN,UNKNOWN,TEST NOT OFFERED,2021,JE484590,12/21/2021 09:20:00 AM,20,STOP SIGN/FLASHER,FUNCTIONING PROPERLY,CLEAR,DAYLIGHT,TURNING,NOT DIVIDED,STRAIGHT AND LEVEL,DRY,NO DEFECTS,ON SCENE,INJURY AND / OR TOW DUE TO CRASH,Y,Y,"OVER $1,500",12/21/2021 09:23:00 AM,DISREGARDING STOP SIGN,UNABLE TO DETERMINE,759,N,LAWNDALE AVE,1112.0,2,NO INDICATION OF INJURY,0.0,0.0,0.0,0.0,0.0,2.0,0.0,9,3,12,41.895348093,-87.71860465700001,POINT (-87.718604657258 41.895348093306),2021,560