PERSON_ID,PERSON_TYPE,CRASH_RECORD_ID,RD_NO_x,VEHICLE_ID,CRASH_DATE_x,CITY,STATE,ZIPCODE,SEX,AGE,SAFETY_EQUIPMENT,AIRBAG_DEPLOYED,EJECTION,INJURY_CLASSIFICATION,DRIVER_ACTION,DRIVER_VISION,PHYSICAL_CONDITION,BAC_RESULT,CRASH_YEAR_x,RD_NO_y,CRASH_DATE_y,POSTED_SPEED_LIMIT,TRAFFIC_CONTROL_DEVICE,DEVICE_CONDITION,WEATHER_CONDITION,LIGHTING_CONDITION,FIRST_CRASH_TYPE,TRAFFICWAY_TYPE,ALIGNMENT,ROADWAY_SURFACE_COND,ROAD_DEFECT,REPORT_TYPE,CRASH_TYPE,INTERSECTION_RELATED_I,HIT_AND_RUN_I,DAMAGE,DATE_POLICE_NOTIFIED,PRIM_CONTRIBUTORY_CAUSE,SEC_CONTRIBUTORY_CAUSE,STREET_NO,STREET_DIRECTION,STREET_NAME,BEAT_OF_OCCURRENCE,NUM_UNITS,MOST_SEVERE_INJURY,INJURIES_TOTAL,INJURIES_FATAL,INJURIES_INCAPACITATING,INJURIES_NON_INCAPACITATING,INJURIES_REPORTED_NOT_EVIDENT,INJURIES_NO_INDICATION,INJURIES_UNKNOWN,CRASH_HOUR,CRASH_DAY_OF_WEEK,CRASH_MONTH,LATITUDE,LONGITUDE,LOCATION,CRASH_YEAR_y,TIME
O1181516,DRIVER,3125190f6acd0e1c480a3216ecfc0157eef72ce0aa2726771fc686c83480d74edc07e01bfd4cd40d7b1e95d48fcb5f1e00c36eaaae98a29868cd22c32fa9a163,JE369888,1120924.0,09/11/2021 04:18:00 PM,CHICAGO,IL,60625,M,59.0,SAFETY BELT USED,DID NOT DEPLOY,NONE,NO INDICATION OF INJURY,NONE,NOT OBSCURED,NORMAL,TEST NOT OFFERED,2021,JE369888,09/11/2021 04:18:00 PM,20,TRAFFIC SIGNAL,FUNCTIONING PROPERLY,CLEAR,DAYLIGHT,HEAD ON,NOT DIVIDED,STRAIGHT AND LEVEL,DRY,NO DEFECTS,NOT ON SCENE (DESK REPORT),NO INJURY / DRIVE AWAY,Y,Y,"OVER $1,500",09/11/2021 05:00:00 PM,DISREGARDING TRAFFIC SIGNALS,UNABLE TO DETERMINE,1801,W,GRANVILLE AVE,2433.0,2,NO INDICATION OF INJURY,0.0,0.0,0.0,0.0,0.0,4.0,0.0,16,7,9,41.99424229,-87.675009161,POINT (-87.675009161223 41.994242289921),2021,978
O1219468,DRIVER,44709c9f72f2156144c5518ed6d3cbc938464b9ebb4c3701eeccc2cf7fdf498ccc02ba8b879f2797d7bf753b399fb2c8414b906cc2837df92d25073aad16a79b,JE432106,1157157.0,11/03/2021 04:28:00 AM,LINCOLNWOOD,IL,60712,M,66.0,SAFETY BELT USED,"DEPLOYED, SIDE",NONE,"REPORTED, NOT EVIDENT",NONE,NOT OBSCURED,NORMAL,TEST NOT OFFERED,2021,JE432106,11/03/2021 04:28:00 AM,30,STOP SIGN/FLASHER,FUNCTIONING PROPERLY,CLEAR,"DARKNESS, LIGHTED ROAD",ANGLE,FOUR WAY,STRAIGHT AND LEVEL,DRY,NO DEFECTS,ON SCENE,INJURY AND / OR TOW DUE TO CRASH,Y,Y,"OVER $1,500",11/03/2021 04:31:00 AM,FAILING TO YIELD RIGHT-OF-WAY,NOT APPLICABLE,6600,N,RICHMOND ST,2412.0,2,"REPORTED, NOT EVIDENT",1.0,0.0,0.0,0.0,1.0,1.0,0.0,4,4,11,42.001230940999996,-87.70355256100001,POINT (-87.703552560885 42.00123094098),2021,268
O1071259,DRIVER,03b002067d58b0705f4ccfd866686835a39895f07c586330b3da1d08af61395c8ddf5ba2cc0f8c556f134eadd8c0a8973aa084b184e1187e1b056ff291d71eee,JE190340,1015916.0,04/05/2021 03:33:00 PM,CHICAGO,IL,60637,F,47.0,SAFETY BELT USED,DID NOT DEPLOY,NONE,NO INDICATION OF INJURY,IMPROPER TURN,NOT OBSCURED,NORMAL,TEST NOT OFFERED,2021,JE190340,04/05/2021 03:33:00 PM,30,TRAFFIC SIGNAL,FUNCTIONING PROPERLY,CLEAR,DAYLIGHT,TURNING,DIVIDED - W/MEDIAN BARRIER,STRAIGHT AND LEVEL,DRY,NO DEFECTS,NOT ON SCENE (DESK REPORT),NO INJURY / DRIVE AWAY,Y,Y,"$501 - $1,500",04/05/2021 04:30:00 PM,IMPROPER TURNING/NO SIGNAL,IMPROPER TURNING/NO SIGNAL,150,E,ROOSEVELT RD,114.0,2,NO INDICATION OF INJURY,0.0,0.0,0.0,0.0,0.0,2.0,0.0,15,2,4,41.867592036,-87.622737288,POINT (-87.622737287912 41.8675920356),2021,933
O1044994,DRIVER,ca0f145092bd5ded2e1c72c19623f0a70145cc0388f2afe2c5e6d49b3a9b55ea6f59cf9301bf70688a6fd50c0fa21280f0222b5ef9ccb72792dc9697305ad941,JE145148,990707.0,02/18/2021 05:30:00 PM,CHICAGO,IL,60660,M,55.0,SAFETY BELT USED,DID NOT DEPLOY,NONE,NO INDICATION OF INJURY,NONE,NOT OBSCURED,NORMAL,TEST NOT OFFERED,2021,JE145148,02/18/2021 05:30:00 PM,25,NO CONTROLS,NO CONTROLS,SNOW,"DARKNESS, LIGHTED ROAD",ANGLE,ONE-WAY,STRAIGHT AND LEVEL,SNOW OR SLUSH,NO DEFECTS,ON SCENE,NO INJURY / DRIVE AWAY,Y,Y,$500 OR LESS,02/18/2021 05:36:00 PM,FAILING TO YIELD RIGHT-OF-WAY,UNABLE TO DETERMINE,1009,W,ROSEMONT AVE,2433.0,2,NO INDICATION OF INJURY,0.0,0.0,0.0,0.0,0.0,2.0,0.0,17,5,2,41.996309636999996,-87.655993061,POINT (-87.655993061291 41.996309636685),2021,1050
O1117826,DRIVER,568d3c32b3db56fc89bd435c4a45dd7ba50cd17dd873cc3a5a33f710a8d0af771b9b3f4f38e9d207f77f737ae60f515034583634c8a6d5a0aa66b234b348d533,JE265757,1060346.0,06/14/2021 01:00:00 PM,CHICAGO,IL,60634,M,22.0,SAFETY BELT USED,DID NOT DEPLOY,NONE,NO INDICATION OF INJURY,NONE,NOT OBSCURED,NORMAL,TEST NOT OFFERED,2021,JE265757,06/14/2021 01:00:00 PM,30,NO CONTROLS,NO CONTROLS,CLEAR,DAYLIGHT,REAR TO SIDE,PARKING LOT,STRAIGHT AND LEVEL,DRY,NO DEFECTS,NOT ON SCENE (DESK REPORT),NO INJURY / DRIVE AWAY,N,Y,"OVER $1,500",06/14/2021 03:00:00 PM,IMPROPER BACKING,UNABLE TO DETERMINE,6401,N,RIDGE BLVD,2432.0,2,NO INDICATION OF INJURY,0.0,0.0,0.0,0.0,0.0,2.0,0.0,13,2,6,41.998088917,-87.676740368,POINT (-87.676740368289 41.998088916541),2021,780
O1185921,DRIVER,1cf542d85b7d6c764283f18c1c459efb254fba6ebb7f5746b1c890509e938b1f5883a870bdb006e5b3040cdcf0be9f442157e9b1604af92f725c0a7ccb434adf,JE377240,1125145.0,09/17/2021 02:50:00 PM,CALUMET CITY,IL,60409,F,48.0,HELMET NOT USED,NOT APPLICABLE,NONE,NONINCAPACITATING INJURY,NONE,NOT OBSCURED,NORMAL,TEST NOT OFFERED,2021,JE377240,09/17/2021 02:50:00 PM,30,STOP SIGN/FLASHER,FUNCTIONING PROPERLY,CLEAR,DAYLIGHT,ANGLE,FOUR WAY,STRAIGHT AND LEVEL,DRY,NO DEFECTS,ON SCENE,INJURY AND / OR TOW DUE TO CRASH,Y,Y,"OVER $1,500",09/17/2021 02:55:00 PM,DISREGARDING STOP SIGN,DISREGARDING STOP SIGN,300,E,47TH ST,215.0,2,NONINCAPACITATING INJURY,1.0,0.0,0.0,1.0,0.0,2.0,0.0,14,6,9,41.809446854,-87.619524087,POINT (-87.619524087226 41.809446853655),2021,890
O1213908,DRIVER,707ce5d787ac30cdec2a48baea81f12af8ab8f465b9004d5f1f0166a9412d4f00b67556613aaf83e91817872b9bd69c33a1046174b5251276172c29758231104,JE423845,1151859.0,10/27/2021 07:50:00 AM,SOUTH HOLLAND,IL,60473,M,54.0,SAFETY BELT USED,NOT APPLICABLE,NONE,NO INDICATION OF INJURY,NONE,NOT OBSCURED,NORMAL,TEST NOT OFFERED,2021,JE423845,10/27/2021 07:50:00 AM,35,TRAFFIC SIGNAL,FUNCTIONING PROPERLY,CLEAR,DAYLIGHT,SIDESWIPE SAME DIRECTION,DIVIDED - W/MEDIAN (NOT RAISED),STRAIGHT AND LEVEL,DRY,NO DEFECTS,ON SCENE,NO INJURY / DRIVE AWAY,Y,Y,"$501 - $1,500",10/27/2021 08:00:00 AM,FOLLOWING TOO CLOSELY,FOLLOWING TOO CLOSELY,6258,S,CICERO AVE,813.0,2,NO INDICATION OF INJURY,0.0,0.0,0.0,0.0,0.0,2.0,0.0,7,4,10,41.778517924,-87.742442188,POINT (-87.742442188356 41.778517923571),2021,470
O1144100,DRIVER,7307219e2771f1f5c315a627f2f801230d81ab41428eeaa208fd2afaf948dadc37e16b994177f382da0968ccf09f8f7ccc459a74be863a5c94eabfa8ec3bee76,JE308467,1085244.0,07/20/2021 08:20:00 PM,CHICAGO,IL,60641,M,36.0,SAFETY BELT USED,DID NOT DEPLOY,NONE,NO INDICATION OF INJURY,NONE,UNKNOWN,NORMAL,TEST NOT OFFERED,2021,JE308467,07/20/2021 08:20:00 PM,30,TRAFFIC SIGNAL,FUNCTIONING PROPERLY,CLEAR,"DARKNESS, LIGHTED ROAD",REAR END,FOUR WAY,STRAIGHT AND LEVEL,DRY,NO DEFECTS,NOT ON SCENE (DESK REPORT),NO INJURY / DRIVE AWAY,N,Y,"$501 - $1,500",07/20/2021 10:45:00 PM,UNABLE TO DETERMINE,UNABLE TO DETERMINE,2000,W,MONTROSE AVE,1911.0,2,NO INDICATION OF INJURY,0.0,0.0,0.0,0.0,0.0,2.0,0.0,20,3,7,41.961566786999995,-87.679043864,POINT (-87.679043863869 41.961566786868),2021,1220
O1059749,DRIVER,6174e711aea65982253e91dec9a1f4a49f4e13b4f525e916c192131603245353610321acca53aeabc5b3947bba7408e25b0f704138736240b677b370782d165c,JE170969,1004988.0,03/15/2021 07:00:00 PM,CHICAGO,IL,60628,M,66.0,SAFETY BELT USED,NOT APPLICABLE,NONE,NO INDICATION OF INJURY,NONE,NOT OBSCURED,NORMAL,TEST NOT OFFERED,2021,JE170969,03/15/2021 07:00:00 PM,30,STOP SIGN/FLASHER,NO CONTROLS,FREEZING RAIN/DRIZZLE,"DARKNESS, LIGHTED ROAD",TURNING,FOUR WAY,STRAIGHT AND LEVEL,WET,NO DEFECTS,NOT ON SCENE (DESK REPORT),NO INJURY / DRIVE AWAY,Y,Y,"OVER $1,500",03/16/2021 09:10:00 PM,DRIVING SKILLS/KNOWLEDGE/EXPERIENCE,NOT APPLICABLE,10301,S,LOWE AVE,2232.0,3,NO INDICATION OF INJURY,0.0,0.0,0.0,0.0,0.0,4.0,0.0,19,2,3,41.706884286,-87.639042339,POINT (-87.639042338688 41.706884286369),2021,1140
O1176262,DRIVER,e0083d6d86b4fd19f356f6b9f946e9168556c8e966ecbaab20342a0a46b3e18a3a387b348584d82baf245206ff7b1e779f92afb4cacbcf8748c762a2f4f8d99e,JE355985,1115862.0,08/31/2021 09:45:00 AM,CHICAGO,IL,60627,F,32.0,NONE PRESENT,"DEPLOYED, FRONT",NONE,NO INDICATION OF INJURY,FOLLOWED TOO CLOSELY,OTHER,NORMAL,TEST NOT OFFERED,2021,JE355985,08/31/2021 09:45:00 AM,30,NO CONTROLS,NO CONTROLS,CLEAR,DAYLIGHT,REAR END,NOT DIVIDED,STRAIGHT AND LEVEL,DRY,NO DEFECTS,NOT ON SCENE (DESK REPORT),NO INJURY / DRIVE AWAY,Y,Y,"OVER $1,500",08/31/2021 11:05:00 AM,FAILING TO REDUCE SPEED TO AVOID CRASH,"VISION OBSCURED (SIGNS, TREE LIMBS, BUILDINGS, ETC.)",10033,S,PRAIRIE AVE,511.0,3,NO INDICATION OF INJURY,0.0,0.0,0.0,0.0,0.0,3.0,0.0,9,3,8,41.711729233,-87.61738591700001,POINT (-87.61738591727 41.711729232731),2021,585
O1118482,DRIVER,8ed65ad254f08ec6158f79b19b07650bafc858f54b028065a70f720986552a9c60b737fdba1c8dcc6059b56fbf30339d4508c53a9cfc9ee56c5e4e5ab34b275c,JE266915,1060914.0,06/14/2021 11:00:00 AM,CALUMET CITY,IL,60409,M,36.0,SAFETY BELT USED,DID NOT DEPLOY,NONE,NO INDICATION OF INJURY,NONE,NOT OBSCURED,NORMAL,TEST NOT OFFERED,2021,JE266915,06/14/2021 11:00:00 AM,30,TRAFFIC SIGNAL,FUNCTIONING PROPERLY,CLEAR,DAYLIGHT,REAR END,ONE-WAY,STRAIGHT AND LEVEL,DRY,NO DEFECTS,NOT ON SCENE (DESK REPORT),NO INJURY / DRIVE AWAY,Y,Y,"$501 - $1,500",06/15/2021 01:50:00 PM,UNABLE TO DETERMINE,UNABLE TO DETERMINE,7100,S,STATE ST,323.0,2,NO INDICATION OF INJURY,0.0,0.0,0.0,0.0,0.0,2.0,0.0,11,2,6,41.765393608000004,-87.625050475,POINT (-87.625050475006 41.765393607783),2021,660
O1230735,DRIVER,6a2995781b961cc139a9004777a272c2d4c22e90854b91079b58eb6916a675c7d8aba6bc0e16b463884c725d633ca4b52404687b794008d1a2c7eff1b3822d22,JE451131,1167947.0,11/20/2021 04:49:00 AM,CHICAGO,IL,60639,M,39.0,USAGE UNKNOWN,DID NOT DEPLOY,NONE,NO INDICATION OF INJURY,NONE,NOT OBSCURED,NORMAL,TEST NOT OFFERED,2021,JE451131,11/20/2021 04:49:00 AM,30,TRAFFIC SIGNAL,UNKNOWN,CLEAR,"DARKNESS, LIGHTED ROAD",TURNING,FOUR WAY,STRAIGHT AND LEVEL,DRY,NO DEFECTS,ON SCENE,NO INJURY / DRIVE AWAY,Y,Y,"OVER $1,500",11/20/2021 04:50:00 AM,UNABLE TO DETERMINE,NOT APPLICABLE,4000,W,FULLERTON AVE,2524.0,2,NO INDICATION OF INJURY,0.0,0.0,0.0,0.0,0.0,2.0,0.0,4,7,11,41.924593021999996,-87.72681926799999,POINT (-87.726819268403 41.924593021753),2021,289
O1050616,DRIVER,7a731006f83b1c377cd81af52593c25c388157bb9515f723f8806539b2d557f2cdbd04ead1f1e856d8ebff379b298f2e64169839193ae045ad5356d434560f18,JE153986,996144.0,02/20/2021 09:30:00 AM,CHICAGO,IL,60618,F,53.0,SAFETY BELT USED,DID NOT DEPLOY,NONE,NO INDICATION OF INJURY,NONE,NOT OBSCURED,NORMAL,TEST NOT OFFERED,2021,JE153986,02/20/2021 09:30:00 AM,30,TRAFFIC SIGNAL,FUNCTIONING PROPERLY,UNKNOWN,DAYLIGHT,ANGLE,UNKNOWN INTERSECTION TYPE,STRAIGHT AND LEVEL,UNKNOWN,NO DEFECTS,NOT ON SCENE (DESK REPORT),NO INJURY / DRIVE AWAY,Y,Y,"OVER $1,500",02/27/2021 12:40:00 PM,FAILING TO YIELD RIGHT-OF-WAY,DISREGARDING TRAFFIC SIGNALS,1600,W,WELLINGTON AVE,1931.0,2,NO INDICATION OF INJURY,0.0,0.0,0.0,0.0,0.0,2.0,0.0,9,7,2,41.936157006,-87.668654515,POINT (-87.668654515229 41.936157006058),2021,570
O1246715,DRIVER,90934d4f179aec93b10665683fe89f7afacfd5ea9a3c041c291bac901e6b2eefe6c26b9fc2969609fce3f14131bdbcab0ba7c00a3d4aa53853eb3babeea97405,JE478253,1183331.0,12/15/2021 11:56:00 AM,CHICAGO,IL,60651,M,0.0,SAFETY BELT USED,NOT APPLICABLE,NONE,NO INDICATION OF INJURY,OTHER,NOT OBSCURED,NORMAL,TEST NOT OFFERED,2021,JE478253,12/15/2021 11:56:00 AM,30,TRAFFIC SIGNAL,FUNCTIONING PROPERLY,CLOUDY/OVERCAST,DAYLIGHT,ANGLE,FOUR WAY,STRAIGHT AND LEVEL,WET,NO DEFECTS,ON SCENE,INJURY AND / OR TOW DUE TO CRASH,Y,Y,"OVER $1,500",12/15/2021 12:01:00 PM,DISREGARDING TRAFFIC SIGNALS,UNABLE TO DETERMINE,100,N,CENTRAL AVE,1512.0,4,NONINCAPACITATING INJURY,1.0,0.0,0.0,1.0,0.0,5.0,0.0,11,4,12,41.882339282,-87.76507801,POINT (-87.765078010279 41.882339281817),2021,716
O1134968,DRIVER,d493c6e4dd17e27005ef02c7c1370d7f02f2ab90c75e5a250a2857b21a640513e3fee993c076d08fae3e633ebe244c85eb73694c56ad7b4a0a341bc4789ebcb8,JE293470,1076538.0,07/07/2021 01:30:00 PM,CHICAGO,IL,60645,M,34.0,USAGE UNKNOWN,DEPLOYMENT UNKNOWN,UNKNOWN,NO INDICATION OF INJURY,UNKNOWN,UNKNOWN,UNKNOWN,TEST NOT OFFERED,2021,JE293470,07/07/2021 01:30:00 PM,30,TRAFFIC SIGNAL,FUNCTIONING PROPERLY,CLEAR,DAYLIGHT,REAR TO FRONT,DIVIDED - W/MEDIAN (NOT RAISED),STRAIGHT AND LEVEL,DRY,UNKNOWN,NOT ON SCENE (DESK REPORT),NO INJURY / DRIVE AWAY,Y,Y,"OVER $1,500",07/07/2021 02:40:00 PM,UNABLE TO DETERMINE,NOT APPLICABLE,3400,W,PETERSON AVE,1711.0,2,NO INDICATION OF INJURY,0.0,0.0,0.0,0.0,0.0,4.0,0.0,13,4,7,41.990431844,-87.71404663700001,POINT (-87.714046636636 41.990431843922),2021,810
O1145102,DRIVER,5041e6af35bf5c02522db531aa3f9b7c0039ae6eaaab37b5d2c9cb9b8342f4b25cd4207bf1021285c9d2dd2b904788624350f4f72350440d9f4918c0e183c4c4,JE310251,1086194.0,07/22/2021 02:23:00 PM,WOODSTOCK,IL,60098,F,50.0,USAGE UNKNOWN,"DEPLOYED, COMBINATION",NONE,NO INDICATION OF INJURY,NONE,NOT OBSCURED,NORMAL,TEST NOT OFFERED,2021,JE310251,07/22/2021 02:23:00 PM,30,STOP SIGN/FLASHER,FUNCTIONING PROPERLY,CLEAR,DAYLIGHT,ANGLE,FOUR WAY,STRAIGHT AND LEVEL,DRY,NO DEFECTS,ON SCENE,INJURY AND / OR TOW DUE TO CRASH,Y,Y,"OVER $1,500",07/22/2021 02:34:00 PM,FAILING TO YIELD RIGHT-OF-WAY,FAILING TO REDUCE SPEED TO AVOID CRASH,1129,W,WASHINGTON BLVD,1224.0,2,NO INDICATION OF INJURY,0.0,0.0,0.0,0.0,0.0,1.0,0.0,14,5,7,41.882892960999996,-87.65550522299999,POINT (-87.655505222686 41.882892961021),2021,863
O1231652,DRIVER,f44b8efbe0768f9d32a757acb3a5b28b95816c069cb0ecb2bc0460d569421b21efcd8894a5cd70e425c91a30be816fed67436be34f68adfe79b91fc5a81808e8,JE452708,1168850.0,11/21/2021 03:55:00 PM,CHICAGO,IL,60620,M,24.0,SAFETY BELT USED,"DEPLOYED, FRONT",NONE,NO INDICATION OF INJURY,NONE,NOT OBSCURED,NORMAL,TEST NOT OFFERED,2021,JE452708,11/21/2021 03:55:00 PM,30,STOP SIGN/FLASHER,FUNCTIONING PROPERLY,CLEAR,DAYLIGHT,ANGLE,FOUR WAY,STRAIGHT AND LEVEL,DRY,NO DEFECTS,ON SCENE,NO INJURY / DRIVE AWAY,Y,Y,"OVER $1,500",11/21/2021 03:59:00 PM,DISREGARDING STOP SIGN,NOT APPLICABLE,5300,W,IOWA ST,1524.0,2,NO INDICATION OF INJURY,0.0,0.0,0.0,0.0,0.0,2.0,0.0,15,1,11,41.896846933,-87.758164443,POINT (-87.758164442577 41.89684693346),2021,955
O1244977,DRIVER,e0746203ae3acb7d5b0ce068c0effeeca60971903d38ec41d2ed867f55075ac9975716c682409c907ce84b99c6fb2bd0c5a4c5e6c96ba7fcca80f482767a1f65,JE475139,1181640.0,12/12/2021 04:20:00 PM,CHICAGO,IL,60626,M,62.0,SAFETY BELT USED,NOT APPLICABLE,NONE,NO INDICATION OF INJURY,UNKNOWN,UNKNOWN,NORMAL,TEST NOT OFFERED,2021,JE475139,12/12/2021 04:20:00 PM,30,NO CONTROLS,NO CONTROLS,CLEAR,DUSK,REAR END,NOT DIVIDED,STRAIGHT AND LEVEL,DRY,UNKNOWN,ON SCENE,INJURY AND / OR TOW DUE TO CRASH,Y,Y,"OVER $1,500",12/12/2021 04:21:00 PM,UNABLE TO DETERMINE,NOT APPLICABLE,6624,N,CLARK ST,2432.0,2,NO INDICATION OF INJURY,0.0,0.0,0.0,0.0,0.0,2.0,0.0,16,1,12,42.002473724,-87.67227603,POINT (-87.672276030343 42.002473724306),2021,980
O1242299,DRIVER,14de482ac1d42411df6a9891b6be464dbb9f9ae5dd4d9f5226fd473a447934a704672fc56a7c6f0117f4f92fd0344fcc6b3185b37ce9b3dee8e53786e6588dcd,JE470981,1179111.0,12/09/2021 02:12:00 AM,GLENWOOD,IL,60425,M,50.0,SAFETY BELT USED,DID NOT DEPLOY,NONE,NO INDICATION OF INJURY,NONE,NOT OBSCURED,NORMAL,TEST NOT OFFERED,2021,JE470981,12/09/2021 02:12:00 AM,30,TRAFFIC SIGNAL,FUNCTIONING PROPERLY,CLEAR,"DARKNESS, LIGHTED ROAD",REAR END,FOUR WAY,STRAIGHT AND LEVEL,DRY,NO DEFECTS,ON SCENE,NO INJURY / DRIVE AWAY,Y,Y,"OVER $1,500",12/09/2021 02:15:00 AM,UNDER THE INFLUENCE OF ALCOHOL/DRUGS (USE WHEN ARREST IS EFFECTED),UNDER THE INFLUENCE OF ALCOHOL/DRUGS (USE WHEN ARREST IS EFFECTED),2256,W,VAN BUREN ST,1225.0,2,NO INDICATION OF INJURY,0.0,0.0,0.0,0.0,0.0,2.0,0.0,2,5,12,41.876246347,-87.682526647,POINT (-87.682526646761 41.876246346744),2021,132
O1219498,DRIVER,23c40d2f8740bdea82bfdb0c0401847df4a11a41ade0ab064f03bb2b5113f3f93b4733fce584960427d688d62442a554bed649b7c42cf9ee767a6a9e3d636bd0,JE432181,1157189.0,11/03/2021 07:31:00 AM,CHICAGO,IL,60625,F,38.0,USAGE UNKNOWN,NOT APPLICABLE,NONE,NO INDICATION OF INJURY,NONE,NOT OBSCURED,NORMAL,TEST NOT OFFERED,2021,JE432181,11/03/2021 07:31:00 AM,30,STOP SIGN/FLASHER,FUNCTIONING PROPERLY,CLEAR,DAYLIGHT,ANGLE,DIVIDED - W/MEDIAN (NOT RAISED),STRAIGHT AND LEVEL,DRY,NO DEFECTS,ON SCENE,INJURY AND / OR TOW DUE TO CRASH,Y,Y,"OVER $1,500",11/03/2021 07:32:00 AM,FAILING TO YIELD RIGHT-OF-WAY,UNABLE TO DETERMINE,4633,N,KEDZIE AVE,1713.0,2,NO INDICATION OF INJURY,0.0,0.0,0.0,0.0,0.0,2.0,0.0,7,4,11,41.965681765999996,-87.70824206,POINT (-87.708242060423 41.965681766352),2021,451
O1101763,DRIVER,a0f25381857724911a60d58bc87de744947c6dbe6f59511caad80839d3402a3c7745bbe6f6eea7baf68b9ad0674cda104cb4ef06cf34ca82d5b90dce4487248f,JE240706,1045094.0,05/24/2021 06:49:00 AM,CHICAGO,IL,60647,M,30.0,SAFETY BELT USED,DID NOT DEPLOY,NONE,NO INDICATION OF INJURY,NONE,NOT OBSCURED,NORMAL,TEST NOT OFFERED,2021,JE240706,05/24/2021 06:49:00 AM,30,TRAFFIC SIGNAL,FUNCTIONING PROPERLY,CLOUDY/OVERCAST,DAYLIGHT,TURNING,NOT DIVIDED,STRAIGHT AND LEVEL,DRY,NO DEFECTS,ON SCENE,INJURY AND / OR TOW DUE TO CRASH,Y,Y,"OVER $1,500",05/24/2021 06:52:00 AM,FAILING TO YIELD RIGHT-OF-WAY,IMPROPER TURNING/NO SIGNAL,800,N,HAMLIN AVE,1112.0,2,NO INDICATION OF INJURY,0.0,0.0,0.0,0.0,0.0,4.0,0.0,6,2,5,41.895500638,-87.721342688,POINT (-87.721342687975 41.895500637566),2021,409
O1055319,DRIVER,997b511b516ce0418be1346ff0a427e3e79b70e798dbb578fc2130ee58a792d94dcf640ab36a0764cd9c6e2202a365ab700a089d2730d579ed27e6fa752dce0d,JE162593,1000665.0,03/06/2021 05:15:00 PM,CHICAGO,IL,60621,M,21.0,SAFETY BELT USED,DID NOT DEPLOY,NONE,NO INDICATION OF INJURY,OTHER,NOT OBSCURED,NORMAL,TEST NOT OFFERED,2021,JE162593,03/06/2021 05:15:00 PM,30,NO CONTROLS,NO CONTROLS,CLEAR,DAYLIGHT,TURNING,NOT DIVIDED,STRAIGHT AND LEVEL,DRY,NO DEFECTS,NOT ON SCENE (DESK REPORT),NO INJURY / DRIVE AWAY,Y,Y,"OVER $1,500",03/08/2021 10:41:00 AM,IMPROPER TURNING/NO SIGNAL,UNABLE TO DETERMINE,400,S,PULASKI RD,1132.0,2,NO INDICATION OF INJURY,0.0,0.0,0.0,0.0,0.0,4.0,0.0,17,7,3,41.87522101,-87.72563069799999,POINT (-87.725630698186 41.875221010493),2021,1035
O1140758,DRIVER,2b36122f813845f96ae12f2e8f26649030ff2e5d0ac1e333f50050f17632100aa716d322c621eb43f1e2c43777333bb3e980bbfcaa988434eae6ed811e02f110,JE303106,1082077.0,07/16/2021 08:05:00 AM,CHICAGO,IL,60628,M,52.0,SAFETY BELT USED,DID NOT DEPLOY,NONE,NO INDICATION OF INJURY,NONE,NOT OBSCURED,NORMAL,TEST NOT OFFERED,2021,JE303106,07/16/2021 08:05:00 AM,30,UNKNOWN,UNKNOWN,CLEAR,DAYLIGHT,SIDESWIPE SAME DIRECTION,UNKNOWN INTERSECTION TYPE,STRAIGHT AND LEVEL,DRY,UNKNOWN,ON SCENE,NO INJURY / DRIVE AWAY,Y,Y,$500 OR LESS,07/16/2021 08:19:00 AM,NOT APPLICABLE,NOT APPLICABLE,701,E,79TH ST,624.0,2,NO INDICATION OF INJURY,0.0,0.0,0.0,0.0,0.0,2.0,0.0,8,6,7,41.751134756,-87.60759382299999,POINT (-87.607593823264 41.751134755857),2021,485
O1237322,DRIVER,c3996456aa0bc9b9be52baf977c8864de74b1ebf37de409be0693c17f269db59ce03a0974f3e480f90bddf6e1810253988eed58d5e959334443218e7ff880067,JE462255,1174341.0,12/01/2021 10:45:00 AM,CHICAGO,IL,60620,M,44.0,USAGE UNKNOWN,DID NOT DEPLOY,NONE,NO INDICATION OF INJURY,UNKNOWN,NOT OBSCURED,NORMAL,TEST NOT OFFERED,2021,JE462255,12/01/2021 10:45:00 AM,30,TRAFFIC SIGNAL,FUNCTIONING PROPERLY,CLEAR,DAYLIGHT,REAR END,NOT DIVIDED,STRAIGHT AND LEVEL,DRY,NO DEFECTS,ON SCENE,INJURY AND / OR TOW DUE TO CRASH,Y,Y,"OVER $1,500",12/01/2021 11:49:00 AM,UNABLE TO DETERMINE,UNABLE TO DETERMINE,431,N,COLUMBUS DR,1834.0,3,NONINCAPACITATING INJURY,1.0,0.0,0.0,1.0,0.0,2.0,0.0,10,4,12,41.889453122,-87.620271106,POINT (-87.620271106269 41.889453121511),2021,645