PERSON_ID,PERSON_TYPE,CRASH_RECORD_ID,RD_NO_x,VEHICLE_ID,CRASH_DATE_x,CITY,STATE,ZIPCODE,SEX,AGE,SAFETY_EQUIPMENT,AIRBAG_DEPLOYED,EJECTION,INJURY_CLASSIFICATION,DRIVER_ACTION,DRIVER_VISION,PHYSICAL_CONDITION,BAC_RESULT,CRASH_YEAR_x,RD_NO_y,CRASH_DATE_y,POSTED_SPEED_LIMIT,TRAFFIC_CONTROL_DEVICE,DEVICE_CONDITION,WEATHER_CONDITION,LIGHTING_CONDITION,FIRST_CRASH_TYPE,TRAFFICWAY_TYPE,ALIGNMENT,ROADWAY_SURFACE_COND,ROAD_DEFECT,REPORT_TYPE,CRASH_TYPE,INTERSECTION_RELATED_I,HIT_AND_RUN_I,DAMAGE,DATE_POLICE_NOTIFIED,PRIM_CONTRIBUTORY_CAUSE,SEC_CONTRIBUTORY_CAUSE,STREET_NO,STREET_DIRECTION,STREET_NAME,BEAT_OF_OCCURRENCE,NUM_UNITS,MOST_SEVERE_INJURY,INJURIES_TOTAL,INJURIES_FATAL,INJURIES_INCAPACITATING,INJURIES_NON_INCAPACITATING,INJURIES_REPORTED_NOT_EVIDENT,INJURIES_NO_INDICATION,INJURIES_UNKNOWN,CRASH_HOUR,CRASH_DAY_OF_WEEK,CRASH_MONTH,LATITUDE,LONGITUDE,LOCATION,CRASH_YEAR_y,TIME
O1098569,DRIVER,364f4e5f139f481bfc99f27dc6a860b6a1ce3ddfd4f8e2bae4ccc22818342cac3aa7e45b1be2cb1d6b67ad3a7a3e19027724e8e52798264666a626ff9ce9f301,JE235470,1042029.0,05/19/2021 04:22:00 PM,CHICAGO,IL,60629,M,56.0,USAGE UNKNOWN,NOT APPLICABLE,NONE,"REPORTED, NOT EVIDENT",NONE,UNKNOWN,NORMAL,TEST NOT OFFERED,2021,JE235470,05/19/2021 04:22:00 PM,30,STOP SIGN/FLASHER,FUNCTIONING PROPERLY,CLEAR,DAYLIGHT,REAR END,DIVIDED - W/MEDIAN (NOT RAISED),STRAIGHT AND LEVEL,DRY,NO DEFECTS,ON SCENE,INJURY AND / OR TOW DUE TO CRASH,Y,Y,"OVER $1,500",05/19/2021 04:26:00 PM,"OPERATING VEHICLE IN ERRATIC, RECKLESS, CARELESS, NEGLIGENT OR AGGRESSIVE MANNER",NOT APPLICABLE,1938,W,63RD ST,714.0,3,"REPORTED, NOT EVIDENT",3.0,0.0,0.0,0.0,3.0,1.0,0.0,16,4,5,41.779439559000004,-87.673010609,POINT (-87.6730106087 41.779439558965),2021,982
O1042187,DRIVER,d0032954d3ee55fd5df9fb1c3f5efc85e4fbf92093e5471324f763876a1816c4a03589d51d95b9f0f7f36aebbd1b9d3e9349e90e8e5965cffe17ed7ce1758847,JE141393,987967.0,02/13/2021 08:30:00 AM,CHICAGO,IL,60638,F,30.0,USAGE UNKNOWN,DEPLOYMENT UNKNOWN,NONE,NO INDICATION OF INJURY,NONE,NOT OBSCURED,NORMAL,TEST NOT OFFERED,2021,JE141393,02/13/2021 08:30:00 AM,30,TRAFFIC SIGNAL,FUNCTIONING PROPERLY,SNOW,DAYLIGHT,TURNING,NOT DIVIDED,STRAIGHT AND LEVEL,SNOW OR SLUSH,UNKNOWN,NOT ON SCENE (DESK REPORT),NO INJURY / DRIVE AWAY,Y,Y,"$501 - $1,500",02/14/2021 11:00:00 AM,UNABLE TO DETERMINE,NOT APPLICABLE,5500,S,NARRAGANSETT AVE,811.0,2,NO INDICATION OF INJURY,0.0,0.0,0.0,0.0,0.0,2.0,0.0,8,7,2,41.792254249,-87.781949098,POINT (-87.781949098151 41.792254249339),2021,510
O1075179,DRIVER,3feedb6c1f43b4bd3321cd24768c8479f8f17815dd252695aa29188496013f7d225e182a180aaeee0ce2b4a38312cfcc19eef746b9dd2767f69fc12221cdc41e,JE197044,1019677.0,04/12/2021 10:55:00 AM,CHICAGO,IL,60619,F,70.0,USAGE UNKNOWN,NOT APPLICABLE,NONE,NO INDICATION OF INJURY,NONE,NOT OBSCURED,NORMAL,TEST NOT OFFERED,2021,JE197044,04/12/2021 10:55:00 AM,30,TRAFFIC SIGNAL,FUNCTIONING PROPERLY,CLEAR,DAYLIGHT,ANGLE,NOT DIVIDED,STRAIGHT AND LEVEL,DRY,NO DEFECTS,ON SCENE,INJURY AND / OR TOW DUE TO CRASH,Y,Y,"OVER $1,500",04/12/2021 11:05:00 AM,DISREGARDING OTHER TRAFFIC SIGNS,DISREGARDING OTHER TRAFFIC SIGNS,200,W,87TH ST,622.0,2,NO INDICATION OF INJURY,0.0,0.0,0.0,0.0,0.0,2.0,0.0,10,2,4,41.736261699,-87.629064716,POINT (-87.629064716425 41.736261699376),2021,655
O1167893,DRIVER,0f013d14c189de0de6e2f7a17827facf7c1300dc20885416fca6789c74c1cc8c8ab744d253b21607b67b48dabcfa01126ad5a09d560263e68cdcc5a78d524c44,JE347415,1107870.0,08/23/2021 04:28:00 PM,CHICAGO,IL,60617,M,50.0,USAGE UNKNOWN,NOT APPLICABLE,NONE,NO INDICATION OF INJURY,NONE,UNKNOWN,NORMAL,TEST NOT OFFERED,2021,JE347415,08/23/2021 04:28:00 PM,35,STOP SIGN/FLASHER,NO CONTROLS,CLEAR,DAYLIGHT,REAR END,FOUR WAY,STRAIGHT AND LEVEL,DRY,NO DEFECTS,ON SCENE,NO INJURY / DRIVE AWAY,Y,Y,"$501 - $1,500",08/23/2021 04:28:00 PM,UNABLE TO DETERMINE,UNABLE TO DETERMINE,10400,S,AVENUE M,432.0,2,NO INDICATION OF INJURY,0.0,0.0,0.0,0.0,0.0,2.0,0.0,16,2,8,41.706303221,-87.537852521,POINT (-87.537852520792 41.706303220965),2021,988
O1132305,DRIVER,fbf24c2b580a1979bbabb97b180b437a266535b242a61c6ca4cd71bb5d3205553288475554cdbae1b7a3a6c62f970d69e15ae23fcb7caf9cbc3714fe78d53164,JE288976,1074090.0,06/27/2021 04:20:00 AM,CALUMET CITY,IL,60409,M,29.0,SAFETY BELT USED,NOT APPLICABLE,NONE,NONINCAPACITATING INJURY,NONE,MOVING VEHICLES,NORMAL,TEST NOT OFFERED,2021,JE288976,06/27/2021 04:20:00 AM,30,NO CONTROLS,NO CONTROLS,CLEAR,DAWN,SIDESWIPE SAME DIRECTION,ROUNDABOUT,"CURVE, LEVEL",DRY,NO DEFECTS,NOT ON SCENE (DESK REPORT),INJURY AND / OR TOW DUE TO CRASH,Y,Y,"OVER $1,500",07/03/2021 09:00:00 PM,IMPROPER OVERTAKING/PASSING,IMPROPER LANE USAGE,5501,S,PAYNE DR,233.0,2,NONINCAPACITATING INJURY,1.0,0.0,0.0,1.0,0.0,1.0,0.0,4,1,6,41.794899298000004,-87.607254114,POINT (-87.607254113899 41.794899297883),2021,260
O1026846,DRIVER,9e7e79c4b9089c50e04392efc8e1dab91c3058ba106abdb99b18287d32f5c8935dfb75b4237512b0c92c645d8eefc6b3acb86e00eb786d6f8c75435cd6ef7226,JE116968,973251.0,01/15/2021 06:36:00 AM,CHICAGO,IL,60629,F,25.0,SAFETY BELT USED,DID NOT DEPLOY,NONE,NO INDICATION OF INJURY,NONE,NOT OBSCURED,NORMAL,TEST NOT OFFERED,2021,JE116968,01/15/2021 06:36:00 AM,30,TRAFFIC SIGNAL,FUNCTIONING PROPERLY,UNKNOWN,"DARKNESS, LIGHTED ROAD",ANGLE,NOT DIVIDED,STRAIGHT AND LEVEL,UNKNOWN,UNKNOWN,NOT ON SCENE (DESK REPORT),NO INJURY / DRIVE AWAY,Y,Y,"OVER $1,500",01/19/2021 11:00:00 AM,FAILING TO YIELD RIGHT-OF-WAY,UNABLE TO DETERMINE,3000,W,55TH ST,923.0,2,NO INDICATION OF INJURY,0.0,0.0,0.0,0.0,0.0,2.0,0.0,6,6,1,41.793713745,-87.69874479,POINT (-87.698744789761 41.79371374526),2021,396
O1048762,DRIVER,43e76412e623c8e4875dd6aabf0c44d0a0cb470c1ef4b4a95713df302a1320a3da883539448a3d81d9689637c37c158c8dac27fbf73924ec21f5cff546271529,JE150664,994369.0,02/24/2021 08:57:00 AM,CHICAGO,IL,60644,F,34.0,SAFETY BELT USED,"DEPLOYED, SIDE",NONE,"REPORTED, NOT EVIDENT",NONE,NOT OBSCURED,NORMAL,TEST NOT OFFERED,2021,JE150664,02/24/2021 08:57:00 AM,20,STOP SIGN/FLASHER,FUNCTIONING PROPERLY,CLEAR,DAYLIGHT,ANGLE,T-INTERSECTION,STRAIGHT AND LEVEL,DRY,NO DEFECTS,ON SCENE,INJURY AND / OR TOW DUE TO CRASH,Y,Y,"OVER $1,500",02/24/2021 08:59:00 AM,FAILING TO YIELD RIGHT-OF-WAY,UNABLE TO DETERMINE,5128,W,HURON ST,1531.0,2,"REPORTED, NOT EVIDENT",1.0,0.0,0.0,0.0,1.0,1.0,0.0,8,4,2,41.893119194,-87.754249637,POINT (-87.754249636657 41.893119193557),2021,537
O1119834,DRIVER,028ec07e5029302304352979c4f3e80214d9a73f0b1b0f1dbe9afa549efe20d52b6de219e02dd27457a6365077578f71e42c565db8e4da1544c1b8a82714e49a,JE269003,1062191.0,06/17/2021 08:30:00 AM,CHICAGO,IL,60623,M,83.0,SAFETY BELT USED,DID NOT DEPLOY,NONE,NO INDICATION OF INJURY,NONE,NOT OBSCURED,NORMAL,TEST NOT OFFERED,2021,JE269003,06/17/2021 08:30:00 AM,30,TRAFFIC SIGNAL,FUNCTIONING PROPERLY,CLEAR,DAYLIGHT,TURNING,DIVIDED - W/MEDIAN (NOT RAISED),STRAIGHT AND LEVEL,DRY,NO DEFECTS,NOT ON SCENE (DESK REPORT),NO INJURY / DRIVE AWAY,Y,Y,"OVER $1,500",06/17/2021 08:40:00 AM,DISREGARDING TRAFFIC SIGNALS,NOT APPLICABLE,4200,W,CERMAK RD,1012.0,2,NO INDICATION OF INJURY,0.0,0.0,0.0,0.0,0.0,2.0,0.0,8,5,6,41.851586941,-87.72969043299999,POINT (-87.729690432909 41.851586940695),2021,510
O1244709,DRIVER,9fdc5d3aa40e70b082da5146d736e56ad6cd832c3e047411ecc08370795f04aae0d4e9ee225461d1b3155675b1d3c0a958b92b8e3a1f8de396f6a686b59d641d,JE474618,1181377.0,12/12/2021 04:11:00 AM,CHICAGO,IL,60639,M,33.0,USAGE UNKNOWN,NOT APPLICABLE,NONE,NO INDICATION OF INJURY,NONE,UNKNOWN,NORMAL,TEST NOT OFFERED,2021,JE474618,12/12/2021 04:11:00 AM,20,TRAFFIC SIGNAL,FUNCTIONING PROPERLY,CLEAR,"DARKNESS, LIGHTED ROAD",ANGLE,DIVIDED - W/MEDIAN (NOT RAISED),STRAIGHT AND LEVEL,DRY,NO DEFECTS,ON SCENE,INJURY AND / OR TOW DUE TO CRASH,Y,N,"OVER $1,500",12/12/2021 04:11:00 AM,FAILING TO YIELD RIGHT-OF-WAY,UNABLE TO DETERMINE,500,W,CHICAGO AVE,1823.0,2,NO INDICATION OF INJURY,0.0,0.0,0.0,0.0,0.0,3.0,0.0,4,1,12,41.896599284000004,-87.64180678,POINT (-87.641806779671 41.896599284407),2021,251
O1054676,DRIVER,f703e6d9ee7aa7bfa17e131b8b87e1088116c9dd53560b2a0932f884dce4d7046cfd6e796e804ce2c915eaffebf92eca197f8c8c62dd939fc0c37d85d92aadc1,JE161279,1000047.0,03/06/2021 07:35:00 PM,CHICAGO,IL,60632,F,37.0,SAFETY BELT USED,DID NOT DEPLOY,NONE,NO INDICATION OF INJURY,OTHER,NOT OBSCURED,NORMAL,TEST NOT OFFERED,2021,JE161279,03/06/2021 07:35:00 PM,35,TRAFFIC SIGNAL,FUNCTIONING PROPERLY,CLEAR,"DARKNESS, LIGHTED ROAD",ANGLE,NOT DIVIDED,STRAIGHT AND LEVEL,DRY,NO DEFECTS,ON SCENE,NO INJURY / DRIVE AWAY,Y,Y,"OVER $1,500",03/06/2021 07:45:00 PM,UNABLE TO DETERMINE,UNABLE TO DETERMINE,4339,S,KEDZIE AVE,922.0,2,NO INDICATION OF INJURY,0.0,0.0,0.0,0.0,0.0,2.0,0.0,19,7,3,41.814181352,-87.704066756,POINT (-87.704066755562 41.814181351549),2021,1175
O1145249,DRIVER,130948b549c53883ce19c9832d8e63e91ac16aae7597aae04060bcd933d3c32f4b515e9719047ec7543eedcfd14c6847c26148cad1b256b58f6438b98cafadef,JE310400,1086332.0,07/22/2021 04:18:00 PM,CHICAGO,IL,60609,F,23.0,SAFETY BELT USED,NOT APPLICABLE,NONE,NO INDICATION OF INJURY,NONE,NOT OBSCURED,NORMAL,TEST NOT OFFERED,2021,JE310400,07/22/2021 04:18:00 PM,30,TRAFFIC SIGNAL,FUNCTIONING PROPERLY,RAIN,DAYLIGHT,REAR END,FOUR WAY,STRAIGHT AND LEVEL,DRY,NO DEFECTS,NOT ON SCENE (DESK REPORT),NO INJURY / DRIVE AWAY,Y,Y,"$501 - $1,500",07/22/2021 04:30:00 PM,FOLLOWING TOO CLOSELY,NOT APPLICABLE,2200,S,ASHLAND AVE,1034.0,2,NO INDICATION OF INJURY,0.0,0.0,0.0,0.0,0.0,2.0,0.0,16,5,7,41.852217997,-87.66617016200001,POINT (-87.666170161509 41.852217996528),2021,978
O1106734,DRIVER,f0247839591d1a89ee6843628036bc321d5172c71c44f0cdc5fc97dd72f3472d5e694eb582cb71a322dd170ce0744e4d1e5d051b3bc41a31aaf71ca954902e01,JE248488,1049862.0,05/31/2021 01:49:00 AM,CHICAGO,IL,60643,M,19.0,USAGE UNKNOWN,"DEPLOYED, COMBINATION",NONE,NONINCAPACITATING INJURY,NONE,UNKNOWN,NORMAL,TEST NOT OFFERED,2021,JE248488,05/31/2021 01:49:00 AM,20,STOP SIGN/FLASHER,UNKNOWN,CLEAR,"DARKNESS, LIGHTED ROAD",ANGLE,ONE-WAY,STRAIGHT AND LEVEL,DRY,NO DEFECTS,ON SCENE,INJURY AND / OR TOW DUE TO CRASH,Y,Y,"OVER $1,500",05/31/2021 01:49:00 AM,DISREGARDING STOP SIGN,UNABLE TO DETERMINE,11658,S,LOOMIS ST,524.0,2,NONINCAPACITATING INJURY,2.0,0.0,0.0,2.0,0.0,1.0,0.0,1,2,5,41.681337,-87.656779643,POINT (-87.656779643148 41.681336999883),2021,109
O1242738,DRIVER,21cdb84e01ae2d170da6c764e64e7fe6e1c3ca49b0d6f4e9b6dc9a28a3874976b90d2624a0b9cc731180a536d47b21b920e928e3d6f019e5b7ff00c84b7f27e1,JE471818,1179527.0,12/09/2021 06:05:00 PM,CHICAGO,IL,60641,M,25.0,USAGE UNKNOWN,DID NOT DEPLOY,NONE,NO INDICATION OF INJURY,NONE,UNKNOWN,NORMAL,"TEST PERFORMED, RESULTS UNKNOWN",2021,JE471818,12/09/2021 06:05:00 PM,30,STOP SIGN/FLASHER,FUNCTIONING PROPERLY,CLEAR,DARKNESS,ANGLE,OTHER,STRAIGHT AND LEVEL,UNKNOWN,UNKNOWN,NOT ON SCENE (DESK REPORT),NO INJURY / DRIVE AWAY,Y,Y,"OVER $1,500",12/09/2021 06:30:00 PM,FAILING TO YIELD RIGHT-OF-WAY,FAILING TO YIELD RIGHT-OF-WAY,4500,N,ASHLAND AVE,1912.0,2,NO INDICATION OF INJURY,0.0,0.0,0.0,0.0,0.0,2.0,0.0,18,5,12,41.963503291,-87.669452799,POINT (-87.669452798663 41.963503290948),2021,1085
O1125234,DRIVER,557c33c441e7a452f75b10cd2dbffa0f7466acc5a94f559f786738ff6893e2e2adb4def3c9b2428dc5fe797904b24d61cf8d7e0f87be71035f38995102d156cd,JE277699,1067337.0,06/24/2021 08:30:00 AM,CHICAGO,IL,60626,M,37.0,USAGE UNKNOWN,"DEPLOYED, COMBINATION",NONE,NO INDICATION OF INJURY,UNKNOWN,UNKNOWN,NORMAL,TEST NOT OFFERED,2021,JE277699,06/24/2021 08:30:00 AM,30,STOP SIGN/FLASHER,FUNCTIONING PROPERLY,CLEAR,DAYLIGHT,ANGLE,NOT DIVIDED,STRAIGHT AND LEVEL,DRY,NO DEFECTS,ON SCENE,INJURY AND / OR TOW DUE TO CRASH,Y,Y,"OVER $1,500",06/24/2021 08:35:00 AM,FAILING TO YIELD RIGHT-OF-WAY,UNABLE TO DETERMINE,3699,W,CHICAGO AVE,1112.0,2,NO INDICATION OF INJURY,0.0,0.0,0.0,0.0,0.0,2.0,0.0,8,5,6,41.895327829,-87.718691641,POINT (-87.718691640502 41.895327828526),2021,510
O1249106,DRIVER,a15ebb908caf250f55f0440af61769208064ec3128ea817788e347cf3cb08ec3a70ca81839a7d07dc7edb4be90fb549d21758aaaad20d6a7c61ba6948322ad92,JE482583,1185612.0,12/18/2021 12:30:00 PM,CHICAGO,IL,60624,M,20.0,USAGE UNKNOWN,DID NOT DEPLOY,NONE,NO INDICATION OF INJURY,DISREGARDED CONTROL DEVICES,UNKNOWN,NORMAL,TEST NOT OFFERED,2021,JE482583,12/18/2021 12:30:00 PM,30,TRAFFIC SIGNAL,FUNCTIONING PROPERLY,CLEAR,DAYLIGHT,ANGLE,NOT DIVIDED,STRAIGHT AND LEVEL,DRY,NO DEFECTS,NOT ON SCENE (DESK REPORT),NO INJURY / DRIVE AWAY,Y,N,"OVER $1,500",12/19/2021 11:00:00 AM,UNABLE TO DETERMINE,NOT APPLICABLE,500,N,LAKE SHORE DR NB,1834.0,2,NO INDICATION OF INJURY,0.0,0.0,0.0,0.0,0.0,2.0,0.0,12,7,12,41.891147071999995,-87.614375057,POINT (-87.61437505723 41.89114707171),2021,750
O1097475,DRIVER,abe629f2423e67f144f691ea3decb8dbe6a6f584e9102389ff28bac64ed48b4a4c09bc12d71128758ce52e6c0fa1fa1b11cb195d1ca7710464606ae9ea38a32d,JE233529,1040969.0,05/16/2021 06:15:00 PM,CHICAGO,IL,60639,F,30.0,SAFETY BELT USED,DID NOT DEPLOY,NONE,NO INDICATION OF INJURY,UNKNOWN,NOT OBSCURED,UNKNOWN,TEST NOT OFFERED,2021,JE233529,05/16/2021 06:15:00 PM,30,TRAFFIC SIGNAL,FUNCTIONING PROPERLY,CLEAR,"DARKNESS, LIGHTED ROAD",REAR END,DIVIDED - W/MEDIAN (NOT RAISED),STRAIGHT AND LEVEL,DRY,NO DEFECTS,NOT ON SCENE (DESK REPORT),NO INJURY / DRIVE AWAY,Y,Y,"$501 - $1,500",05/17/2021 08:40:00 PM,UNABLE TO DETERMINE,NOT APPLICABLE,2,N,CENTRAL AVE,1513.0,2,NO INDICATION OF INJURY,0.0,0.0,0.0,0.0,0.0,4.0,0.0,18,1,5,41.880345276,-87.765011335,POINT (-87.765011335155 41.880345276423),2021,1095
O1026470,DRIVER,82a74773ab6acdd6d6a7a7e06fed027db8c171e2a5bb18e44dc3477da3ca4fb75323848bc296d63796350552392a53de44e8e69407c6b3804819eb2890275129,JE116156,972884.0,01/18/2021 10:00:00 AM,CHICAGO,IL,60640,F,50.0,SAFETY BELT USED,DID NOT DEPLOY,NONE,NO INDICATION OF INJURY,NONE,NOT OBSCURED,NORMAL,TEST NOT OFFERED,2021,JE116156,01/18/2021 10:00:00 AM,30,TRAFFIC SIGNAL,FUNCTIONING PROPERLY,CLEAR,DAYLIGHT,SIDESWIPE SAME DIRECTION,DIVIDED - W/MEDIAN BARRIER,STRAIGHT ON GRADE,DRY,UNKNOWN,ON SCENE,NO INJURY / DRIVE AWAY,Y,Y,"OVER $1,500",01/18/2021 10:34:00 AM,FAILING TO YIELD RIGHT-OF-WAY,DRIVING SKILLS/KNOWLEDGE/EXPERIENCE,2600,W,IRVING PARK RD,1911.0,2,NO INDICATION OF INJURY,0.0,0.0,0.0,0.0,0.0,2.0,0.0,10,2,1,41.954105717,-87.693290369,POINT (-87.693290369008 41.954105716988),2021,600
O1240894,DRIVER,628f418e5255a6a050dd94198956d5fbe739b1da86931a36ab2877449bd87d8e4630c8b515fdce940a9aaba3a87742b84c3ca843960bef2cd9dbd6dc9c796299,JE468239,1177756.0,12/06/2021 05:10:00 PM,CHICAGO,IL,60629,M,59.0,SAFETY BELT USED,DID NOT DEPLOY,NONE,NO INDICATION OF INJURY,NONE,NOT OBSCURED,NORMAL,TEST NOT OFFERED,2021,JE468239,12/06/2021 05:10:00 PM,30,TRAFFIC SIGNAL,FUNCTIONING PROPERLY,CLEAR,"DARKNESS, LIGHTED ROAD",SIDESWIPE OPPOSITE DIRECTION,NOT DIVIDED,STRAIGHT AND LEVEL,DRY,NO DEFECTS,ON SCENE,INJURY AND / OR TOW DUE TO CRASH,Y,Y,"OVER $1,500",12/06/2021 05:17:00 PM,UNABLE TO DETERMINE,UNABLE TO DETERMINE,1600,E,79TH ST,411.0,3,"REPORTED, NOT EVIDENT",3.0,0.0,0.0,0.0,3.0,3.0,0.0,17,2,12,41.751611523,-87.585592284,POINT (-87.585592284288 41.751611523273),2021,1030
O1075310,DRIVER,315a3f424542083cf8bf8277158a6cf200df903d8414376d6bbd8dad5caf7d592fe778e6d6312a42bcb673b5589de105302340ddb5f6bb5d03d2b2a72c063c06,JE197345,1019796.0,04/12/2021 03:30:00 PM,CHICAGO,IL,60649,F,61.0,USAGE UNKNOWN,DID NOT DEPLOY,NONE,NONINCAPACITATING INJURY,NONE,NOT OBSCURED,NORMAL,TEST NOT OFFERED,2021,JE197345,04/12/2021 03:30:00 PM,30,TRAFFIC SIGNAL,FUNCTIONING PROPERLY,CLEAR,DAYLIGHT,REAR END,DIVIDED - W/MEDIAN BARRIER,STRAIGHT AND LEVEL,DRY,NO DEFECTS,ON SCENE,INJURY AND / OR TOW DUE TO CRASH,Y,Y,"OVER $1,500",04/12/2021 03:33:00 PM,UNABLE TO DETERMINE,UNABLE TO DETERMINE,8300,S,STONY ISLAND AVE,412.0,2,NONINCAPACITATING INJURY,1.0,0.0,0.0,1.0,0.0,1.0,0.0,15,2,4,41.744151639,-87.58594506700001,POINT (-87.585945066953 41.744151639042),2021,930
O1037351,DRIVER,407e0a2f5db0a9a8ba0ff16b3cb51957c7707abc5152cbcc3db12d18aa6444fa84571213f6d5a3c6b0de4023b4f88ad3a3fed20c54b63018a92b2c18b7e5df5f,JE134609,983308.0,02/06/2021 06:55:00 PM,CHICAGO,IL,60617,F,20.0,USAGE UNKNOWN,NOT APPLICABLE,NONE,NO INDICATION OF INJURY,NONE,UNKNOWN,NORMAL,TEST NOT OFFERED,2021,JE134609,02/06/2021 06:55:00 PM,30,TRAFFIC SIGNAL,FUNCTIONING PROPERLY,SNOW,"DARKNESS, LIGHTED ROAD",TURNING,FOUR WAY,STRAIGHT AND LEVEL,SNOW OR SLUSH,NO DEFECTS,ON SCENE,NO INJURY / DRIVE AWAY,Y,N,"OVER $1,500",02/06/2021 07:07:00 PM,DISREGARDING TRAFFIC SIGNALS,FAILING TO REDUCE SPEED TO AVOID CRASH,7900,S,COTTAGE GROVE AVE,624.0,3,NO INDICATION OF INJURY,0.0,0.0,0.0,0.0,0.0,4.0,0.0,18,7,2,41.751194338000005,-87.605367326,POINT (-87.60536732633 41.751194338222),2021,1135
O1124699,DRIVER,2e148ab68a3ee108d78b2f329f4ce6251272db38173e04ff2e697b373225315b6945b44364629c7818ffbfa3b75c6ce072fb75039c36184e0a2021f7fb957bcf,JE276689,1066832.0,06/23/2021 11:35:00 AM,CHICAGO,IL,60619,F,21.0,SAFETY BELT USED,"DEPLOYED, COMBINATION",NONE,NONINCAPACITATING INJURY,OTHER,NOT OBSCURED,NORMAL,TEST NOT OFFERED,2021,JE276689,06/23/2021 11:35:00 AM,30,NO CONTROLS,NO CONTROLS,CLEAR,DAYLIGHT,SIDESWIPE SAME DIRECTION,NOT DIVIDED,STRAIGHT AND LEVEL,DRY,NO DEFECTS,ON SCENE,INJURY AND / OR TOW DUE TO CRASH,Y,Y,"OVER $1,500",06/23/2021 11:35:00 AM,UNABLE TO DETERMINE,UNABLE TO DETERMINE,7658,S,YATES BLVD,414.0,3,NONINCAPACITATING INJURY,2.0,0.0,0.0,1.0,1.0,3.0,0.0,11,4,6,41.755449078000005,-87.56645095299999,POINT (-87.56645095317 41.755449078388),2021,695
O1211035,DRIVER,9ada164fa44473c2bd4916d9a3134dd054644e128927868cd3b9d37a490e50b9b5bce918d30875a754fe4008f4eaea066025a174e1bbcad5d09bd21de20ff40f,JE419378,1149088.0,10/23/2021 03:16:00 AM,CHICAGO,IL,60624,M,39.0,USAGE UNKNOWN,NOT APPLICABLE,NONE,NO INDICATION OF INJURY,NONE,NOT OBSCURED,NORMAL,TEST NOT OFFERED,2021,JE419378,10/23/2021 03:16:00 AM,35,TRAFFIC SIGNAL,FUNCTIONING PROPERLY,CLEAR,DARKNESS,ANGLE,DIVIDED - W/MEDIAN (NOT RAISED),STRAIGHT AND LEVEL,DRY,NO DEFECTS,ON SCENE,INJURY AND / OR TOW DUE TO CRASH,Y,Y,"OVER $1,500",10/23/2021 03:17:00 AM,FAILING TO YIELD RIGHT-OF-WAY,NOT APPLICABLE,3358,W,WARREN BLVD,1123.0,2,NO INDICATION OF INJURY,0.0,0.0,0.0,0.0,0.0,3.0,0.0,3,7,10,41.88192536,-87.710920519,POINT (-87.710920519427 41.881925360111),2021,196
O1151816,DRIVER,a38068bb4355ec4ed859aa9e942cbddf2f4c9289af47e6bffc8aaefb841a1cffee6d22eb08e47ea4051cf4160ec41c92e96ddf101f81066f4ef8f471cd9aee6b,JE321050,1092582.0,07/30/2021 03:30:00 PM,CHICAGO,IL,60622,M,37.0,USAGE UNKNOWN,DID NOT DEPLOY,NONE,NO INDICATION OF INJURY,NONE,NOT OBSCURED,NORMAL,TEST NOT OFFERED,2021,JE321050,07/30/2021 03:30:00 PM,30,TRAFFIC SIGNAL,FUNCTIONING PROPERLY,CLEAR,DAYLIGHT,REAR TO SIDE,FOUR WAY,STRAIGHT AND LEVEL,DRY,NO DEFECTS,NOT ON SCENE (DESK REPORT),NO INJURY / DRIVE AWAY,Y,Y,"OVER $1,500",07/31/2021 01:30:00 PM,IMPROPER BACKING,NOT APPLICABLE,1600,W,CORTLAND ST,1433.0,2,NO INDICATION OF INJURY,0.0,0.0,0.0,0.0,0.0,3.0,0.0,15,6,7,41.916235336999996,-87.66783777200001,POINT (-87.66783777213 41.916235337469),2021,930
O1105454,DRIVER,21428867dab6cf6ba2bb6da96e656b0d887e20afbb50373201ca232a65a09255adc881465358301be415934b7957060a624c6bc72bdcca982099acde90bf6b67,JE246369,1048627.0,05/28/2021 11:26:00 PM,CHICAGO,IL,60657,M,20.0,SAFETY BELT USED,NOT APPLICABLE,NONE,NO INDICATION OF INJURY,NONE,NOT OBSCURED,NORMAL,TEST NOT OFFERED,2021,JE246369,05/28/2021 11:26:00 PM,30,TRAFFIC SIGNAL,FUNCTIONING PROPERLY,CLEAR,"DARKNESS, LIGHTED ROAD",SIDESWIPE OPPOSITE DIRECTION,NOT DIVIDED,STRAIGHT AND LEVEL,DRY,NO DEFECTS,ON SCENE,NO INJURY / DRIVE AWAY,Y,Y,"$501 - $1,500",05/28/2021 11:28:00 PM,UNABLE TO DETERMINE,NOT APPLICABLE,2000,W,DIVERSEY PKWY,1931.0,2,NO INDICATION OF INJURY,0.0,0.0,0.0,0.0,0.0,3.0,0.0,23,6,5,41.932394164,-87.678173031,POINT (-87.678173030878 41.932394164037),2021,1406
O1140693,DRIVER,4cee98fb8365123ad287a6c345ba2b53ebc1256cdc2104f901b6491a2c19959ecf22e446e324346ce844414af24a15586ebc365f06ac9fa342e7d60f20f4e22f,JE303039,1082575.0,07/16/2021 06:03:00 AM,CHICAGO,IL,60632,F,56.0,USAGE UNKNOWN,DID NOT DEPLOY,NONE,NO INDICATION OF INJURY,NONE,UNKNOWN,UNKNOWN,TEST NOT OFFERED,2021,JE303039,07/16/2021 06:03:00 AM,30,TRAFFIC SIGNAL,FUNCTIONING PROPERLY,RAIN,DAYLIGHT,HEAD ON,FOUR WAY,STRAIGHT AND LEVEL,WET,UNKNOWN,ON SCENE,INJURY AND / OR TOW DUE TO CRASH,Y,Y,"OVER $1,500",07/16/2021 06:03:00 AM,IMPROPER LANE USAGE,NOT APPLICABLE,3100,S,KEDZIE AVE,1032.0,2,NO INDICATION OF INJURY,0.0,0.0,0.0,0.0,0.0,2.0,0.0,6,6,7,41.837132671,-87.704967115,POINT (-87.704967114787 41.837132671422),2021,363