PERSON_ID,PERSON_TYPE,CRASH_RECORD_ID,RD_NO_x,VEHICLE_ID,CRASH_DATE_x,CITY,STATE,ZIPCODE,SEX,AGE,SAFETY_EQUIPMENT,AIRBAG_DEPLOYED,EJECTION,INJURY_CLASSIFICATION,DRIVER_ACTION,DRIVER_VISION,PHYSICAL_CONDITION,BAC_RESULT,CRASH_YEAR_x,RD_NO_y,CRASH_DATE_y,POSTED_SPEED_LIMIT,TRAFFIC_CONTROL_DEVICE,DEVICE_CONDITION,WEATHER_CONDITION,LIGHTING_CONDITION,FIRST_CRASH_TYPE,TRAFFICWAY_TYPE,ALIGNMENT,ROADWAY_SURFACE_COND,ROAD_DEFECT,REPORT_TYPE,CRASH_TYPE,INTERSECTION_RELATED_I,HIT_AND_RUN_I,DAMAGE,DATE_POLICE_NOTIFIED,PRIM_CONTRIBUTORY_CAUSE,SEC_CONTRIBUTORY_CAUSE,STREET_NO,STREET_DIRECTION,STREET_NAME,BEAT_OF_OCCURRENCE,NUM_UNITS,MOST_SEVERE_INJURY,INJURIES_TOTAL,INJURIES_FATAL,INJURIES_INCAPACITATING,INJURIES_NON_INCAPACITATING,INJURIES_REPORTED_NOT_EVIDENT,INJURIES_NO_INDICATION,INJURIES_UNKNOWN,CRASH_HOUR,CRASH_DAY_OF_WEEK,CRASH_MONTH,LATITUDE,LONGITUDE,LOCATION,CRASH_YEAR_y,TIME
O1168303,DRIVER,60e1a0e6a9f8e3916978d6ce443ebb97dd05b83030ec1c6f6459e175a94fdf11de19eca3e3150d50c827dfdd9406de3a33fa1a1d4b02717ff6c7f5f216b44df4,JE348100,1108255.0,08/24/2021 08:50:00 AM,CHICAGO,IL,60607,F,37.0,SAFETY BELT USED,NOT APPLICABLE,NONE,NO INDICATION OF INJURY,NONE,NOT OBSCURED,NORMAL,TEST NOT OFFERED,2021,JE348100,08/24/2021 08:50:00 AM,30,TRAFFIC SIGNAL,FUNCTIONING PROPERLY,CLEAR,DAYLIGHT,TURNING,FOUR WAY,STRAIGHT AND LEVEL,DRY,NO DEFECTS,ON SCENE,INJURY AND / OR TOW DUE TO CRASH,Y,Y,"OVER $1,500",08/24/2021 09:07:00 AM,FAILING TO YIELD RIGHT-OF-WAY,FAILING TO YIELD RIGHT-OF-WAY,1200,S,ASHLAND AVE,1233.0,2,NO INDICATION OF INJURY,0.0,0.0,0.0,0.0,0.0,3.0,0.0,8,3,8,41.866815784,-87.66652926299999,POINT (-87.666529262922 41.86681578431),2021,530
O1220564,DRIVER,1afee5c180c4fa20f2468cff66fa7d9a549f852ae3bbc61bb64a6041476c31d5b48112481622a837a63247672ac97baa0abf062bf7a52fff041bb664de75ff73,JE434104,1158223.0,11/04/2021 01:00:00 PM,CHICAGO,IL,60660,F,30.0,USAGE UNKNOWN,DEPLOYMENT UNKNOWN,NONE,NO INDICATION OF INJURY,UNKNOWN,UNKNOWN,UNKNOWN,TEST NOT OFFERED,2021,JE434104,11/04/2021 01:00:00 PM,20,STOP SIGN/FLASHER,UNKNOWN,UNKNOWN,UNKNOWN,TURNING,FOUR WAY,STRAIGHT AND LEVEL,UNKNOWN,UNKNOWN,NOT ON SCENE (DESK REPORT),NO INJURY / DRIVE AWAY,Y,Y,"$501 - $1,500",11/04/2021 06:00:00 PM,UNABLE TO DETERMINE,NOT APPLICABLE,6167,N,KENMORE AVE,2433.0,2,NO INDICATION OF INJURY,0.0,0.0,0.0,0.0,0.0,2.0,0.0,13,5,11,41.994215567,-87.656793686,POINT (-87.656793685935 41.994215566894),2021,780
O1185193,DRIVER,ea1b9696b92316babeace90d8b4579fe8c75210188625bc5065a7b961cdc786b949fa762d942959f512235981e619204502f9f600d59f9c96e6f6485330df2dd,JE376137,1124406.0,09/16/2021 03:11:00 PM,CAROL STREAM,IL,60188,F,29.0,SAFETY BELT USED,DID NOT DEPLOY,NONE,NO INDICATION OF INJURY,NONE,NOT OBSCURED,NORMAL,TEST NOT OFFERED,2021,JE376137,09/16/2021 03:11:00 PM,30,TRAFFIC SIGNAL,FUNCTIONING PROPERLY,CLEAR,DAYLIGHT,TURNING,DIVIDED - W/MEDIAN BARRIER,STRAIGHT AND LEVEL,DRY,NO DEFECTS,NOT ON SCENE (DESK REPORT),NO INJURY / DRIVE AWAY,Y,Y,"$501 - $1,500",09/16/2021 05:15:00 PM,IMPROPER TURNING/NO SIGNAL,FAILING TO YIELD RIGHT-OF-WAY,300,S,WACKER DR,122.0,3,NO INDICATION OF INJURY,0.0,0.0,0.0,0.0,0.0,3.0,0.0,15,5,9,41.878010924,-87.637058522,POINT (-87.637058522337 41.878010923718),2021,911
O1155425,DRIVER,2e27df1185a60f8bdfa5b8ec16954fab7caa142dbd79c969e3859f8a6007e2b897dcb65009a9fe92041139dc25d4e07875990b475f551bcbf4923cec7d86c1f2,JE327135,1096046.0,08/05/2021 01:48:00 PM,CHICAGO,IL,60620,M,0.0,USAGE UNKNOWN,DID NOT DEPLOY,NONE,NO INDICATION OF INJURY,NONE,NOT OBSCURED,NORMAL,TEST NOT OFFERED,2021,JE327135,08/05/2021 01:48:00 PM,30,STOP SIGN/FLASHER,NO CONTROLS,CLEAR,DAYLIGHT,FIXED OBJECT,UNKNOWN INTERSECTION TYPE,STRAIGHT AND LEVEL,DRY,NO DEFECTS,NOT ON SCENE (DESK REPORT),NO INJURY / DRIVE AWAY,Y,Y,"OVER $1,500",08/05/2021 02:15:00 PM,DISREGARDING STOP SIGN,FAILING TO YIELD RIGHT-OF-WAY,901,W,82ND ST,613.0,2,NO INDICATION OF INJURY,0.0,0.0,0.0,0.0,0.0,2.0,0.0,13,5,8,41.745032009,-87.646369637,POINT (-87.646369636744 41.745032008861),2021,828
O1191807,DRIVER,e9a88d1870ee7ca9264466b8bf0c8bee100a6b9a5cc873562988a75bed7b9ef8452c8d0e88faaca8eee4a9f8c59267467fc03fb5ac58df2eb3ce141f014822ec,JE386981,1130748.0,09/24/2021 06:00:00 PM,CHICAGO,IL,60632,M,46.0,SAFETY BELT USED,DID NOT DEPLOY,NONE,NO INDICATION OF INJURY,NONE,NOT OBSCURED,NORMAL,TEST NOT OFFERED,2021,JE386981,09/24/2021 06:00:00 PM,30,NO CONTROLS,NO CONTROLS,CLEAR,DAYLIGHT,TURNING,OTHER,STRAIGHT AND LEVEL,DRY,NO DEFECTS,NOT ON SCENE (DESK REPORT),NO INJURY / DRIVE AWAY,Y,N,"OVER $1,500",09/25/2021 03:25:00 PM,IMPROPER OVERTAKING/PASSING,IMPROPER LANE USAGE,5500,S,ST LOUIS AVE,822.0,2,NO INDICATION OF INJURY,0.0,0.0,0.0,0.0,0.0,2.0,0.0,18,6,9,41.793313448,-87.71104730399999,POINT (-87.711047304354 41.793313448268),2021,1080
O1142653,DRIVER,3e5bc005dbc80ebb123ec41b0e1d0c5f22b2d576e5a7e355643674f29f37a5636f9a0ee659c9a9f6c7d62422d7477a0a64140581ebe992ce1fea6ca0dd24dfde,JE306017,1083868.0,07/18/2021 08:45:00 PM,CHICAGO,IL,60638,F,38.0,SAFETY BELT USED,NOT APPLICABLE,NONE,"REPORTED, NOT EVIDENT",NONE,NOT OBSCURED,NORMAL,TEST NOT OFFERED,2021,JE306017,07/18/2021 08:45:00 PM,30,TRAFFIC SIGNAL,FUNCTIONING PROPERLY,CLEAR,"DARKNESS, LIGHTED ROAD",REAR END,NOT DIVIDED,STRAIGHT AND LEVEL,DRY,NO DEFECTS,ON SCENE,INJURY AND / OR TOW DUE TO CRASH,Y,Y,"OVER $1,500",07/18/2021 08:50:00 PM,UNABLE TO DETERMINE,NOT APPLICABLE,1600,W,47TH ST,924.0,3,"REPORTED, NOT EVIDENT",2.0,0.0,0.0,0.0,2.0,6.0,0.0,20,1,7,41.808713319,-87.66503590299999,POINT (-87.665035903091 41.80871331904),2021,1245
O1145225,DRIVER,f78e3ac569f59431a699fcb40ec96e1097c9ca6fca6b104ed3ce04cf939585302374dcb24e5cd37cc8a1fc28c1c2547e675f4f4bf0f8ca0cb1b5cc6e22eb85df,JE310444,1086333.0,07/04/2021 10:53:00 PM,MATTESON,IL,60443,M,19.0,SAFETY BELT USED,"DEPLOYED, COMBINATION",NONE,NO INDICATION OF INJURY,NONE,NOT OBSCURED,NORMAL,TEST NOT OFFERED,2021,JE310444,07/04/2021 10:53:00 PM,30,TRAFFIC SIGNAL,FUNCTIONING PROPERLY,CLEAR,"DARKNESS, LIGHTED ROAD",ANGLE,FOUR WAY,STRAIGHT AND LEVEL,DRY,NO DEFECTS,NOT ON SCENE (DESK REPORT),INJURY AND / OR TOW DUE TO CRASH,Y,Y,"OVER $1,500",07/22/2021 04:50:00 PM,FAILING TO REDUCE SPEED TO AVOID CRASH,"OPERATING VEHICLE IN ERRATIC, RECKLESS, CARELESS, NEGLIGENT OR AGGRESSIVE MANNER",533,W,95TH ST,2223.0,2,"REPORTED, NOT EVIDENT",1.0,0.0,0.0,0.0,1.0,3.0,0.0,22,1,7,41.721431205,-87.637212812,POINT (-87.63721281227 41.721431204631),2021,1373
O1155322,DRIVER,b1dae88841756583d11e2c01a8793c10f352214ab9d5aaa58129dbc0b1d49dfd19f66bfdf25e872f056ed46c0dbc96f0328c141c7eaae89d8100ebaa74cb29b8,JE326978,1095903.0,08/05/2021 11:32:00 AM,CHICAGO,IL,60616,M,75.0,SAFETY BELT USED,DID NOT DEPLOY,NONE,NO INDICATION OF INJURY,OTHER,NOT OBSCURED,NORMAL,TEST NOT OFFERED,2021,JE326978,08/05/2021 11:32:00 AM,30,NO CONTROLS,NO CONTROLS,CLEAR,DAYLIGHT,ANGLE,NOT DIVIDED,STRAIGHT AND LEVEL,DRY,NO DEFECTS,ON SCENE,NO INJURY / DRIVE AWAY,Y,Y,"OVER $1,500",08/05/2021 11:35:00 AM,FAILING TO YIELD RIGHT-OF-WAY,NOT APPLICABLE,5100,S,CICERO AVE,814.0,2,NO INDICATION OF INJURY,0.0,0.0,0.0,0.0,0.0,2.0,0.0,11,5,8,41.800242678000004,-87.74310389200001,POINT (-87.743103891831 41.800242677844),2021,692
O1097748,DRIVER,87736a2dd89b1e2feb035115f06e9a15c59e8d9cf1df001eaaca85f80ad37635b2b3b0bbd05c994a32535460ecb29240715e86975668c3ea24eee0dfe668dc6d,JE234158,1041235.0,05/18/2021 01:20:00 PM,EVERGREEN PARK,IL,60805,M,62.0,SAFETY BELT USED,DID NOT DEPLOY,NONE,"REPORTED, NOT EVIDENT",NONE,NOT OBSCURED,NORMAL,TEST NOT OFFERED,2021,JE234158,05/18/2021 01:20:00 PM,30,TRAFFIC SIGNAL,FUNCTIONING PROPERLY,CLEAR,DAYLIGHT,REAR END,NOT DIVIDED,STRAIGHT ON GRADE,DRY,NO DEFECTS,NOT ON SCENE (DESK REPORT),INJURY AND / OR TOW DUE TO CRASH,Y,Y,"OVER $1,500",05/18/2021 01:45:00 PM,FAILING TO REDUCE SPEED TO AVOID CRASH,DRIVING SKILLS/KNOWLEDGE/EXPERIENCE,2105,W,99TH ST,2213.0,2,"REPORTED, NOT EVIDENT",1.0,0.0,0.0,0.0,1.0,1.0,0.0,13,3,5,41.713653944,-87.674821601,POINT (-87.674821600898 41.713653943988),2021,800
O1057552,DRIVER,f029a743040fbee0a7d9e819db2b38892438d7fffdf71193d273cb51300aca0a00f92e3c4900cf5d0cca05aefa6a4208d4a681b48b6270651ecce75ae56b8947,JE167223,1002826.0,03/12/2021 06:00:00 PM,CHICAGO,IL,60644,M,67.0,SAFETY BELT USED,DID NOT DEPLOY,NONE,NO INDICATION OF INJURY,UNKNOWN,NOT OBSCURED,NORMAL,TEST NOT OFFERED,2021,JE167223,03/12/2021 06:00:00 PM,30,NO CONTROLS,NO CONTROLS,CLEAR,"DARKNESS, LIGHTED ROAD",TURNING,DIVIDED - W/MEDIAN (NOT RAISED),STRAIGHT AND LEVEL,DRY,NO DEFECTS,NOT ON SCENE (DESK REPORT),NO INJURY / DRIVE AWAY,Y,Y,"OVER $1,500",03/12/2021 06:15:00 PM,FAILING TO YIELD RIGHT-OF-WAY,NOT APPLICABLE,4900,W,CHICAGO AVE,1531.0,2,NO INDICATION OF INJURY,0.0,0.0,0.0,0.0,0.0,2.0,0.0,18,6,3,41.895093615,-87.748381715,POINT (-87.748381714962 41.895093614751),2021,1080
O1098903,DRIVER,455630e73cd1e138f90b4bab9ea90d2380c67e5a06f0ae47729da8fc809676a36033829e812848cc37e03c27faacd7b5cadbc4e9348db924b02fcc0b473b29ad,JE236135,1042338.0,05/20/2021 09:45:00 AM,CHICAGO,IL,60617,F,34.0,USAGE UNKNOWN,DID NOT DEPLOY,NONE,NO INDICATION OF INJURY,NONE,NOT OBSCURED,NORMAL,TEST REFUSED,2021,JE236135,05/20/2021 09:45:00 AM,30,TRAFFIC SIGNAL,FUNCTIONING PROPERLY,CLEAR,DAYLIGHT,SIDESWIPE SAME DIRECTION,DIVIDED - W/MEDIAN (NOT RAISED),STRAIGHT AND LEVEL,DRY,NO DEFECTS,ON SCENE,NO INJURY / DRIVE AWAY,Y,N,"$501 - $1,500",05/20/2021 09:55:00 AM,IMPROPER OVERTAKING/PASSING,IMPROPER OVERTAKING/PASSING,7900,S,YATES BLVD,414.0,2,NO INDICATION OF INJURY,0.0,0.0,0.0,0.0,0.0,2.0,0.0,9,5,5,41.751636269,-87.566378121,POINT (-87.56637812136 41.751636269168),2021,585
O1111085,DRIVER,78a074567a45552b4d998ed75270e487c0d4a9f04e81eac33344d22d8574f8484b2a4ecb3caf2fd25f170dfce87db1b7e93049b3e5ff32c134d550276baa919a,JE255209,1054001.0,06/05/2021 09:56:00 PM,MATTESON,IL,60443,F,25.0,SAFETY BELT USED,NOT APPLICABLE,NONE,NONINCAPACITATING INJURY,OTHER,UNKNOWN,EMOTIONAL,TEST NOT OFFERED,2021,JE255209,06/05/2021 09:56:00 PM,30,NO CONTROLS,NO CONTROLS,CLEAR,"DARKNESS, LIGHTED ROAD",TURNING,FOUR WAY,STRAIGHT AND LEVEL,DRY,NO DEFECTS,ON SCENE,INJURY AND / OR TOW DUE TO CRASH,Y,Y,"OVER $1,500",06/05/2021 09:59:00 PM,IMPROPER TURNING/NO SIGNAL,FAILING TO YIELD RIGHT-OF-WAY,11501,S,ELIZABETH ST,524.0,2,NONINCAPACITATING INJURY,1.0,0.0,0.0,1.0,0.0,1.0,0.0,21,7,6,41.684847048,-87.652942882,POINT (-87.652942881578 41.684847048229),2021,1316
O1177929,DRIVER,812f991ccd658d0a922f1a3d2606a06bc13530ba2ebbd7ccd75c29ebcb09cdf81baca9572430963f7d99021cb2ac94444106ff2a308726bc038acdf5250bb17a,JE363790,1117472.0,09/06/2021 05:15:00 PM,CHICAGO,IL,60620,F,27.0,USAGE UNKNOWN,NOT APPLICABLE,NONE,NO INDICATION OF INJURY,UNKNOWN,UNKNOWN,NORMAL,TEST NOT OFFERED,2021,JE363790,09/06/2021 05:15:00 PM,30,TRAFFIC SIGNAL,FUNCTIONING PROPERLY,CLEAR,DAYLIGHT,ANGLE,FOUR WAY,STRAIGHT AND LEVEL,DRY,NO DEFECTS,ON SCENE,INJURY AND / OR TOW DUE TO CRASH,Y,Y,"OVER $1,500",09/06/2021 05:17:00 PM,DISREGARDING TRAFFIC SIGNALS,NOT APPLICABLE,8300,S,LOOMIS BLVD,614.0,2,NO INDICATION OF INJURY,0.0,0.0,0.0,0.0,0.0,5.0,0.0,17,2,9,41.743051618,-87.658543028,POINT (-87.658543028321 41.743051618434),2021,1035
O1080054,DRIVER,eeceffc717a392bbd35e139b6b7386ecbf5fb497ae5084dc30f7b8ddc4dadfdaa2f7a5e948e6d6df3b2c8f0587770fad6c41b847d9f793a2441d3e3d614d641c,JE205289,1024315.0,04/20/2021 10:35:00 PM,ARLINGTON HEIGHTS,IL,60004,F,26.0,USAGE UNKNOWN,NOT APPLICABLE,NONE,NO INDICATION OF INJURY,OTHER,UNKNOWN,NORMAL,TEST NOT OFFERED,2021,JE205289,04/20/2021 10:35:00 PM,30,NO CONTROLS,NO CONTROLS,CLEAR,"DARKNESS, LIGHTED ROAD",TURNING,DIVIDED - W/MEDIAN (NOT RAISED),STRAIGHT AND LEVEL,DRY,UNKNOWN,NOT ON SCENE (DESK REPORT),NO INJURY / DRIVE AWAY,Y,Y,"OVER $1,500",04/20/2021 11:20:00 PM,IMPROPER TURNING/NO SIGNAL,NOT APPLICABLE,332,S,PULASKI RD,1132.0,2,NO INDICATION OF INJURY,0.0,0.0,0.0,0.0,0.0,2.0,0.0,22,3,4,41.876130275,-87.725661119,POINT (-87.725661118725 41.876130275139),2021,1355
O1197044,DRIVER,8eaec4d8a43d7cc6855b28c53a4041bea103fd5bc8a6a194039d712412ecacd5e496f7a5d3c80d843c88c0c654eb71810e01baa91d33a3f8b5228b2abbd08387,JE395586,1135755.0,10/02/2021 01:00:00 PM,EATONTOWN,NJ,07724,M,21.0,USAGE UNKNOWN,DID NOT DEPLOY,NONE,NO INDICATION OF INJURY,NONE,NOT OBSCURED,NORMAL,TEST NOT OFFERED,2021,JE395586,10/02/2021 01:00:00 PM,35,TRAFFIC SIGNAL,FUNCTIONING PROPERLY,RAIN,DAYLIGHT,ANGLE,NOT DIVIDED,STRAIGHT AND LEVEL,WET,NO DEFECTS,ON SCENE,NO INJURY / DRIVE AWAY,Y,Y,"OVER $1,500",10/02/2021 01:01:00 PM,DISREGARDING OTHER TRAFFIC SIGNS,UNABLE TO DETERMINE,295,W,HARRISON ST,123.0,2,NO INDICATION OF INJURY,0.0,0.0,0.0,0.0,0.0,2.0,0.0,13,7,10,41.874351553000004,-87.635009615,POINT (-87.635009614973 41.874351552533),2021,780
O1162142,DRIVER,1a380cddeb6c285e35d3374f8b23734c705c8d5f7745f0b11e0c24a1da0ff370f9ef4b182d2637e0709f0f1ca794fe31d0017601b57f90fda0cfb139e2ec5fe2,JE337686,1102380.0,08/14/2021 10:30:00 PM,CHICAGO,IL,60639,M,20.0,SAFETY BELT USED,NOT APPLICABLE,NONE,NO INDICATION OF INJURY,NONE,NOT OBSCURED,NORMAL,TEST NOT OFFERED,2021,JE337686,08/14/2021 10:30:00 PM,30,STOP SIGN/FLASHER,NO CONTROLS,CLEAR,"DARKNESS, LIGHTED ROAD",ANGLE,DIVIDED - W/MEDIAN (NOT RAISED),STRAIGHT AND LEVEL,DRY,NO DEFECTS,NOT ON SCENE (DESK REPORT),NO INJURY / DRIVE AWAY,Y,Y,"OVER $1,500",08/14/2021 11:40:00 PM,IMPROPER OVERTAKING/PASSING,NOT APPLICABLE,2701,N,MENARD AVE,2514.0,2,NO INDICATION OF INJURY,0.0,0.0,0.0,0.0,0.0,2.0,0.0,22,7,8,41.929476893,-87.77089942200001,POINT (-87.770899421631 41.929476892942),2021,1350
O1101481,DRIVER,bf9f246146cc8866fe39793cc10c288efd318c5466d41f6811c7f21b84a97c9f361b6264a834cdbd3b5136e8dc48efc4bbcaf13f24f81c6b9ed9b46f3e0d85dc,JE240182,1044814.0,05/23/2021 04:40:00 PM,CHICAGO,IL,60638,M,34.0,SAFETY BELT USED,NOT APPLICABLE,NONE,NO INDICATION OF INJURY,NONE,NOT OBSCURED,NORMAL,TEST NOT OFFERED,2021,JE240182,05/23/2021 04:40:00 PM,30,STOP SIGN/FLASHER,FUNCTIONING PROPERLY,CLEAR,DAYLIGHT,ANGLE,NOT DIVIDED,STRAIGHT AND LEVEL,DRY,NO DEFECTS,NOT ON SCENE (DESK REPORT),NO INJURY / DRIVE AWAY,Y,Y,"$501 - $1,500",05/23/2021 05:05:00 PM,FAILING TO YIELD RIGHT-OF-WAY,NOT APPLICABLE,5200,S,PULASKI RD,815.0,2,NO INDICATION OF INJURY,0.0,0.0,0.0,0.0,0.0,2.0,0.0,16,1,5,41.798505044,-87.723458737,POINT (-87.723458737142 41.798505044022),2021,1000
O1230966,DRIVER,86ec6f18bd5345a15fdc4fcf2fb57879cd2a48f2ec6c99b885f122930e2f648aa76a4e4488280615c6455a32a1baf5bf7c2d62a758ce878c1514252096913622,JE451540,1168185.0,11/18/2021 09:00:00 PM,CHICAGO,IL,60621,F,50.0,SAFETY BELT USED,DID NOT DEPLOY,NONE,"REPORTED, NOT EVIDENT",NONE,NOT OBSCURED,NORMAL,TEST NOT OFFERED,2021,JE451540,11/18/2021 09:00:00 PM,30,TRAFFIC SIGNAL,FUNCTIONING PROPERLY,CLEAR,"DARKNESS, LIGHTED ROAD",ANGLE,NOT DIVIDED,STRAIGHT AND LEVEL,DRY,NO DEFECTS,NOT ON SCENE (DESK REPORT),INJURY AND / OR TOW DUE TO CRASH,Y,Y,"OVER $1,500",11/20/2021 02:26:00 PM,UNABLE TO DETERMINE,NOT APPLICABLE,1200,W,HARRISON ST,1231.0,2,"REPORTED, NOT EVIDENT",1.0,0.0,0.0,0.0,1.0,2.0,0.0,21,5,11,41.874388644,-87.656958889,POINT (-87.656958888781 41.8743886435),2021,1260
O1134151,DRIVER,90e9ab7b6eb6c9e16ad66e3fc7118a10db132eb58f9fce6dd2d1d90159f8dcddeb65a221a9fe71f38095b663d1b49b537e7bf0a0abcce92f0744a1f19945dcd1,JE292188,1075788.0,07/06/2021 01:20:00 PM,BELLWOOD,IL,60104,F,70.0,SAFETY BELT USED,DID NOT DEPLOY,NONE,NO INDICATION OF INJURY,OTHER,OTHER,NORMAL,TEST NOT OFFERED,2021,JE292188,07/06/2021 01:20:00 PM,30,TRAFFIC SIGNAL,FUNCTIONING PROPERLY,CLEAR,DAYLIGHT,REAR END,NOT DIVIDED,STRAIGHT AND LEVEL,DRY,NO DEFECTS,NOT ON SCENE (DESK REPORT),NO INJURY / DRIVE AWAY,Y,Y,"$501 - $1,500",07/06/2021 02:15:00 PM,FOLLOWING TOO CLOSELY,FAILING TO REDUCE SPEED TO AVOID CRASH,284,S,CENTRAL AVE,1513.0,2,NO INDICATION OF INJURY,0.0,0.0,0.0,0.0,0.0,2.0,0.0,13,3,7,41.876580351,-87.76487350299999,POINT (-87.764873502808 41.876580351336),2021,800
O1045536,DRIVER,b273a95324878ec222cb2faf442b75a894890bfb0c38790c5d901f9fc1f7ecae27d028508ecff644ce7c44e3574ff9ded541018e8df7b0226c447c8374a44110,JE145944,991221.0,02/19/2021 12:45:00 PM,RIVERDALE,IL,60827,F,20.0,SAFETY BELT USED,DID NOT DEPLOY,NONE,NO INDICATION OF INJURY,NONE,NOT OBSCURED,NORMAL,TEST NOT OFFERED,2021,JE145944,02/19/2021 12:45:00 PM,30,NO CONTROLS,NO CONTROLS,CLEAR,DAYLIGHT,TURNING,CENTER TURN LANE,STRAIGHT ON GRADE,WET,NO DEFECTS,NOT ON SCENE (DESK REPORT),NO INJURY / DRIVE AWAY,Y,Y,"OVER $1,500",02/19/2021 02:00:00 PM,FAILING TO YIELD RIGHT-OF-WAY,FAILING TO REDUCE SPEED TO AVOID CRASH,9601,S,WESTERN AVE,2213.0,2,NO INDICATION OF INJURY,0.0,0.0,0.0,0.0,0.0,3.0,0.0,12,6,2,41.719022284,-87.68185843399999,POINT (-87.681858434193 41.71902228377),2021,765
O1233480,DRIVER,07b6986c971e17a25a3f319f19500837d16c78b04ec87d3e50211e8fbf8ed3b6503e3efa2894f21e21c678b36ffbe015ed07380b4e0a5a113bed57740f6fde3b,JE455647,1170631.0,11/24/2021 11:04:00 AM,CHICAGO,IL,60617,F,22.0,SAFETY BELT USED,DID NOT DEPLOY,NONE,NO INDICATION OF INJURY,NONE,NOT OBSCURED,NORMAL,TEST NOT OFFERED,2021,JE455647,11/24/2021 11:04:00 AM,30,TRAFFIC SIGNAL,FUNCTIONING PROPERLY,CLEAR,DAYLIGHT,TURNING,FOUR WAY,STRAIGHT AND LEVEL,DRY,UNKNOWN,NOT ON SCENE (DESK REPORT),NO INJURY / DRIVE AWAY,Y,Y,"OVER $1,500",11/24/2021 12:35:00 PM,IMPROPER TURNING/NO SIGNAL,NOT APPLICABLE,1601,E,76TH ST,411.0,2,NO INDICATION OF INJURY,0.0,0.0,0.0,0.0,0.0,2.0,0.0,11,4,11,41.75683988,-87.585630757,POINT (-87.585630756762 41.756839879859),2021,664
O1035164,DRIVER,3ae5e204ce56aeaa9a5b11b18bcfbe0082de6455b45eb44c04efe3e87daeecc9058245304e848c276831a3f90a6ef17747ce1f42e4a4e6900effc7022e20bd09,JE131543,981189.0,02/03/2021 04:10:00 PM,CHICAGO,IL,60637,F,63.0,USAGE UNKNOWN,NOT APPLICABLE,NONE,NO INDICATION OF INJURY,NONE,NOT OBSCURED,NORMAL,TEST NOT OFFERED,2021,JE131543,02/03/2021 04:10:00 PM,20,NO CONTROLS,NO CONTROLS,CLEAR,DUSK,REAR TO SIDE,FOUR WAY,STRAIGHT AND LEVEL,DRY,NO DEFECTS,ON SCENE,INJURY AND / OR TOW DUE TO CRASH,Y,Y,"OVER $1,500",02/03/2021 04:32:00 PM,UNABLE TO DETERMINE,UNABLE TO DETERMINE,800,W,83RD ST,613.0,2,NO INDICATION OF INJURY,0.0,0.0,0.0,0.0,0.0,3.0,0.0,16,4,2,41.743466975,-87.643895892,POINT (-87.643895891655 41.743466974902),2021,970
O1047090,DRIVER,cb58b29f95acc465e40e6e4915d58c8f4fe404257e7de02f1f14697e2b310d7926d371e044e0c63ecb497d02c339fb71f7e3b19e3108b01ed450c6f7d1bdcad2,JE147934,992757.0,02/18/2021 02:40:00 PM,CHICAGO,IL,60620,F,50.0,SAFETY BELT USED,DID NOT DEPLOY,NONE,NO INDICATION OF INJURY,NONE,NOT OBSCURED,NORMAL,TEST NOT OFFERED,2021,JE147934,02/18/2021 02:40:00 PM,30,TRAFFIC SIGNAL,FUNCTIONING PROPERLY,CLEAR,DAYLIGHT,TURNING,NOT DIVIDED,STRAIGHT AND LEVEL,DRY,NO DEFECTS,NOT ON SCENE (DESK REPORT),NO INJURY / DRIVE AWAY,Y,Y,"OVER $1,500",02/21/2021 02:50:00 PM,FAILING TO YIELD RIGHT-OF-WAY,UNABLE TO DETERMINE,3900,S,WESTERN AVE,921.0,2,NO INDICATION OF INJURY,0.0,0.0,0.0,0.0,0.0,2.0,0.0,14,5,2,41.822954294,-87.685012986,POINT (-87.685012986006 41.822954294114),2021,880
O1054140,DRIVER,f928aa4f7d3646773f1cb8193257e294513c229d1ca9f345ba43552f482457edf45dddd7be59a71460c925e9d99776a801183d65efe0f04c7a482b27ac332578,JE160319,999539.0,03/05/2021 06:10:00 PM,CHICAGO,IL,60617,M,59.0,SAFETY BELT USED,"DEPLOYED, SIDE",NONE,INCAPACITATING INJURY,NONE,NOT OBSCURED,NORMAL,TEST NOT OFFERED,2021,JE160319,03/05/2021 06:10:00 PM,30,STOP SIGN/FLASHER,FUNCTIONING PROPERLY,CLEAR,DUSK,ANGLE,FOUR WAY,STRAIGHT AND LEVEL,WET,NO DEFECTS,ON SCENE,INJURY AND / OR TOW DUE TO CRASH,Y,Y,"OVER $1,500",03/05/2021 06:53:00 PM,FAILING TO YIELD RIGHT-OF-WAY,NOT APPLICABLE,8358,S,BENNETT AVE,412.0,2,INCAPACITATING INJURY,1.0,0.0,1.0,0.0,0.0,1.0,0.0,18,6,3,41.742557159,-87.57838935,POINT (-87.578389349904 41.742557158708),2021,1090