PERSON_ID,PERSON_TYPE,CRASH_RECORD_ID,RD_NO_x,VEHICLE_ID,CRASH_DATE_x,CITY,STATE,ZIPCODE,SEX,AGE,SAFETY_EQUIPMENT,AIRBAG_DEPLOYED,EJECTION,INJURY_CLASSIFICATION,DRIVER_ACTION,DRIVER_VISION,PHYSICAL_CONDITION,BAC_RESULT,CRASH_YEAR_x,RD_NO_y,CRASH_DATE_y,POSTED_SPEED_LIMIT,TRAFFIC_CONTROL_DEVICE,DEVICE_CONDITION,WEATHER_CONDITION,LIGHTING_CONDITION,FIRST_CRASH_TYPE,TRAFFICWAY_TYPE,ALIGNMENT,ROADWAY_SURFACE_COND,ROAD_DEFECT,REPORT_TYPE,CRASH_TYPE,INTERSECTION_RELATED_I,HIT_AND_RUN_I,DAMAGE,DATE_POLICE_NOTIFIED,PRIM_CONTRIBUTORY_CAUSE,SEC_CONTRIBUTORY_CAUSE,STREET_NO,STREET_DIRECTION,STREET_NAME,BEAT_OF_OCCURRENCE,NUM_UNITS,MOST_SEVERE_INJURY,INJURIES_TOTAL,INJURIES_FATAL,INJURIES_INCAPACITATING,INJURIES_NON_INCAPACITATING,INJURIES_REPORTED_NOT_EVIDENT,INJURIES_NO_INDICATION,INJURIES_UNKNOWN,CRASH_HOUR,CRASH_DAY_OF_WEEK,CRASH_MONTH,LATITUDE,LONGITUDE,LOCATION,CRASH_YEAR_y,TIME
O1182020,DRIVER,c2fd292eb6c551f5ed12593c029217a837333db4ff2f8837ad613d414314b6c17cd1da3618bd14859f49da9f08e05a523d23a356c4a116a14f0efd284de8ec5a,JE370668,1121409.0,09/12/2021 11:35:00 AM,CHICAGO,IL,60623,M,21.0,SAFETY BELT USED,DID NOT DEPLOY,NONE,NO INDICATION OF INJURY,NONE,NOT OBSCURED,NORMAL,TEST NOT OFFERED,2021,JE370668,09/12/2021 11:35:00 AM,30,TRAFFIC SIGNAL,FUNCTIONING PROPERLY,CLEAR,DAYLIGHT,ANGLE,FOUR WAY,STRAIGHT AND LEVEL,DRY,NO DEFECTS,ON SCENE,INJURY AND / OR TOW DUE TO CRASH,Y,Y,"OVER $1,500",09/12/2021 11:39:00 AM,UNABLE TO DETERMINE,UNABLE TO DETERMINE,4001,W,26TH ST,1031.0,2,NO INDICATION OF INJURY,0.0,0.0,0.0,0.0,0.0,2.0,0.0,11,1,9,41.844145286,-87.724613436,POINT (-87.724613436191 41.844145286187),2021,695
O1089479,DRIVER,ad076f853e6553e5a3277d4fde171b271d3ba9ad1b92174279ac643d6b6c4208928604eb4acc7c2f9d2e9f65f57d7d1fe3c44f402c84001c5e44b745e0558bf2,JE220829,1033336.0,05/05/2021 05:00:00 PM,CHICAGO,IL,60624,F,30.0,USAGE UNKNOWN,DID NOT DEPLOY,NONE,NO INDICATION OF INJURY,NONE,NOT OBSCURED,NORMAL,TEST NOT OFFERED,2021,JE220829,05/05/2021 05:00:00 PM,30,TRAFFIC SIGNAL,FUNCTIONING PROPERLY,CLEAR,DUSK,TURNING,NOT DIVIDED,STRAIGHT AND LEVEL,DRY,NO DEFECTS,NOT ON SCENE (DESK REPORT),NO INJURY / DRIVE AWAY,Y,Y,"OVER $1,500",05/05/2021 06:30:00 PM,IMPROPER TURNING/NO SIGNAL,NOT APPLICABLE,2759,W,VAN BUREN ST,1135.0,2,NO INDICATION OF INJURY,0.0,0.0,0.0,0.0,0.0,2.0,0.0,17,4,5,41.875871628,-87.696123239,POINT (-87.696123238512 41.875871627791),2021,1020
O1169146,DRIVER,0f06cba7c8068d6a77f79e4a78c00b77aeebd65d0c2f1aaf36c953f294783421e456304f7974b01e7a6d2ed71d377afe9b4027a0f5bb2516429d00c16fb8531f,JE349550,1109077.0,08/25/2021 01:30:00 PM,CHICAGO,IL,60641,F,28.0,USAGE UNKNOWN,"DEPLOYED, SIDE",NONE,"REPORTED, NOT EVIDENT",NONE,UNKNOWN,NORMAL,TEST NOT OFFERED,2021,JE349550,08/25/2021 01:30:00 PM,30,STOP SIGN/FLASHER,FUNCTIONING PROPERLY,CLEAR,DAYLIGHT,ANGLE,NOT DIVIDED,STRAIGHT AND LEVEL,DRY,NO DEFECTS,ON SCENE,INJURY AND / OR TOW DUE TO CRASH,Y,Y,"OVER $1,500",08/25/2021 01:36:00 PM,DISREGARDING STOP SIGN,FAILING TO YIELD RIGHT-OF-WAY,1699,N,NARRAGANSETT AVE,2513.0,3,"REPORTED, NOT EVIDENT",1.0,0.0,0.0,0.0,1.0,2.0,0.0,13,4,8,41.910870896999995,-87.784910541,POINT (-87.784910540702 41.910870897416),2021,810
O1103828,DRIVER,dd1febd5b3d122e8693576656a9a27fa2afe369023f6f7357f20c9145adf056cdb32ad813ecc05b05f9abd2b701589609fe1948a73a2b7602c65a2ff0a9f2b5f,JE243949,1047069.0,05/26/2021 06:09:00 PM,CHICAGO,IL,60653,F,29.0,USAGE UNKNOWN,"DEPLOYED, FRONT",UNKNOWN,NO INDICATION OF INJURY,UNKNOWN,UNKNOWN,NORMAL,TEST NOT OFFERED,2021,JE243949,05/26/2021 06:09:00 PM,30,STOP SIGN/FLASHER,UNKNOWN,CLEAR,DAYLIGHT,TURNING,DIVIDED - W/MEDIAN (NOT RAISED),STRAIGHT AND LEVEL,DRY,UNKNOWN,ON SCENE,INJURY AND / OR TOW DUE TO CRASH,Y,Y,"OVER $1,500",05/26/2021 07:26:00 PM,UNABLE TO DETERMINE,UNABLE TO DETERMINE,698,E,43RD ST,214.0,2,NO INDICATION OF INJURY,0.0,0.0,0.0,0.0,0.0,2.0,0.0,18,4,5,41.81688186,-87.609253037,POINT (-87.609253036783 41.816881860156),2021,1089
O1018335,DRIVER,4021e8b937843bea4bd68766040068655a7cf948890c36781feef522398957d745cbda264dc69123f92341d303a49cb2598ca53f5f60ead3099542560f5f2ede,JE100824,965176.0,01/01/2021 07:44:00 PM,SOUTH HOLLAND,IL,60473,M,17.0,SAFETY BELT USED,DID NOT DEPLOY,NONE,NO INDICATION OF INJURY,NONE,NOT OBSCURED,NORMAL,TEST NOT OFFERED,2021,JE100824,01/01/2021 07:44:00 PM,30,TRAFFIC SIGNAL,FUNCTIONING PROPERLY,SNOW,"DARKNESS, LIGHTED ROAD",SIDESWIPE SAME DIRECTION,NOT DIVIDED,STRAIGHT AND LEVEL,SNOW OR SLUSH,NO DEFECTS,NOT ON SCENE (DESK REPORT),NO INJURY / DRIVE AWAY,Y,Y,"$501 - $1,500",01/01/2021 08:15:00 PM,IMPROPER OVERTAKING/PASSING,UNABLE TO DETERMINE,800,W,GARFIELD BLVD,934.0,2,NO INDICATION OF INJURY,0.0,0.0,0.0,0.0,0.0,2.0,0.0,19,6,1,41.794410114,-87.645284675,POINT (-87.645284674705 41.794410114413),2021,1184
O1203009,DRIVER,13af550b437cd56656ab4e1bb493fcbe837ac6a94d43f50b5d92c96d1931e09e014906bce69ed05cd9fa33076dadb9afe797c0ce4a21a55db4983bcb1668e8e3,JE405964,1141456.0,10/11/2021 12:15:00 PM,NAPERVILLE,IL,60565,M,23.0,SAFETY BELT USED,NOT APPLICABLE,NONE,NO INDICATION OF INJURY,NONE,UNKNOWN,NORMAL,TEST NOT OFFERED,2021,JE405964,10/11/2021 12:15:00 PM,45,TRAFFIC SIGNAL,FUNCTIONING PROPERLY,CLEAR,DAYLIGHT,REAR END,DIVIDED - W/MEDIAN BARRIER,STRAIGHT AND LEVEL,DRY,NO DEFECTS,ON SCENE,INJURY AND / OR TOW DUE TO CRASH,Y,Y,"OVER $1,500",10/11/2021 12:20:00 PM,FOLLOWING TOO CLOSELY,NOT APPLICABLE,300,S,LAKE SHORE DR SB,114.0,4,NO INDICATION OF INJURY,0.0,0.0,0.0,0.0,0.0,4.0,0.0,12,2,10,41.878310135,-87.61757590299999,POINT (-87.617575903416 41.878310134581),2021,735
O1226003,DRIVER,2937d26b9f0e10e75eb8bdf25900e1526b7a3053a268dc951c5c70ec3a0a63f5364609ecfb65e1f8569959789820998a2bbc2c917b131061b93fd77bc83fafe3,JE443452,1163439.0,11/13/2021 03:24:00 AM,CHICAGO,IL,60644,F,22.0,USAGE UNKNOWN,"DEPLOYED, FRONT",NONE,NO INDICATION OF INJURY,NONE,UNKNOWN,UNKNOWN,TEST NOT OFFERED,2021,JE443452,11/13/2021 03:24:00 AM,30,TRAFFIC SIGNAL,UNKNOWN,OTHER,"DARKNESS, LIGHTED ROAD",ANGLE,DIVIDED - W/MEDIAN (NOT RAISED),STRAIGHT ON HILLCREST,UNKNOWN,UNKNOWN,ON SCENE,INJURY AND / OR TOW DUE TO CRASH,Y,Y,"OVER $1,500",11/13/2021 03:24:00 AM,DISREGARDING TRAFFIC SIGNALS,NOT APPLICABLE,728,S,CICERO AVE,1533.0,2,NO INDICATION OF INJURY,0.0,0.0,0.0,0.0,0.0,2.0,0.0,3,7,11,41.871288733,-87.74507320299999,POINT (-87.745073203162 41.871288733308),2021,204
O1098200,DRIVER,a35a394a32ab0b1d74c035c84d447ce24a5c4df85390d8b3ad01f81702d6560c4caee867b33159f801b2383fa5a070ac389e7dd5dc1afe777f8af309816c3a7f,JE234819,1041663.0,05/19/2021 02:20:00 AM,CHICAGO,IL,60651,F,34.0,USAGE UNKNOWN,"DEPLOYED, COMBINATION",NONE,"REPORTED, NOT EVIDENT",NONE,UNKNOWN,EMOTIONAL,TEST NOT OFFERED,2021,JE234819,05/19/2021 02:20:00 AM,30,TRAFFIC SIGNAL,FUNCTIONING PROPERLY,CLEAR,DARKNESS,ANGLE,FOUR WAY,STRAIGHT AND LEVEL,OTHER,UNKNOWN,ON SCENE,INJURY AND / OR TOW DUE TO CRASH,Y,Y,"OVER $1,500",05/19/2021 02:24:00 AM,UNABLE TO DETERMINE,UNABLE TO DETERMINE,5200,W,AUGUSTA BLVD,1524.0,2,"REPORTED, NOT EVIDENT",1.0,0.0,0.0,0.0,1.0,2.0,0.0,2,4,5,41.898692863,-87.75575014299999,POINT (-87.755750142992 41.898692863081),2021,140
O1135401,DRIVER,7fc91d18d9ae5649831226faf780cbbbdfd8922e840e50799837ee472b8cf985afb13db9108d80389129cb3972bd0018e8bea2457c0043f025f64e72d6a93ffc,JE294112,1076968.0,07/08/2021 12:39:00 AM,WHEATON,IL,60187,M,52.0,USAGE UNKNOWN,DID NOT DEPLOY,NONE,NO INDICATION OF INJURY,NONE,UNKNOWN,UNKNOWN,TEST NOT OFFERED,2021,JE294112,07/08/2021 12:39:00 AM,30,TRAFFIC SIGNAL,FUNCTIONING PROPERLY,CLEAR,"DARKNESS, LIGHTED ROAD",REAR END,FOUR WAY,STRAIGHT AND LEVEL,DRY,NO DEFECTS,ON SCENE,NO INJURY / DRIVE AWAY,Y,Y,"OVER $1,500",07/08/2021 01:36:00 AM,FAILING TO REDUCE SPEED TO AVOID CRASH,UNABLE TO DETERMINE,5601,W,DIVERSEY AVE,2514.0,2,NO INDICATION OF INJURY,0.0,0.0,0.0,0.0,0.0,2.0,0.0,0,5,7,41.931166501999996,-87.766303749,POINT (-87.766303749057 41.93116650193),2021,39
O1103714,DRIVER,32be4d8558d1eebd4b0c1a56d2854778aa0f437cc61ce4a225faaca3f064c544266b21152e85416d219f50a9201cf32342aed9562c0cb79aa73fde1d89c6a5f9,JE243867,1046944.0,05/26/2021 04:35:00 PM,DEKALB,IL,60115,M,40.0,USAGE UNKNOWN,DID NOT DEPLOY,NONE,NO INDICATION OF INJURY,NONE,UNKNOWN,NORMAL,TEST NOT OFFERED,2021,JE243867,05/26/2021 04:35:00 PM,30,STOP SIGN/FLASHER,FUNCTIONING PROPERLY,CLEAR,DAYLIGHT,ANGLE,DIVIDED - W/MEDIAN (NOT RAISED),STRAIGHT AND LEVEL,DRY,NO DEFECTS,ON SCENE,INJURY AND / OR TOW DUE TO CRASH,Y,Y,"OVER $1,500",05/26/2021 05:46:00 PM,FAILING TO YIELD RIGHT-OF-WAY,NOT APPLICABLE,332,S,PULASKI RD,1132.0,2,NO INDICATION OF INJURY,0.0,0.0,0.0,0.0,0.0,2.0,0.0,16,4,5,41.876130275,-87.725661119,POINT (-87.725661118725 41.876130275139),2021,995
O1024646,DRIVER,9f4f96746f98f8217809c04205e176f8786c4b6e1c41719e680ac02ac64de2f4b161d0eda7948a0d54a6112d76a8071c0b9f271014b16396a6e99a68c4dd424e,JE112981,971118.0,01/14/2021 08:43:00 PM,CHICAGO,IL,60629,M,64.0,SAFETY BELT USED,DID NOT DEPLOY,NONE,"REPORTED, NOT EVIDENT",NONE,NOT OBSCURED,NORMAL,TEST NOT OFFERED,2021,JE112981,01/14/2021 08:43:00 PM,30,TRAFFIC SIGNAL,FUNCTIONING PROPERLY,RAIN,"DARKNESS, LIGHTED ROAD",REAR END,NOT DIVIDED,STRAIGHT AND LEVEL,WET,NO DEFECTS,ON SCENE,INJURY AND / OR TOW DUE TO CRASH,Y,Y,"$501 - $1,500",01/14/2021 08:43:00 PM,FOLLOWING TOO CLOSELY,NOT APPLICABLE,4029,S,CALIFORNIA AVE,921.0,2,"REPORTED, NOT EVIDENT",2.0,0.0,0.0,0.0,2.0,1.0,0.0,20,5,1,41.820076016,-87.69442144700001,POINT (-87.694421447385 41.820076016221),2021,1243
O1049680,DRIVER,8494647d9d949701b2f3495c4144f8c11c2bc2ced0dfab724a2facfe9925ef30e21317386b27d8ec47ca7db19368578603b25054d23fba8de921c25095d09acc,JE152369,995275.0,02/25/2021 06:40:00 PM,WESTCHESTER,IL,60154,M,50.0,SAFETY BELT USED,DID NOT DEPLOY,NONE,NO INDICATION OF INJURY,NONE,NOT OBSCURED,NORMAL,TEST NOT OFFERED,2021,JE152369,02/25/2021 06:40:00 PM,30,TRAFFIC SIGNAL,FUNCTIONING PROPERLY,CLEAR,"DARKNESS, LIGHTED ROAD",TURNING,T-INTERSECTION,STRAIGHT AND LEVEL,DRY,NO DEFECTS,NOT ON SCENE (DESK REPORT),NO INJURY / DRIVE AWAY,Y,Y,"OVER $1,500",02/25/2021 07:45:00 PM,IMPROPER TURNING/NO SIGNAL,NOT APPLICABLE,800,W,99TH ST,2232.0,2,NO INDICATION OF INJURY,0.0,0.0,0.0,0.0,0.0,2.0,0.0,18,5,2,41.714323336999996,-87.643066714,POINT (-87.643066714219 41.714323337011),2021,1120
O1117024,DRIVER,857767e2b9da5ac5ffd0bf393f1a47e7b21bad6eddad87a3cf8ecc49a1b126996eea2709c892f4a3c0a8c5c27a0f5e00e4133ef7da3e3aee6229289eea9905dc,JE264445,1059550.0,06/13/2021 01:00:00 PM,CHICAGO,IL,60620,M,64.0,USAGE UNKNOWN,NOT APPLICABLE,NONE,NO INDICATION OF INJURY,NONE,NOT OBSCURED,NORMAL,TEST NOT OFFERED,2021,JE264445,06/13/2021 01:00:00 PM,25,OTHER,NO CONTROLS,CLEAR,DAYLIGHT,REAR END,NOT DIVIDED,STRAIGHT AND LEVEL,DRY,NO DEFECTS,NOT ON SCENE (DESK REPORT),NO INJURY / DRIVE AWAY,N,Y,"OVER $1,500",06/13/2021 01:40:00 PM,FOLLOWING TOO CLOSELY,NOT APPLICABLE,7600,S,HALSTED ST,621.0,2,NO INDICATION OF INJURY,0.0,0.0,0.0,0.0,0.0,6.0,0.0,13,1,6,41.75599579,-87.64432823899999,POINT (-87.644328238864 41.755995790481),2021,780
O1215729,DRIVER,a528dcc8da97bf8e1b2376a0790bd1d1fc335cf22ff9a574e717c7f374fd77ae33312b36cd10aa76344a7d25d16ca7d49d911bcb896efb02b263feb813a1a2d9,JE426528,1153582.0,10/28/2021 12:05:00 PM,CHICAGO,IL,60617,M,19.0,USAGE UNKNOWN,NOT APPLICABLE,NONE,NO INDICATION OF INJURY,NONE,UNKNOWN,NORMAL,TEST NOT OFFERED,2021,JE426528,10/28/2021 12:05:00 PM,30,NO CONTROLS,NO CONTROLS,UNKNOWN,UNKNOWN,REAR END,NOT DIVIDED,STRAIGHT AND LEVEL,UNKNOWN,UNKNOWN,NOT ON SCENE (DESK REPORT),NO INJURY / DRIVE AWAY,Y,Y,"$501 - $1,500",10/29/2021 12:10:00 PM,FOLLOWING TOO CLOSELY,UNABLE TO DETERMINE,12001,S,TORRENCE AVE,434.0,2,NO INDICATION OF INJURY,0.0,0.0,0.0,0.0,0.0,2.0,0.0,12,5,10,41.677269072,-87.559143847,POINT (-87.559143846899 41.677269072285),2021,725
O1027706,DRIVER,04b36478e468de0a47bcaad96b30dd8f2bc9cce150ee003d298e6b7ff23768de1bfccbbdbe6c72edaa38cd58c8f1d24f250dad5b78678d5dc8ac4fbbf0957f2e,JE118299,974075.0,01/20/2021 05:23:00 PM,CHICAGO,IL,60626,M,26.0,SAFETY BELT USED,DID NOT DEPLOY,NONE,NONINCAPACITATING INJURY,NONE,NOT OBSCURED,NORMAL,TEST NOT OFFERED,2021,JE118299,01/20/2021 05:23:00 PM,30,TRAFFIC SIGNAL,FUNCTIONING PROPERLY,CLEAR,DAYLIGHT,REAR END,DIVIDED - W/MEDIAN BARRIER,STRAIGHT AND LEVEL,DRY,NO DEFECTS,ON SCENE,INJURY AND / OR TOW DUE TO CRASH,Y,Y,"OVER $1,500",01/20/2021 07:32:00 PM,FOLLOWING TOO CLOSELY,UNABLE TO DETERMINE,500,S,FINANCIAL PL,123.0,3,NONINCAPACITATING INJURY,3.0,0.0,0.0,3.0,0.0,1.0,0.0,17,4,1,41.875532666,-87.63322641100001,POINT (-87.633226410926 41.875532665721),2021,1043
O1232517,DRIVER,8775818dfdf13d88b59ca5fc7b60543b9c097adaff1258b1b7c749185eda8a6683ecb0e0d33bf08ce5da1de76a6c1b660776e0d84b209e7519f25df0c0804f03,JE454022,1169700.0,11/20/2021 12:40:00 PM,GLENVIEW,IL,60025,F,20.0,USAGE UNKNOWN,DID NOT DEPLOY,NONE,NO INDICATION OF INJURY,NONE,UNKNOWN,UNKNOWN,TEST NOT OFFERED,2021,JE454022,11/20/2021 12:40:00 PM,20,STOP SIGN/FLASHER,FUNCTIONING PROPERLY,CLEAR,DAYLIGHT,REAR END,ONE-WAY,STRAIGHT AND LEVEL,DRY,NO DEFECTS,NOT ON SCENE (DESK REPORT),NO INJURY / DRIVE AWAY,Y,Y,"$501 - $1,500",11/22/2021 07:45:00 PM,FOLLOWING TOO CLOSELY,NOT APPLICABLE,6102,N,WINTHROP AVE,2433.0,2,NO INDICATION OF INJURY,0.0,0.0,0.0,0.0,0.0,2.0,0.0,12,7,11,41.992412169,-87.65843291899999,POINT (-87.658432919258 41.992412168535),2021,760
O1019738,DRIVER,8c188cb32e73d06c36ae0ff48ba674f8f4abf67ed6280d500fc9c1c191029e7d698eb14cc53dca1cf81849a850de06bef655e951638d1bea5e998d4e350ef119,JE103477,966527.0,01/04/2021 08:45:00 PM,CHICAGO,IL,60620,M,31.0,USAGE UNKNOWN,NOT APPLICABLE,NONE,NO INDICATION OF INJURY,NONE,NOT OBSCURED,NORMAL,TEST NOT OFFERED,2021,JE103477,01/04/2021 08:45:00 PM,30,STOP SIGN/FLASHER,FUNCTIONING PROPERLY,CLEAR,"DARKNESS, LIGHTED ROAD",SIDESWIPE SAME DIRECTION,FOUR WAY,STRAIGHT AND LEVEL,DRY,NO DEFECTS,NOT ON SCENE (DESK REPORT),NO INJURY / DRIVE AWAY,Y,Y,"OVER $1,500",01/04/2021 09:15:00 PM,IMPROPER OVERTAKING/PASSING,NOT APPLICABLE,803,S,CALIFORNIA AVE,1135.0,2,NO INDICATION OF INJURY,0.0,0.0,0.0,0.0,0.0,2.0,0.0,20,2,1,41.870950724000004,-87.69587532700001,POINT (-87.695875326871 41.870950723646),2021,1245
O1233357,DRIVER,b911824eb592b1d08a00266520f704c46ad577f96369a7ce5fd93e9b35729e56130f22522d6051f76f4e73cc60e4fa0f9c8496b180d254b54b32ec5be7ca35c7,JE455433,1170510.0,11/24/2021 08:30:00 AM,CHICAGO,IL,60643,M,50.0,USAGE UNKNOWN,DID NOT DEPLOY,NONE,NO INDICATION OF INJURY,NONE,NOT OBSCURED,NORMAL,TEST NOT OFFERED,2021,JE455433,11/24/2021 08:30:00 AM,30,TRAFFIC SIGNAL,UNKNOWN,CLEAR,DAYLIGHT,REAR END,NOT DIVIDED,STRAIGHT AND LEVEL,UNKNOWN,UNKNOWN,NOT ON SCENE (DESK REPORT),NO INJURY / DRIVE AWAY,Y,Y,"OVER $1,500",11/24/2021 09:00:00 AM,FOLLOWING TOO CLOSELY,NOT APPLICABLE,1075,W,ROOSEVELT RD,1232.0,2,NO INDICATION OF INJURY,0.0,0.0,0.0,0.0,0.0,2.0,0.0,8,4,11,41.866931249000004,-87.65395861,POINT (-87.653958609634 41.866931248828),2021,510
O1208398,DRIVER,bb007bf85a3c0d079575303f70c75c253b3166f4f4aea5ebaefd0da4223923250eb9e4ab1baf67cca22ec7d1af7e7d214a62d0f08a2728e91de390f4c4c31b3e,JE414789,1146571.0,10/19/2021 08:00:00 AM,CHICAGO,IL,60628,F,27.0,SAFETY BELT USED,"DEPLOYED, SIDE",NONE,NONINCAPACITATING INJURY,NONE,NOT OBSCURED,NORMAL,TEST NOT OFFERED,2021,JE414789,10/19/2021 08:00:00 AM,25,STOP SIGN/FLASHER,FUNCTIONING PROPERLY,CLEAR,DAWN,ANGLE,TRAFFIC ROUTE,STRAIGHT AND LEVEL,DRY,NO DEFECTS,ON SCENE,INJURY AND / OR TOW DUE TO CRASH,Y,Y,"OVER $1,500",10/19/2021 08:45:00 AM,FAILING TO YIELD RIGHT-OF-WAY,UNABLE TO DETERMINE,7700,S,LANGLEY AVE,624.0,2,NONINCAPACITATING INJURY,2.0,0.0,0.0,2.0,0.0,5.0,0.0,8,3,10,41.754797374,-87.607895315,POINT (-87.607895314753 41.754797373521),2021,480
O1219545,DRIVER,1b68a6605a9c8d7eb1ee3f8e5cddfe3183ad4493be6bcecfd3b52065b6e52a0de12bae2980df787b25184590eb225b20a51b4658680b2153cc282f618fc0365d,JE432245,1157249.0,11/03/2021 08:07:00 AM,CHICAGO,IL,60617,F,30.0,SAFETY BELT USED,DID NOT DEPLOY,NONE,NO INDICATION OF INJURY,NONE,NOT OBSCURED,NORMAL,TEST NOT OFFERED,2021,JE432245,11/03/2021 08:07:00 AM,30,STOP SIGN/FLASHER,FUNCTIONING PROPERLY,CLEAR,DAYLIGHT,ANGLE,FOUR WAY,STRAIGHT AND LEVEL,DRY,NO DEFECTS,NOT ON SCENE (DESK REPORT),NO INJURY / DRIVE AWAY,N,Y,$500 OR LESS,11/03/2021 09:00:00 AM,UNABLE TO DETERMINE,UNABLE TO DETERMINE,11000,S,EWING AVE,433.0,2,NO INDICATION OF INJURY,0.0,0.0,0.0,0.0,0.0,2.0,0.0,8,4,11,41.695383895,-87.535428976,POINT (-87.535428975569 41.695383895002),2021,487
O1218779,DRIVER,888f46262833a95c93a5a66b0b239687aca56795caf0bbecdbfe1fc777a233bf176f5b3873aeeaa7e2726bb2379b580ecd16522f2397f0083b7f2a69172f0d4a,JE431041,1156502.0,11/02/2021 08:29:00 AM,CHICAGO,IL,60619,M,49.0,SAFETY BELT USED,DID NOT DEPLOY,NONE,NO INDICATION OF INJURY,NONE,NOT OBSCURED,NORMAL,TEST NOT OFFERED,2021,JE431041,11/02/2021 08:29:00 AM,30,TRAFFIC SIGNAL,FUNCTIONING PROPERLY,CLEAR,DAYLIGHT,SIDESWIPE SAME DIRECTION,NOT DIVIDED,STRAIGHT AND LEVEL,DRY,NO DEFECTS,ON SCENE,NO INJURY / DRIVE AWAY,N,Y,$500 OR LESS,11/02/2021 08:29:00 AM,TEXTING,TEXTING,2698,W,FOSTER AVE,2011.0,2,NO INDICATION OF INJURY,0.0,0.0,0.0,0.0,0.0,14.0,0.0,8,3,11,41.975947893000004,-87.696365212,POINT (-87.696365212458 41.975947892718),2021,509
O1026888,DRIVER,6b40cf4d9ba86f4fd706258c23a6f10d1f09f4d7abbed48120ba8d6a6e05474bb83dd608733a3a30d3424e427a87920a7a5d65d0dda712992c07c9953b0a69c4,JE117030,973285.0,01/18/2021 10:00:00 PM,CHICAGO,IL,60634,M,47.0,USAGE UNKNOWN,DEPLOYMENT UNKNOWN,NONE,NO INDICATION OF INJURY,OTHER,UNKNOWN,NORMAL,TEST NOT OFFERED,2021,JE117030,01/18/2021 10:00:00 PM,30,UNKNOWN,UNKNOWN,UNKNOWN,UNKNOWN,TURNING,UNKNOWN,STRAIGHT AND LEVEL,UNKNOWN,UNKNOWN,ON SCENE,INJURY AND / OR TOW DUE TO CRASH,Y,Y,"OVER $1,500",01/19/2021 12:19:00 PM,UNABLE TO DETERMINE,UNABLE TO DETERMINE,4703,S,HALSTED ST,935.0,2,NO INDICATION OF INJURY,0.0,0.0,0.0,0.0,0.0,3.0,0.0,22,2,1,41.808752348,-87.64538715299999,POINT (-87.64538715262 41.808752347751),2021,1320
O1149848,DRIVER,33a89ce51e7aff6d8640c4f42a1c11a4154a0ae49387afd09acb45b3c864012ae8553239c3e97463594591e71fb06730ee98df93dbe0c3e630aeb1a51ea50bf5,JE317857,1090709.0,07/28/2021 09:13:00 PM,LA GRANGE,IL,60525,F,47.0,SAFETY BELT USED,DID NOT DEPLOY,NONE,"REPORTED, NOT EVIDENT",FAILED TO YIELD,NOT OBSCURED,NORMAL,TEST NOT OFFERED,2021,JE317857,07/28/2021 09:13:00 PM,25,TRAFFIC SIGNAL,FUNCTIONING PROPERLY,CLEAR,"DARKNESS, LIGHTED ROAD",TURNING,NOT DIVIDED,STRAIGHT AND LEVEL,DRY,NO DEFECTS,ON SCENE,INJURY AND / OR TOW DUE TO CRASH,Y,Y,"OVER $1,500",07/28/2021 09:15:00 PM,FAILING TO YIELD RIGHT-OF-WAY,NOT APPLICABLE,2401,S,CALIFORNIA BLVD,1034.0,2,"REPORTED, NOT EVIDENT",1.0,0.0,0.0,0.0,1.0,1.0,0.0,21,4,7,41.84799227,-87.695218077,POINT (-87.695218076507 41.847992270302),2021,1273
O1081853,DRIVER,463f80caddd20d67bfafba3459bbee24eee927dd687f3698104d24864e678f5f2663a02c7d17e32b38e89050281ec7e811e1225b279569b8fdea6769cb1a750e,JE208332,1026039.0,04/24/2021 12:02:00 AM,CHICAGO,IL,60612,M,38.0,USAGE UNKNOWN,"DEPLOYED, FRONT",NONE,NONINCAPACITATING INJURY,TOO FAST FOR CONDITIONS,UNKNOWN,UNKNOWN,TEST NOT OFFERED,2021,JE208332,04/24/2021 12:02:00 AM,30,NO CONTROLS,NO CONTROLS,CLEAR,"DARKNESS, LIGHTED ROAD",SIDESWIPE SAME DIRECTION,NOT DIVIDED,STRAIGHT AND LEVEL,DRY,NO DEFECTS,ON SCENE,INJURY AND / OR TOW DUE TO CRASH,Y,Y,"OVER $1,500",04/24/2021 12:02:00 AM,UNABLE TO DETERMINE,UNABLE TO DETERMINE,8936,S,ASHLAND AVE,2221.0,3,NONINCAPACITATING INJURY,1.0,0.0,0.0,1.0,0.0,2.0,0.0,0,7,4,41.73096470000001,-87.663068639,POINT (-87.663068639336 41.730964700307),2021,2
O1250765,DRIVER,0f0064254a5eec6f790b464effa3685881dabdf4a4bda34cb51f99f6bfdafc83058c5bbcb22e6efde8b149fa8204d03159aed236804635f9f46a49906dd428e5,JE485752,1187204.0,12/21/2021 07:50:00 AM,CRYSTAL LAKE,IL,60012,F,27.0,SAFETY BELT USED,DID NOT DEPLOY,NONE,NO INDICATION OF INJURY,NONE,NOT OBSCURED,NORMAL,TEST NOT OFFERED,2021,JE485752,12/21/2021 07:50:00 AM,30,TRAFFIC SIGNAL,FUNCTIONING PROPERLY,CLEAR,DAYLIGHT,TURNING,DIVIDED - W/MEDIAN BARRIER,STRAIGHT AND LEVEL,DRY,NO DEFECTS,NOT ON SCENE (DESK REPORT),NO INJURY / DRIVE AWAY,Y,Y,"OVER $1,500",12/22/2021 11:30:00 AM,IMPROPER TURNING/NO SIGNAL,NOT APPLICABLE,2199,S,CLARK ST,131.0,2,NO INDICATION OF INJURY,0.0,0.0,0.0,0.0,0.0,2.0,0.0,7,3,12,41.852950416999995,-87.629921432,POINT (-87.629921431809 41.852950417239),2021,470