PERSON_ID,PERSON_TYPE,CRASH_RECORD_ID,RD_NO_x,VEHICLE_ID,CRASH_DATE_x,CITY,STATE,ZIPCODE,SEX,AGE,SAFETY_EQUIPMENT,AIRBAG_DEPLOYED,EJECTION,INJURY_CLASSIFICATION,DRIVER_ACTION,DRIVER_VISION,PHYSICAL_CONDITION,BAC_RESULT,CRASH_YEAR_x,RD_NO_y,CRASH_DATE_y,POSTED_SPEED_LIMIT,TRAFFIC_CONTROL_DEVICE,DEVICE_CONDITION,WEATHER_CONDITION,LIGHTING_CONDITION,FIRST_CRASH_TYPE,TRAFFICWAY_TYPE,ALIGNMENT,ROADWAY_SURFACE_COND,ROAD_DEFECT,REPORT_TYPE,CRASH_TYPE,INTERSECTION_RELATED_I,HIT_AND_RUN_I,DAMAGE,DATE_POLICE_NOTIFIED,PRIM_CONTRIBUTORY_CAUSE,SEC_CONTRIBUTORY_CAUSE,STREET_NO,STREET_DIRECTION,STREET_NAME,BEAT_OF_OCCURRENCE,NUM_UNITS,MOST_SEVERE_INJURY,INJURIES_TOTAL,INJURIES_FATAL,INJURIES_INCAPACITATING,INJURIES_NON_INCAPACITATING,INJURIES_REPORTED_NOT_EVIDENT,INJURIES_NO_INDICATION,INJURIES_UNKNOWN,CRASH_HOUR,CRASH_DAY_OF_WEEK,CRASH_MONTH,LATITUDE,LONGITUDE,LOCATION,CRASH_YEAR_y,TIME
O1239517,DRIVER,6611a5d82e586c82466c382cd1763d3f424d73166b327967c6fb268107e9683cb96909c110bd58c1b34ed075271246a2e0e19cb3c6784b5777224f9f001288f3,JE466144,1176435.0,12/04/2021 04:52:00 PM,BROOKFIELD,IL,60513,M,40.0,SAFETY BELT USED,DID NOT DEPLOY,NONE,NO INDICATION OF INJURY,NONE,NOT OBSCURED,NORMAL,TEST NOT OFFERED,2021,JE466144,12/04/2021 04:52:00 PM,30,TRAFFIC SIGNAL,FUNCTIONING PROPERLY,CLEAR,DAYLIGHT,SIDESWIPE SAME DIRECTION,FOUR WAY,STRAIGHT AND LEVEL,DRY,NO DEFECTS,ON SCENE,NO INJURY / DRIVE AWAY,Y,Y,"OVER $1,500",12/04/2021 04:53:00 PM,DRIVING ON WRONG SIDE/WRONG WAY,NOT APPLICABLE,1000,N,CICERO AVE,1531.0,2,NO INDICATION OF INJURY,0.0,0.0,0.0,0.0,0.0,4.0,0.0,16,7,12,41.898729831,-87.74603871299999,POINT (-87.746038713154 41.898729830606),2021,1012
O1112509,DRIVER,2d137e4d5aef97e66581b4f3a4917a4bbc7c849f4b15047974dd0acba479ac63ea443eeac7598e094f517addeec6e13e58875b7cff5b4ab5f219331a0ba2a115,JE257554,1055362.0,06/07/2021 07:49:00 PM,CHICAGO,IL,60625,M,30.0,SAFETY BELT USED,NOT APPLICABLE,NONE,NO INDICATION OF INJURY,NONE,NOT OBSCURED,NORMAL,TEST NOT OFFERED,2021,JE257554,06/07/2021 07:49:00 PM,30,TRAFFIC SIGNAL,FUNCTIONING PROPERLY,CLEAR,DAYLIGHT,REAR TO FRONT,DIVIDED - W/MEDIAN BARRIER,STRAIGHT AND LEVEL,DRY,NO DEFECTS,ON SCENE,NO INJURY / DRIVE AWAY,Y,Y,"OVER $1,500",06/07/2021 07:52:00 PM,"OPERATING VEHICLE IN ERRATIC, RECKLESS, CARELESS, NEGLIGENT OR AGGRESSIVE MANNER",NOT APPLICABLE,3956,W,LAWRENCE AVE,1712.0,3,NO INDICATION OF INJURY,0.0,0.0,0.0,0.0,0.0,3.0,0.0,19,2,6,41.968353784,-87.727891335,POINT (-87.727891334988 41.968353783982),2021,1189
O1220584,DRIVER,0d44515ba49fbcadb1f6317bec404f0089ed01d29c560e15510d7142b3dbacb24744254e6d3bfbfa2359da69635ea23fd2203404016b4e035c235b3764b1c8fe,JE434066,1158238.0,11/04/2021 05:00:00 PM,CHICAGO,IL,60644,M,59.0,SAFETY BELT USED,DID NOT DEPLOY,NONE,NO INDICATION OF INJURY,NONE,UNKNOWN,NORMAL,TEST NOT OFFERED,2021,JE434066,11/04/2021 05:00:00 PM,30,NO CONTROLS,NO CONTROLS,CLEAR,DAYLIGHT,REAR END,NOT DIVIDED,STRAIGHT AND LEVEL,DRY,NO DEFECTS,ON SCENE,NO INJURY / DRIVE AWAY,Y,Y,"OVER $1,500",11/04/2021 05:04:00 PM,UNABLE TO DETERMINE,NOT APPLICABLE,3530,S,CALIFORNIA AVE,911.0,2,NO INDICATION OF INJURY,0.0,0.0,0.0,0.0,0.0,2.0,0.0,17,5,11,41.829229126,-87.69493620200001,POINT (-87.69493620211 41.829229125526),2021,1020
O1078610,DRIVER,64a7684c961bdc179bb12270effc595c8f72ab97ad9295ca7fae94a7e02d250c33bceff981a384ca5ccd8684bbd8a52a9133bf0f875b5f6e16e16d22be2b5775,JE202942,1022911.0,04/18/2021 12:01:00 AM,CHICAGO,IL,60647,F,45.0,USAGE UNKNOWN,DID NOT DEPLOY,NONE,NO INDICATION OF INJURY,NONE,UNKNOWN,UNKNOWN,TEST NOT OFFERED,2021,JE202942,04/18/2021 12:01:00 AM,30,TRAFFIC SIGNAL,FUNCTIONING PROPERLY,CLEAR,"DARKNESS, LIGHTED ROAD",ANGLE,DIVIDED - W/MEDIAN (NOT RAISED),STRAIGHT AND LEVEL,DRY,NO DEFECTS,NOT ON SCENE (DESK REPORT),NO INJURY / DRIVE AWAY,Y,Y,"OVER $1,500",04/18/2021 12:50:00 PM,UNABLE TO DETERMINE,UNABLE TO DETERMINE,2800,W,ARMITAGE AVE,1414.0,2,NO INDICATION OF INJURY,0.0,0.0,0.0,0.0,0.0,2.0,0.0,0,1,4,41.917598837,-87.697253745,POINT (-87.69725374533 41.917598836852),2021,1
O1033423,DRIVER,3a787bb863922f61c777aa0b19f334f80223dd460e906108f472011afd6c5dceabf57679801ec1d1b4d4db1254cca1c596debabdd75ebbf64385124b0f86d0d0,JE128680,979539.0,01/31/2021 03:30:00 PM,CHICAGO,IL,60629,M,24.0,SAFETY BELT USED,DID NOT DEPLOY,NONE,NO INDICATION OF INJURY,NONE,NOT OBSCURED,NORMAL,TEST NOT OFFERED,2021,JE128680,01/31/2021 03:30:00 PM,20,STOP SIGN/FLASHER,FUNCTIONING PROPERLY,SNOW,"DARKNESS, LIGHTED ROAD",ANGLE,FOUR WAY,STRAIGHT AND LEVEL,SNOW OR SLUSH,NO DEFECTS,NOT ON SCENE (DESK REPORT),NO INJURY / DRIVE AWAY,Y,Y,"OVER $1,500",01/31/2021 09:30:00 PM,UNABLE TO DETERMINE,UNABLE TO DETERMINE,6800,S,SPRINGFIELD AVE,833.0,2,NO INDICATION OF INJURY,0.0,0.0,0.0,0.0,0.0,2.0,0.0,15,1,1,41.76954483,-87.72022361,POINT (-87.720223609885 41.769544830069),2021,930
O1169571,DRIVER,dc6911751caa063958382815bfb5897c921ec0dabfe4adead2626b5f1385e2acda17d7fbe542aa8c957f4d3af63609866f19b6904dfd338135dc2393fbd7fb27,JE350160,1109470.0,08/25/2021 11:14:00 PM,CHICAGO,IL,60653,F,19.0,NONE PRESENT,DID NOT DEPLOY,NONE,NO INDICATION OF INJURY,FAILED TO YIELD,NOT OBSCURED,NORMAL,TEST NOT OFFERED,2021,JE350160,08/25/2021 11:14:00 PM,25,TRAFFIC SIGNAL,FUNCTIONING PROPERLY,RAIN,"DARKNESS, LIGHTED ROAD",REAR END,NOT DIVIDED,STRAIGHT AND LEVEL,WET,NO DEFECTS,ON SCENE,INJURY AND / OR TOW DUE TO CRASH,Y,Y,"OVER $1,500",08/25/2021 11:30:00 PM,FOLLOWING TOO CLOSELY,NOT APPLICABLE,4659,S,DR MARTIN LUTHER KING JR DR,221.0,2,NO INDICATION OF INJURY,0.0,0.0,0.0,0.0,0.0,2.0,0.0,23,4,8,41.809431454,-87.616443231,POINT (-87.616443231254 41.809431453546),2021,1394
O1064370,DRIVER,a30834d1a8eecf86c583784c2260d6982ba089b17465851301415cc48b0477edfde4cc95e98d03cf54a5006127992fb675f112ec9f11666f0920d09139f37629,JE179000,1009377.0,03/25/2021 04:50:00 AM,CHICAGO,IL,60625,F,45.0,USAGE UNKNOWN,"DEPLOYED, FRONT",NONE,NONINCAPACITATING INJURY,DISREGARDED CONTROL DEVICES,UNKNOWN,EMOTIONAL,TEST NOT OFFERED,2021,JE179000,03/25/2021 04:50:00 AM,30,TRAFFIC SIGNAL,FUNCTIONING PROPERLY,CLEAR,"DARKNESS, LIGHTED ROAD",ANGLE,FOUR WAY,STRAIGHT AND LEVEL,DRY,NO DEFECTS,ON SCENE,INJURY AND / OR TOW DUE TO CRASH,Y,Y,"OVER $1,500",03/25/2021 04:51:00 AM,DISREGARDING TRAFFIC SIGNALS,UNABLE TO DETERMINE,4400,N,PULASKI RD,1722.0,2,NONINCAPACITATING INJURY,1.0,0.0,0.0,1.0,0.0,1.0,0.0,4,5,3,41.961023721,-87.727977456,POINT (-87.727977455957 41.961023721271),2021,290
O1108699,DRIVER,1b733da71a2027c4088b1fef1c083794e3bebcb76eb16e63fc1cf6b191e8a0ffdd6cd29a92f368ac0a885b1e028160a3bc0127f03317eb1e3f12e7aab736b901,JE251738,1051719.0,06/02/2021 11:15:00 PM,SAUK VILLAGE,IL,60411,F,32.0,SAFETY BELT USED,"DEPLOYED, FRONT",NONE,NO INDICATION OF INJURY,NONE,UNKNOWN,NORMAL,TEST NOT OFFERED,2021,JE251738,06/02/2021 11:15:00 PM,30,TRAFFIC SIGNAL,NOT FUNCTIONING,CLEAR,"DARKNESS, LIGHTED ROAD",ANGLE,NOT DIVIDED,STRAIGHT AND LEVEL,DRY,NO DEFECTS,ON SCENE,INJURY AND / OR TOW DUE TO CRASH,Y,Y,"OVER $1,500",06/02/2021 11:27:00 PM,FAILING TO REDUCE SPEED TO AVOID CRASH,FAILING TO YIELD RIGHT-OF-WAY,11500,S,WENTWORTH AVE,522.0,2,NO INDICATION OF INJURY,0.0,0.0,0.0,0.0,0.0,6.0,0.0,23,4,6,41.685169216999995,-87.627833794,POINT (-87.627833793667 41.68516921663),2021,1395
O1025540,DRIVER,adf3a136aeca6144ca977b3491394d71b40a48b82c880d065d775499dbb24e2dab10d1c32de74fc78496d378ce7cd42a6938de05c7aa79c9e0c7adc721dfe031,JE114402,971974.0,01/16/2021 10:49:00 AM,DOWNERS GROVE,IL,60516,M,29.0,USAGE UNKNOWN,NOT APPLICABLE,NONE,NO INDICATION OF INJURY,NONE,UNKNOWN,NORMAL,TEST NOT OFFERED,2021,JE114402,01/16/2021 10:49:00 AM,30,TRAFFIC SIGNAL,FUNCTIONING PROPERLY,SNOW,DAYLIGHT,ANGLE,FOUR WAY,STRAIGHT AND LEVEL,WET,NO DEFECTS,ON SCENE,INJURY AND / OR TOW DUE TO CRASH,Y,Y,"OVER $1,500",01/16/2021 10:50:00 AM,FAILING TO YIELD RIGHT-OF-WAY,DISREGARDING TRAFFIC SIGNALS,30,N,WESTERN AVE,1222.0,2,NO INDICATION OF INJURY,0.0,0.0,0.0,0.0,0.0,2.0,0.0,10,7,1,41.882036019000005,-87.68660241299999,POINT (-87.686602413451 41.882036019034),2021,649
O1106818,DRIVER,4e71cc29accb29a0b95a69a2966999d8d6f12d10506f0738d24b16f7a7d3deb2c43070820062927c3c76fe23deb5417aebd397bb6e09c266334596327ab2fe34,JE248645,1049943.0,05/30/2021 08:40:00 PM,CHICAGO,IL,60651,M,49.0,SAFETY BELT USED,DID NOT DEPLOY,NONE,NO INDICATION OF INJURY,DISREGARDED CONTROL DEVICES,NOT OBSCURED,NORMAL,TEST NOT OFFERED,2021,JE248645,05/30/2021 08:40:00 PM,25,STOP SIGN/FLASHER,FUNCTIONING PROPERLY,CLEAR,"DARKNESS, LIGHTED ROAD",ANGLE,ONE-WAY,STRAIGHT AND LEVEL,DRY,NO DEFECTS,NOT ON SCENE (DESK REPORT),NO INJURY / DRIVE AWAY,Y,Y,"OVER $1,500",05/31/2021 08:55:00 AM,UNABLE TO DETERMINE,NOT APPLICABLE,900,N,LAVERGNE AVE,1531.0,2,NO INDICATION OF INJURY,0.0,0.0,0.0,0.0,0.0,3.0,0.0,20,1,5,41.896836745,-87.75089671200001,POINT (-87.750896712223 41.896836744524),2021,1240
O1160317,DRIVER,154d2e01a0e38502b94570303f06432aadca2cc580a9336664b71e3ce3b8e0220e0bbb786b8e3722dc4f2438106a3b5d0de58dfbdc168b714e2caf24d03944fa,JE335121,1100681.0,08/12/2021 12:50:00 PM,CHICAGO,IL,60644,M,68.0,USAGE UNKNOWN,DEPLOYMENT UNKNOWN,UNKNOWN,NO INDICATION OF INJURY,UNKNOWN,NOT OBSCURED,NORMAL,TEST NOT OFFERED,2021,JE335121,08/12/2021 12:50:00 PM,30,STOP SIGN/FLASHER,UNKNOWN,CLEAR,DAYLIGHT,ANGLE,UNKNOWN INTERSECTION TYPE,STRAIGHT AND LEVEL,UNKNOWN,UNKNOWN,NOT ON SCENE (DESK REPORT),NO INJURY / DRIVE AWAY,Y,Y,"$501 - $1,500",08/12/2021 03:40:00 PM,UNABLE TO DETERMINE,UNABLE TO DETERMINE,4100,W,FIFTH AVE,1132.0,2,NO INDICATION OF INJURY,0.0,0.0,0.0,0.0,0.0,3.0,0.0,12,5,8,41.872405299,-87.72795222299999,POINT (-87.72795222324 41.872405299464),2021,770
O1179268,DRIVER,e0d78a6eea660d623a20d1901bcf79c6ccf49722361bb66bf394e4141946a492157bce0f248f75d633b83496d2baae1c084eff79821c321a32f9d5ff5ea61dbe,JE365987,1118794.0,09/08/2021 01:00:00 PM,PARK FOREST,IL,60466,M,27.0,SAFETY BELT USED,"DEPLOYED, FRONT",NONE,NO INDICATION OF INJURY,NONE,NOT OBSCURED,NORMAL,TEST NOT OFFERED,2021,JE365987,09/08/2021 01:00:00 PM,35,TRAFFIC SIGNAL,FUNCTIONING PROPERLY,CLEAR,DAYLIGHT,HEAD ON,NOT DIVIDED,STRAIGHT AND LEVEL,DRY,NO DEFECTS,ON SCENE,INJURY AND / OR TOW DUE TO CRASH,Y,N,"OVER $1,500",09/08/2021 01:00:00 PM,IMPROPER OVERTAKING/PASSING,IMPROPER LANE USAGE,10705,S,STATE ST,513.0,2,NONINCAPACITATING INJURY,1.0,0.0,0.0,1.0,0.0,2.0,0.0,13,4,9,41.699669738000004,-87.623160121,POINT (-87.623160121172 41.699669737741),2021,780
O1024120,DRIVER,d857bea1fa1712eb2f160f0fce69d50e4aff78b7d8f3ab03a0c63d67895951937ceb3b05560f6e92f3b49297bb8bdbd27ad1ad0f40432a58e5b09756801147be,JE112090,970628.0,01/13/2021 11:30:00 PM,CHICAGO,IL,60643,M,18.0,SAFETY BELT USED,NOT APPLICABLE,NONE,NO INDICATION OF INJURY,DISREGARDED CONTROL DEVICES,UNKNOWN,NORMAL,TEST NOT OFFERED,2021,JE112090,01/13/2021 11:30:00 PM,25,STOP SIGN/FLASHER,NO CONTROLS,CLEAR,"DARKNESS, LIGHTED ROAD",ANGLE,FOUR WAY,STRAIGHT AND LEVEL,DRY,NO DEFECTS,ON SCENE,NO INJURY / DRIVE AWAY,Y,N,"$501 - $1,500",01/13/2021 11:40:00 PM,DISREGARDING STOP SIGN,FAILING TO YIELD RIGHT-OF-WAY,9200,S,CLYDE AVE,413.0,2,NO INDICATION OF INJURY,0.0,0.0,0.0,0.0,0.0,4.0,0.0,23,4,1,41.727878098000005,-87.573206405,POINT (-87.57320640481 41.727878097849),2021,1410
O1147730,DRIVER,76a7af21e3d0c80ccb3d4467db5910afc4e1fc60faff06c737b9d77b98895411c1c17aade6bcc556d57092cb99c55734b07e54117148a1e198cdbaf2ceddbd33,JE314197,1088698.0,07/25/2021 11:12:00 PM,HAZEL CREST,IL,60429,M,26.0,USAGE UNKNOWN,DID NOT DEPLOY,NONE,NO INDICATION OF INJURY,NONE,NOT OBSCURED,NORMAL,TEST NOT OFFERED,2021,JE314197,07/25/2021 11:12:00 PM,30,STOP SIGN/FLASHER,FUNCTIONING PROPERLY,CLEAR,"DARKNESS, LIGHTED ROAD",TURNING,FOUR WAY,STRAIGHT AND LEVEL,DRY,NO DEFECTS,ON SCENE,INJURY AND / OR TOW DUE TO CRASH,Y,Y,"$501 - $1,500",07/25/2021 11:42:00 PM,FAILING TO YIELD RIGHT-OF-WAY,IMPROPER OVERTAKING/PASSING,931,W,SCHOOL ST,1924.0,2,NO INDICATION OF INJURY,0.0,0.0,0.0,0.0,0.0,3.0,0.0,23,1,7,41.941642738,-87.65334104600001,POINT (-87.653341046298 41.94164273846),2021,1392
O1120225,DRIVER,60c3bff785f0177836d091aa79dec21fa5d21ed413e41f39506e465ae158948e4764d277d1361ec4f3e836e5a2aedf0206d0110b20a10cc728e7199141f2d18a,JE269665,1062673.0,06/17/2021 04:45:00 PM,CHICAGO,IL,60616,F,54.0,SAFETY BELT USED,DID NOT DEPLOY,NONE,NO INDICATION OF INJURY,NONE,NOT OBSCURED,NORMAL,TEST REFUSED,2021,JE269665,06/17/2021 04:45:00 PM,30,TRAFFIC SIGNAL,FUNCTIONING PROPERLY,CLEAR,DAYLIGHT,ANGLE,FOUR WAY,STRAIGHT AND LEVEL,DRY,NO DEFECTS,NOT ON SCENE (DESK REPORT),NO INJURY / DRIVE AWAY,Y,Y,"OVER $1,500",06/17/2021 05:50:00 PM,FAILING TO YIELD RIGHT-OF-WAY,UNABLE TO DETERMINE,400,S,KOSTNER AVE,1131.0,2,NO INDICATION OF INJURY,0.0,0.0,0.0,0.0,0.0,2.0,0.0,16,5,6,41.875096255,-87.735429919,POINT (-87.735429919015 41.87509625453),2021,1005
O1036539,DRIVER,e0031df1aca790ac0434d463e3866eef9eb2130f6c3bb04d27b3874003413527338562489528104d2c190ec2a31bac96c92bd7e5fb454e66465327daed4d2d52,JE133573,982502.0,02/05/2021 05:46:00 PM,CHICAGO,IL,60642,M,24.0,SAFETY BELT USED,NOT APPLICABLE,NONE,NO INDICATION OF INJURY,NONE,NOT OBSCURED,NORMAL,TEST NOT OFFERED,2021,JE133573,02/05/2021 05:46:00 PM,30,TRAFFIC SIGNAL,UNKNOWN,CLEAR,"DARKNESS, LIGHTED ROAD",REAR END,NOT DIVIDED,STRAIGHT AND LEVEL,OTHER,UNKNOWN,ON SCENE,NO INJURY / DRIVE AWAY,Y,N,"$501 - $1,500",02/05/2021 05:48:00 PM,FOLLOWING TOO CLOSELY,UNABLE TO DETERMINE,130,E,PERSHING RD,212.0,2,NO INDICATION OF INJURY,0.0,0.0,0.0,0.0,0.0,2.0,0.0,17,6,2,41.823882959,-87.621768569,POINT (-87.621768568942 41.823882959013),2021,1066
O1239009,DRIVER,c9e6ac434c28292c189fb50abbd56232c555677f453b29819ca78d09c601dc9605ad79dc9dd480326e161425a6dc57d7bb1132fc067104c830b141ca55cc3fb3,JE465233,1175944.0,12/03/2021 07:59:00 PM,CHICAGO,IL,60624,F,47.0,SAFETY BELT USED,DID NOT DEPLOY,NONE,NONINCAPACITATING INJURY,NONE,NOT OBSCURED,NORMAL,TEST NOT OFFERED,2021,JE465233,12/03/2021 07:59:00 PM,30,TRAFFIC SIGNAL,FUNCTIONING PROPERLY,CLEAR,"DARKNESS, LIGHTED ROAD",ANGLE,FOUR WAY,STRAIGHT AND LEVEL,DRY,NO DEFECTS,ON SCENE,INJURY AND / OR TOW DUE TO CRASH,Y,Y,"OVER $1,500",12/03/2021 07:59:00 PM,FAILING TO YIELD RIGHT-OF-WAY,FAILING TO REDUCE SPEED TO AVOID CRASH,801,N,KEDZIE AVE,1211.0,2,NONINCAPACITATING INJURY,4.0,0.0,0.0,4.0,0.0,4.0,0.0,19,6,12,41.895620698,-87.70641158299999,POINT (-87.706411582735 41.895620697999),2021,1199
O1184765,DRIVER,02fcd01dbb159272850415e5dfd1b6be444a3d1069da9f206414ac7f816ad57e931cd9a7b11639866b910f770cc30a50f11edfd74fe054a5ba82db0047413d6e,JE375372,1123996.0,09/16/2021 07:25:00 AM,CHICAGO,IL,60652,F,43.0,SAFETY BELT USED,NOT APPLICABLE,NONE,NONINCAPACITATING INJURY,NONE,NOT OBSCURED,NORMAL,TEST NOT OFFERED,2021,JE375372,09/16/2021 07:25:00 AM,30,TRAFFIC SIGNAL,FUNCTIONING PROPERLY,CLEAR,DAYLIGHT,TURNING,NOT DIVIDED,STRAIGHT AND LEVEL,DRY,NO DEFECTS,ON SCENE,INJURY AND / OR TOW DUE TO CRASH,Y,Y,"OVER $1,500",09/16/2021 07:30:00 AM,UNABLE TO DETERMINE,UNABLE TO DETERMINE,2400,S,CALIFORNIA AVE,1033.0,2,NONINCAPACITATING INJURY,1.0,0.0,0.0,1.0,0.0,1.0,0.0,7,5,9,41.848242799,-87.69549086399999,POINT (-87.695490863877 41.848242798978),2021,445
O1114915,DRIVER,6ea52f9196001a162da1d26c43839d69433245a3f443c35063908f9510d337425d93e99169303dfd491b86a2a08434c567281c160115309be7657f65a34ebf63,JE261274,1057561.0,06/10/2021 06:15:00 PM,CHICAGO,IL,60653,M,42.0,SAFETY BELT USED,DID NOT DEPLOY,NONE,NO INDICATION OF INJURY,NONE,NOT OBSCURED,NORMAL,TEST NOT OFFERED,2021,JE261274,06/10/2021 06:15:00 PM,30,TRAFFIC SIGNAL,FUNCTIONING PROPERLY,CLEAR,DAYLIGHT,REAR END,DIVIDED - W/MEDIAN BARRIER,STRAIGHT AND LEVEL,DRY,NO DEFECTS,NOT ON SCENE (DESK REPORT),NO INJURY / DRIVE AWAY,Y,Y,"$501 - $1,500",06/10/2021 06:45:00 PM,FAILING TO YIELD RIGHT-OF-WAY,UNABLE TO DETERMINE,5260,S,LAKE PARK AVE,234.0,2,NO INDICATION OF INJURY,0.0,0.0,0.0,0.0,0.0,2.0,0.0,18,5,6,41.79963063,-87.58745434,POINT (-87.587454339824 41.799630629961),2021,1095
O1158527,DRIVER,423d2b88306a0250fa3c802fcdf89e6a565239fe4e44387e51d052285caa1708c00a2557fa03d16c22a5431e3d6d1805e25ffbdc3efd42888028dbcca3353086,JE331840,1098980.0,08/09/2021 03:54:00 PM,PALOS HILLS,IL,60465,F,26.0,SAFETY BELT USED,DID NOT DEPLOY,NONE,NO INDICATION OF INJURY,NONE,NOT OBSCURED,NORMAL,TEST NOT OFFERED,2021,JE331840,08/09/2021 03:54:00 PM,30,TRAFFIC SIGNAL,FUNCTIONING PROPERLY,CLEAR,DAYLIGHT,SIDESWIPE SAME DIRECTION,ONE-WAY,STRAIGHT AND LEVEL,DRY,NO DEFECTS,NOT ON SCENE (DESK REPORT),NO INJURY / DRIVE AWAY,Y,Y,"$501 - $1,500",08/09/2021 04:55:00 PM,IMPROPER OVERTAKING/PASSING,IMPROPER OVERTAKING/PASSING,400,W,POLK ST,124.0,2,NO INDICATION OF INJURY,0.0,0.0,0.0,0.0,0.0,2.0,0.0,15,2,8,41.872158898,-87.637712852,POINT (-87.63771285187 41.872158897747),2021,954
O1197416,DRIVER,05909c380bbce8ddc65cc1881f916411d7b4bf8fedf6ec957c842a8a96323029d6f8f5f488c506b3289071819aeab7b03fc1144101bda822ec782a27971d5ecf,JE396221,1136126.0,10/03/2021 06:54:00 AM,CHICAGO,IL,60624,M,64.0,SAFETY BELT USED,DID NOT DEPLOY,NONE,NO INDICATION OF INJURY,NONE,NOT OBSCURED,NORMAL,TEST NOT OFFERED,2021,JE396221,10/03/2021 06:54:00 AM,30,TRAFFIC SIGNAL,FUNCTIONING PROPERLY,CLOUDY/OVERCAST,DAWN,ANGLE,NOT DIVIDED,STRAIGHT AND LEVEL,WET,NO DEFECTS,ON SCENE,INJURY AND / OR TOW DUE TO CRASH,Y,Y,"OVER $1,500",10/03/2021 06:57:00 AM,DISREGARDING TRAFFIC SIGNALS,DISREGARDING TRAFFIC SIGNALS,1000,N,PULASKI RD,1111.0,2,NO INDICATION OF INJURY,0.0,0.0,0.0,0.0,0.0,2.0,0.0,6,1,10,41.899109479,-87.72634259200001,POINT (-87.726342591907 41.899109479205),2021,414
O1117372,DRIVER,1ef8f79ac2693fd31ebabe799296bbb23c82e1c6d9b0776326986cd4f1604168dc4145969ef648fe6579f6f07d3a911154ad949847b50835eb5b4e5fae8c7acc,JE264982,1059872.0,06/13/2021 11:00:00 PM,CHICAGO,IL,60639,M,28.0,USAGE UNKNOWN,NOT APPLICABLE,NONE,NO INDICATION OF INJURY,UNKNOWN,UNKNOWN,NORMAL,TEST NOT OFFERED,2021,JE264982,06/13/2021 11:00:00 PM,30,NO CONTROLS,NO CONTROLS,CLEAR,"DARKNESS, LIGHTED ROAD",TURNING,DIVIDED - W/MEDIAN (NOT RAISED),STRAIGHT AND LEVEL,DRY,UNKNOWN,NOT ON SCENE (DESK REPORT),NO INJURY / DRIVE AWAY,N,Y,"OVER $1,500",06/13/2021 11:35:00 PM,FAILING TO YIELD RIGHT-OF-WAY,NOT APPLICABLE,628,S,KOSTNER AVE,1131.0,2,NO INDICATION OF INJURY,0.0,0.0,0.0,0.0,0.0,2.0,0.0,23,1,6,41.872558434,-87.73533949,POINT (-87.735339490245 41.872558434187),2021,1380
O1077787,DRIVER,97613b14da4ea1c6fc7b03ef673e42a9ec1c72aba3a8001b9f128b1743469cb46dadd57a11a05adf6485bfe66e532313ec913cdc92baf01b8e973835ecc23cb8,JE201528,1022131.0,04/16/2021 07:00:00 PM,CHICAGO,IL,60628,M,33.0,USAGE UNKNOWN,"DEPLOYED, FRONT",NONE,NO INDICATION OF INJURY,FAILED TO YIELD,NOT OBSCURED,UNKNOWN,TEST NOT OFFERED,2021,JE201528,04/16/2021 07:00:00 PM,30,NO CONTROLS,NO CONTROLS,CLEAR,"DARKNESS, LIGHTED ROAD",ANGLE,DIVIDED - W/MEDIAN BARRIER,STRAIGHT AND LEVEL,DRY,NO DEFECTS,ON SCENE,INJURY AND / OR TOW DUE TO CRASH,Y,Y,"OVER $1,500",04/16/2021 07:06:00 PM,FAILING TO YIELD RIGHT-OF-WAY,NOT APPLICABLE,7341,S,STONY ISLAND AVE,324.0,2,NONINCAPACITATING INJURY,1.0,0.0,0.0,1.0,0.0,1.0,0.0,19,6,4,41.761170555999996,-87.585649366,POINT (-87.585649366317 41.761170556201),2021,1140
O1115712,DRIVER,c6555c8e45c1d7a25b80888b1908eb54f4ae7677e313b82da5b27e4f17e846bfcea753aa2ef2a0d0b3ad64733eb0339dc28bb162786143d0392d1aa0f26c94a9,JE262493,1058313.0,06/11/2021 06:17:00 PM,CHCIAGO,IL,60625,F,73.0,SAFETY BELT USED,DID NOT DEPLOY,NONE,NONINCAPACITATING INJURY,NONE,UNKNOWN,NORMAL,TEST NOT OFFERED,2021,JE262493,06/11/2021 06:17:00 PM,25,STOP SIGN/FLASHER,FUNCTIONING PROPERLY,CLEAR,DAYLIGHT,ANGLE,FOUR WAY,STRAIGHT AND LEVEL,DRY,NO DEFECTS,ON SCENE,INJURY AND / OR TOW DUE TO CRASH,Y,Y,"OVER $1,500",06/11/2021 06:35:00 PM,DISREGARDING STOP SIGN,NOT APPLICABLE,4599,N,FRANCISCO AVE,1724.0,2,NONINCAPACITATING INJURY,1.0,0.0,0.0,1.0,0.0,2.0,0.0,18,6,6,41.964674625,-87.700870105,POINT (-87.70087010528 41.964674624889),2021,1097