PERSON_ID,PERSON_TYPE,CRASH_RECORD_ID,RD_NO_x,VEHICLE_ID,CRASH_DATE_x,CITY,STATE,ZIPCODE,SEX,AGE,SAFETY_EQUIPMENT,AIRBAG_DEPLOYED,EJECTION,INJURY_CLASSIFICATION,DRIVER_ACTION,DRIVER_VISION,PHYSICAL_CONDITION,BAC_RESULT,CRASH_YEAR_x,RD_NO_y,CRASH_DATE_y,POSTED_SPEED_LIMIT,TRAFFIC_CONTROL_DEVICE,DEVICE_CONDITION,WEATHER_CONDITION,LIGHTING_CONDITION,FIRST_CRASH_TYPE,TRAFFICWAY_TYPE,ALIGNMENT,ROADWAY_SURFACE_COND,ROAD_DEFECT,REPORT_TYPE,CRASH_TYPE,INTERSECTION_RELATED_I,HIT_AND_RUN_I,DAMAGE,DATE_POLICE_NOTIFIED,PRIM_CONTRIBUTORY_CAUSE,SEC_CONTRIBUTORY_CAUSE,STREET_NO,STREET_DIRECTION,STREET_NAME,BEAT_OF_OCCURRENCE,NUM_UNITS,MOST_SEVERE_INJURY,INJURIES_TOTAL,INJURIES_FATAL,INJURIES_INCAPACITATING,INJURIES_NON_INCAPACITATING,INJURIES_REPORTED_NOT_EVIDENT,INJURIES_NO_INDICATION,INJURIES_UNKNOWN,CRASH_HOUR,CRASH_DAY_OF_WEEK,CRASH_MONTH,LATITUDE,LONGITUDE,LOCATION,CRASH_YEAR_y,TIME
O1037600,DRIVER,3378d996fa7d08c4366ea3ec6066aa06cff79849f8d3878eaebfba133bd444f589a30a9be8b14293c2c15441a49871e72ad05ae3da01843f495a29100c933eb9,JE134903,983501.0,02/07/2021 09:05:00 AM,MANITOWOC,WI,54220,F,28.0,USAGE UNKNOWN,DID NOT DEPLOY,NONE,NO INDICATION OF INJURY,NONE,UNKNOWN,NORMAL,TEST NOT OFFERED,2021,JE134903,02/07/2021 09:05:00 AM,30,NO CONTROLS,NO CONTROLS,SNOW,DAYLIGHT,REAR TO SIDE,TRAFFIC ROUTE,STRAIGHT AND LEVEL,SNOW OR SLUSH,NO DEFECTS,ON SCENE,NO INJURY / DRIVE AWAY,Y,Y,"OVER $1,500",02/07/2021 09:07:00 AM,UNABLE TO DETERMINE,UNABLE TO DETERMINE,5800,S,ASHLAND AVE,715.0,2,NO INDICATION OF INJURY,0.0,0.0,0.0,0.0,0.0,2.0,0.0,9,1,2,41.788523861,-87.664587003,POINT (-87.664587002828 41.788523860512),2021,545
O1116671,DRIVER,eb93a09a3be638b31fb287223fed8c3a679a7c9aee86589bf9dfef538063b4e693ae5f24fe297de633589db8db4f10f92cc25dd8bfe24f823e256ecb197702b5,JE263842,1059229.0,06/12/2021 10:18:00 PM,CHICAGO,IL,60630,F,31.0,SAFETY BELT USED,NOT APPLICABLE,NONE,NO INDICATION OF INJURY,NONE,NOT OBSCURED,NORMAL,TEST NOT OFFERED,2021,JE263842,06/12/2021 10:18:00 PM,30,TRAFFIC SIGNAL,FUNCTIONING PROPERLY,CLEAR,DARKNESS,TURNING,NOT DIVIDED,STRAIGHT AND LEVEL,DRY,NO DEFECTS,ON SCENE,NO INJURY / DRIVE AWAY,Y,Y,"OVER $1,500",06/12/2021 10:30:00 PM,IMPROPER LANE USAGE,DISREGARDING OTHER TRAFFIC SIGNS,5099,W,LAWRENCE AVE,1623.0,2,NO INDICATION OF INJURY,0.0,0.0,0.0,0.0,0.0,3.0,0.0,22,7,6,41.967827125,-87.75497622700001,POINT (-87.75497622657 41.967827125118),2021,1338
O1107296,DRIVER,3b602d641315bec05e0920e0c34df5ee33816c7f56ef5f2c5ace5bf72374532ea0d6f0d8a869a3fd1bb09354601166dd8016dfb96204679e1c6be5c3e572d267,JE249386,1050402.0,05/31/2021 10:35:00 PM,CHICAGO,IL,60620,F,21.0,SAFETY BELT USED,DID NOT DEPLOY,NONE,NO INDICATION OF INJURY,NONE,NOT OBSCURED,NORMAL,TEST NOT OFFERED,2021,JE249386,05/31/2021 10:35:00 PM,30,TRAFFIC SIGNAL,FUNCTIONING PROPERLY,CLEAR,"DARKNESS, LIGHTED ROAD",ANGLE,NOT DIVIDED,STRAIGHT AND LEVEL,DRY,NO DEFECTS,ON SCENE,INJURY AND / OR TOW DUE TO CRASH,Y,Y,"$501 - $1,500",05/31/2021 10:49:00 PM,DISREGARDING TRAFFIC SIGNALS,FAILING TO REDUCE SPEED TO AVOID CRASH,7400,S,RACINE AVE,734.0,2,NONINCAPACITATING INJURY,1.0,0.0,0.0,1.0,0.0,5.0,0.0,22,2,5,41.759546908000004,-87.65411774799999,POINT (-87.654117747793 41.759546908416),2021,1355
O1097079,DRIVER,a4437fafeba31815a0dca2838ea442a4dc4fa680c7a056fa5eca6dd3c50ea2248ef6f03bb945c97bf5d7e4f419e2a3b8808167d2ac8fc9007cd96efd8af3494f,JE232827,1040611.0,05/16/2021 09:00:00 PM,CHICAGO,IL,60624,M,21.0,USAGE UNKNOWN,"DEPLOYED, FRONT",NONE,NO INDICATION OF INJURY,NONE,UNKNOWN,UNKNOWN,TEST NOT OFFERED,2021,JE232827,05/16/2021 09:00:00 PM,30,TRAFFIC SIGNAL,UNKNOWN,UNKNOWN,"DARKNESS, LIGHTED ROAD",TURNING,T-INTERSECTION,STRAIGHT AND LEVEL,UNKNOWN,UNKNOWN,ON SCENE,INJURY AND / OR TOW DUE TO CRASH,Y,Y,"$501 - $1,500",05/17/2021 09:43:00 AM,UNABLE TO DETERMINE,UNABLE TO DETERMINE,4259,W,MADISON ST,1115.0,2,NO INDICATION OF INJURY,0.0,0.0,0.0,0.0,0.0,2.0,0.0,21,1,5,41.88053060000001,-87.73290104799999,POINT (-87.732901048254 41.880530600468),2021,1260
O1183311,DRIVER,3bd30bc34e1d78c137de130234e3ff2ae340485abc8db77fc75ed831639e07684c70ac0a5ac3508bfb7ed1f74efc68ffd809049452bbc665e9b41fecb968f0f6,JE372956,1122641.0,09/14/2021 09:50:00 AM,CHICAGO,IL,60628,F,64.0,USAGE UNKNOWN,NOT APPLICABLE,NONE,NO INDICATION OF INJURY,NONE,NOT OBSCURED,NORMAL,TEST NOT OFFERED,2021,JE372956,09/14/2021 09:50:00 AM,30,TRAFFIC SIGNAL,FUNCTIONING PROPERLY,CLEAR,DAYLIGHT,SIDESWIPE SAME DIRECTION,NOT DIVIDED,STRAIGHT AND LEVEL,DRY,NO DEFECTS,ON SCENE,NO INJURY / DRIVE AWAY,Y,Y,"$501 - $1,500",09/14/2021 09:52:00 AM,IMPROPER LANE USAGE,UNABLE TO DETERMINE,10700,S,MICHIGAN AVE,513.0,2,NO INDICATION OF INJURY,0.0,0.0,0.0,0.0,0.0,2.0,0.0,9,3,9,41.699813204,-87.621074279,POINT (-87.621074279004 41.699813203645),2021,590
O1205089,DRIVER,34c5e0001ab56e92a035102da97aad131bcb9c1cea08e78cf356b0dadcdf84e97291042e3d4f197e967c0a7dd8839a89917d78c7bca437b5a5097893c7929840,JE409455,1143457.0,10/14/2021 01:02:00 PM,CHICAGO,IL,60612,F,50.0,USAGE UNKNOWN,"DEPLOYED, COMBINATION",NONE,NO INDICATION OF INJURY,NONE,NOT OBSCURED,NORMAL,TEST NOT OFFERED,2021,JE409455,10/14/2021 01:02:00 PM,30,TRAFFIC SIGNAL,FUNCTIONING PROPERLY,CLEAR,DAYLIGHT,ANGLE,CENTER TURN LANE,STRAIGHT AND LEVEL,DRY,NO DEFECTS,ON SCENE,INJURY AND / OR TOW DUE TO CRASH,Y,Y,"OVER $1,500",10/14/2021 01:05:00 PM,DISREGARDING TRAFFIC SIGNALS,UNABLE TO DETERMINE,300,S,CENTRAL PARK BLVD,1133.0,3,NO INDICATION OF INJURY,0.0,0.0,0.0,0.0,0.0,3.0,0.0,13,5,10,41.877132221,-87.71591816,POINT (-87.715918159787 41.877132221039),2021,782
O1179119,DRIVER,fcb55c72388dee807c3722a4fea18a471934e28f6bbd5db789989754fce8a01d7fb2c058e9722417cb2e01f3863f43a1f6b1e1f183dbfb36429a6f5e18525c53,JE365959,1118655.0,09/08/2021 10:50:00 AM,CHICAGO,IL,60632,F,72.0,SAFETY BELT USED,NOT APPLICABLE,NONE,NO INDICATION OF INJURY,NONE,UNKNOWN,NORMAL,TEST NOT OFFERED,2021,JE365959,09/08/2021 10:50:00 AM,30,TRAFFIC SIGNAL,FUNCTIONING PROPERLY,CLEAR,DAYLIGHT,TURNING,NOT DIVIDED,STRAIGHT AND LEVEL,DRY,NO DEFECTS,NOT ON SCENE (DESK REPORT),NO INJURY / DRIVE AWAY,Y,Y,"OVER $1,500",09/08/2021 01:00:00 PM,UNABLE TO DETERMINE,UNABLE TO DETERMINE,1000,S,DAMEN AVE,1225.0,3,NO INDICATION OF INJURY,0.0,0.0,0.0,0.0,0.0,3.0,0.0,10,4,9,41.869045088,-87.676461034,POINT (-87.676461033512 41.869045088257),2021,650
O1142768,DRIVER,bc13b6af313b8b6942a8c8fe688ebbc729ca8ad10e86e4016ca5ff7b6d0fe887eb3f351687564850866ca114dc305dafe3f60a1d34120b17c5ac620c083c8b5d,JE306210,1083979.0,07/19/2021 02:05:00 AM,CHICAGO,IL,60649,F,35.0,USAGE UNKNOWN,NOT APPLICABLE,NONE,NO INDICATION OF INJURY,NONE,NOT OBSCURED,NORMAL,TEST NOT OFFERED,2021,JE306210,07/19/2021 02:05:00 AM,25,NO CONTROLS,FUNCTIONING PROPERLY,CLEAR,"DARKNESS, LIGHTED ROAD",REAR TO FRONT,NOT DIVIDED,STRAIGHT AND LEVEL,DRY,NO DEFECTS,NOT ON SCENE (DESK REPORT),NO INJURY / DRIVE AWAY,N,Y,"$501 - $1,500",07/19/2021 02:30:00 AM,UNABLE TO DETERMINE,UNABLE TO DETERMINE,600,E,75TH ST,323.0,2,NO INDICATION OF INJURY,0.0,0.0,0.0,0.0,0.0,2.0,0.0,2,2,7,41.758596063,-87.610198244,POINT (-87.610198244265 41.758596062879),2021,125
O1189333,DRIVER,64ac1da4e78125439ccd81c132a3a7c6a7f35b974b7afad80b39cc713063ab7f63cee27b9845b545cfedaeefa9b7ecd90eb9aa3a06f01dadec93862270b7b5a6,JE382860,1128388.0,09/22/2021 07:00:00 AM,CHICAGO,IL,60617,F,30.0,SAFETY BELT USED,DID NOT DEPLOY,NONE,NO INDICATION OF INJURY,IMPROPER TURN,NOT OBSCURED,NORMAL,TEST NOT OFFERED,2021,JE382860,09/22/2021 07:00:00 AM,30,TRAFFIC SIGNAL,FUNCTIONING PROPERLY,CLOUDY/OVERCAST,DAYLIGHT,TURNING,FOUR WAY,STRAIGHT AND LEVEL,WET,UNKNOWN,NOT ON SCENE (DESK REPORT),NO INJURY / DRIVE AWAY,Y,Y,"OVER $1,500",09/22/2021 07:50:00 AM,IMPROPER LANE USAGE,UNABLE TO DETERMINE,1554,W,GARFIELD BLVD,934.0,2,NO INDICATION OF INJURY,0.0,0.0,0.0,0.0,0.0,2.0,0.0,7,4,9,41.794136459,-87.664424975,POINT (-87.664424974734 41.794136458781),2021,420
O1126052,DRIVER,4e39b27199b42d20e370c703abb724cabae0fdc80342470b312ec3d20bbc2ffd5ca8835bd2882467d533646f15f46c2ee8a2dcb60267bcdae0d52c877255b6f8,JE279077,1068107.0,06/25/2021 12:45:00 PM,CHICAGO,IL,60632,M,31.0,SAFETY BELT USED,DID NOT DEPLOY,NONE,NO INDICATION OF INJURY,UNKNOWN,UNKNOWN,NORMAL,TEST NOT OFFERED,2021,JE279077,06/25/2021 12:45:00 PM,30,TRAFFIC SIGNAL,FUNCTIONING PROPERLY,CLOUDY/OVERCAST,DAYLIGHT,TURNING,DIVIDED - W/MEDIAN (NOT RAISED),STRAIGHT AND LEVEL,WET,NO DEFECTS,ON SCENE,INJURY AND / OR TOW DUE TO CRASH,Y,Y,"OVER $1,500",06/25/2021 12:57:00 PM,UNABLE TO DETERMINE,NOT APPLICABLE,2858,S,WESTERN AVE,1034.0,2,NO INDICATION OF INJURY,0.0,0.0,0.0,0.0,0.0,2.0,0.0,12,6,6,41.839468475,-87.68537877799999,POINT (-87.685378778181 41.839468474964),2021,765
O1214765,DRIVER,dddb58a5e6ac835bc29a2534f030d3feb7f84dea14ebf863869ddcfeffa8d4b22654ee56bb46bf431caca6d685836d75f191f7bde72a5c3e7eb3c6b3abe8a0f1,JE425251,1152678.0,10/28/2021 08:35:00 AM,CHICAGO,IL,60608,F,33.0,SAFETY BELT USED,DID NOT DEPLOY,NONE,NO INDICATION OF INJURY,NONE,NOT OBSCURED,NORMAL,TEST NOT OFFERED,2021,JE425251,10/28/2021 08:35:00 AM,35,NO CONTROLS,NO CONTROLS,CLOUDY/OVERCAST,DAYLIGHT,TURNING,NOT DIVIDED,STRAIGHT AND LEVEL,DRY,NO DEFECTS,ON SCENE,NO INJURY / DRIVE AWAY,Y,Y,"OVER $1,500",10/28/2021 10:30:00 AM,UNABLE TO DETERMINE,UNABLE TO DETERMINE,2628,W,OGDEN AVE,1023.0,2,NO INDICATION OF INJURY,0.0,0.0,0.0,0.0,0.0,2.0,0.0,8,5,10,41.862754968000004,-87.69202312,POINT (-87.692023119713 41.862754967543),2021,515
O1125427,DRIVER,2be410197b146e718f85b723cff7d02d2617a9e7d2acad77dd9f755806389748b0f5cc3f38142c7be1ef0e7460c31b9d13f19b913cb7e8dddc99f59937d6bc87,JE278148,1067525.0,06/24/2021 03:00:00 PM,HAWTHORN WOODS,IL,60047,M,19.0,SAFETY BELT USED,NOT APPLICABLE,NONE,NO INDICATION OF INJURY,NONE,NOT OBSCURED,NORMAL,TEST NOT OFFERED,2021,JE278148,06/24/2021 03:00:00 PM,30,TRAFFIC SIGNAL,FUNCTIONING PROPERLY,RAIN,DAYLIGHT,PEDALCYCLIST,FOUR WAY,STRAIGHT AND LEVEL,WET,NO DEFECTS,NOT ON SCENE (DESK REPORT),NO INJURY / DRIVE AWAY,Y,Y,"$501 - $1,500",06/24/2021 03:45:00 PM,IMPROPER LANE USAGE,NOT APPLICABLE,1700,N,KOSTNER AVE,2533.0,2,NO INDICATION OF INJURY,0.0,0.0,0.0,0.0,0.0,2.0,0.0,15,5,6,41.911672357,-87.736312056,POINT (-87.736312056008 41.911672356702),2021,900
O1102785,DRIVER,70490e58d9ca650636a114de46c0c848147a719b0f98291d65e955ae2b66a8cd3e8b5575edf40f9a4b0b40cf327684a205c71dda82a7938b2752b88d19c2fac9,JE242324,1046060.0,05/25/2021 12:45:00 PM,CHICAGO,IL,60628,M,18.0,USAGE UNKNOWN,DEPLOYMENT UNKNOWN,NONE,NO INDICATION OF INJURY,UNKNOWN,UNKNOWN,NORMAL,TEST NOT OFFERED,2021,JE242324,05/25/2021 12:45:00 PM,30,STOP SIGN/FLASHER,FUNCTIONING PROPERLY,CLEAR,DAYLIGHT,ANGLE,FOUR WAY,STRAIGHT AND LEVEL,DRY,UNKNOWN,ON SCENE,INJURY AND / OR TOW DUE TO CRASH,Y,Y,"OVER $1,500",05/25/2021 12:50:00 PM,UNABLE TO DETERMINE,NOT APPLICABLE,11300,S,DR MARTIN LUTHER KING JR DR,531.0,2,"REPORTED, NOT EVIDENT",1.0,0.0,0.0,0.0,1.0,1.0,0.0,12,3,5,41.689007979,-87.613412204,POINT (-87.613412203574 41.689007978595),2021,765
O1075418,DRIVER,aa4e68e4d1223df1c44432d3b68b1f40410b454d4e02aaf160808a375330511fdabe3c79e6a0265357c92f441204bdccdfab90dc0e082f7179f5b081ff43ce55,JE197500,1019898.0,04/12/2021 05:25:00 PM,CHICAGO,IL,60617,M,28.0,USAGE UNKNOWN,NOT APPLICABLE,NONE,NO INDICATION OF INJURY,NONE,NOT OBSCURED,NORMAL,TEST NOT OFFERED,2021,JE197500,04/12/2021 05:25:00 PM,30,NO CONTROLS,NO CONTROLS,CLEAR,DAYLIGHT,REAR END,NOT DIVIDED,STRAIGHT AND LEVEL,DRY,NO DEFECTS,ON SCENE,NO INJURY / DRIVE AWAY,Y,Y,"OVER $1,500",04/12/2021 05:29:00 PM,UNABLE TO DETERMINE,NOT APPLICABLE,4652,W,JACKSON BLVD,1113.0,2,NO INDICATION OF INJURY,0.0,0.0,0.0,0.0,0.0,2.0,0.0,17,2,4,41.876990355,-87.742383984,POINT (-87.742383984172 41.87699035491),2021,1045
O1210347,DRIVER,8a8b6b26cad336fce18ca6e58cde7e8bfae2beb1b30b0ab7a83d609b029f4f2159cc703a2da288f934f7c11a9583e1d7f2b1087eeda17163fb470e277641789a,JE418318,1148444.0,10/22/2021 07:59:00 AM,MAYWOOD,IL,60153,M,33.0,SAFETY BELT USED,DID NOT DEPLOY,NONE,NONINCAPACITATING INJURY,NONE,NOT OBSCURED,NORMAL,TEST NOT OFFERED,2021,JE418318,10/22/2021 07:59:00 AM,20,NO CONTROLS,NO CONTROLS,CLEAR,DAYLIGHT,ANGLE,NOT DIVIDED,STRAIGHT AND LEVEL,DRY,NO DEFECTS,ON SCENE,INJURY AND / OR TOW DUE TO CRASH,Y,Y,"OVER $1,500",10/22/2021 07:59:00 AM,FAILING TO YIELD RIGHT-OF-WAY,FAILING TO REDUCE SPEED TO AVOID CRASH,5621,W,WASHINGTON BLVD,1513.0,2,NONINCAPACITATING INJURY,1.0,0.0,0.0,1.0,0.0,1.0,0.0,7,6,10,41.882120002,-87.765828863,POINT (-87.765828862815 41.882120001519),2021,479
O1141653,DRIVER,b9447e5bb30cf9dc417bd4b84002cc204c0808876a0fbe2d43bdf0b99a6789abd12a984d9d9592b513e1ae1e64edca5ea892b4e0f92bfd4519a0adae66f70008,JE304615,1082930.0,07/17/2021 01:53:00 PM,CHICAGO,IL,60613,F,42.0,SAFETY BELT USED,DID NOT DEPLOY,NONE,NO INDICATION OF INJURY,NONE,NOT OBSCURED,NORMAL,TEST NOT OFFERED,2021,JE304615,07/17/2021 01:53:00 PM,25,TRAFFIC SIGNAL,FUNCTIONING IMPROPERLY,CLEAR,DAYLIGHT,ANGLE,DIVIDED - W/MEDIAN (NOT RAISED),STRAIGHT AND LEVEL,DRY,NO DEFECTS,ON SCENE,INJURY AND / OR TOW DUE TO CRASH,Y,Y,"OVER $1,500",07/17/2021 02:45:00 PM,DISREGARDING TRAFFIC SIGNALS,DISREGARDING TRAFFIC SIGNALS,99,N,SACRAMENTO BLVD,1222.0,2,NO INDICATION OF INJURY,0.0,0.0,0.0,0.0,0.0,2.0,0.0,13,7,7,41.882803504,-87.70110606600001,POINT (-87.701106066103 41.882803503981),2021,833
O1050736,DRIVER,babf0c0c3a026489aadcf205c6b8ec828df795949a190a5ef25b10c938299d1a51eecd89adfafaaa78598f055c2c23dcf6ee2defc60322cafcba353b4e7bcb34,JE154175,996259.0,02/27/2021 02:00:00 PM,CHICAGO,IL,60644,F,59.0,SAFETY BELT USED,NOT APPLICABLE,NONE,NO INDICATION OF INJURY,NONE,NOT OBSCURED,NORMAL,TEST NOT OFFERED,2021,JE154175,02/27/2021 02:00:00 PM,30,TRAFFIC SIGNAL,FUNCTIONING PROPERLY,CLEAR,DAYLIGHT,SIDESWIPE SAME DIRECTION,NOT DIVIDED,STRAIGHT AND LEVEL,DRY,UNKNOWN,NOT ON SCENE (DESK REPORT),NO INJURY / DRIVE AWAY,Y,Y,"OVER $1,500",02/27/2021 03:38:00 PM,NOT APPLICABLE,NOT APPLICABLE,4000,W,ROOSEVELT RD,1132.0,2,NO INDICATION OF INJURY,0.0,0.0,0.0,0.0,0.0,2.0,0.0,14,7,2,41.866281003000005,-87.72523422,POINT (-87.725234219839 41.866281002665),2021,840
O1127337,DRIVER,d1a8ef02ba07c86e2511c689b80fc1cad52abdd8a645bffd828df96a93cfba5236d163d2d103658bc5802dedd2ba1c35e9c7750edadf564b7b8f7b55fff10b80,JE280891,1069347.0,06/27/2021 03:40:00 AM,MARKHAM,IL,60428,M,41.0,USAGE UNKNOWN,DID NOT DEPLOY,NONE,NO INDICATION OF INJURY,NONE,NOT OBSCURED,NORMAL,TEST NOT OFFERED,2021,JE280891,06/27/2021 03:40:00 AM,30,NO CONTROLS,NO CONTROLS,CLEAR,"DARKNESS, LIGHTED ROAD",REAR END,DIVIDED - W/MEDIAN BARRIER,STRAIGHT AND LEVEL,DRY,NO DEFECTS,ON SCENE,INJURY AND / OR TOW DUE TO CRASH,Y,Y,"OVER $1,500",06/27/2021 03:42:00 AM,UNABLE TO DETERMINE,NOT APPLICABLE,9600,S,HALSTED ST,2223.0,3,NO INDICATION OF INJURY,0.0,0.0,0.0,0.0,0.0,2.0,0.0,3,1,6,41.71925798,-87.643301224,POINT (-87.643301224122 41.719257980072),2021,220
O1034104,DRIVER,e3ff5b13b5be9cc1f877e262b4dc14609734710c11678057fd4f0c4253fc7f500c2db8101a1c5567cbc9f079be6398b5ea6085b617e0314da827c755a9ffa4c3,JE129714,980169.0,02/01/2021 07:12:00 PM,GLENWOOD,IL,60425,M,24.0,SAFETY BELT USED,DID NOT DEPLOY,NONE,NO INDICATION OF INJURY,NONE,NOT OBSCURED,NORMAL,TEST NOT OFFERED,2021,JE129714,02/01/2021 07:12:00 PM,30,STOP SIGN/FLASHER,FUNCTIONING PROPERLY,CLEAR,"DARKNESS, LIGHTED ROAD",TURNING,DIVIDED - W/MEDIAN (NOT RAISED),STRAIGHT AND LEVEL,WET,NO DEFECTS,ON SCENE,INJURY AND / OR TOW DUE TO CRASH,Y,Y,"OVER $1,500",02/01/2021 08:31:00 PM,UNABLE TO DETERMINE,UNABLE TO DETERMINE,7900,S,EXCHANGE AVE,422.0,2,NO INDICATION OF INJURY,0.0,0.0,0.0,0.0,0.0,2.0,0.0,19,2,2,41.751817899,-87.55304422399999,POINT (-87.553044223671 41.751817898773),2021,1152
O1247011,DRIVER,887bf0cf9a80a7299cc8a9074ff5e3310eeb41fddc4b8e37495de5d8b451ed7fcf080d6e831db5ba8cb77ea20faad2e3dcd3b422d23c9ce52c6379bd3df79059,JE478862,1183593.0,12/15/2021 10:35:00 PM,CICERO,IL,60804,F,30.0,USAGE UNKNOWN,NOT APPLICABLE,NONE,NO INDICATION OF INJURY,NONE,NOT OBSCURED,NORMAL,TEST NOT OFFERED,2021,JE478862,12/15/2021 10:35:00 PM,30,TRAFFIC SIGNAL,FUNCTIONING PROPERLY,CLEAR,"DARKNESS, LIGHTED ROAD",ANGLE,NOT DIVIDED,STRAIGHT AND LEVEL,DRY,NO DEFECTS,ON SCENE,INJURY AND / OR TOW DUE TO CRASH,Y,Y,"OVER $1,500",12/15/2021 10:40:00 PM,DISREGARDING TRAFFIC SIGNALS,"OPERATING VEHICLE IN ERRATIC, RECKLESS, CARELESS, NEGLIGENT OR AGGRESSIVE MANNER",201,N,HOMAN AVE,1123.0,2,NO INDICATION OF INJURY,0.0,0.0,0.0,0.0,0.0,3.0,0.0,22,4,12,41.884671809000004,-87.710972079,POINT (-87.710972078509 41.884671809054),2021,1355
O1162354,DRIVER,72e0d75f695f1395b8ec7965a3f80fcf8c416d3052ea08e672ceffdd70652980485f40f2b277594f695af82957d9ecf32681bb9c5921e99cfec2439c8aa6f50b,JE338066,1102589.0,08/14/2021 09:45:00 PM,CHICAGO,IL,60619,F,73.0,SAFETY BELT USED,DID NOT DEPLOY,NONE,NO INDICATION OF INJURY,NONE,NOT OBSCURED,NORMAL,TEST NOT OFFERED,2021,JE338066,08/14/2021 09:45:00 PM,30,NO CONTROLS,NO CONTROLS,CLEAR,"DARKNESS, LIGHTED ROAD",REAR TO SIDE,NOT DIVIDED,STRAIGHT AND LEVEL,DRY,NO DEFECTS,NOT ON SCENE (DESK REPORT),NO INJURY / DRIVE AWAY,Y,N,$500 OR LESS,08/15/2021 10:30:00 AM,NOT APPLICABLE,NOT APPLICABLE,8705,S,STONY ISLAND AVE,412.0,2,NO INDICATION OF INJURY,0.0,0.0,0.0,0.0,0.0,2.0,0.0,21,7,8,41.736714706,-87.58506135100001,POINT (-87.58506135104 41.736714706069),2021,1305
O1070233,DRIVER,a284a187a43d6b3347abdaa3b1e547c21ce826a39af36c7dffa475ff3a40f2b1818fdcf2a98738280eefc5329cadf5e0fc99b1de3db1c3867996227d50e0c774,JE188652,1014930.0,04/03/2021 08:50:00 PM,ALSIP,IL,60803,M,38.0,USAGE UNKNOWN,NOT APPLICABLE,NONE,NO INDICATION OF INJURY,UNKNOWN,NOT OBSCURED,NORMAL,TEST NOT OFFERED,2021,JE188652,04/03/2021 08:50:00 PM,25,STOP SIGN/FLASHER,FUNCTIONING PROPERLY,CLEAR,"DARKNESS, LIGHTED ROAD",REAR END,NOT DIVIDED,STRAIGHT AND LEVEL,DRY,NO DEFECTS,ON SCENE,NO INJURY / DRIVE AWAY,N,Y,"$501 - $1,500",04/03/2021 08:50:00 PM,NOT APPLICABLE,NOT APPLICABLE,5700,S,KEDZIE AVE,822.0,2,NO INDICATION OF INJURY,0.0,0.0,0.0,0.0,0.0,2.0,0.0,20,7,4,41.789790822,-87.70359877,POINT (-87.703598769655 41.789790821511),2021,1250
O1092499,DRIVER,28e7faa3c79adc8ea489bbfd84a5d88608c357ac1e4b8dcecbbb8a0c35f8fc8a323e2eb67ba58b4bbdc8c05a33ab986c4b894b12c561fb39f788a9b53288432a,JE225362,1036232.0,05/09/2021 02:11:00 AM,CHICAGO,IL,60619,F,27.0,SAFETY BELT USED,DID NOT DEPLOY,NONE,NO INDICATION OF INJURY,UNKNOWN,UNKNOWN,UNKNOWN,TEST NOT OFFERED,2021,JE225362,05/09/2021 02:11:00 AM,30,STOP SIGN/FLASHER,FUNCTIONING PROPERLY,RAIN,"DARKNESS, LIGHTED ROAD",ANGLE,ONE-WAY,STRAIGHT AND LEVEL,WET,NO DEFECTS,NOT ON SCENE (DESK REPORT),INJURY AND / OR TOW DUE TO CRASH,Y,Y,"OVER $1,500",05/10/2021 10:00:00 AM,UNABLE TO DETERMINE,NOT APPLICABLE,7700,S,ESSEX AVE,421.0,2,NO INDICATION OF INJURY,0.0,0.0,0.0,0.0,0.0,2.0,0.0,2,1,5,41.755299268,-87.564021494,POINT (-87.564021493544 41.75529926781),2021,131
O1024379,DRIVER,b169f451e19d9523c9669ace00c0576c91e167dd68ce9b4e6ec8c8061092dca2c1acf11a5242714611aa0bc767b3ff2c4488f5a589b9da91760c59d340e88d6a,JD112606,970908.0,01/14/2021 01:50:00 PM,DOWNERS GROVE,IL,60516,F,24.0,NONE PRESENT,NOT APPLICABLE,NONE,NO INDICATION OF INJURY,OTHER,UNKNOWN,NORMAL,TEST NOT OFFERED,2021,JD112606,01/14/2021 01:50:00 PM,30,TRAFFIC SIGNAL,NO CONTROLS,CLEAR,DAYLIGHT,SIDESWIPE SAME DIRECTION,NOT DIVIDED,STRAIGHT AND LEVEL,DRY,NO DEFECTS,NOT ON SCENE (DESK REPORT),NO INJURY / DRIVE AWAY,Y,Y,$500 OR LESS,01/14/2021 02:44:00 PM,FAILING TO YIELD RIGHT-OF-WAY,FAILING TO YIELD RIGHT-OF-WAY,5600,W,WASHINGTON BLVD,1512.0,2,NO INDICATION OF INJURY,0.0,0.0,0.0,0.0,0.0,2.0,0.0,13,5,1,41.882353136,-87.765010275,POINT (-87.765010275085 41.882353135739),2021,830
O1167527,DRIVER,d0963066cc9734dafce93d9431bfef720c74af479accd12c4ac77408992e20321f9341067e07aef462c15d56abfc9e968d3e733f229afd1ec42a5f97220c5574,JE346660,1107519.0,08/23/2021 12:23:00 AM,CHICAGO,IL,60624,F,23.0,USAGE UNKNOWN,DEPLOYMENT UNKNOWN,NONE,NONINCAPACITATING INJURY,NONE,NOT OBSCURED,NORMAL,TEST NOT OFFERED,2021,JE346660,08/23/2021 12:23:00 AM,35,TRAFFIC SIGNAL,FUNCTIONING PROPERLY,CLEAR,"DARKNESS, LIGHTED ROAD",ANGLE,NOT DIVIDED,STRAIGHT AND LEVEL,DRY,NO DEFECTS,ON SCENE,INJURY AND / OR TOW DUE TO CRASH,Y,Y,"OVER $1,500",08/23/2021 12:23:00 AM,DISREGARDING TRAFFIC SIGNALS,NOT APPLICABLE,101,N,AUSTIN BLVD,1512.0,2,NONINCAPACITATING INJURY,1.0,0.0,0.0,1.0,0.0,1.0,0.0,0,2,8,41.882203075999996,-87.774578509,POINT (-87.774578508667 41.882203075889),2021,23