PERSON_ID,PERSON_TYPE,CRASH_RECORD_ID,RD_NO_x,VEHICLE_ID,CRASH_DATE_x,CITY,STATE,ZIPCODE,SEX,AGE,SAFETY_EQUIPMENT,AIRBAG_DEPLOYED,EJECTION,INJURY_CLASSIFICATION,DRIVER_ACTION,DRIVER_VISION,PHYSICAL_CONDITION,BAC_RESULT,CRASH_YEAR_x,RD_NO_y,CRASH_DATE_y,POSTED_SPEED_LIMIT,TRAFFIC_CONTROL_DEVICE,DEVICE_CONDITION,WEATHER_CONDITION,LIGHTING_CONDITION,FIRST_CRASH_TYPE,TRAFFICWAY_TYPE,ALIGNMENT,ROADWAY_SURFACE_COND,ROAD_DEFECT,REPORT_TYPE,CRASH_TYPE,INTERSECTION_RELATED_I,HIT_AND_RUN_I,DAMAGE,DATE_POLICE_NOTIFIED,PRIM_CONTRIBUTORY_CAUSE,SEC_CONTRIBUTORY_CAUSE,STREET_NO,STREET_DIRECTION,STREET_NAME,BEAT_OF_OCCURRENCE,NUM_UNITS,MOST_SEVERE_INJURY,INJURIES_TOTAL,INJURIES_FATAL,INJURIES_INCAPACITATING,INJURIES_NON_INCAPACITATING,INJURIES_REPORTED_NOT_EVIDENT,INJURIES_NO_INDICATION,INJURIES_UNKNOWN,CRASH_HOUR,CRASH_DAY_OF_WEEK,CRASH_MONTH,LATITUDE,LONGITUDE,LOCATION,CRASH_YEAR_y,TIME
O1053367,DRIVER,1ea7df79fb80236339ee02ee703768551a64208a7c0de42ae93abbbb2669b84e7d54e037b87efff6f12ae04cf66b0e86609c25100a4624fdfef1d829ebcee185,JE158919,998796.0,03/04/2021 11:52:00 AM,CHICAGO,IL,60609,F,46.0,SAFETY BELT USED,DID NOT DEPLOY,NONE,NO INDICATION OF INJURY,NONE,NOT OBSCURED,NORMAL,TEST NOT OFFERED,2021,JE158919,03/04/2021 11:52:00 AM,30,TRAFFIC SIGNAL,FUNCTIONING PROPERLY,CLEAR,DAYLIGHT,SIDESWIPE SAME DIRECTION,FOUR WAY,STRAIGHT AND LEVEL,DRY,NO DEFECTS,ON SCENE,INJURY AND / OR TOW DUE TO CRASH,Y,Y,"OVER $1,500",03/04/2021 11:56:00 AM,UNABLE TO DETERMINE,NOT APPLICABLE,45,E,GARFIELD BLVD,225.0,2,NO INDICATION OF INJURY,0.0,0.0,0.0,0.0,0.0,5.0,0.0,11,5,3,41.794227414,-87.62399540700001,POINT (-87.623995406519 41.794227414463),2021,712
O1130001,DRIVER,0c9cb4f3972ecba5a4d96f690d4b1e48d4ea11b1c3a2c1e95c960a98961448b17c31449531b6ee56d011ddf366e2fbe976cc93b75e2e848d749a2fb29fb89be3,JE285222,1071895.0,06/30/2021 05:02:00 PM,CHICAGO,IL,60628,F,57.0,USAGE UNKNOWN,NOT APPLICABLE,NONE,NONINCAPACITATING INJURY,IMPROPER TURN,UNKNOWN,NORMAL,TEST NOT OFFERED,2021,JE285222,06/30/2021 05:02:00 PM,30,NO CONTROLS,NO CONTROLS,CLEAR,DAYLIGHT,TURNING,NOT DIVIDED,STRAIGHT AND LEVEL,DRY,NO DEFECTS,ON SCENE,INJURY AND / OR TOW DUE TO CRASH,N,N,"OVER $1,500",06/30/2021 05:07:00 PM,IMPROPER TURNING/NO SIGNAL,FAILING TO YIELD RIGHT-OF-WAY,11033,S,STATE ST,513.0,2,NONINCAPACITATING INJURY,1.0,0.0,0.0,1.0,0.0,3.0,0.0,17,4,6,41.693394469,-87.62298283700001,POINT (-87.622982836719 41.693394468512),2021,1022
O1216188,DRIVER,f8479d974e1ae58cf442c3fc33849bf7defe20f5a9b126ce59c7b5a73f602161894099d190e58b3177b0269000e7c3245a2356cc768092555a07be196ee7f97d,JE427065,1154000.0,10/29/2021 04:55:00 PM,CHICAGO,IL,60642,M,41.0,SAFETY BELT USED,DID NOT DEPLOY,NONE,NO INDICATION OF INJURY,OTHER,NOT OBSCURED,NORMAL,TEST NOT OFFERED,2021,JE427065,10/29/2021 04:55:00 PM,30,STOP SIGN/FLASHER,FUNCTIONING PROPERLY,RAIN,"DARKNESS, LIGHTED ROAD",ANGLE,NOT DIVIDED,STRAIGHT AND LEVEL,UNKNOWN,UNKNOWN,ON SCENE,INJURY AND / OR TOW DUE TO CRASH,Y,Y,"OVER $1,500",10/29/2021 06:45:00 PM,FAILING TO REDUCE SPEED TO AVOID CRASH,NOT APPLICABLE,1879,W,OGDEN AVE,1231.0,2,NO INDICATION OF INJURY,0.0,0.0,0.0,0.0,0.0,3.0,0.0,16,6,10,41.875008490999996,-87.673536864,POINT (-87.673536864033 41.875008491025),2021,1015
O1061708,DRIVER,a6134ac134097494c617b80d19b39e411f0daf825c43227b46531e880bdd0ae0ed27944007e571df8acb4b339618a61b47870548743e48ea9c9d2615f3b2978b,JE174327,1006827.0,03/20/2021 01:17:00 PM,CHICAGO,IL,60652,F,20.0,SAFETY BELT USED,NOT APPLICABLE,NONE,NO INDICATION OF INJURY,NONE,NOT OBSCURED,NORMAL,TEST NOT OFFERED,2021,JE174327,03/20/2021 01:17:00 PM,30,TRAFFIC SIGNAL,FUNCTIONING PROPERLY,CLEAR,DAYLIGHT,REAR END,FOUR WAY,STRAIGHT AND LEVEL,DRY,NO DEFECTS,ON SCENE,NO INJURY / DRIVE AWAY,Y,Y,$500 OR LESS,03/20/2021 01:35:00 PM,FOLLOWING TOO CLOSELY,UNABLE TO DETERMINE,302,N,SACRAMENTO BLVD,1222.0,2,NO INDICATION OF INJURY,0.0,0.0,0.0,0.0,0.0,3.0,0.0,13,7,3,41.886599325,-87.70150985,POINT (-87.701509850291 41.886599324809),2021,797
O1174324,DRIVER,60ade8ca9c8f8713d3723d8409c01d39b39d3becb3a96c84c112164223c1c88ceb605acc1558d4a4c5032e9fb06ec1c01e1f9fb452585012d8a5c9c2fbf95791,JE357800,1114016.0,09/01/2021 08:00:00 AM,CHICAGO,IL,60619,M,23.0,SAFETY BELT USED,DID NOT DEPLOY,NONE,NO INDICATION OF INJURY,NONE,NOT OBSCURED,NORMAL,TEST NOT OFFERED,2021,JE357800,09/01/2021 08:00:00 AM,30,STOP SIGN/FLASHER,FUNCTIONING PROPERLY,CLEAR,DAYLIGHT,TURNING,DIVIDED - W/MEDIAN (NOT RAISED),STRAIGHT AND LEVEL,DRY,NO DEFECTS,NOT ON SCENE (DESK REPORT),NO INJURY / DRIVE AWAY,Y,Y,"$501 - $1,500",09/01/2021 01:00:00 PM,DRIVING SKILLS/KNOWLEDGE/EXPERIENCE,UNABLE TO DETERMINE,3017,W,OHIO ST,1221.0,2,NO INDICATION OF INJURY,0.0,0.0,0.0,0.0,0.0,3.0,0.0,8,4,9,41.8918231,-87.703121365,POINT (-87.703121364767 41.891823100066),2021,480
O1046883,DRIVER,a6a148e3d8032b5f5c97661fd3c1491494afd8ce69ace08535267ed2a507e8ac60faf613bc179ce283b78a9fb570e6d07300b015e78c2e2c3107a058d1e20ca8,JE147612,992537.0,02/21/2021 06:00:00 AM,CHICAGO,IL,60647,M,48.0,SAFETY BELT USED,DID NOT DEPLOY,NONE,NO INDICATION OF INJURY,OTHER,NOT OBSCURED,NORMAL,TEST NOT OFFERED,2021,JE147612,02/21/2021 06:00:00 AM,30,TRAFFIC SIGNAL,FUNCTIONING PROPERLY,CLEAR,DAWN,ANGLE,FOUR WAY,STRAIGHT AND LEVEL,WET,NO DEFECTS,ON SCENE,INJURY AND / OR TOW DUE TO CRASH,Y,Y,"OVER $1,500",02/21/2021 06:07:00 AM,FAILING TO REDUCE SPEED TO AVOID CRASH,UNABLE TO DETERMINE,2898,W,DIVERSEY AVE,1411.0,2,NO INDICATION OF INJURY,0.0,0.0,0.0,0.0,0.0,2.0,0.0,6,1,2,41.932189471,-87.70001309999999,POINT (-87.700013100118 41.932189470978),2021,360
O1236210,DRIVER,bf5612ebe1493355e908f692510a15a6199ad455c2380ffb0a9cf8c09f06057971eacd00e04659361b8c776b1a44998cb565e9c19a11d24703fe3bf03d3e684b,JE460074,1173268.0,11/29/2021 09:30:00 AM,CHICAGO,IL,60620,F,24.0,SAFETY BELT USED,DID NOT DEPLOY,NONE,NO INDICATION OF INJURY,UNKNOWN,NOT OBSCURED,NORMAL,TEST NOT OFFERED,2021,JE460074,11/29/2021 09:30:00 AM,30,TRAFFIC SIGNAL,FUNCTIONING PROPERLY,CLEAR,DAYLIGHT,SIDESWIPE SAME DIRECTION,NOT DIVIDED,STRAIGHT AND LEVEL,DRY,NO DEFECTS,NOT ON SCENE (DESK REPORT),NO INJURY / DRIVE AWAY,Y,Y,"$501 - $1,500",11/29/2021 10:25:00 AM,UNABLE TO DETERMINE,UNABLE TO DETERMINE,5655,S,COTTAGE GROVE AVE,235.0,2,NO INDICATION OF INJURY,0.0,0.0,0.0,0.0,0.0,3.0,0.0,9,2,11,41.791532853,-87.60601109,POINT (-87.606011089822 41.791532853396),2021,570
O1182705,DRIVER,40a868254a8cc705c19df66d8712f6c17f5492902d75619a02b68eabd2e92d18b6e6310615b7224c7f6336fb883cb776860fb659b96f3c09df42d1b6a9b82eba,JE371907,1122059.0,09/13/2021 06:00:00 AM,CHICAGO,IL,60626,F,27.0,USAGE UNKNOWN,DID NOT DEPLOY,NONE,NO INDICATION OF INJURY,UNKNOWN,UNKNOWN,UNKNOWN,TEST NOT OFFERED,2021,JE371907,09/13/2021 06:00:00 AM,30,TRAFFIC SIGNAL,FUNCTIONING PROPERLY,UNKNOWN,UNKNOWN,SIDESWIPE SAME DIRECTION,ONE-WAY,STRAIGHT AND LEVEL,UNKNOWN,UNKNOWN,NOT ON SCENE (DESK REPORT),NO INJURY / DRIVE AWAY,Y,Y,"OVER $1,500",09/13/2021 01:00:00 PM,UNABLE TO DETERMINE,UNABLE TO DETERMINE,77,W,HURON ST,1832.0,2,NO INDICATION OF INJURY,0.0,0.0,0.0,0.0,0.0,2.0,0.0,6,2,9,41.894724415,-87.631125859,POINT (-87.631125858699 41.894724415452),2021,360
O1216403,DRIVER,ef2c32dfbe0d4e16d6538e12700a813bc4c95abb5fbd4b6a5d059327aa38fa3a28026c872efc9e9722bc604d38e126f4bf2f44a009fe76cef00f66c8c610c92d,JE427351,1154209.0,10/29/2021 11:28:00 PM,CHICAGO,IL,60645,M,56.0,USAGE UNKNOWN,DID NOT DEPLOY,NONE,NO INDICATION OF INJURY,NONE,UNKNOWN,UNKNOWN,TEST NOT OFFERED,2021,JE427351,10/29/2021 11:28:00 PM,30,TRAFFIC SIGNAL,FUNCTIONING PROPERLY,RAIN,DARKNESS,TURNING,NOT DIVIDED,STRAIGHT AND LEVEL,WET,NO DEFECTS,NOT ON SCENE (DESK REPORT),NO INJURY / DRIVE AWAY,Y,Y,"OVER $1,500",10/30/2021 12:35:00 AM,UNABLE TO DETERMINE,NOT APPLICABLE,1849,W,DEVON AVE,2433.0,2,NO INDICATION OF INJURY,0.0,0.0,0.0,0.0,0.0,2.0,0.0,23,6,10,41.997850565,-87.676769438,POINT (-87.676769437678 41.997850565108),2021,1408
O1151038,DRIVER,9e6ef8bf299101aad71e809860b01fcfd9cbbc06b9a1d05438260b12b788866ba181344e90a28475423ff975bd4d07e1d6b5fa692089fa00ecafe21be8a6ffef,JE319794,1091841.0,07/30/2021 12:40:00 PM,ARDEN,NC,28704,M,31.0,USAGE UNKNOWN,NOT APPLICABLE,NONE,NO INDICATION OF INJURY,NONE,NOT OBSCURED,NORMAL,TEST NOT OFFERED,2021,JE319794,07/30/2021 12:40:00 PM,30,TRAFFIC SIGNAL,FUNCTIONING PROPERLY,CLEAR,DAYLIGHT,REAR END,NOT DIVIDED,STRAIGHT AND LEVEL,DRY,NO DEFECTS,ON SCENE,INJURY AND / OR TOW DUE TO CRASH,Y,Y,"OVER $1,500",07/30/2021 12:47:00 PM,PHYSICAL CONDITION OF DRIVER,DRIVING SKILLS/KNOWLEDGE/EXPERIENCE,4351,N,CLARENDON AVE,1915.0,3,"REPORTED, NOT EVIDENT",1.0,0.0,0.0,0.0,1.0,2.0,0.0,12,6,7,41.961799935,-87.649764157,POINT (-87.649764157286 41.961799935391),2021,760
O1021564,DRIVER,4181e1962dc7666f11329ae8e0ade1e15b2906aeac9ddc7d27762c85fd57a10295e069cecac6c8f689e042a6208ce2c0e46261625f814ae5bf37444f04db5ed9,JE107129,968294.0,01/08/2021 03:05:00 PM,MOUNT PROSPECT,IL,60056,M,41.0,SAFETY BELT USED,NOT APPLICABLE,NONE,NO INDICATION OF INJURY,NONE,NOT OBSCURED,NORMAL,TEST NOT OFFERED,2021,JE107129,01/08/2021 03:05:00 PM,30,TRAFFIC SIGNAL,FUNCTIONING PROPERLY,CLOUDY/OVERCAST,DAYLIGHT,REAR END,NOT DIVIDED,STRAIGHT AND LEVEL,WET,UNKNOWN,NOT ON SCENE (DESK REPORT),NO INJURY / DRIVE AWAY,Y,Y,"OVER $1,500",01/08/2021 04:15:00 PM,UNABLE TO DETERMINE,UNABLE TO DETERMINE,399,E,CHICAGO AVE,1833.0,2,NO INDICATION OF INJURY,0.0,0.0,0.0,0.0,0.0,4.0,0.0,15,6,1,41.896724756,-87.617211616,POINT (-87.617211616369 41.896724755627),2021,905
O1162243,DRIVER,637bf616d12a8c6bc7c4e1bd71e9157d98c833b86bcecba19ebf029d966abcdb6894fbec2ca25d18173458f7355401cc8218a7b4cd74571264e5a84548c6d471,JE337877,1102477.0,08/15/2021 04:08:00 AM,CHICAGO,IL,60651,F,29.0,USAGE UNKNOWN,"DEPLOYED, COMBINATION",NONE,"REPORTED, NOT EVIDENT",NONE,NOT OBSCURED,NORMAL,TEST NOT OFFERED,2021,JE337877,08/15/2021 04:08:00 AM,30,TRAFFIC SIGNAL,FUNCTIONING PROPERLY,CLEAR,"DARKNESS, LIGHTED ROAD",ANGLE,FOUR WAY,STRAIGHT ON GRADE,DRY,NO DEFECTS,ON SCENE,INJURY AND / OR TOW DUE TO CRASH,Y,Y,"OVER $1,500",08/15/2021 04:09:00 AM,DRIVING ON WRONG SIDE/WRONG WAY,UNABLE TO DETERMINE,500,S,HAMLIN BLVD,1133.0,2,NONINCAPACITATING INJURY,4.0,0.0,0.0,1.0,3.0,1.0,0.0,4,1,8,41.874416945,-87.720546199,POINT (-87.720546198954 41.874416945488),2021,248
O1251819,DRIVER,1d0aaf34012b54f95bfbb3d5b334e5ae0a86c90c4d43b2a9a7e6c6b899302499934b7f2bd77bcf351eb3ddeaa73fdd4b675cb7316cb6cbee492b18cacb60f116,JE487483,1188210.0,12/24/2021 03:34:00 AM,CHICAGO,IL,60611,M,55.0,USAGE UNKNOWN,"DEPLOYED, COMBINATION",NONE,NO INDICATION OF INJURY,NONE,UNKNOWN,UNKNOWN,TEST NOT OFFERED,2021,JE487483,12/24/2021 03:34:00 AM,30,TRAFFIC SIGNAL,UNKNOWN,CLEAR,"DARKNESS, LIGHTED ROAD",ANGLE,FOUR WAY,STRAIGHT AND LEVEL,UNKNOWN,UNKNOWN,ON SCENE,INJURY AND / OR TOW DUE TO CRASH,Y,Y,"OVER $1,500",12/24/2021 03:36:00 AM,DISREGARDING TRAFFIC SIGNALS,UNABLE TO DETERMINE,400,E,ILLINOIS ST,1834.0,2,NO INDICATION OF INJURY,0.0,0.0,0.0,0.0,0.0,2.0,0.0,3,6,12,41.891163079,-87.61754788200001,POINT (-87.617547881573 41.891163078971),2021,214
O1080553,DRIVER,2f0353ef4bd3833611f385ee34eb106ca0b98efb2d498bb1a86cc28211836e111b01fc88e400c0128724ddd296bded0ed6a9dd1a7cd07e3869cb3fc325a6475a,JE206165,1024790.0,04/21/2021 08:20:00 PM,CHICAGO,IL,60616,M,79.0,USAGE UNKNOWN,NOT APPLICABLE,NONE,NO INDICATION OF INJURY,UNKNOWN,UNKNOWN,NORMAL,TEST NOT OFFERED,2021,JE206165,04/21/2021 08:20:00 PM,30,NO CONTROLS,NO CONTROLS,CLEAR,"DARKNESS, LIGHTED ROAD",SIDESWIPE SAME DIRECTION,DIVIDED - W/MEDIAN (NOT RAISED),STRAIGHT AND LEVEL,DRY,NO DEFECTS,ON SCENE,NO INJURY / DRIVE AWAY,Y,Y,$500 OR LESS,04/21/2021 08:25:00 PM,IMPROPER TURNING/NO SIGNAL,UNABLE TO DETERMINE,1800,S,CALIFORNIA AVE,1022.0,2,NO INDICATION OF INJURY,0.0,0.0,0.0,0.0,0.0,2.0,0.0,20,4,4,41.857293927,-87.695777901,POINT (-87.695777900696 41.857293927324),2021,1220
O1083922,DRIVER,c2b5cf930412b9a34eeaf0d5bb10e74e18dd43d1967787994834b94461d276c6a7feeb3d18494401ec63459e033d1bf67db41451d1d29d98ec0fb87c1e33149e,JE211866,1028013.0,04/27/2021 02:30:00 PM,CHICAGO,IL,60618,F,40.0,SAFETY BELT USED,DID NOT DEPLOY,NONE,NO INDICATION OF INJURY,NONE,NOT OBSCURED,NORMAL,TEST NOT OFFERED,2021,JE211866,04/27/2021 02:30:00 PM,20,NO CONTROLS,NO CONTROLS,CLEAR,DAYLIGHT,ANGLE,NOT DIVIDED,STRAIGHT AND LEVEL,DRY,NO DEFECTS,ON SCENE,INJURY AND / OR TOW DUE TO CRASH,Y,Y,"OVER $1,500",04/27/2021 03:15:00 PM,FAILING TO YIELD RIGHT-OF-WAY,FAILING TO REDUCE SPEED TO AVOID CRASH,3125,W,LAWRENCE AVE,1713.0,2,NO INDICATION OF INJURY,0.0,0.0,0.0,0.0,0.0,2.0,0.0,14,3,4,41.968356578000005,-87.707109476,POINT (-87.707109476326 41.96835657757),2021,870
O1082521,DRIVER,9463a5f74ea1afd9c2809900a569207404228ffc0b6ba2f1ea4c608ceb8d8b3da47580651c0e8de44f6742c7e7033b0a1ec6c1bc99ad1bc89f6d675473a189c8,JE209514,1026689.0,04/25/2021 09:35:00 AM,CHICAO,IL,60619,M,57.0,SAFETY BELT USED,DID NOT DEPLOY,NONE,NO INDICATION OF INJURY,NONE,NOT OBSCURED,NORMAL,TEST NOT OFFERED,2021,JE209514,04/25/2021 09:35:00 AM,30,TRAFFIC SIGNAL,FUNCTIONING PROPERLY,CLOUDY/OVERCAST,DAYLIGHT,TURNING,NOT DIVIDED,STRAIGHT AND LEVEL,DRY,NO DEFECTS,ON SCENE,NO INJURY / DRIVE AWAY,Y,Y,"$501 - $1,500",04/25/2021 09:37:00 AM,IMPROPER TURNING/NO SIGNAL,NOT APPLICABLE,1600,W,79TH ST,611.0,2,NO INDICATION OF INJURY,0.0,0.0,0.0,0.0,0.0,2.0,0.0,9,1,4,41.750465763,-87.66347425299999,POINT (-87.663474253351 41.750465763298),2021,575
O1134900,DRIVER,fe395c1f0bd161d10194e79d1c9c1399a410cd40699f0edd72c71bffa189ed871ccc2d9368affe19d599264b7eee0558a053aa8bfccc30253f5d4ada8fc0c81e,JE293370,1076495.0,07/07/2021 12:30:00 PM,CHICAGO,IL,60653,M,24.0,USAGE UNKNOWN,DEPLOYMENT UNKNOWN,UNKNOWN,NO INDICATION OF INJURY,NONE,UNKNOWN,NORMAL,TEST NOT OFFERED,2021,JE293370,07/07/2021 12:30:00 PM,30,TRAFFIC SIGNAL,FUNCTIONING PROPERLY,CLEAR,DAYLIGHT,REAR END,FOUR WAY,STRAIGHT AND LEVEL,DRY,NO DEFECTS,NOT ON SCENE (DESK REPORT),NO INJURY / DRIVE AWAY,Y,Y,"OVER $1,500",07/07/2021 01:30:00 PM,FAILING TO REDUCE SPEED TO AVOID CRASH,UNABLE TO DETERMINE,1599,W,44TH ST,924.0,2,NO INDICATION OF INJURY,0.0,0.0,0.0,0.0,0.0,2.0,0.0,12,4,7,41.813953235,-87.66498261,POINT (-87.664982610498 41.813953235296),2021,750
O1082432,DRIVER,e7ec94d1d7ded781de0f0bc3764b2f8b2e0939c20fb1b200dbd60ea09a0f15144d87506407eed9625582f183d209422520f639d599f2df68695f8653402c5d00,JE209382,1026593.0,04/25/2021 03:20:00 AM,JACKSONVILLE,AR,72076,F,25.0,SAFETY BELT USED,"DEPLOYED, SIDE",NONE,NO INDICATION OF INJURY,NONE,NOT OBSCURED,NORMAL,TEST NOT OFFERED,2021,JE209382,04/25/2021 03:20:00 AM,30,TRAFFIC SIGNAL,FUNCTIONING PROPERLY,CLEAR,"DARKNESS, LIGHTED ROAD",REAR TO FRONT,FOUR WAY,STRAIGHT AND LEVEL,DRY,NO DEFECTS,ON SCENE,NO INJURY / DRIVE AWAY,Y,Y,"OVER $1,500",04/25/2021 03:30:00 AM,DISREGARDING TRAFFIC SIGNALS,FAILING TO REDUCE SPEED TO AVOID CRASH,1143,S,WESTERN AVE,1225.0,2,NO INDICATION OF INJURY,0.0,0.0,0.0,0.0,0.0,2.0,0.0,3,1,4,41.867163663,-87.685907948,POINT (-87.6859079482 41.867163663015),2021,200
O1018770,DRIVER,721c49f186e8283eb2487575b2cfe315946492ff47fc94335393bfc9e548e2e4bceb749b55c2c325175735fe8429c592d98a1f7ea79c809b385e52e98b36778c,JE101524,965598.0,01/02/2021 05:33:00 PM,CHICAGO,IL,60623,M,42.0,SAFETY BELT USED,DID NOT DEPLOY,NONE,NO INDICATION OF INJURY,FAILED TO YIELD,NOT OBSCURED,NORMAL,TEST NOT OFFERED,2021,JE101524,01/02/2021 05:33:00 PM,35,FLASHING CONTROL SIGNAL,FUNCTIONING PROPERLY,CLEAR,"DARKNESS, LIGHTED ROAD",SIDESWIPE SAME DIRECTION,DIVIDED - W/MEDIAN BARRIER,"CURVE, LEVEL",WET,NO DEFECTS,ON SCENE,NO INJURY / DRIVE AWAY,N,Y,"OVER $1,500",01/02/2021 05:37:00 PM,NOT APPLICABLE,NOT APPLICABLE,1000,N,LAKE SHORE DR SB,1824.0,2,NO INDICATION OF INJURY,0.0,0.0,0.0,0.0,0.0,2.0,0.0,17,7,1,41.900958919000004,-87.619928174,POINT (-87.619928173678 41.900958919109),2021,1053
O1057203,DRIVER,3afd2f86fe45bf4f938ce0bc9a5966dc512a963c1b2472aeca7374fc22c95b900db762c9e74b58a85f409f1e020c04185d426aea89dcdf22e94da979e1c611ee,JE166483,1002481.0,03/12/2021 02:14:00 AM,CHICAGO,IL,60629,M,20.0,SAFETY BELT USED,DID NOT DEPLOY,NONE,NO INDICATION OF INJURY,NONE,NOT OBSCURED,NORMAL,TEST NOT OFFERED,2021,JE166483,03/12/2021 02:14:00 AM,30,TRAFFIC SIGNAL,FUNCTIONING PROPERLY,CLEAR,"DARKNESS, LIGHTED ROAD",ANGLE,FOUR WAY,STRAIGHT AND LEVEL,DRY,NO DEFECTS,ON SCENE,NO INJURY / DRIVE AWAY,Y,Y,"OVER $1,500",03/12/2021 02:14:00 AM,FAILING TO YIELD RIGHT-OF-WAY,NOT APPLICABLE,4400,W,63RD ST,813.0,2,NO INDICATION OF INJURY,0.0,0.0,0.0,0.0,0.0,2.0,0.0,2,6,3,41.778652374,-87.732589629,POINT (-87.732589628521 41.77865237433),2021,134
O1179559,DRIVER,5397a6f3c02b0c069cc2f1fbe857778d25288ab593b8584690ea134bf3d280733adcf5c18c3d6c8813fe53f5b298707819b01dcf6b8407265ab167c8d9c514a7,JE366616,1119060.0,09/08/2021 08:30:00 PM,RICHTON PARK,IL,60471,M,24.0,SAFETY BELT USED,DID NOT DEPLOY,NONE,NO INDICATION OF INJURY,NONE,NOT OBSCURED,NORMAL,TEST NOT OFFERED,2021,JE366616,09/08/2021 08:30:00 PM,30,NO CONTROLS,NO CONTROLS,CLEAR,"DARKNESS, LIGHTED ROAD",TURNING,ONE-WAY,STRAIGHT AND LEVEL,DRY,NO DEFECTS,NOT ON SCENE (DESK REPORT),NO INJURY / DRIVE AWAY,Y,Y,"OVER $1,500",09/08/2021 09:25:00 PM,IMPROPER OVERTAKING/PASSING,UNABLE TO DETERMINE,500,S,CLAREMONT AVE,1225.0,2,NO INDICATION OF INJURY,0.0,0.0,0.0,0.0,0.0,2.0,0.0,20,4,9,41.874922173,-87.68517785799999,POINT (-87.685177857625 41.874922172535),2021,1230
O1068292,DRIVER,928b92d0b25f2c99b6eae7a6dd1c34cd830d8688141fa7b6df15f5aec858308e61aee18dc0a496916e1ac12b0445a19496940b0cd0eda72ef6e03d1ac5cd126b,JE185609,1013137.0,03/31/2021 04:56:00 PM,MADISON,WI,53703,F,29.0,SAFETY BELT USED,NOT APPLICABLE,NONE,NO INDICATION OF INJURY,NONE,NOT OBSCURED,NORMAL,TEST NOT OFFERED,2021,JE185609,03/31/2021 04:56:00 PM,30,TRAFFIC SIGNAL,FUNCTIONING PROPERLY,CLEAR,DAYLIGHT,SIDESWIPE SAME DIRECTION,CENTER TURN LANE,STRAIGHT AND LEVEL,DRY,NO DEFECTS,ON SCENE,NO INJURY / DRIVE AWAY,Y,Y,$500 OR LESS,03/31/2021 06:13:00 PM,UNABLE TO DETERMINE,UNABLE TO DETERMINE,1632,E,HAYES DR,331.0,2,NO INDICATION OF INJURY,0.0,0.0,0.0,0.0,0.0,2.0,0.0,16,4,3,41.78074323,-87.584654014,POINT (-87.584654013631 41.780743230431),2021,1016
O1153762,DRIVER,49922201822e9e59fdfec624df72685eb0a04c135bb1ec9d5229133aa7774f35267e5ba99b88db105b735a6f7d6b9dea51a0bbebc5b3ea109c8b322104427bb8,JE324090,1094428.0,08/03/2021 02:45:00 AM,CHICAGO,IL,60628,F,36.0,USAGE UNKNOWN,"DEPLOYED, COMBINATION",NONE,NO INDICATION OF INJURY,NONE,NOT OBSCURED,NORMAL,TEST NOT OFFERED,2021,JE324090,08/03/2021 02:45:00 AM,30,TRAFFIC SIGNAL,FUNCTIONING PROPERLY,CLEAR,"DARKNESS, LIGHTED ROAD",ANGLE,DIVIDED - W/MEDIAN (NOT RAISED),STRAIGHT AND LEVEL,DRY,UNKNOWN,ON SCENE,INJURY AND / OR TOW DUE TO CRASH,Y,Y,"OVER $1,500",08/03/2021 02:46:00 AM,DISREGARDING TRAFFIC SIGNALS,UNABLE TO DETERMINE,759,W,59TH ST,711.0,2,NO INDICATION OF INJURY,0.0,0.0,0.0,0.0,0.0,3.0,0.0,2,3,8,41.786916217,-87.644905598,POINT (-87.644905598294 41.786916217013),2021,165
O1064656,DRIVER,fcd2ae5412b15ca0e8feaaaed7072c78b1744157d8147d5192ef2b20689f54517e57f64bd6047a2be111a95e44cac5d315cf4de4abaf34ab95ac9557b685c521,JE179609,1009645.0,03/25/2021 04:55:00 PM,LA GRANGE PARK,IL,60526,M,32.0,SAFETY BELT USED,"DEPLOYED, FRONT",NONE,NO INDICATION OF INJURY,FOLLOWED TOO CLOSELY,UNKNOWN,NORMAL,TEST NOT OFFERED,2021,JE179609,03/25/2021 04:55:00 PM,30,TRAFFIC SIGNAL,FUNCTIONING PROPERLY,CLEAR,DAYLIGHT,REAR END,NOT DIVIDED,STRAIGHT AND LEVEL,DRY,NO DEFECTS,NOT ON SCENE (DESK REPORT),NO INJURY / DRIVE AWAY,Y,N,"OVER $1,500",03/25/2021 05:25:00 PM,DRIVING SKILLS/KNOWLEDGE/EXPERIENCE,FAILING TO REDUCE SPEED TO AVOID CRASH,1064,N,MILWAUKEE AVE,1213.0,2,NO INDICATION OF INJURY,0.0,0.0,0.0,0.0,0.0,2.0,0.0,16,5,3,41.9011391,-87.66325548399999,POINT (-87.663255483991 41.90113910034),2021,1015