PERSON_ID,PERSON_TYPE,CRASH_RECORD_ID,RD_NO_x,VEHICLE_ID,CRASH_DATE_x,CITY,STATE,ZIPCODE,SEX,AGE,SAFETY_EQUIPMENT,AIRBAG_DEPLOYED,EJECTION,INJURY_CLASSIFICATION,DRIVER_ACTION,DRIVER_VISION,PHYSICAL_CONDITION,BAC_RESULT,CRASH_YEAR_x,RD_NO_y,CRASH_DATE_y,POSTED_SPEED_LIMIT,TRAFFIC_CONTROL_DEVICE,DEVICE_CONDITION,WEATHER_CONDITION,LIGHTING_CONDITION,FIRST_CRASH_TYPE,TRAFFICWAY_TYPE,ALIGNMENT,ROADWAY_SURFACE_COND,ROAD_DEFECT,REPORT_TYPE,CRASH_TYPE,INTERSECTION_RELATED_I,HIT_AND_RUN_I,DAMAGE,DATE_POLICE_NOTIFIED,PRIM_CONTRIBUTORY_CAUSE,SEC_CONTRIBUTORY_CAUSE,STREET_NO,STREET_DIRECTION,STREET_NAME,BEAT_OF_OCCURRENCE,NUM_UNITS,MOST_SEVERE_INJURY,INJURIES_TOTAL,INJURIES_FATAL,INJURIES_INCAPACITATING,INJURIES_NON_INCAPACITATING,INJURIES_REPORTED_NOT_EVIDENT,INJURIES_NO_INDICATION,INJURIES_UNKNOWN,CRASH_HOUR,CRASH_DAY_OF_WEEK,CRASH_MONTH,LATITUDE,LONGITUDE,LOCATION,CRASH_YEAR_y,TIME
O1088585,DRIVER,e00412c5273ae80c10d392734b75bcef7704e974b8b8e48b570861aaffe4a6b8036b6c09ec25be252f1a74794117fc5b6c2ef56cf49b3da609e4587691000f69,JE219283,1032473.0,05/04/2021 12:03:00 PM,CHICAGO,IL,60657,F,31.0,USAGE UNKNOWN,DID NOT DEPLOY,NONE,NO INDICATION OF INJURY,NONE,NOT OBSCURED,NORMAL,TEST NOT OFFERED,2021,JE219283,05/04/2021 12:03:00 PM,30,NO CONTROLS,NO CONTROLS,RAIN,DAYLIGHT,ANGLE,FOUR WAY,STRAIGHT AND LEVEL,WET,NO DEFECTS,ON SCENE,NO INJURY / DRIVE AWAY,Y,Y,"OVER $1,500",05/04/2021 12:03:00 PM,IMPROPER LANE USAGE,UNABLE TO DETERMINE,2059,W,BELMONT AVE,1931.0,2,NO INDICATION OF INJURY,0.0,0.0,0.0,0.0,0.0,3.0,0.0,12,3,5,41.939434866999996,-87.68065694,POINT (-87.680656940474 41.939434867165),2021,723
O1096529,DRIVER,bd58b3a951b20f10db0e78583a8963f70f2e91a5533d501a85fe7fc21e88f6e7fd6c41c0dd8c834725d8f2b3cd9de5262424ee38e87bf325081f506a468d540a,JE231953,1040070.0,05/14/2021 12:15:00 AM,CHICAGO,IL,60649,M,35.0,SAFETY BELT USED,DID NOT DEPLOY,NONE,NO INDICATION OF INJURY,NONE,NOT OBSCURED,NORMAL,TEST NOT OFFERED,2021,JE231953,05/14/2021 12:15:00 AM,30,TRAFFIC SIGNAL,FUNCTIONING PROPERLY,CLEAR,"DARKNESS, LIGHTED ROAD",ANGLE,FOUR WAY,STRAIGHT AND LEVEL,DRY,NO DEFECTS,NOT ON SCENE (DESK REPORT),NO INJURY / DRIVE AWAY,Y,Y,"OVER $1,500",05/16/2021 01:35:00 PM,DISREGARDING TRAFFIC SIGNALS,UNABLE TO DETERMINE,8700,S,COMMERCIAL AVE,423.0,2,NO INDICATION OF INJURY,0.0,0.0,0.0,0.0,0.0,2.0,0.0,0,6,5,41.737285572,-87.551575144,POINT (-87.551575144327 41.73728557189),2021,15
O1042142,DRIVER,3ca2f485419f5482459d31d67309f70aab330bf657a174ef4d7d906715588074fbaf59ae86d048d7ea3ffefefd8713199ea193a76b7ce0628207bd5cc817725e,JE141340,987926.0,02/14/2021 08:50:00 AM,CHICAGO,IL,60619,F,24.0,SAFETY BELT USED,NOT APPLICABLE,NONE,NO INDICATION OF INJURY,NONE,NOT OBSCURED,NORMAL,TEST NOT OFFERED,2021,JE141340,02/14/2021 08:50:00 AM,35,TRAFFIC SIGNAL,FUNCTIONING PROPERLY,CLEAR,DAYLIGHT,REAR END,FOUR WAY,STRAIGHT AND LEVEL,UNKNOWN,UNKNOWN,NOT ON SCENE (DESK REPORT),NO INJURY / DRIVE AWAY,Y,Y,"$501 - $1,500",02/14/2021 09:20:00 AM,UNABLE TO DETERMINE,NOT APPLICABLE,7301,S,STONY ISLAND AVE,324.0,2,NO INDICATION OF INJURY,0.0,0.0,0.0,0.0,0.0,2.0,0.0,8,1,2,41.762370032,-87.58568492799999,POINT (-87.585684927597 41.762370032384),2021,530
O1142131,DRIVER,315094d2740791c74b01582cac0a5fbd8af55ced1ef97a3eb0958cde8cca1fe8a347deeaccdc470440fd7ba5dbda06d0875c6d3ac8b918965fe25b7d82c7bc11,JE305251,1083371.0,07/18/2021 04:04:00 AM,CHICAGO,IL,60632,F,41.0,SAFETY BELT USED,"DEPLOYED, COMBINATION",NONE,NO INDICATION OF INJURY,NONE,UNKNOWN,NORMAL,TEST REFUSED,2021,JE305251,07/18/2021 04:04:00 AM,35,TRAFFIC SIGNAL,FUNCTIONING PROPERLY,CLEAR,"DARKNESS, LIGHTED ROAD",ANGLE,FOUR WAY,STRAIGHT AND LEVEL,DRY,NO DEFECTS,ON SCENE,INJURY AND / OR TOW DUE TO CRASH,Y,Y,"OVER $1,500",07/18/2021 04:19:00 AM,UNABLE TO DETERMINE,FAILING TO YIELD RIGHT-OF-WAY,4700,S,PULASKI RD,815.0,2,NO INDICATION OF INJURY,0.0,0.0,0.0,0.0,0.0,3.0,0.0,4,1,7,41.807788769,-87.723730332,POINT (-87.72373033158 41.807788769095),2021,244
O1129196,DRIVER,2de9532dadb64e77bafc5f9a6e8173082915e794e7a9227a5f34d5df006d553c19726cb7a19652bdee2b0578e159556dcef121b57f3e100132b97c3602803f88,JE283962,1071121.0,06/29/2021 06:20:00 PM,CHICAGO,IL,60612,M,32.0,SAFETY BELT USED,DID NOT DEPLOY,NONE,"REPORTED, NOT EVIDENT",NONE,NOT OBSCURED,NORMAL,TEST NOT OFFERED,2021,JE283962,06/29/2021 06:20:00 PM,30,TRAFFIC SIGNAL,FUNCTIONING PROPERLY,CLEAR,DAYLIGHT,ANGLE,ONE-WAY,STRAIGHT AND LEVEL,DRY,NO DEFECTS,ON SCENE,INJURY AND / OR TOW DUE TO CRASH,Y,Y,"OVER $1,500",06/29/2021 06:25:00 PM,DISREGARDING TRAFFIC SIGNALS,NOT APPLICABLE,2400,S,WABASH AVE,131.0,2,"REPORTED, NOT EVIDENT",1.0,0.0,0.0,0.0,1.0,4.0,0.0,18,3,6,41.849207481,-87.625561511,POINT (-87.6255615115 41.849207480559),2021,1100
O1081105,DRIVER,63a452d79a46b1bf83a28c48ef01aab6e21e3455247a9a727952811049179e21b319d307b20aa1efd6b4d1f555569fb450fccf636c460bf888909cd7099a47c9,JE207130,1025323.0,04/22/2021 06:35:00 PM,CHICAGO,IL,60651,F,63.0,SAFETY BELT USED,DID NOT DEPLOY,NONE,NO INDICATION OF INJURY,NONE,NOT OBSCURED,NORMAL,TEST NOT OFFERED,2021,JE207130,04/22/2021 06:35:00 PM,30,NO CONTROLS,NO CONTROLS,CLEAR,DUSK,REAR END,NOT DIVIDED,STRAIGHT AND LEVEL,DRY,NO DEFECTS,ON SCENE,NO INJURY / DRIVE AWAY,Y,Y,"OVER $1,500",04/22/2021 06:46:00 PM,FAILING TO REDUCE SPEED TO AVOID CRASH,NOT APPLICABLE,501,S,LARAMIE AVE,1533.0,2,NO INDICATION OF INJURY,0.0,0.0,0.0,0.0,0.0,2.0,0.0,18,5,4,41.873896835,-87.75468008700001,POINT (-87.754680086507 41.873896834903),2021,1115
O1219518,DRIVER,c847b7e59de18c0e30c905e126ac536b0a0d18a31e11b3d24336080966c97b521e66572915218e75c86d7906e75f0c0e600e5afa0add691529afd6f5f8df3698,JE432211,1157219.0,11/03/2021 08:19:00 AM,MELROSE PARK,IL,60160,M,32.0,SAFETY BELT USED,DID NOT DEPLOY,NONE,NO INDICATION OF INJURY,NONE,NOT OBSCURED,NORMAL,TEST NOT OFFERED,2021,JE432211,11/03/2021 08:19:00 AM,30,TRAFFIC SIGNAL,FUNCTIONING PROPERLY,CLEAR,DAYLIGHT,REAR END,FOUR WAY,STRAIGHT AND LEVEL,DRY,NO DEFECTS,ON SCENE,NO INJURY / DRIVE AWAY,Y,Y,"OVER $1,500",11/03/2021 08:27:00 AM,IMPROPER OVERTAKING/PASSING,FAILING TO REDUCE SPEED TO AVOID CRASH,1,E,GRAND AVE,1834.0,2,NO INDICATION OF INJURY,0.0,0.0,0.0,0.0,0.0,3.0,0.0,8,4,11,41.891565762,-87.62799288299999,POINT (-87.62799288322 41.891565762144),2021,499
O1213756,DRIVER,2e093055cc862d14302b800c45efd2ae188a6ef30488ef0c88797bb5f62cd20fcbe06f260fc738eba8eb9af5eddf25b203b4695945e67620359cecef82f4471c,JE423559,1151716.0,10/26/2021 07:53:00 PM,CHICAGO,IL,60647,F,34.0,SAFETY BELT USED,DID NOT DEPLOY,NONE,NO INDICATION OF INJURY,NONE,NOT OBSCURED,NORMAL,TEST NOT OFFERED,2021,JE423559,10/26/2021 07:53:00 PM,20,TRAFFIC SIGNAL,FUNCTIONING PROPERLY,RAIN,"DARKNESS, LIGHTED ROAD",REAR END,NOT DIVIDED,STRAIGHT AND LEVEL,WET,NO DEFECTS,NOT ON SCENE (DESK REPORT),NO INJURY / DRIVE AWAY,Y,Y,"$501 - $1,500",10/26/2021 08:10:00 PM,FOLLOWING TOO CLOSELY,NOT APPLICABLE,2740,W,ARMITAGE AVE,1431.0,3,NO INDICATION OF INJURY,0.0,0.0,0.0,0.0,0.0,4.0,0.0,19,3,10,41.917607806999996,-87.696432879,POINT (-87.696432878532 41.917607806524),2021,1193
O1024281,DRIVER,48c843fc9c64905e73d0afa34f4a56d3c0fd744d8b1d1571dc7fc2571cb3b540f7cc7d6a2d423065d54ca8b992ce0ccf65b3a9fc0d9c158b1ac4038d812b1e61,JE112350,970791.0,01/14/2021 11:10:00 AM,CHICAGO,IL,60609,F,49.0,SAFETY BELT USED,DID NOT DEPLOY,NONE,NO INDICATION OF INJURY,NONE,NOT OBSCURED,NORMAL,TEST NOT OFFERED,2021,JE112350,01/14/2021 11:10:00 AM,30,TRAFFIC SIGNAL,FUNCTIONING PROPERLY,CLOUDY/OVERCAST,DAYLIGHT,ANGLE,DIVIDED - W/MEDIAN (NOT RAISED),STRAIGHT AND LEVEL,DRY,NO DEFECTS,ON SCENE,INJURY AND / OR TOW DUE TO CRASH,Y,Y,"OVER $1,500",01/14/2021 11:11:00 AM,DISREGARDING TRAFFIC SIGNALS,UNABLE TO DETERMINE,2201,S,CANAL ST,914.0,3,NONINCAPACITATING INJURY,1.0,0.0,0.0,1.0,0.0,3.0,0.0,11,5,1,41.852772955,-87.63838491,POINT (-87.63838491006 41.852772954621),2021,670
O1146904,DRIVER,add5a8d6de982373722d8b25495759a31a61880e979c1614e41ddf5b890d755a1edf0acb7aae7bac8e34d9a6d71a65a51c52a79adc17b00586ec918593b16521,JE312964,1087930.0,07/24/2021 03:00:00 AM,CHICAGO,IL,60642,M,27.0,SAFETY BELT USED,NOT APPLICABLE,NONE,NO INDICATION OF INJURY,NONE,NOT OBSCURED,NORMAL,TEST NOT OFFERED,2021,JE312964,07/24/2021 03:00:00 AM,30,STOP SIGN/FLASHER,FUNCTIONING PROPERLY,CLEAR,DAYLIGHT,SIDESWIPE OPPOSITE DIRECTION,FOUR WAY,STRAIGHT AND LEVEL,DRY,NO DEFECTS,NOT ON SCENE (DESK REPORT),NO INJURY / DRIVE AWAY,Y,N,"$501 - $1,500",07/24/2021 09:20:00 PM,DISREGARDING STOP SIGN,DISREGARDING STOP SIGN,700,S,HOMAN AVE,1133.0,2,NO INDICATION OF INJURY,0.0,0.0,0.0,0.0,0.0,2.0,0.0,3,7,7,41.872675455999996,-87.710897198,POINT (-87.710897198281 41.872675456099),2021,180
O1086873,DRIVER,f9cb5a00c2f936865597337c6e5e2b18b4afc227e3d38efcc3a471f253c5480337d0c8c494f34e844e5d7d8bae4f06248a8bf91992cef1d7906b3efd953e04e6,JE216469,1030826.0,05/01/2021 09:58:00 PM,CHICAGO,IL,60632,M,42.0,SAFETY BELT USED,NOT APPLICABLE,NONE,NO INDICATION OF INJURY,NONE,NOT OBSCURED,NORMAL,TEST NOT OFFERED,2021,JE216469,05/01/2021 09:58:00 PM,30,STOP SIGN/FLASHER,FUNCTIONING PROPERLY,CLEAR,"DARKNESS, LIGHTED ROAD",REAR END,NOT DIVIDED,"CURVE, LEVEL",DRY,"RUT, HOLES",ON SCENE,NO INJURY / DRIVE AWAY,Y,Y,$500 OR LESS,05/01/2021 09:58:00 PM,FAILING TO YIELD RIGHT-OF-WAY,FOLLOWING TOO CLOSELY,3400,W,CERMAK RD,1024.0,2,NO INDICATION OF INJURY,0.0,0.0,0.0,0.0,0.0,3.0,0.0,21,7,5,41.851815991,-87.710167258,POINT (-87.710167258415 41.85181599099),2021,1318
O1039913,DRIVER,893ee53cb469ddcc095e0d1c3d72d9c5df0925786c7ceaa5ad1ecdd8add3866a174e3bf3d2e5ffaabf6c8cb5764961e1c2285745f21b3e4e257d44d0927aafb6,JE138018,985757.0,02/10/2021 03:48:00 PM,HAMMOND,IN,46327,M,24.0,USAGE UNKNOWN,DID NOT DEPLOY,NONE,NO INDICATION OF INJURY,NONE,NOT OBSCURED,NORMAL,TEST NOT OFFERED,2021,JE138018,02/10/2021 03:48:00 PM,30,TRAFFIC SIGNAL,FUNCTIONING PROPERLY,SNOW,DAYLIGHT,ANGLE,DIVIDED - W/MEDIAN (NOT RAISED),STRAIGHT AND LEVEL,WET,NO DEFECTS,ON SCENE,INJURY AND / OR TOW DUE TO CRASH,Y,Y,"OVER $1,500",02/10/2021 03:50:00 PM,NOT APPLICABLE,NOT APPLICABLE,5100,S,ASHLAND AVE,932.0,2,NONINCAPACITATING INJURY,1.0,0.0,0.0,1.0,0.0,2.0,0.0,15,4,2,41.80122506,-87.664920958,POINT (-87.664920957694 41.801225060191),2021,948
O1095766,DRIVER,6ced1823a8443f0854deede218c8d83491c7901ae222c8507497c0e84edf5e27350ac69e90b7a3f4969af42a1068759ad9c6424ee6b42fa62878b8694d6dc8e0,JE230584,1039338.0,05/15/2021 02:00:00 AM,JOLIET,IL,60436,M,33.0,SAFETY BELT USED,"DEPLOYED, COMBINATION",NONE,NONINCAPACITATING INJURY,NONE,NOT OBSCURED,NORMAL,TEST REFUSED,2021,JE230584,05/15/2021 02:00:00 AM,30,TRAFFIC SIGNAL,FUNCTIONING PROPERLY,CLEAR,"DARKNESS, LIGHTED ROAD",ANGLE,DIVIDED - W/MEDIAN (NOT RAISED),STRAIGHT AND LEVEL,DRY,NO DEFECTS,ON SCENE,INJURY AND / OR TOW DUE TO CRASH,Y,Y,"$501 - $1,500",05/15/2021 02:03:00 AM,DISREGARDING TRAFFIC SIGNALS,DISREGARDING TRAFFIC SIGNALS,6700,S,PULASKI RD,833.0,3,INCAPACITATING INJURY,2.0,0.0,1.0,1.0,0.0,1.0,0.0,2,7,5,41.771325865,-87.72272137700001,POINT (-87.722721377294 41.771325865209),2021,120
O1153710,DRIVER,812cfbc43911fa2b7d5667a08dcbc6cb62449c5308154af4625f48b8f97cc007174be19be267c51462b5f6b456575072696e29c4e5c6d99942ac8976f3c36c7c,JE323957,1094391.0,07/24/2021 09:00:00 PM,CHICAGO,IL,60647,M,38.0,SAFETY BELT USED,DID NOT DEPLOY,NONE,NO INDICATION OF INJURY,OTHER,NOT OBSCURED,UNKNOWN,TEST NOT OFFERED,2021,JE323957,07/24/2021 09:00:00 PM,30,TRAFFIC SIGNAL,FUNCTIONING PROPERLY,CLEAR,"DARKNESS, LIGHTED ROAD",TURNING,FOUR WAY,STRAIGHT AND LEVEL,DRY,NO DEFECTS,NOT ON SCENE (DESK REPORT),NO INJURY / DRIVE AWAY,Y,N,$500 OR LESS,08/02/2021 09:30:00 PM,FAILING TO YIELD RIGHT-OF-WAY,FAILING TO REDUCE SPEED TO AVOID CRASH,800,W,BELMONT AVE,1924.0,2,NO INDICATION OF INJURY,0.0,0.0,0.0,0.0,0.0,3.0,0.0,21,7,7,41.940090125,-87.64930995899999,POINT (-87.649309959096 41.940090124848),2021,1260
O1111365,DRIVER,0306a958beb93959a087c6f50868f84d20df74e9b21387b3a930c5c6ac523c14decec424d4af2a3b6182d2a3472e8922d3af6d7a17880b32908541c9eb9471a1,JE255707,1054265.0,06/06/2021 09:35:00 AM,CHICAGO,IL,60617,M,33.0,SAFETY BELT USED,DID NOT DEPLOY,NONE,NO INDICATION OF INJURY,NONE,NOT OBSCURED,NORMAL,TEST NOT OFFERED,2021,JE255707,06/06/2021 09:35:00 AM,30,TRAFFIC SIGNAL,FUNCTIONING PROPERLY,CLEAR,DAYLIGHT,REAR END,FOUR WAY,STRAIGHT ON GRADE,DRY,UNKNOWN,ON SCENE,NO INJURY / DRIVE AWAY,Y,Y,"$501 - $1,500",06/06/2021 09:36:00 AM,UNABLE TO DETERMINE,NOT APPLICABLE,11100,S,HALSTED ST,2233.0,2,NO INDICATION OF INJURY,0.0,0.0,0.0,0.0,0.0,2.0,0.0,9,1,6,41.692263123000004,-87.64252268799999,POINT (-87.642522687627 41.692263123425),2021,575
O1178319,DRIVER,f797e748d3ae7e114dfc5f1d0d6653129750a78d43f687e804801251f02a4749e730012329cb8cef0b9977524810faf1fff1608d2cc80268391752cf1bd9e29d,JE364609,1117863.0,09/06/2021 12:00:00 PM,NORWALK,IA,50211,F,37.0,SAFETY BELT USED,NOT APPLICABLE,NONE,NO INDICATION OF INJURY,NONE,NOT OBSCURED,NORMAL,TEST NOT OFFERED,2021,JE364609,09/06/2021 12:00:00 PM,30,TRAFFIC SIGNAL,FUNCTIONING PROPERLY,CLEAR,DAYLIGHT,SIDESWIPE SAME DIRECTION,FOUR WAY,STRAIGHT AND LEVEL,DRY,NO DEFECTS,NOT ON SCENE (DESK REPORT),NO INJURY / DRIVE AWAY,Y,Y,"OVER $1,500",09/07/2021 12:03:00 PM,IMPROPER OVERTAKING/PASSING,NOT APPLICABLE,1,S,FRANKLIN ST,122.0,2,NO INDICATION OF INJURY,0.0,0.0,0.0,0.0,0.0,3.0,0.0,12,2,9,41.881902751,-87.63516406,POINT (-87.635164059795 41.881902750506),2021,720
O1241787,DRIVER,e0f6f3ce6889304f185782905b33628eefbd84e949d6ee78adae181f0c76281dd0eb4df586c142ffaac68a52c4745c910a84a94c569b0bafb63f0e940d8b54cd,JE470047,1178618.0,12/08/2021 08:08:00 AM,CHICAGO,IL,60612,M,36.0,USAGE UNKNOWN,NOT APPLICABLE,NONE,NO INDICATION OF INJURY,NONE,UNKNOWN,NORMAL,TEST NOT OFFERED,2021,JE470047,12/08/2021 08:08:00 AM,30,STOP SIGN/FLASHER,FUNCTIONING PROPERLY,CLEAR,DAYLIGHT,ANGLE,DIVIDED - W/MEDIAN (NOT RAISED),STRAIGHT AND LEVEL,DRY,NO DEFECTS,NOT ON SCENE (DESK REPORT),NO INJURY / DRIVE AWAY,Y,Y,"OVER $1,500",12/08/2021 10:05:00 AM,FAILING TO YIELD RIGHT-OF-WAY,"OPERATING VEHICLE IN ERRATIC, RECKLESS, CARELESS, NEGLIGENT OR AGGRESSIVE MANNER",335,N,SACRAMENTO BLVD,1222.0,2,NO INDICATION OF INJURY,0.0,0.0,0.0,0.0,0.0,2.0,0.0,8,4,12,41.887531962,-87.70124078799999,POINT (-87.701240788028 41.887531962401),2021,488
O1182895,DRIVER,5f50fd6775ca8c5ac95006cbb1a0594f841cdd619833c79487200caffdd1052bec84297936c5bd5cf57ab4c32b369d12caaa1a4d23ccf56bfb8338122ec3aa72,JE372150,1122242.0,09/13/2021 03:50:00 PM,CHICAGO,IL,60621,F,51.0,SAFETY BELT USED,DID NOT DEPLOY,NONE,NO INDICATION OF INJURY,NONE,NOT OBSCURED,NORMAL,TEST NOT OFFERED,2021,JE372150,09/13/2021 03:50:00 PM,30,TRAFFIC SIGNAL,FUNCTIONING PROPERLY,CLEAR,DAYLIGHT,REAR END,DIVIDED - W/MEDIAN BARRIER,STRAIGHT AND LEVEL,DRY,NO DEFECTS,ON SCENE,NO INJURY / DRIVE AWAY,Y,Y,"OVER $1,500",09/13/2021 04:10:00 PM,IMPROPER OVERTAKING/PASSING,"OPERATING VEHICLE IN ERRATIC, RECKLESS, CARELESS, NEGLIGENT OR AGGRESSIVE MANNER",8715,S,ASHLAND AVE,2221.0,2,NO INDICATION OF INJURY,0.0,0.0,0.0,0.0,0.0,2.0,0.0,15,2,9,41.735292323,-87.662906596,POINT (-87.66290659617 41.73529232295),2021,950
O1227513,DRIVER,474719a0d8aabaaf66e54da2e698633e0685484d83672b6be6913dc70869ee4a7d294b4f6eb78b8bf7ddfd3ad5ebff0e05d68de6d8f5e456514e3de6e7c88efe,JE446052,1164880.0,11/15/2021 01:58:00 PM,FOREST PARK,IL,60130,F,30.0,SAFETY BELT USED,DID NOT DEPLOY,NONE,"REPORTED, NOT EVIDENT",NONE,NOT OBSCURED,NORMAL,TEST NOT OFFERED,2021,JE446052,11/15/2021 01:58:00 PM,35,TRAFFIC SIGNAL,FUNCTIONING PROPERLY,SNOW,DAYLIGHT,ANGLE,NOT DIVIDED,STRAIGHT AND LEVEL,WET,NO DEFECTS,ON SCENE,INJURY AND / OR TOW DUE TO CRASH,Y,Y,"OVER $1,500",11/15/2021 02:02:00 PM,DISREGARDING TRAFFIC SIGNALS,UNABLE TO DETERMINE,3400,W,ARMITAGE AVE,1413.0,2,"REPORTED, NOT EVIDENT",1.0,0.0,0.0,0.0,1.0,2.0,0.0,13,2,11,41.917450989,-87.711988373,POINT (-87.711988372904 41.917450988693),2021,838
O1168661,DRIVER,c1b656589bf300fd459fa816e2004dc628cfbd71f64b83bcd116545db72d2bac0d12d69048396d2349e3977cdbf8d28ca5d3559f42e0f308e1ac4ecabb1f47fb,JE348755,1108604.0,08/24/2021 04:30:00 PM,CHICAGO,IL,60644,M,21.0,SAFETY BELT USED,DID NOT DEPLOY,NONE,NO INDICATION OF INJURY,NONE,NOT OBSCURED,NORMAL,TEST NOT OFFERED,2021,JE348755,08/24/2021 04:30:00 PM,30,TRAFFIC SIGNAL,FUNCTIONING PROPERLY,CLEAR,DAYLIGHT,REAR END,DIVIDED - W/MEDIAN (NOT RAISED),STRAIGHT AND LEVEL,DRY,NO DEFECTS,NOT ON SCENE (DESK REPORT),INJURY AND / OR TOW DUE TO CRASH,Y,Y,"OVER $1,500",08/24/2021 06:19:00 PM,UNABLE TO DETERMINE,NOT APPLICABLE,1951,E,95TH ST,431.0,3,"REPORTED, NOT EVIDENT",1.0,0.0,0.0,0.0,1.0,3.0,0.0,16,3,8,41.722354448000004,-87.57577806399999,POINT (-87.575778064147 41.722354448293),2021,990
O1059691,DRIVER,f3bb85937a6511431e0a1aef0f50757f890699e9613d596cd81ac469097ff75b6a82ef55c9b26e966924d1fb749f98cec884a3677b08c14ea54d4984c5a622a0,JE170890,1004914.0,03/16/2021 05:30:00 PM,CHICAGO,IL,60643,F,49.0,SAFETY BELT USED,DID NOT DEPLOY,NONE,NO INDICATION OF INJURY,NONE,NOT OBSCURED,NORMAL,TEST NOT OFFERED,2021,JE170890,03/16/2021 05:30:00 PM,30,TRAFFIC SIGNAL,FUNCTIONING PROPERLY,CLEAR,DAYLIGHT,SIDESWIPE SAME DIRECTION,FOUR WAY,STRAIGHT ON GRADE,DRY,NO DEFECTS,NOT ON SCENE (DESK REPORT),NO INJURY / DRIVE AWAY,Y,Y,"OVER $1,500",03/16/2021 07:00:00 PM,IMPROPER OVERTAKING/PASSING,NOT APPLICABLE,1600,W,115TH ST,2234.0,2,NO INDICATION OF INJURY,0.0,0.0,0.0,0.0,0.0,2.0,0.0,17,3,3,41.68492729,-87.66177922600001,POINT (-87.661779225549 41.684927289624),2021,1050
O1186936,DRIVER,490665c134d9827c07c63729f352668154c201afa5d46bfcba2fec8b776a04043d42572d3ffaa20bacc3892d11909bb5835ca62839db066fdd12efb43c03316b,JE378681,1126091.0,09/18/2021 05:20:00 PM,CHICAGO,IL,60629,M,17.0,USAGE UNKNOWN,DID NOT DEPLOY,NONE,NO INDICATION OF INJURY,UNKNOWN,NOT OBSCURED,NORMAL,TEST NOT OFFERED,2021,JE378681,09/18/2021 05:20:00 PM,30,TRAFFIC SIGNAL,FUNCTIONING PROPERLY,CLEAR,DAYLIGHT,TURNING,NOT DIVIDED,STRAIGHT AND LEVEL,DRY,NO DEFECTS,ON SCENE,INJURY AND / OR TOW DUE TO CRASH,Y,Y,"OVER $1,500",09/18/2021 05:22:00 PM,UNABLE TO DETERMINE,UNABLE TO DETERMINE,5700,S,KEDZIE AVE,822.0,2,NO INDICATION OF INJURY,0.0,0.0,0.0,0.0,0.0,2.0,0.0,17,7,9,41.789790822,-87.70359877,POINT (-87.703598769655 41.789790821511),2021,1040
O1121156,DRIVER,761b023b310266183b91e5b0f83653661daa2be87626c02f582222f998a8eb75f3a6e7a8fab0302e09aeee6efb73ef885d047c05ef6e3e1e11664dec103bb423,JE271061,1063458.0,06/18/2021 06:00:00 PM,CHICAGO,IL,60609,F,40.0,SAFETY BELT USED,DID NOT DEPLOY,NONE,NO INDICATION OF INJURY,NONE,NOT OBSCURED,NORMAL,TEST NOT OFFERED,2021,JE271061,06/18/2021 06:00:00 PM,30,TRAFFIC SIGNAL,UNKNOWN,CLEAR,DAYLIGHT,ANGLE,NOT DIVIDED,STRAIGHT AND LEVEL,UNKNOWN,UNKNOWN,NOT ON SCENE (DESK REPORT),NO INJURY / DRIVE AWAY,Y,Y,"OVER $1,500",06/18/2021 08:00:00 PM,"OPERATING VEHICLE IN ERRATIC, RECKLESS, CARELESS, NEGLIGENT OR AGGRESSIVE MANNER",FAILING TO YIELD RIGHT-OF-WAY,3900,S,STATE ST,213.0,2,NO INDICATION OF INJURY,0.0,0.0,0.0,0.0,0.0,4.0,0.0,18,6,6,41.823629661999995,-87.62657307100001,POINT (-87.626573071207 41.823629662422),2021,1080
O1034533,DRIVER,5b56b409a5578cb6d834f545d6930e5585ec609648e63223dade4f8fdcde522ea4189800f408b0dc22c2622c5e40b39aa47dae318071b18775a80072a29cd075,JE130495,980644.0,02/02/2021 03:45:00 PM,CHICAGO,IL,60619,F,42.0,SHOULD/LAP BELT USED IMPROPERLY,NOT APPLICABLE,NONE,NO INDICATION OF INJURY,NONE,UNKNOWN,UNKNOWN,TEST NOT OFFERED,2021,JE130495,02/02/2021 03:45:00 PM,30,NO CONTROLS,NO CONTROLS,CLEAR,DAYLIGHT,TURNING,DIVIDED - W/MEDIAN (NOT RAISED),STRAIGHT AND LEVEL,DRY,UNKNOWN,NOT ON SCENE (DESK REPORT),NO INJURY / DRIVE AWAY,Y,N,"OVER $1,500",02/02/2021 04:00:00 PM,UNABLE TO DETERMINE,UNABLE TO DETERMINE,4700,S,MICHIGAN AVE,224.0,2,NO INDICATION OF INJURY,0.0,0.0,0.0,0.0,0.0,2.0,0.0,15,3,2,41.809193513000004,-87.622979306,POINT (-87.62297930642 41.809193513201),2021,945
O1150098,DRIVER,2929f21987b60cb3ea8650fa7025411ff51c61bb482af9830ddbe663c190d2b13d048fbd2ae159680f08694d6a48bb0a1556284f35c59ef514398a335b49708c,JE318355,1090936.0,07/28/2021 05:20:00 PM,CHCAGO,IL,60651,F,32.0,SAFETY BELT USED,NOT APPLICABLE,NONE,NO INDICATION OF INJURY,UNKNOWN,NOT OBSCURED,NORMAL,TEST NOT OFFERED,2021,JE318355,07/28/2021 05:20:00 PM,30,TRAFFIC SIGNAL,FUNCTIONING PROPERLY,CLEAR,DAYLIGHT,TURNING,DRIVEWAY,STRAIGHT AND LEVEL,DRY,NO DEFECTS,NOT ON SCENE (DESK REPORT),NO INJURY / DRIVE AWAY,Y,Y,"OVER $1,500",07/29/2021 11:00:00 AM,UNABLE TO DETERMINE,UNABLE TO DETERMINE,4801,W,CHICAGO AVE,1531.0,2,NO INDICATION OF INJURY,0.0,0.0,0.0,0.0,0.0,4.0,0.0,17,4,7,41.894892721,-87.745927024,POINT (-87.745927023949 41.894892721418),2021,1040