PERSON_ID,PERSON_TYPE,CRASH_RECORD_ID,RD_NO_x,VEHICLE_ID,CRASH_DATE_x,CITY,STATE,ZIPCODE,SEX,AGE,SAFETY_EQUIPMENT,AIRBAG_DEPLOYED,EJECTION,INJURY_CLASSIFICATION,DRIVER_ACTION,DRIVER_VISION,PHYSICAL_CONDITION,BAC_RESULT,CRASH_YEAR_x,RD_NO_y,CRASH_DATE_y,POSTED_SPEED_LIMIT,TRAFFIC_CONTROL_DEVICE,DEVICE_CONDITION,WEATHER_CONDITION,LIGHTING_CONDITION,FIRST_CRASH_TYPE,TRAFFICWAY_TYPE,ALIGNMENT,ROADWAY_SURFACE_COND,ROAD_DEFECT,REPORT_TYPE,CRASH_TYPE,INTERSECTION_RELATED_I,HIT_AND_RUN_I,DAMAGE,DATE_POLICE_NOTIFIED,PRIM_CONTRIBUTORY_CAUSE,SEC_CONTRIBUTORY_CAUSE,STREET_NO,STREET_DIRECTION,STREET_NAME,BEAT_OF_OCCURRENCE,NUM_UNITS,MOST_SEVERE_INJURY,INJURIES_TOTAL,INJURIES_FATAL,INJURIES_INCAPACITATING,INJURIES_NON_INCAPACITATING,INJURIES_REPORTED_NOT_EVIDENT,INJURIES_NO_INDICATION,INJURIES_UNKNOWN,CRASH_HOUR,CRASH_DAY_OF_WEEK,CRASH_MONTH,LATITUDE,LONGITUDE,LOCATION,CRASH_YEAR_y,TIME
O1205361,DRIVER,cc0193110d40738a20a7917c0f44041326bc93bd7f4e476e5b02a4fa6f1ef2c3f55778a83416c4ee1457f46c453b7da4e52cf0b681e070542e9fdc8480d93f95,JE409858,1143727.0,10/14/2021 06:13:00 PM,CHICAGO,IL,60628,F,19.0,USAGE UNKNOWN,DEPLOYMENT UNKNOWN,NONE,NONINCAPACITATING INJURY,UNKNOWN,UNKNOWN,UNKNOWN,TEST NOT OFFERED,2021,JE409858,10/14/2021 06:13:00 PM,30,TRAFFIC SIGNAL,FUNCTIONING PROPERLY,CLEAR,DAYLIGHT,SIDESWIPE SAME DIRECTION,FOUR WAY,STRAIGHT AND LEVEL,DRY,UNKNOWN,ON SCENE,INJURY AND / OR TOW DUE TO CRASH,Y,Y,"OVER $1,500",10/14/2021 06:51:00 PM,FAILING TO REDUCE SPEED TO AVOID CRASH,UNABLE TO DETERMINE,798,W,120TH ST,524.0,2,NONINCAPACITATING INJURY,4.0,0.0,0.0,4.0,0.0,1.0,0.0,18,5,10,41.676103399999995,-87.64180740799999,POINT (-87.641807407779 41.676103400322),2021,1093
O1180330,DRIVER,0b48e1bf026c61f38f2a23888f5430c5a462275c781d8a7737db7b971136c7c678343cf79df0b083a7a4a9c9fb72f8fbe82d2c79b7c567c8a4a72b802432b338,JE367886,1119797.0,09/10/2021 01:23:00 AM,CHICAGO,IL,60637,M,64.0,USAGE UNKNOWN,DID NOT DEPLOY,NONE,NO INDICATION OF INJURY,NONE,NOT OBSCURED,NORMAL,TEST NOT OFFERED,2021,JE367886,09/10/2021 01:23:00 AM,25,TRAFFIC SIGNAL,FUNCTIONING PROPERLY,CLEAR,"DARKNESS, LIGHTED ROAD",SIDESWIPE SAME DIRECTION,NOT DIVIDED,STRAIGHT AND LEVEL,DRY,NO DEFECTS,ON SCENE,NO INJURY / DRIVE AWAY,Y,Y,"OVER $1,500",09/10/2021 01:37:00 AM,DISREGARDING TRAFFIC SIGNALS,FAILING TO REDUCE SPEED TO AVOID CRASH,380,E,71ST ST,322.0,2,NO INDICATION OF INJURY,0.0,0.0,0.0,0.0,0.0,3.0,0.0,1,6,9,41.765819375,-87.615346765,POINT (-87.615346765287 41.765819375359),2021,83
O1052794,DRIVER,cb0680f375cb4bee0c3af1d4f8fe8520b6f9f70375d35fcba7f6f2a973032185dad6bb841b46539b6bcdfff27b3a60b0005d798584e717c3624b31de1b875068,JE157913,998250.0,03/03/2021 12:30:00 PM,CHICAGO,IL,60628,M,71.0,SAFETY BELT USED,DID NOT DEPLOY,NONE,NO INDICATION OF INJURY,OTHER,NOT OBSCURED,NORMAL,TEST NOT OFFERED,2021,JE157913,03/03/2021 12:30:00 PM,15,NO CONTROLS,NO CONTROLS,CLEAR,DAYLIGHT,REAR TO SIDE,NOT DIVIDED,STRAIGHT AND LEVEL,DRY,NO DEFECTS,ON SCENE,NO INJURY / DRIVE AWAY,Y,Y,"OVER $1,500",03/03/2021 12:45:00 PM,IMPROPER BACKING,NOT APPLICABLE,300,W,97TH ST,511.0,2,NO INDICATION OF INJURY,0.0,0.0,0.0,0.0,0.0,2.0,0.0,12,4,3,41.718098472,-87.63105554200001,POINT (-87.631055542263 41.718098471748),2021,750
O1173917,DRIVER,631148f2cc0108354d9978defaee3b0dcbcf67b66d34e543dcf9fd23906f9c0327c7758379606e31888b1abccf70c00e3726ad562589544b30895e5a513b28a5,JE357065,1113620.0,08/31/2021 06:10:00 PM,EVERGREEN PARK,IL,60805,M,43.0,SAFETY BELT USED,DID NOT DEPLOY,NONE,NO INDICATION OF INJURY,NONE,NOT OBSCURED,NORMAL,TEST NOT OFFERED,2021,JE357065,08/31/2021 06:10:00 PM,30,TRAFFIC SIGNAL,FUNCTIONING PROPERLY,CLEAR,DUSK,SIDESWIPE SAME DIRECTION,DIVIDED - W/MEDIAN (NOT RAISED),STRAIGHT ON GRADE,DRY,NO DEFECTS,NOT ON SCENE (DESK REPORT),NO INJURY / DRIVE AWAY,Y,Y,"$501 - $1,500",08/31/2021 06:35:00 PM,DRIVING SKILLS/KNOWLEDGE/EXPERIENCE,UNABLE TO DETERMINE,2001,W,87TH ST,2221.0,2,NO INDICATION OF INJURY,0.0,0.0,0.0,0.0,0.0,3.0,0.0,18,3,8,41.735544735,-87.672801281,POINT (-87.672801280906 41.735544734727),2021,1090
O1212776,DRIVER,d706231bcc0e939ebe6d2e14613a44e8bfedc4ac432be25820bdeaf09764cb3e4f9d53dfbe03bb10c3d896ad575ccee7971f6b42e76ac29fcd29abb4cca3ee50,JE421938,1150784.0,10/25/2021 01:15:00 PM,CHICAGO,IL,60643,F,34.0,SAFETY BELT USED,DID NOT DEPLOY,NONE,NO INDICATION OF INJURY,NONE,NOT OBSCURED,NORMAL,TEST NOT OFFERED,2021,JE421938,10/25/2021 01:15:00 PM,30,STOP SIGN/FLASHER,FUNCTIONING PROPERLY,RAIN,DAYLIGHT,ANGLE,FOUR WAY,STRAIGHT AND LEVEL,WET,NO DEFECTS,NOT ON SCENE (DESK REPORT),NO INJURY / DRIVE AWAY,Y,Y,"OVER $1,500",10/25/2021 01:56:00 PM,IMPROPER BACKING,NOT APPLICABLE,9501,S,RACINE AVE,2213.0,2,NO INDICATION OF INJURY,0.0,0.0,0.0,0.0,0.0,3.0,0.0,13,2,10,41.721286409,-87.652799396,POINT (-87.652799395889 41.721286408926),2021,795
O1193718,DRIVER,5040e209ea8a9304c0458893800140d8875e16b7304b80fd664e49bfecf30c6c3c6b0777350949b85c2c16cacfd341946265d7450c1e175e0213932e83db99e8,JE390189,1132602.0,09/28/2021 11:00:00 AM,CHICAGO,IL,60636,M,26.0,SAFETY BELT USED,NOT APPLICABLE,NONE,NONINCAPACITATING INJURY,NONE,UNKNOWN,NORMAL,TEST NOT OFFERED,2021,JE390189,09/28/2021 11:00:00 AM,40,TRAFFIC SIGNAL,FUNCTIONING PROPERLY,CLEAR,DAYLIGHT,SIDESWIPE SAME DIRECTION,DIVIDED - W/MEDIAN (NOT RAISED),STRAIGHT AND LEVEL,DRY,UNKNOWN,ON SCENE,INJURY AND / OR TOW DUE TO CRASH,Y,Y,"$501 - $1,500",09/28/2021 11:30:00 AM,UNABLE TO DETERMINE,NOT APPLICABLE,400,E,LOWER WACKER DR,114.0,2,NONINCAPACITATING INJURY,1.0,0.0,0.0,1.0,0.0,1.0,0.0,11,3,9,41.887551132,-87.61735600799999,POINT (-87.617356008287 41.8875511317),2021,660
O1071807,DRIVER,5647fb86d7208a6ca358086148ef238298c3146b11301c75f17490ed00aac0b4232b88f0f76fb8a27c3c4926527b54104050da90464fc783decc0b122468f8f6,JE191216,1016453.0,04/06/2021 01:30:00 PM,CHICAGO,IL,60652,F,24.0,SAFETY BELT USED,"DEPLOYED, FRONT",NONE,NO INDICATION OF INJURY,NONE,NOT OBSCURED,NORMAL,TEST NOT OFFERED,2021,JE191216,04/06/2021 01:30:00 PM,35,TRAFFIC SIGNAL,FUNCTIONING PROPERLY,CLEAR,DAYLIGHT,ANGLE,"FIVE POINT, OR MORE",STRAIGHT AND LEVEL,DRY,NO DEFECTS,ON SCENE,INJURY AND / OR TOW DUE TO CRASH,Y,Y,"OVER $1,500",04/06/2021 01:35:00 PM,UNABLE TO DETERMINE,UNABLE TO DETERMINE,3624,W,83RD ST,834.0,2,NO INDICATION OF INJURY,0.0,0.0,0.0,0.0,0.0,2.0,0.0,13,3,4,41.742429911,-87.713004438,POINT (-87.713004438296 41.742429911311),2021,810
O1146661,DRIVER,451675b4c40878ed042cb12a4b80509e8a59ab753635d9c75b704c484fe66927cabb93503404be3c56f82052c9f89de5bdef3bc68ffed0722ed821a152f1612d,JE312691,1087696.0,07/24/2021 04:00:00 PM,BAY CITY,MI,48706,M,59.0,USAGE UNKNOWN,DID NOT DEPLOY,NONE,NO INDICATION OF INJURY,NONE,UNKNOWN,NORMAL,TEST NOT OFFERED,2021,JE312691,07/24/2021 04:00:00 PM,30,STOP SIGN/FLASHER,FUNCTIONING PROPERLY,CLEAR,DAYLIGHT,REAR END,FOUR WAY,STRAIGHT AND LEVEL,DRY,NO DEFECTS,NOT ON SCENE (DESK REPORT),NO INJURY / DRIVE AWAY,Y,N,"$501 - $1,500",07/24/2021 04:30:00 PM,FOLLOWING TOO CLOSELY,FAILING TO REDUCE SPEED TO AVOID CRASH,1901,W,43RD ST,924.0,2,NO INDICATION OF INJURY,0.0,0.0,0.0,0.0,0.0,3.0,0.0,16,7,7,41.815696819,-87.67250477799999,POINT (-87.672504777993 41.815696818508),2021,960
O1222331,DRIVER,3757c1eb165f504d5ea461ae05b9db3ba74180cbbbfb912913b1e93f622e6551df8c3b5e75d12045da371e185d5f35725262d89cea9c5f6f7807e0c09ce5a6ca,JE436778,1159916.0,11/07/2021 06:57:00 AM,CHICAGO,IL,60620,F,43.0,SAFETY BELT USED,DEPLOYMENT UNKNOWN,NONE,NO INDICATION OF INJURY,UNKNOWN,NOT OBSCURED,NORMAL,TEST NOT OFFERED,2021,JE436778,11/07/2021 06:57:00 AM,30,TRAFFIC SIGNAL,FUNCTIONING PROPERLY,CLEAR,DAYLIGHT,TURNING,NOT DIVIDED,STRAIGHT AND LEVEL,DRY,NO DEFECTS,NOT ON SCENE (DESK REPORT),NO INJURY / DRIVE AWAY,Y,Y,"$501 - $1,500",11/07/2021 07:30:00 AM,UNABLE TO DETERMINE,UNABLE TO DETERMINE,6,W,79TH ST,623.0,2,NO INDICATION OF INJURY,0.0,0.0,0.0,0.0,0.0,2.0,0.0,6,1,11,41.751058746999995,-87.62476357700001,POINT (-87.624763576989 41.751058747353),2021,417
O1192784,DRIVER,cf1da7b0f699e44f8d48fa7faec81a77697eb7167cf1c0101adfc711dc6cd90b84d710527ca2e0af0e3b8875dfcece53504760a5de15daa30c3a0b34778d38f9,JE388617,1131722.0,09/27/2021 06:54:00 AM,CHICAGO,IL,60652,F,45.0,USAGE UNKNOWN,DID NOT DEPLOY,NONE,NO INDICATION OF INJURY,NONE,NOT OBSCURED,NORMAL,TEST NOT OFFERED,2021,JE388617,09/27/2021 06:54:00 AM,35,TRAFFIC SIGNAL,FUNCTIONING PROPERLY,CLEAR,DAWN,REAR END,UNKNOWN INTERSECTION TYPE,STRAIGHT AND LEVEL,DRY,NO DEFECTS,ON SCENE,NO INJURY / DRIVE AWAY,Y,Y,"OVER $1,500",09/27/2021 06:55:00 AM,UNABLE TO DETERMINE,UNABLE TO DETERMINE,3352,W,GRAND AVE,1121.0,2,NO INDICATION OF INJURY,0.0,0.0,0.0,0.0,0.0,3.0,0.0,6,2,9,41.900182808000004,-87.711040216,POINT (-87.711040216481 41.900182807605),2021,414
O1172357,DRIVER,35ef0fbb45784cd7416015f31723637e62e3aa970028ec2d064a4b8565578c782b08447f1314efbd3c53025ed66b86775284c3e74477ce5e08b02db91a9120bd,JE354572,1112147.0,08/29/2021 06:15:00 PM,HIGHLAND,IN,46322,M,47.0,USAGE UNKNOWN,DID NOT DEPLOY,NONE,NO INDICATION OF INJURY,NONE,NOT OBSCURED,NORMAL,TEST NOT OFFERED,2021,JE354572,08/29/2021 06:15:00 PM,30,STOP SIGN/FLASHER,FUNCTIONING PROPERLY,CLEAR,DAYLIGHT,ANGLE,NOT DIVIDED,STRAIGHT AND LEVEL,DRY,NO DEFECTS,NOT ON SCENE (DESK REPORT),NO INJURY / DRIVE AWAY,Y,Y,"OVER $1,500",08/29/2021 06:45:00 PM,FAILING TO YIELD RIGHT-OF-WAY,DISREGARDING STOP SIGN,500,W,111TH ST,2233.0,3,NO INDICATION OF INJURY,0.0,0.0,0.0,0.0,0.0,3.0,0.0,18,1,8,41.692553890999996,-87.635198947,POINT (-87.635198947219 41.692553891218),2021,1095
O1027770,DRIVER,1f9536d4b4add27dd24287a58e76cf669cc197b776fcd8945187cb8500c56ef3e8445e62a1a2b2fe6a407e1397e24177b8e1b3cc90e198b01b2c2d751ce88ee4,JE118568,974118.0,01/20/2021 09:30:00 PM,CHICAGO,IL,60647,F,27.0,SAFETY BELT USED,DID NOT DEPLOY,NONE,NO INDICATION OF INJURY,NONE,NOT OBSCURED,NORMAL,TEST NOT OFFERED,2021,JE118568,01/20/2021 09:30:00 PM,35,STOP SIGN/FLASHER,NO CONTROLS,UNKNOWN,"DARKNESS, LIGHTED ROAD",ANGLE,NOT DIVIDED,STRAIGHT AND LEVEL,UNKNOWN,UNKNOWN,NOT ON SCENE (DESK REPORT),NO INJURY / DRIVE AWAY,Y,Y,"OVER $1,500",01/20/2021 10:40:00 PM,DISREGARDING STOP SIGN,NOT APPLICABLE,1112,S,ST LOUIS AVE,1133.0,2,NO INDICATION OF INJURY,0.0,0.0,0.0,0.0,0.0,3.0,0.0,21,4,1,41.867704806999996,-87.71316949,POINT (-87.713169490058 41.867704807423),2021,1290
O1111498,DRIVER,abc555a0c64d94c4aeb3305bb7a0345b0fc724193a265ebbdc940f452cd3c27daa0468c81ad377f437f279ae4a00c51d5c321b0dd14f1add8c96392ecefb0c79,JE255868,1054389.0,06/06/2021 01:47:00 PM,CHICAGO,IL,60649,M,37.0,SAFETY BELT USED,DID NOT DEPLOY,NONE,"REPORTED, NOT EVIDENT",NONE,NOT OBSCURED,NORMAL,TEST NOT OFFERED,2021,JE255868,06/06/2021 01:47:00 PM,25,NO CONTROLS,NO CONTROLS,CLEAR,DAYLIGHT,ANGLE,ONE-WAY,STRAIGHT AND LEVEL,DRY,NO DEFECTS,ON SCENE,INJURY AND / OR TOW DUE TO CRASH,Y,Y,"OVER $1,500",06/06/2021 01:48:00 PM,FAILING TO YIELD RIGHT-OF-WAY,NOT APPLICABLE,3821,W,WILCOX ST,1122.0,2,"REPORTED, NOT EVIDENT",4.0,0.0,0.0,0.0,4.0,1.0,0.0,13,1,6,41.87881092,-87.72160112799999,POINT (-87.721601127654 41.878810919854),2021,827
O1089572,DRIVER,183ff2d01b83a17d5e0b023afa8c61675f10f5b16a8690243b6a3aad729a2ddacefcd239251ddef16522e35a46bbcc97a8b9e3ca8aaf1b8252bc08d06a6e3b9a,JE220766,1033423.0,05/05/2021 05:24:00 PM,CHICAGO,IL,60707,F,29.0,USAGE UNKNOWN,"DEPLOYED, COMBINATION",NONE,NONINCAPACITATING INJURY,FAILED TO YIELD,UNKNOWN,EMOTIONAL,TEST NOT OFFERED,2021,JE220766,05/05/2021 05:24:00 PM,30,STOP SIGN/FLASHER,FUNCTIONING PROPERLY,CLEAR,DAYLIGHT,ANGLE,FOUR WAY,STRAIGHT AND LEVEL,DRY,NO DEFECTS,ON SCENE,INJURY AND / OR TOW DUE TO CRASH,Y,N,"OVER $1,500",05/05/2021 05:24:00 PM,FAILING TO YIELD RIGHT-OF-WAY,UNABLE TO DETERMINE,3100,N,NARRAGANSETT AVE,2511.0,2,NONINCAPACITATING INJURY,5.0,0.0,0.0,5.0,0.0,0.0,0.0,17,4,5,41.936534847,-87.786020222,POINT (-87.786020221969 41.936534847177),2021,1044
O1123695,DRIVER,b3a338d9e6c94cdf79ba8d9afb2508a35dd8e6b54e3df34da7eb433f6149204c00811195e0d78daaa65cb6d50c926c7c209de8bf20ec3e1310a6c3b069bd847a,JE274923,1065846.0,06/21/2021 05:03:00 PM,HOFFMAN ESTATES,IL,60169,F,25.0,USAGE UNKNOWN,NOT APPLICABLE,UNKNOWN,NO INDICATION OF INJURY,IMPROPER TURN,UNKNOWN,UNKNOWN,TEST NOT OFFERED,2021,JE274923,06/21/2021 05:03:00 PM,30,NO CONTROLS,NO CONTROLS,CLEAR,DAYLIGHT,TURNING,DIVIDED - W/MEDIAN (NOT RAISED),STRAIGHT AND LEVEL,DRY,NO DEFECTS,NOT ON SCENE (DESK REPORT),NO INJURY / DRIVE AWAY,Y,Y,"OVER $1,500",06/21/2021 09:50:00 PM,IMPROPER TURNING/NO SIGNAL,NOT APPLICABLE,6600,W,NORTH AVE,2513.0,2,NO INDICATION OF INJURY,0.0,0.0,0.0,0.0,0.0,2.0,0.0,17,2,6,41.909201161999995,-87.789914626,POINT (-87.789914626251 41.909201161636),2021,1023
O1208119,DRIVER,79665bd695e642f8bf511180160b31a5c5aaba8cd0abb3e3e98bc146a7b77f46df801455b8cf4be4efe36bf33b954866fd1245ee7bce81e6ebc102fa1073fb87,JE414406,1146326.0,10/18/2021 07:50:00 PM,ELK GROVE VILLAGE,IL,60007,M,75.0,SAFETY BELT USED,DID NOT DEPLOY,NONE,NO INDICATION OF INJURY,FAILED TO YIELD,UNKNOWN,NORMAL,TEST NOT OFFERED,2021,JE414406,10/18/2021 07:50:00 PM,30,STOP SIGN/FLASHER,FUNCTIONING PROPERLY,CLEAR,"DARKNESS, LIGHTED ROAD",PEDALCYCLIST,FOUR WAY,STRAIGHT AND LEVEL,UNKNOWN,UNKNOWN,ON SCENE,INJURY AND / OR TOW DUE TO CRASH,Y,N,"OVER $1,500",10/18/2021 07:55:00 PM,FAILING TO YIELD RIGHT-OF-WAY,NOT APPLICABLE,1900,W,CORTLAND ST,1434.0,2,NONINCAPACITATING INJURY,1.0,0.0,0.0,1.0,0.0,1.0,0.0,19,2,10,41.916093427,-87.67521487200001,POINT (-87.675214871569 41.916093426679),2021,1190
O1132347,DRIVER,41abed63606fa752cd4fa299ab9842b9af99cf95fd08b9a6ebec65a7e8eb6fde5dbdbb65dbdd824ae9ec0389f0f9bfa4b18aaf9b3cfffa5b788026830b2f8ff6,JE289094,1074134.0,07/03/2021 11:15:00 PM,CHICAGO,IL,60629,M,67.0,SAFETY BELT USED,NOT APPLICABLE,NONE,NO INDICATION OF INJURY,NONE,NOT OBSCURED,NORMAL,TEST NOT OFFERED,2021,JE289094,07/03/2021 11:15:00 PM,35,TRAFFIC SIGNAL,FUNCTIONING PROPERLY,CLEAR,"DARKNESS, LIGHTED ROAD",REAR TO SIDE,DIVIDED - W/MEDIAN (NOT RAISED),STRAIGHT AND LEVEL,DRY,NO DEFECTS,ON SCENE,INJURY AND / OR TOW DUE TO CRASH,Y,Y,"OVER $1,500",07/03/2021 11:15:00 PM,DISREGARDING TRAFFIC SIGNALS,DISREGARDING TRAFFIC SIGNALS,6700,S,RACINE AVE,724.0,2,NO INDICATION OF INJURY,0.0,0.0,0.0,0.0,0.0,2.0,0.0,23,7,7,41.772240279,-87.65445437,POINT (-87.654454370177 41.77224027873),2021,1395
O1239833,DRIVER,25bac4cd06facb258a7ca1c3010320e41e53f8d4d080450e1b860c6ea4ac83a54f526473bb957d95efb38760ecfa79dea95d87c84a7bd5a0120d271b95625e8a,JE466598,1176721.0,12/05/2021 05:02:00 AM,CHICAGO,IL,60632,M,60.0,USAGE UNKNOWN,DID NOT DEPLOY,NONE,NO INDICATION OF INJURY,NONE,UNKNOWN,NORMAL,TEST NOT OFFERED,2021,JE466598,12/05/2021 05:02:00 AM,30,TRAFFIC SIGNAL,FUNCTIONING PROPERLY,CLEAR,"DARKNESS, LIGHTED ROAD",ANGLE,NOT DIVIDED,STRAIGHT AND LEVEL,DRY,UNKNOWN,ON SCENE,INJURY AND / OR TOW DUE TO CRASH,Y,Y,"OVER $1,500",12/05/2021 05:04:00 AM,DISREGARDING TRAFFIC SIGNALS,NOT APPLICABLE,2899,S,ARCHER AVE,913.0,2,NO INDICATION OF INJURY,0.0,0.0,0.0,0.0,0.0,2.0,0.0,5,1,12,41.841704146,-87.657567198,POINT (-87.657567197574 41.841704146076),2021,302
O1237777,DRIVER,7ff5442e1c3f3c00cbd345f8479576017fbe41485b104131d19631c5b29cf848681259d8642fab563800faf719c6bb3450c906df4690052c1b82080eb8e8a3e9,JE463208,1174773.0,12/02/2021 07:11:00 AM,PALOS HILLS,IL,60465,M,42.0,SAFETY BELT USED,DID NOT DEPLOY,NONE,NO INDICATION OF INJURY,NONE,NOT OBSCURED,NORMAL,TEST NOT OFFERED,2021,JE463208,12/02/2021 07:11:00 AM,30,NO CONTROLS,FUNCTIONING PROPERLY,CLEAR,DAYLIGHT,ANGLE,T-INTERSECTION,STRAIGHT AND LEVEL,DRY,NO DEFECTS,ON SCENE,NO INJURY / DRIVE AWAY,Y,Y,"OVER $1,500",12/02/2021 07:12:00 AM,DRIVING ON WRONG SIDE/WRONG WAY,UNABLE TO DETERMINE,200,W,GARFIELD BLVD,225.0,2,NO INDICATION OF INJURY,0.0,0.0,0.0,0.0,0.0,2.0,0.0,7,5,12,41.794670385,-87.630547476,POINT (-87.630547476056 41.794670384689),2021,431
O1256499,DRIVER,b8180c125764ac01b7b16c5cc277b1de27ea4adee1202abd0a71f927101d02c7fee50564caba0aa50b8050db5d42260e2b9a369c3e2a418211ce37f0aa7106bc,JF101535,1192683.0,12/31/2021 07:36:00 PM,ELGIN,IL,60120,F,26.0,SAFETY BELT USED,NOT APPLICABLE,NONE,NO INDICATION OF INJURY,NONE,NOT OBSCURED,NORMAL,TEST NOT OFFERED,2021,JF101535,12/31/2021 07:36:00 PM,30,TRAFFIC SIGNAL,FUNCTIONING PROPERLY,UNKNOWN,"DARKNESS, LIGHTED ROAD",REAR END,DIVIDED - W/MEDIAN (NOT RAISED),STRAIGHT AND LEVEL,UNKNOWN,NO DEFECTS,NOT ON SCENE (DESK REPORT),NO INJURY / DRIVE AWAY,Y,Y,"$501 - $1,500",01/02/2022 07:30:00 PM,UNABLE TO DETERMINE,NOT APPLICABLE,3801,W,LAWRENCE AVE,1723.0,3,NO INDICATION OF INJURY,0.0,0.0,0.0,0.0,0.0,3.0,0.0,19,6,12,41.968183855,-87.723202336,POINT (-87.723202336212 41.968183855069),2021,1176
O1174164,DRIVER,b178a36122672274a21b7aa23aa8f71a9c8217a727d243fc1f248fb4c78cf364389071ababb98f29e19a307656407301ddfca5f50cf6f63afc01c5eee5122ea9,JE357500,1113876.0,09/01/2021 08:15:00 AM,CHICAGO,IL,60660,F,25.0,USAGE UNKNOWN,DEPLOYMENT UNKNOWN,NONE,NO INDICATION OF INJURY,UNKNOWN,UNKNOWN,UNKNOWN,TEST NOT OFFERED,2021,JE357500,09/01/2021 08:15:00 AM,30,STOP SIGN/FLASHER,FUNCTIONING PROPERLY,CLEAR,DAYLIGHT,REAR END,DIVIDED - W/MEDIAN (NOT RAISED),STRAIGHT AND LEVEL,DRY,NO DEFECTS,ON SCENE,INJURY AND / OR TOW DUE TO CRASH,Y,Y,$500 OR LESS,09/01/2021 08:17:00 AM,FOLLOWING TOO CLOSELY,DRIVING SKILLS/KNOWLEDGE/EXPERIENCE,700,N,HOMAN AVE,1121.0,3,NO INDICATION OF INJURY,0.0,0.0,0.0,0.0,0.0,4.0,0.0,8,4,9,41.893764624,-87.71153217700001,POINT (-87.711532177271 41.893764624095),2021,495
O1139060,DRIVER,483ff259273515b23435aa1a3485e4bca59984313edc3de879c0e969fb62f858237870211fb9c8389bfcb51b0679833ed562ea5e330c50bcdc5a55c3511d5eb9,JE300128,1080438.0,07/13/2021 01:30:00 PM,CHICAGO,IL,60612,F,34.0,USAGE UNKNOWN,NOT APPLICABLE,NONE,NO INDICATION OF INJURY,NONE,UNKNOWN,NORMAL,TEST NOT OFFERED,2021,JE300128,07/13/2021 01:30:00 PM,30,TRAFFIC SIGNAL,FUNCTIONING PROPERLY,CLEAR,DAYLIGHT,SIDESWIPE SAME DIRECTION,NOT DIVIDED,STRAIGHT AND LEVEL,UNKNOWN,UNKNOWN,NOT ON SCENE (DESK REPORT),NO INJURY / DRIVE AWAY,Y,Y,"$501 - $1,500",07/13/2021 02:45:00 PM,IMPROPER OVERTAKING/PASSING,NOT APPLICABLE,755,N,ORLEANS ST,1831.0,2,NO INDICATION OF INJURY,0.0,0.0,0.0,0.0,0.0,2.0,0.0,13,3,7,41.896434064,-87.637022137,POINT (-87.637022137293 41.896434064301),2021,810
O1116644,DRIVER,28efa59a22c43957e8121435baee96b8da1003acacfbb979c2ec050a57549fb7b6dddb4ad6abe2096c5eaea67c3bb83024da3a96adb11e3df4bc8730e3eb8822,JE263775,1059203.0,06/12/2021 07:30:00 PM,CHICAGO,IL,60616,M,18.0,SAFETY BELT USED,DID NOT DEPLOY,NONE,NO INDICATION OF INJURY,NONE,NOT OBSCURED,NORMAL,TEST NOT OFFERED,2021,JE263775,06/12/2021 07:30:00 PM,35,STOP SIGN/FLASHER,FUNCTIONING PROPERLY,CLEAR,DAYLIGHT,ANGLE,FOUR WAY,STRAIGHT AND LEVEL,DRY,NO DEFECTS,ON SCENE,NO INJURY / DRIVE AWAY,Y,Y,"OVER $1,500",06/12/2021 07:30:00 PM,DISREGARDING STOP SIGN,UNABLE TO DETERMINE,443,E,34TH ST,211.0,2,NO INDICATION OF INJURY,0.0,0.0,0.0,0.0,0.0,2.0,0.0,19,7,6,41.833044738000005,-87.614611364,POINT (-87.614611364432 41.833044738179),2021,1170
O1108958,DRIVER,737b85020a1e77793e310db8fccdbad11e31d7897cc7f2a704462e27375c6783e7f5967f7ec97c86c85c17308f41381be88cbe9bfdd91b9a54be31a3b75a41c9,JE252263,1051961.0,06/03/2021 12:39:00 PM,CHICAGO,IL,60647,F,78.0,SAFETY BELT USED,DID NOT DEPLOY,NONE,NO INDICATION OF INJURY,NONE,NOT OBSCURED,NORMAL,TEST NOT OFFERED,2021,JE252263,06/03/2021 12:39:00 PM,20,TRAFFIC SIGNAL,FUNCTIONING PROPERLY,CLEAR,DAYLIGHT,SIDESWIPE SAME DIRECTION,DIVIDED - W/MEDIAN (NOT RAISED),STRAIGHT AND LEVEL,DRY,NO DEFECTS,ON SCENE,NO INJURY / DRIVE AWAY,Y,Y,"OVER $1,500",06/03/2021 12:45:00 PM,UNABLE TO DETERMINE,UNABLE TO DETERMINE,1700,N,MILWAUKEE AVE,1434.0,2,NO INDICATION OF INJURY,0.0,0.0,0.0,0.0,0.0,3.0,0.0,12,5,6,41.912188052,-87.68049071600001,POINT (-87.680490715628 41.912188051721),2021,759