PERSON_ID,PERSON_TYPE,CRASH_RECORD_ID,RD_NO_x,VEHICLE_ID,CRASH_DATE_x,CITY,STATE,ZIPCODE,SEX,AGE,SAFETY_EQUIPMENT,AIRBAG_DEPLOYED,EJECTION,INJURY_CLASSIFICATION,DRIVER_ACTION,DRIVER_VISION,PHYSICAL_CONDITION,BAC_RESULT,CRASH_YEAR_x,RD_NO_y,CRASH_DATE_y,POSTED_SPEED_LIMIT,TRAFFIC_CONTROL_DEVICE,DEVICE_CONDITION,WEATHER_CONDITION,LIGHTING_CONDITION,FIRST_CRASH_TYPE,TRAFFICWAY_TYPE,ALIGNMENT,ROADWAY_SURFACE_COND,ROAD_DEFECT,REPORT_TYPE,CRASH_TYPE,INTERSECTION_RELATED_I,HIT_AND_RUN_I,DAMAGE,DATE_POLICE_NOTIFIED,PRIM_CONTRIBUTORY_CAUSE,SEC_CONTRIBUTORY_CAUSE,STREET_NO,STREET_DIRECTION,STREET_NAME,BEAT_OF_OCCURRENCE,NUM_UNITS,MOST_SEVERE_INJURY,INJURIES_TOTAL,INJURIES_FATAL,INJURIES_INCAPACITATING,INJURIES_NON_INCAPACITATING,INJURIES_REPORTED_NOT_EVIDENT,INJURIES_NO_INDICATION,INJURIES_UNKNOWN,CRASH_HOUR,CRASH_DAY_OF_WEEK,CRASH_MONTH,LATITUDE,LONGITUDE,LOCATION,CRASH_YEAR_y,TIME
O1224614,DRIVER,efd9ac600d51e68db06b8654b5875558c053bb095f56b1cbac285822ffd1673083f0c757fe61ad94c0267a5f247cd8e721f66811341a58594bd4e2b4ac97fee5,JE441295,1162116.0,11/11/2021 07:56:00 AM,FAYETTEVILLE,AR,72704,M,41.0,SAFETY BELT USED,DID NOT DEPLOY,NONE,NO INDICATION OF INJURY,NONE,NOT OBSCURED,NORMAL,TEST NOT OFFERED,2021,JE441295,11/11/2021 07:56:00 AM,30,TRAFFIC SIGNAL,FUNCTIONING PROPERLY,RAIN,DAYLIGHT,REAR END,OTHER,STRAIGHT AND LEVEL,WET,NO DEFECTS,ON SCENE,INJURY AND / OR TOW DUE TO CRASH,N,Y,"OVER $1,500",11/11/2021 08:00:00 AM,"OPERATING VEHICLE IN ERRATIC, RECKLESS, CARELESS, NEGLIGENT OR AGGRESSIVE MANNER",UNABLE TO DETERMINE,8300,S,LA SALLE ST,622.0,3,NONINCAPACITATING INJURY,2.0,0.0,0.0,2.0,0.0,3.0,0.0,7,5,11,41.74350578,-87.62819656,POINT (-87.628196560035 41.743505780006),2021,476
O1125723,DRIVER,ed2448acde2d22c3cbc633c7e5b0659c08d559251f69b2af3862348432179bcfc197ed4d59252995296644a6ad2fffb10ed119cd051363650a56bc368d3d32a5,JE278470,1067800.0,06/24/2021 07:48:00 PM,CHICAGO,IL,60607,M,21.0,USAGE UNKNOWN,"DEPLOYED, FRONT",NONE,NO INDICATION OF INJURY,EVADING POLICE VEHICLE,NOT OBSCURED,UNKNOWN,TEST NOT OFFERED,2021,JE278470,06/24/2021 07:48:00 PM,30,TRAFFIC SIGNAL,FUNCTIONING PROPERLY,UNKNOWN,DUSK,SIDESWIPE SAME DIRECTION,NOT DIVIDED,STRAIGHT AND LEVEL,WET,NO DEFECTS,ON SCENE,INJURY AND / OR TOW DUE TO CRASH,N,Y,"OVER $1,500",06/24/2021 07:48:00 PM,FAILING TO REDUCE SPEED TO AVOID CRASH,UNABLE TO DETERMINE,1558,W,79TH ST,612.0,3,NONINCAPACITATING INJURY,1.0,0.0,0.0,1.0,0.0,3.0,0.0,19,5,6,41.750467725,-87.66341307100001,POINT (-87.663413070822 41.750467724955),2021,1188
O1131307,DRIVER,ecc38eb663fbe1fde74ef52f466f72c1f2160dbd3d0709d3838970146fd2ca74bcd19fd9dd688c75f52941818ab67134968212e978f6ee9e13bf9b5cc93ad505,JE287509,1073128.0,07/02/2021 03:50:00 PM,TINLEY PARK,IL,60477,M,21.0,SAFETY BELT USED,NOT APPLICABLE,NONE,NONINCAPACITATING INJURY,NONE,NOT OBSCURED,NORMAL,TEST NOT OFFERED,2021,JE287509,07/02/2021 03:50:00 PM,30,TRAFFIC SIGNAL,FUNCTIONING PROPERLY,CLEAR,DAYLIGHT,REAR END,DIVIDED - W/MEDIAN (NOT RAISED),STRAIGHT AND LEVEL,DRY,NO DEFECTS,ON SCENE,INJURY AND / OR TOW DUE TO CRASH,Y,Y,"$501 - $1,500",07/02/2021 04:17:00 PM,UNABLE TO DETERMINE,NOT APPLICABLE,1350,W,47TH ST,924.0,2,NONINCAPACITATING INJURY,1.0,0.0,0.0,1.0,0.0,1.0,0.0,15,6,7,41.808783796,-87.659684845,POINT (-87.659684844679 41.808783795925),2021,950
O1222672,DRIVER,29dbb882c6b2d24a2e601e9e5f42d352793dff8057659316a30eaa70b122e9dc8e41ada8951459a3a8afebb9fa83316d1c4bba12546b7849157ef6d507497fe9,JE437512,1160233.0,11/07/2021 08:49:00 PM,CHICAGO,IL,60623,F,39.0,SAFETY BELT USED,DID NOT DEPLOY,NONE,"REPORTED, NOT EVIDENT",OTHER,NOT OBSCURED,NORMAL,TEST NOT OFFERED,2021,JE437512,11/07/2021 08:49:00 PM,30,TRAFFIC SIGNAL,FUNCTIONING PROPERLY,CLEAR,"DARKNESS, LIGHTED ROAD",SIDESWIPE SAME DIRECTION,DIVIDED - W/MEDIAN BARRIER,STRAIGHT AND LEVEL,DRY,NO DEFECTS,ON SCENE,INJURY AND / OR TOW DUE TO CRASH,Y,Y,"OVER $1,500",11/07/2021 09:08:00 PM,IMPROPER OVERTAKING/PASSING,NOT APPLICABLE,741,S,CENTRAL AVE,1522.0,2,"REPORTED, NOT EVIDENT",1.0,0.0,0.0,0.0,1.0,2.0,0.0,20,1,11,41.870682018000004,-87.764248028,POINT (-87.764248028198 41.870682017777),2021,1249
O1145660,DRIVER,279916dc7d8c8a67d717bb2360485a474607fcd564eda8bb20e324c02b401c072d169ff37454dfba6dce22e1da4593daf9139440f0371c04b50b4af095ab96f7,JE311127,1086720.0,07/22/2021 10:46:00 PM,CHICAGO,IL,60649,F,33.0,SAFETY BELT USED,NOT APPLICABLE,NONE,NO INDICATION OF INJURY,NONE,NOT OBSCURED,NORMAL,TEST NOT OFFERED,2021,JE311127,07/22/2021 10:46:00 PM,30,STOP SIGN/FLASHER,NO CONTROLS,UNKNOWN,UNKNOWN,ANGLE,FOUR WAY,STRAIGHT AND LEVEL,UNKNOWN,UNKNOWN,NOT ON SCENE (DESK REPORT),NO INJURY / DRIVE AWAY,Y,Y,"OVER $1,500",07/23/2021 10:45:00 AM,UNABLE TO DETERMINE,UNABLE TO DETERMINE,7200,S,YATES BLVD,334.0,2,NO INDICATION OF INJURY,0.0,0.0,0.0,0.0,0.0,2.0,0.0,22,5,7,41.764343255,-87.566632526,POINT (-87.566632525994 41.764343255101),2021,1366
O1184455,DRIVER,42dc14bb69e78e4a157e2203ffb29a4ceaaa5b8429f9a588e4180a596a7d63ec7555ee9ac1a24a2ee2eff805ee834f2491e6e3394215a5d43d5f65a57a92059a,JE374734,1123692.0,09/15/2021 04:15:00 PM,DEKALB,IL,60115,M,31.0,USAGE UNKNOWN,DID NOT DEPLOY,NONE,NO INDICATION OF INJURY,FAILED TO YIELD,UNKNOWN,NORMAL,TEST NOT OFFERED,2021,JE374734,09/15/2021 04:15:00 PM,30,STOP SIGN/FLASHER,FUNCTIONING PROPERLY,CLEAR,DAYLIGHT,TURNING,NOT DIVIDED,STRAIGHT AND LEVEL,DRY,NO DEFECTS,ON SCENE,INJURY AND / OR TOW DUE TO CRASH,Y,Y,"OVER $1,500",09/15/2021 04:16:00 PM,FAILING TO YIELD RIGHT-OF-WAY,UNABLE TO DETERMINE,201,S,CICERO AVE,1113.0,2,NONINCAPACITATING INJURY,1.0,0.0,0.0,1.0,0.0,4.0,0.0,16,4,9,41.878023455,-87.745044687,POINT (-87.745044687254 41.878023454863),2021,975
O1216519,DRIVER,0f1518295a598e55300906db66dc7cadfca62cd3a7bcfc69a85d4d372a692d5c7b8062d23a7cb51569074ef4a5dfa33e65659e22e369e5cdab419fc0ef8e41b7,JE426029,1155683.0,10/28/2021 09:13:00 PM,CHICAGO,IL,60639,M,64.0,SAFETY BELT USED,DID NOT DEPLOY,NONE,NO INDICATION OF INJURY,NONE,NOT OBSCURED,NORMAL,TEST NOT OFFERED,2021,JE426029,10/28/2021 09:13:00 PM,30,STOP SIGN/FLASHER,OTHER,RAIN,"DARKNESS, LIGHTED ROAD",ANGLE,FOUR WAY,STRAIGHT AND LEVEL,WET,NO DEFECTS,ON SCENE,INJURY AND / OR TOW DUE TO CRASH,Y,Y,"$501 - $1,500",10/28/2021 09:39:00 PM,DISREGARDING STOP SIGN,DISREGARDING STOP SIGN,2300,N,LARAMIE AVE,2515.0,2,NO INDICATION OF INJURY,0.0,0.0,0.0,0.0,0.0,2.0,0.0,21,5,10,41.922323564,-87.75624062899999,POINT (-87.756240629162 41.922323563743),2021,1273
O1179117,DRIVER,d0c8c8d87002728d196b85b8104add87b76e73c99cb2fb72d1a2165f7a7085a59ca0f7919bfbf8a423ec10bc3995076e2fb54598f31477591bc116e1ec93e6f8,JE365986,1118634.0,09/08/2021 12:47:00 PM,BATAVIA,IL,60510,M,62.0,SAFETY BELT USED,DID NOT DEPLOY,NONE,NO INDICATION OF INJURY,NONE,NOT OBSCURED,NORMAL,TEST NOT OFFERED,2021,JE365986,09/08/2021 12:47:00 PM,30,STOP SIGN/FLASHER,FUNCTIONING PROPERLY,CLEAR,DAYLIGHT,REAR END,DIVIDED - W/MEDIAN (NOT RAISED),STRAIGHT AND LEVEL,DRY,NO DEFECTS,NOT ON SCENE (DESK REPORT),NO INJURY / DRIVE AWAY,Y,Y,$500 OR LESS,09/08/2021 01:20:00 PM,FAILING TO REDUCE SPEED TO AVOID CRASH,UNABLE TO DETERMINE,8300,S,WOOD ST,614.0,2,NO INDICATION OF INJURY,0.0,0.0,0.0,0.0,0.0,2.0,0.0,12,4,9,41.742914298,-87.66825090399999,POINT (-87.668250903624 41.742914297878),2021,767
O1243073,DRIVER,c2e5ad57d115386758c1996889e8007b07d0b609a46cbc254fa5fc2a424602dbc519af98a3dd703fb7989ee87885308ce65bf9ea07d49e09ff231972610f59ae,JE472329,1179808.0,12/10/2021 09:00:00 AM,CICERO,IL,60804,F,19.0,SAFETY BELT USED,DID NOT DEPLOY,NONE,NONINCAPACITATING INJURY,OTHER,NOT OBSCURED,NORMAL,TEST NOT OFFERED,2021,JE472329,12/10/2021 09:00:00 AM,30,TRAFFIC SIGNAL,FUNCTIONING PROPERLY,CLEAR,DAYLIGHT,ANGLE,NOT DIVIDED,STRAIGHT AND LEVEL,DRY,NO DEFECTS,ON SCENE,INJURY AND / OR TOW DUE TO CRASH,Y,Y,"OVER $1,500",12/10/2021 09:15:00 AM,FAILING TO YIELD RIGHT-OF-WAY,FAILING TO YIELD RIGHT-OF-WAY,4300,W,LAKE ST,1114.0,2,NONINCAPACITATING INJURY,1.0,0.0,0.0,1.0,0.0,2.0,0.0,9,6,12,41.886000524,-87.73329707799999,POINT (-87.733297077936 41.886000524343),2021,540
O1166921,DRIVER,a761a46706b947ccd9ed6f3ff30d7734ce15ee4f1c5e6110422bce9be79f51cac0d58a321c12d053e4cb4af3109f78d26beea08975b5d4a76c7811dc6937cce5,JE345623,1106931.0,08/22/2021 01:40:00 AM,CHICAGO,IL,60660,M,38.0,USAGE UNKNOWN,"DEPLOYED, SIDE",NONE,NO INDICATION OF INJURY,NONE,NOT OBSCURED,NORMAL,TEST NOT OFFERED,2021,JE345623,08/22/2021 01:40:00 AM,30,TRAFFIC SIGNAL,FUNCTIONING PROPERLY,CLEAR,DARKNESS,ANGLE,T-INTERSECTION,STRAIGHT AND LEVEL,DRY,NO DEFECTS,ON SCENE,INJURY AND / OR TOW DUE TO CRASH,Y,Y,"OVER $1,500",08/22/2021 01:48:00 AM,DISREGARDING OTHER TRAFFIC SIGNS,NOT APPLICABLE,1802,S,UNION AVE,1235.0,2,INCAPACITATING INJURY,2.0,0.0,1.0,1.0,0.0,2.0,0.0,1,1,8,41.857484385999996,-87.644928043,POINT (-87.64492804253 41.857484385564),2021,100
O1060797,DRIVER,78aaf06bfcc16f9c9198def63e60389b2ac249afd047c43339c75b2e1138b7db17a88897dfb0bbd776a4e277a4d0913d3ebbff6ed7dee50550dcc6ce3ad2e509,JE173076,1005989.0,03/18/2021 10:30:00 AM,CHICAGO,IL,60621,M,51.0,SAFETY BELT USED,DEPLOYMENT UNKNOWN,NONE,NO INDICATION OF INJURY,NONE,NOT OBSCURED,NORMAL,TEST NOT OFFERED,2021,JE173076,03/18/2021 10:30:00 AM,30,TRAFFIC SIGNAL,FUNCTIONING PROPERLY,RAIN,DAYLIGHT,TURNING,FOUR WAY,STRAIGHT AND LEVEL,WET,NO DEFECTS,NOT ON SCENE (DESK REPORT),NO INJURY / DRIVE AWAY,Y,Y,"$501 - $1,500",03/19/2021 08:10:00 AM,DISREGARDING TRAFFIC SIGNALS,NOT APPLICABLE,2000,W,87TH ST,614.0,2,NO INDICATION OF INJURY,0.0,0.0,0.0,0.0,0.0,2.0,0.0,10,5,3,41.735764261,-87.672798199,POINT (-87.672798199058 41.735764261243),2021,630
O1236647,DRIVER,5c779b5b59410b4b626db5f482b38fb82f5a341493cf11534152929258c4ba69d871798af5ca05d103b02207ab3899af39c7f5bbb3fe4db9555afac045c048e6,JE461038,1173689.0,11/30/2021 08:41:00 AM,CHICAGO,IL,60615,F,33.0,USAGE UNKNOWN,DID NOT DEPLOY,NONE,NO INDICATION OF INJURY,NONE,UNKNOWN,NORMAL,TEST NOT OFFERED,2021,JE461038,11/30/2021 08:41:00 AM,30,STOP SIGN/FLASHER,FUNCTIONING PROPERLY,CLEAR,DAYLIGHT,REAR END,NOT DIVIDED,STRAIGHT AND LEVEL,DRY,NO DEFECTS,ON SCENE,NO INJURY / DRIVE AWAY,Y,Y,"OVER $1,500",11/30/2021 08:44:00 AM,IMPROPER OVERTAKING/PASSING,NOT APPLICABLE,800,E,42ND PL,214.0,2,NO INDICATION OF INJURY,0.0,0.0,0.0,0.0,0.0,2.0,0.0,8,3,11,41.818055562,-87.606634448,POINT (-87.606634448478 41.818055562414),2021,521
O1083810,DRIVER,91af45ab91e65298f20b6292eb04a8b8e1072a19aa1a4da1c772ddff84e3edc89d495011acb51e6dc28bc2497953d3fd16a10afb68aaf85de49b85f08c336498,JE211772,1027916.0,04/21/2021 03:30:00 PM,ROCK ISLAND,IL,61201,M,24.0,USAGE UNKNOWN,DID NOT DEPLOY,NONE,NO INDICATION OF INJURY,NONE,NOT OBSCURED,NORMAL,TEST NOT OFFERED,2021,JE211772,04/21/2021 03:30:00 PM,30,STOP SIGN/FLASHER,FUNCTIONING PROPERLY,UNKNOWN,DAYLIGHT,TURNING,DIVIDED - W/MEDIAN (NOT RAISED),STRAIGHT AND LEVEL,UNKNOWN,NO DEFECTS,NOT ON SCENE (DESK REPORT),NO INJURY / DRIVE AWAY,Y,Y,$500 OR LESS,04/27/2021 02:15:00 PM,DISREGARDING STOP SIGN,FAILING TO YIELD RIGHT-OF-WAY,7500,S,EXCHANGE AVE,421.0,2,NO INDICATION OF INJURY,0.0,0.0,0.0,0.0,0.0,3.0,0.0,15,4,4,41.758992762,-87.56037781100001,POINT (-87.560377810779 41.758992761785),2021,930
O1226701,DRIVER,053860a28751257076a015f1d15567d316a339d7b1d2b3f239bae98d9e1da35475c61f1a623200541ed6d7810cdd8ebd0ef0e7de3420a2b6f2920deff5654a7e,JE444568,1164104.0,11/14/2021 04:40:00 AM,CHICAGO,IL,60619,M,54.0,USAGE UNKNOWN,NOT APPLICABLE,NONE,NONINCAPACITATING INJURY,NONE,NOT OBSCURED,NORMAL,TEST NOT OFFERED,2021,JE444568,11/14/2021 04:40:00 AM,30,TRAFFIC SIGNAL,FUNCTIONING PROPERLY,FREEZING RAIN/DRIZZLE,"DARKNESS, LIGHTED ROAD",ANGLE,FOUR WAY,STRAIGHT AND LEVEL,WET,WORN SURFACE,ON SCENE,INJURY AND / OR TOW DUE TO CRASH,Y,Y,"OVER $1,500",11/14/2021 04:45:00 AM,UNABLE TO DETERMINE,UNABLE TO DETERMINE,7100,S,ASHLAND AVE,735.0,2,NONINCAPACITATING INJURY,1.0,0.0,0.0,1.0,0.0,1.0,0.0,4,1,11,41.764859382,-87.663940176,POINT (-87.663940176305 41.764859382425),2021,280
O1163326,DRIVER,07514f5daaa4c3ed7b876a7bf0343150fba3f793ab9dce643ad152569211e76c94437ea9edbfefe9fea837cc53ccca2fbc5e07951967dc5e8696fd5af7a4c3d8,JE339673,1103511.0,08/16/2021 10:00:00 AM,CHICAGO,IL,60609,M,44.0,SAFETY BELT USED,DID NOT DEPLOY,NONE,NO INDICATION OF INJURY,NONE,NOT OBSCURED,NORMAL,TEST NOT OFFERED,2021,JE339673,08/16/2021 10:00:00 AM,30,TRAFFIC SIGNAL,FUNCTIONING PROPERLY,CLEAR,DAYLIGHT,REAR END,NOT DIVIDED,STRAIGHT AND LEVEL,DRY,NO DEFECTS,NOT ON SCENE (DESK REPORT),NO INJURY / DRIVE AWAY,Y,Y,"OVER $1,500",08/16/2021 06:30:00 PM,FOLLOWING TOO CLOSELY,FOLLOWING TOO CLOSELY,9900,S,STATE ST,511.0,2,NO INDICATION OF INJURY,0.0,0.0,0.0,0.0,0.0,2.0,0.0,10,2,8,41.714315596999995,-87.62371389299999,POINT (-87.62371389313 41.714315596651),2021,600
O1232099,DRIVER,13365e02773902be358e8df1d93ad0dea091f7377eaf51558e757cbdb20c6507feb4a2223fd13391d680fe41cf9c5a80ffda0af77f7dfc0e22e0dac6750ca374,JE453434,1169277.0,11/22/2021 11:05:00 AM,ELMHURST,IL,60126,M,49.0,SAFETY BELT USED,NOT APPLICABLE,NONE,NO INDICATION OF INJURY,NONE,NOT OBSCURED,NORMAL,TEST NOT OFFERED,2021,JE453434,11/22/2021 11:05:00 AM,30,TRAFFIC SIGNAL,FUNCTIONING PROPERLY,CLEAR,DAYLIGHT,REAR END,FOUR WAY,STRAIGHT AND LEVEL,DRY,NO DEFECTS,NOT ON SCENE (DESK REPORT),NO INJURY / DRIVE AWAY,Y,Y,"OVER $1,500",11/22/2021 11:30:00 AM,FOLLOWING TOO CLOSELY,UNABLE TO DETERMINE,1920,S,UNION AVE,1235.0,2,NO INDICATION OF INJURY,0.0,0.0,0.0,0.0,0.0,3.0,0.0,11,2,11,41.856186511,-87.645027989,POINT (-87.645027989196 41.856186510793),2021,665
O1146727,DRIVER,234850e2eb50dae561cf9483874f78d1edca484a260bebc556f31ba8f4a979d8767461af002991d6244df77dbb23162b6282a7358f77b8765f4f42b379e48880,JE312775,1087747.0,07/24/2021 05:25:00 PM,CHICAGO,IL,60644,M,52.0,SAFETY BELT USED,NOT APPLICABLE,NONE,NONINCAPACITATING INJURY,NONE,UNKNOWN,UNKNOWN,TEST NOT OFFERED,2021,JE312775,07/24/2021 05:25:00 PM,30,STOP SIGN/FLASHER,FUNCTIONING PROPERLY,CLEAR,DAYLIGHT,ANGLE,NOT DIVIDED,STRAIGHT AND LEVEL,WET,NO DEFECTS,ON SCENE,INJURY AND / OR TOW DUE TO CRASH,Y,Y,"OVER $1,500",07/24/2021 05:55:00 PM,DISREGARDING STOP SIGN,UNABLE TO DETERMINE,100,N,MAYFIELD AVE,1512.0,2,NONINCAPACITATING INJURY,2.0,0.0,0.0,2.0,0.0,7.0,0.0,17,7,7,41.882243142,-87.772006233,POINT (-87.772006233056 41.88224314172),2021,1045
O1199903,DRIVER,5fd8ce15f217acf172cb8f65737af27464a1a4f6287c37a468180fa1da557f87b2058e87d1a698cc0dec1f1fa3aa92fcb8d4f31af3cc994d6c588473d62178f8,JE400909,1138492.0,10/07/2021 01:24:00 AM,WASHINGTON,DC,20019,F,33.0,USAGE UNKNOWN,"DEPLOYED, COMBINATION",NONE,NO INDICATION OF INJURY,NONE,NOT OBSCURED,NORMAL,TEST NOT OFFERED,2021,JE400909,10/07/2021 01:24:00 AM,30,TRAFFIC SIGNAL,FUNCTIONING IMPROPERLY,CLEAR,"DARKNESS, LIGHTED ROAD",TURNING,FOUR WAY,STRAIGHT AND LEVEL,DRY,NO DEFECTS,ON SCENE,INJURY AND / OR TOW DUE TO CRASH,Y,Y,"OVER $1,500",10/07/2021 01:35:00 AM,DISREGARDING TRAFFIC SIGNALS,FAILING TO REDUCE SPEED TO AVOID CRASH,8300,S,COTTAGE GROVE AVE,632.0,2,NO INDICATION OF INJURY,0.0,0.0,0.0,0.0,0.0,3.0,0.0,1,5,10,41.743873821,-87.605176161,POINT (-87.605176160557 41.743873821012),2021,84
O1253116,DRIVER,83bc0217323cbca4d8bceaf761d722830efcefb84b6a1d5966bd0ca0ee211b7296273751ee3cd4ca0aa2dbc68e600894b6c9a80ffa687f0e13153d91f59b65e0,JE489790,1189474.0,12/27/2021 05:45:00 AM,CHICAGO,IL,60649,F,26.0,USAGE UNKNOWN,NOT APPLICABLE,NONE,NONINCAPACITATING INJURY,NONE,NOT OBSCURED,NORMAL,TEST NOT OFFERED,2021,JE489790,12/27/2021 05:45:00 AM,25,TRAFFIC SIGNAL,FUNCTIONING PROPERLY,RAIN,"DARKNESS, LIGHTED ROAD",REAR END,FOUR WAY,STRAIGHT AND LEVEL,WET,NO DEFECTS,ON SCENE,INJURY AND / OR TOW DUE TO CRASH,Y,Y,"OVER $1,500",12/27/2021 06:00:00 AM,UNABLE TO DETERMINE,NOT APPLICABLE,1602,E,69TH ST,332.0,3,NONINCAPACITATING INJURY,1.0,0.0,0.0,1.0,0.0,1.0,0.0,5,2,12,41.769811503,-87.585827445,POINT (-87.585827444982 41.769811503068),2021,345
O1211795,DRIVER,910608234953ad95c92ef368a6b6e57a86394b9ae1a016a4e63fe5106a16f78d6e50dd0132d5b96a15132846203ba21f5a3e9d18a9aff77cf67785dcc95319f4,JE420582,1149831.0,10/24/2021 08:25:00 AM,CHICAGO,IL,60653,F,36.0,SAFETY BELT USED,NOT APPLICABLE,NONE,NO INDICATION OF INJURY,NONE,NOT OBSCURED,NORMAL,TEST NOT OFFERED,2021,JE420582,10/24/2021 08:25:00 AM,30,TRAFFIC SIGNAL,FUNCTIONING PROPERLY,CLOUDY/OVERCAST,DAYLIGHT,SIDESWIPE SAME DIRECTION,NOT DIVIDED,STRAIGHT AND LEVEL,DRY,NO DEFECTS,ON SCENE,NO INJURY / DRIVE AWAY,Y,Y,"OVER $1,500",10/24/2021 08:26:00 AM,FAILING TO REDUCE SPEED TO AVOID CRASH,UNABLE TO DETERMINE,4801,W,MADISON ST,1533.0,2,NO INDICATION OF INJURY,0.0,0.0,0.0,0.0,0.0,9.0,0.0,8,1,10,41.88038672,-87.74539738,POINT (-87.745397380161 41.880386720106),2021,505
O1077995,DRIVER,6b7f032fb0a67e577b7cf24e6fe973db2e31030753ba5bcc8debd619b5bd1bb8ef4d010496307c9b3f280c0cb27028969737b11d640748fb8eb33a6c98c7f182,JE201933,1022337.0,04/17/2021 09:45:00 AM,CHICAGO,IL,60623,M,38.0,SAFETY BELT USED,DID NOT DEPLOY,NONE,NO INDICATION OF INJURY,NONE,NOT OBSCURED,NORMAL,TEST NOT OFFERED,2021,JE201933,04/17/2021 09:45:00 AM,30,TRAFFIC SIGNAL,FUNCTIONING PROPERLY,CLEAR,DAYLIGHT,TURNING,FOUR WAY,STRAIGHT AND LEVEL,DRY,NO DEFECTS,ON SCENE,NO INJURY / DRIVE AWAY,Y,Y,$500 OR LESS,04/17/2021 09:45:00 AM,UNABLE TO DETERMINE,UNABLE TO DETERMINE,2600,S,PULASKI RD,1031.0,2,NO INDICATION OF INJURY,0.0,0.0,0.0,0.0,0.0,2.0,0.0,9,7,4,41.844157586,-87.724693809,POINT (-87.72469380877 41.844157585905),2021,585
O1093524,DRIVER,a2268647fe479fa73eebc5941c95a9a4c986f3d751c030ad9bc5106e703efd3b506372330a28b56caec458160ea77dd1b1cf95a9d5460635e7563fe853aef757,JE227030,1037201.0,05/11/2021 06:00:00 PM,JONESBORO,GA,30238-5657,M,42.0,USAGE UNKNOWN,DID NOT DEPLOY,NONE,NO INDICATION OF INJURY,NONE,UNKNOWN,NORMAL,TEST NOT OFFERED,2021,JE227030,05/11/2021 06:00:00 PM,30,TRAFFIC SIGNAL,FUNCTIONING PROPERLY,CLEAR,DAYLIGHT,TURNING,UNKNOWN INTERSECTION TYPE,STRAIGHT AND LEVEL,DRY,NO DEFECTS,ON SCENE,NO INJURY / DRIVE AWAY,Y,Y,$500 OR LESS,05/11/2021 06:02:00 PM,FAILING TO YIELD RIGHT-OF-WAY,FAILING TO YIELD RIGHT-OF-WAY,4700,S,WOODLAWN AVE,222.0,2,NO INDICATION OF INJURY,0.0,0.0,0.0,0.0,0.0,5.0,0.0,18,3,5,41.809616885,-87.59697876799999,POINT (-87.596978768042 41.809616884806),2021,1080
O1086230,DRIVER,bdb1a5016bc719f603ad8b79201c15a54d1ada4bb3b543113d6a9e18294aef19805e2dd3db7484b8fd3d906cba305f2de94cc65ac479dddb46fbb8d343186596,JE215591,1030193.0,05/01/2021 12:08:00 AM,CHICAGO,IL,60625,F,22.0,SAFETY BELT USED,"DEPLOYED, FRONT",NONE,NO INDICATION OF INJURY,NONE,UNKNOWN,NORMAL,TEST NOT OFFERED,2021,JE215591,05/01/2021 12:08:00 AM,30,TRAFFIC SIGNAL,FUNCTIONING PROPERLY,CLEAR,"DARKNESS, LIGHTED ROAD",REAR END,NOT DIVIDED,STRAIGHT AND LEVEL,DRY,NO DEFECTS,ON SCENE,INJURY AND / OR TOW DUE TO CRASH,Y,Y,"OVER $1,500",05/01/2021 12:09:00 AM,UNABLE TO DETERMINE,UNABLE TO DETERMINE,4301,S,WESTERN AVE,922.0,2,NO INDICATION OF INJURY,0.0,0.0,0.0,0.0,0.0,2.0,0.0,0,7,5,41.815607487,-87.684479315,POINT (-87.684479315412 41.815607487253),2021,8
O1072563,DRIVER,ecbe754d2e01652c17c94045859a1fefdda11dd7db56f4381c73ef9afba9994f3dbe196a93d8485326c88674281ec92e36818a195acd2ff584e4f9e88b9879a3,JE192702,1017183.0,04/07/2021 06:05:00 PM,PARK FOREST,IL,60466,F,36.0,USAGE UNKNOWN,NOT APPLICABLE,NONE,NO INDICATION OF INJURY,UNKNOWN,NOT OBSCURED,NORMAL,TEST NOT OFFERED,2021,JE192702,04/07/2021 06:05:00 PM,30,NO CONTROLS,NO CONTROLS,CLEAR,DAYLIGHT,SIDESWIPE SAME DIRECTION,DIVIDED - W/MEDIAN BARRIER,STRAIGHT AND LEVEL,DRY,NO DEFECTS,ON SCENE,INJURY AND / OR TOW DUE TO CRASH,Y,Y,"OVER $1,500",04/07/2021 06:22:00 PM,IMPROPER TURNING/NO SIGNAL,UNABLE TO DETERMINE,8200,S,STONY ISLAND AVE,411.0,3,NO INDICATION OF INJURY,0.0,0.0,0.0,0.0,0.0,3.0,0.0,18,4,4,41.745928258,-87.58599491,POINT (-87.585994910205 41.745928258449),2021,1085
O1207413,DRIVER,8819e806484adb82e73f78b78ce7a8f82d61e26f230497649eb0b5ce362d0b8f09c627af32bf03c87b9169d51d881ed9031c3ca96c83a7717f05f933388fce18,JE413214,1145681.0,10/10/2021 03:50:00 PM,CHICAGO,IL,60623,F,20.0,USAGE UNKNOWN,DID NOT DEPLOY,NONE,NO INDICATION OF INJURY,OTHER,UNKNOWN,UNKNOWN,TEST NOT OFFERED,2021,JE413214,10/10/2021 03:50:00 PM,30,STOP SIGN/FLASHER,NO CONTROLS,UNKNOWN,UNKNOWN,REAR TO SIDE,FOUR WAY,STRAIGHT AND LEVEL,UNKNOWN,UNKNOWN,NOT ON SCENE (DESK REPORT),NO INJURY / DRIVE AWAY,Y,Y,"OVER $1,500",10/17/2021 09:30:00 PM,UNABLE TO DETERMINE,UNABLE TO DETERMINE,3731,W,CERMAK RD,1013.0,2,NO INDICATION OF INJURY,0.0,0.0,0.0,0.0,0.0,2.0,0.0,15,1,10,41.851514338,-87.718591084,POINT (-87.718591084158 41.851514338241),2021,950