PERSON_ID,PERSON_TYPE,CRASH_RECORD_ID,RD_NO_x,VEHICLE_ID,CRASH_DATE_x,CITY,STATE,ZIPCODE,SEX,AGE,SAFETY_EQUIPMENT,AIRBAG_DEPLOYED,EJECTION,INJURY_CLASSIFICATION,DRIVER_ACTION,DRIVER_VISION,PHYSICAL_CONDITION,BAC_RESULT,CRASH_YEAR_x,RD_NO_y,CRASH_DATE_y,POSTED_SPEED_LIMIT,TRAFFIC_CONTROL_DEVICE,DEVICE_CONDITION,WEATHER_CONDITION,LIGHTING_CONDITION,FIRST_CRASH_TYPE,TRAFFICWAY_TYPE,ALIGNMENT,ROADWAY_SURFACE_COND,ROAD_DEFECT,REPORT_TYPE,CRASH_TYPE,INTERSECTION_RELATED_I,HIT_AND_RUN_I,DAMAGE,DATE_POLICE_NOTIFIED,PRIM_CONTRIBUTORY_CAUSE,SEC_CONTRIBUTORY_CAUSE,STREET_NO,STREET_DIRECTION,STREET_NAME,BEAT_OF_OCCURRENCE,NUM_UNITS,MOST_SEVERE_INJURY,INJURIES_TOTAL,INJURIES_FATAL,INJURIES_INCAPACITATING,INJURIES_NON_INCAPACITATING,INJURIES_REPORTED_NOT_EVIDENT,INJURIES_NO_INDICATION,INJURIES_UNKNOWN,CRASH_HOUR,CRASH_DAY_OF_WEEK,CRASH_MONTH,LATITUDE,LONGITUDE,LOCATION,CRASH_YEAR_y,TIME
O1234804,DRIVER,a4a67d487d16e2565f4093a198897f2318d56dbb815c9ef35ca537e2cba8959c9aa9be1f1f675c6eb1761736d5b8cfaa1cced31ac3ad54986591bc91398b8c2a,JE457667,1171905.0,11/26/2021 05:40:00 PM,CHICAGO,IL,60609,F,43.0,SAFETY BELT USED,NOT APPLICABLE,NONE,NO INDICATION OF INJURY,NONE,NOT OBSCURED,NORMAL,TEST NOT OFFERED,2021,JE457667,11/26/2021 05:40:00 PM,25,STOP SIGN/FLASHER,FUNCTIONING PROPERLY,CLEAR,"DARKNESS, LIGHTED ROAD",TURNING,FOUR WAY,STRAIGHT AND LEVEL,DRY,NO DEFECTS,ON SCENE,INJURY AND / OR TOW DUE TO CRASH,Y,Y,"$501 - $1,500",11/26/2021 05:44:00 PM,IMPROPER LANE USAGE,IMPROPER OVERTAKING/PASSING,7900,S,DAMEN AVE,611.0,2,NO INDICATION OF INJURY,0.0,0.0,0.0,0.0,0.0,5.0,0.0,17,6,11,41.750182355,-87.67327885700001,POINT (-87.673278856776 41.750182355465),2021,1060
O1091478,DRIVER,635b45c8f36fdb31c4c1ab88611e1bce11448004840ea247ad249123d8e6dfd04456f33ec0edc6d0d5fbca79bdc04c5191f9631a8c8931c0d07a4d94c4247da7,JE223795,1035241.0,05/08/2021 03:50:00 PM,HOMEWOOD,IL,60430,F,35.0,SAFETY BELT USED,NOT APPLICABLE,NONE,NO INDICATION OF INJURY,NONE,UNKNOWN,NORMAL,TEST NOT OFFERED,2021,JE223795,05/08/2021 03:50:00 PM,30,NO CONTROLS,NO CONTROLS,CLEAR,DAYLIGHT,ANGLE,NOT DIVIDED,STRAIGHT AND LEVEL,DRY,NO DEFECTS,ON SCENE,INJURY AND / OR TOW DUE TO CRASH,Y,Y,"OVER $1,500",05/08/2021 03:55:00 PM,FAILING TO YIELD RIGHT-OF-WAY,UNABLE TO DETERMINE,5630,W,CHICAGO AVE,1511.0,3,NO INDICATION OF INJURY,0.0,0.0,0.0,0.0,0.0,3.0,0.0,15,7,5,41.894944653,-87.76657977299999,POINT (-87.766579773221 41.894944653492),2021,950
O1112770,DRIVER,ffa416923b3549425db312e5323acae8997f7d0a5acaf254c9489600803aa82c9f2392527cc4d9a5a490abd85a0402f052b33d48b37c4c48e2cd87326a85a3f6,JE258095,1055621.0,06/08/2021 10:00:00 AM,CHICAGO,IL,60628,M,62.0,SAFETY BELT USED,DID NOT DEPLOY,NONE,NO INDICATION OF INJURY,NONE,NOT OBSCURED,UNKNOWN,TEST NOT OFFERED,2021,JE258095,06/08/2021 10:00:00 AM,30,STOP SIGN/FLASHER,NO CONTROLS,CLEAR,DAYLIGHT,TURNING,FOUR WAY,STRAIGHT AND LEVEL,DRY,NO DEFECTS,NOT ON SCENE (DESK REPORT),NO INJURY / DRIVE AWAY,Y,Y,"OVER $1,500",06/08/2021 10:28:00 AM,DISREGARDING STOP SIGN,NOT APPLICABLE,10801,S,MICHIGAN AVE,513.0,2,NO INDICATION OF INJURY,0.0,0.0,0.0,0.0,0.0,2.0,0.0,10,3,6,41.697993835,-87.62072455299999,POINT (-87.620724553356 41.697993835256),2021,600
O1109924,DRIVER,09a1d9643a8e6fc045aedd24aa4d2eedcc531996eadf317f9a252353d2f80f6487217663571106c77d34d3f6a3c605bb94fc7632584d3434191b68e5d663936c,JE253564,1052888.0,06/03/2021 09:30:00 PM,HARVEY,IL,60426,M,54.0,USAGE UNKNOWN,DID NOT DEPLOY,NONE,NO INDICATION OF INJURY,UNKNOWN,UNKNOWN,UNKNOWN,TEST NOT OFFERED,2021,JE253564,06/03/2021 09:30:00 PM,30,TRAFFIC SIGNAL,FUNCTIONING PROPERLY,UNKNOWN,UNKNOWN,REAR END,DIVIDED - W/MEDIAN (NOT RAISED),STRAIGHT AND LEVEL,UNKNOWN,NO DEFECTS,NOT ON SCENE (DESK REPORT),NO INJURY / DRIVE AWAY,Y,N,"OVER $1,500",06/04/2021 03:00:00 PM,FOLLOWING TOO CLOSELY,NOT APPLICABLE,141,W,HARRISON ST,123.0,2,NO INDICATION OF INJURY,0.0,0.0,0.0,0.0,0.0,2.0,0.0,21,5,6,41.874388182,-87.63208453700001,POINT (-87.632084537046 41.874388182474),2021,1290
O1119061,DRIVER,45652cf95d8cf4e962f46bce82990822dce334ed5e4c4f4ecb09b4574c637bf250bf4a8ccb729f10864a39f4598b0728f1cd350d4732697a146eeb160c5c444a,JE266734,1061461.0,06/16/2021 07:30:00 AM,CHICAGO,IL,60628,M,76.0,SAFETY BELT USED,DID NOT DEPLOY,NONE,NO INDICATION OF INJURY,FAILED TO YIELD,NOT OBSCURED,NORMAL,TEST NOT OFFERED,2021,JE266734,06/16/2021 07:30:00 AM,30,UNKNOWN,UNKNOWN,CLEAR,DAYLIGHT,REAR END,NOT DIVIDED,STRAIGHT AND LEVEL,DRY,NO DEFECTS,NOT ON SCENE (DESK REPORT),NO INJURY / DRIVE AWAY,Y,Y,"$501 - $1,500",06/16/2021 08:10:00 AM,FOLLOWING TOO CLOSELY,NOT APPLICABLE,6000,S,DR MARTIN LUTHER KING JR DR,311.0,2,NO INDICATION OF INJURY,0.0,0.0,0.0,0.0,0.0,2.0,0.0,7,4,6,41.785606097,-87.61590387700001,POINT (-87.615903876604 41.785606097064),2021,450
O1132273,DRIVER,bca1d108b1dbee621ad24ff51cb78f661eceb34c3e831e1ab65d0553390cfbbbce26ba02dba5d71e846b439000d54801016ce844caa0e60dca75c1babee9482e,JE288942,1074038.0,07/03/2021 08:21:00 PM,RANTOUL,IL,61866,F,28.0,SAFETY BELT USED,DID NOT DEPLOY,NONE,"REPORTED, NOT EVIDENT",NONE,NOT OBSCURED,NORMAL,TEST NOT OFFERED,2021,JE288942,07/03/2021 08:21:00 PM,30,TRAFFIC SIGNAL,FUNCTIONING PROPERLY,CLEAR,DUSK,ANGLE,DIVIDED - W/MEDIAN (NOT RAISED),STRAIGHT AND LEVEL,DRY,NO DEFECTS,ON SCENE,INJURY AND / OR TOW DUE TO CRASH,Y,Y,"OVER $1,500",07/03/2021 08:25:00 PM,DISREGARDING TRAFFIC SIGNALS,"OPERATING VEHICLE IN ERRATIC, RECKLESS, CARELESS, NEGLIGENT OR AGGRESSIVE MANNER",8700,S,HALSTED ST,2223.0,2,"REPORTED, NOT EVIDENT",2.0,0.0,0.0,0.0,2.0,2.0,0.0,20,7,7,41.735785266,-87.64375883,POINT (-87.643758829628 41.735785266472),2021,1221
O1182963,DRIVER,8d7e9e3532a3473a373a5c9aa65b6dac8fdfd4a304129bd75f2c358d46c2a65a1464fcefad92599cb87ee5a59a2081d148d6e1892ed94b170fe6d18b4b6cefb2,JE372325,1122302.0,09/13/2021 04:00:00 PM,CHICAGO,IL,60642,F,47.0,USAGE UNKNOWN,DID NOT DEPLOY,NONE,NO INDICATION OF INJURY,UNKNOWN,UNKNOWN,UNKNOWN,TEST NOT OFFERED,2021,JE372325,09/13/2021 04:00:00 PM,30,TRAFFIC SIGNAL,UNKNOWN,CLEAR,DAYLIGHT,REAR END,NOT DIVIDED,STRAIGHT AND LEVEL,UNKNOWN,UNKNOWN,NOT ON SCENE (DESK REPORT),NO INJURY / DRIVE AWAY,Y,Y,"OVER $1,500",09/13/2021 06:00:00 PM,UNABLE TO DETERMINE,UNABLE TO DETERMINE,400,W,NORTH AVE,1813.0,2,NO INDICATION OF INJURY,0.0,0.0,0.0,0.0,0.0,2.0,0.0,16,2,9,41.91122338,-87.63865603200001,POINT (-87.638656031792 41.911223379944),2021,960
O1144544,DRIVER,603106decfcc13e44de07a6dee8ecee4389622ead4329619d53638356a7dabaf0947878b87abb799257ee6f6bb7c7fcab7d402b33af04aae33e0142fd55526ca,JE309292,1085669.0,07/21/2021 04:35:00 PM,CHICAGO,IL,60647,F,36.0,SAFETY BELT USED,DID NOT DEPLOY,NONE,NO INDICATION OF INJURY,NONE,NOT OBSCURED,NORMAL,TEST NOT OFFERED,2021,JE309292,07/21/2021 04:35:00 PM,30,TRAFFIC SIGNAL,FUNCTIONING PROPERLY,CLEAR,DAYLIGHT,REAR END,FOUR WAY,STRAIGHT AND LEVEL,DRY,NO DEFECTS,ON SCENE,NO INJURY / DRIVE AWAY,Y,Y,"OVER $1,500",07/21/2021 04:38:00 PM,FOLLOWING TOO CLOSELY,UNABLE TO DETERMINE,323,N,WESTERN AVE,1223.0,3,NO INDICATION OF INJURY,0.0,0.0,0.0,0.0,0.0,3.0,0.0,16,4,7,41.887366782,-87.68644311,POINT (-87.686443110083 41.887366781512),2021,995
O1028006,DRIVER,bd295c985b16ce67d2a79a99b58e939f7a55da4650e58249f4e889b8d1217954f33c04a07a8ece0df381ff17691ca9c9fa58cba224a1b0ed7f3b427aa94a57cb,JE118954,974335.0,01/21/2021 12:10:00 PM,CHICAGO,IL,60619,F,35.0,SAFETY BELT USED,NOT APPLICABLE,NONE,NO INDICATION OF INJURY,NONE,NOT OBSCURED,NORMAL,TEST NOT OFFERED,2021,JE118954,01/21/2021 12:10:00 PM,30,TRAFFIC SIGNAL,FUNCTIONING PROPERLY,CLEAR,DAYLIGHT,SIDESWIPE SAME DIRECTION,NOT DIVIDED,STRAIGHT AND LEVEL,UNKNOWN,UNKNOWN,NOT ON SCENE (DESK REPORT),NO INJURY / DRIVE AWAY,Y,Y,$500 OR LESS,01/21/2021 12:15:00 PM,IMPROPER OVERTAKING/PASSING,UNABLE TO DETERMINE,2350,W,CERMAK RD,1234.0,2,NO INDICATION OF INJURY,0.0,0.0,0.0,0.0,0.0,3.0,0.0,12,5,1,41.852142846999996,-87.685281735,POINT (-87.685281734983 41.852142846872),2021,730
O1247350,DRIVER,928595c745e2bf2c070d578ba8c6d0412f840523a8007ea504d49f41188eac6f1f6290aaab96776463eeb384e0037619ee66235b1b872b903e43a82d2a317e3a,JE479724,1183911.0,12/16/2021 03:30:00 PM,CHICAGO,IL,60625,F,36.0,USAGE UNKNOWN,DEPLOYMENT UNKNOWN,NONE,NO INDICATION OF INJURY,UNKNOWN,UNKNOWN,UNKNOWN,TEST NOT OFFERED,2021,JE479724,12/16/2021 03:30:00 PM,30,NO CONTROLS,NO CONTROLS,CLEAR,DAYLIGHT,REAR END,DIVIDED - W/MEDIAN (NOT RAISED),STRAIGHT AND LEVEL,DRY,UNKNOWN,NOT ON SCENE (DESK REPORT),NO INJURY / DRIVE AWAY,N,Y,$500 OR LESS,12/16/2021 04:00:00 PM,UNABLE TO DETERMINE,NOT APPLICABLE,5100,N,LINCOLN AVE,2031.0,2,NO INDICATION OF INJURY,0.0,0.0,0.0,0.0,0.0,5.0,0.0,15,5,12,41.974045225,-87.692187728,POINT (-87.692187727784 41.974045224859),2021,930
O1168977,DRIVER,938107313481eca7c92ac344fc64c372236dd4436fe7fdf97304f23aefd30d0eea68b03b34ef3b81d601d8f6e9c325e52863786b37b4059b7808f416f7bc14e0,JE349194,1108911.0,08/25/2021 07:25:00 AM,CHICAGO,IL,60614,F,33.0,SAFETY BELT USED,DID NOT DEPLOY,NONE,NO INDICATION OF INJURY,NONE,UNKNOWN,NORMAL,TEST NOT OFFERED,2021,JE349194,08/25/2021 07:25:00 AM,30,TRAFFIC SIGNAL,FUNCTIONING PROPERLY,CLEAR,DAYLIGHT,TURNING,NOT DIVIDED,STRAIGHT AND LEVEL,DRY,UNKNOWN,NOT ON SCENE (DESK REPORT),NO INJURY / DRIVE AWAY,Y,Y,"OVER $1,500",08/25/2021 08:45:00 AM,IMPROPER TURNING/NO SIGNAL,FAILING TO YIELD RIGHT-OF-WAY,800,W,NORTH AVE,1813.0,2,NO INDICATION OF INJURY,0.0,0.0,0.0,0.0,0.0,2.0,0.0,7,4,8,41.91102851,-87.648335806,POINT (-87.64833580602 41.911028509812),2021,445
O1101140,DRIVER,98109c16e676e16fc283457fe02e91bf8b448b7dc2a151db751765c4ce77472a5c7ae65c368e43f14b1a2cfed2c7935c6869bec0738ccf072766f858d64809e5,JE239542,1044470.0,05/23/2021 03:51:00 AM,CHICAGO,IL,60624,M,41.0,USAGE UNKNOWN,DEPLOYMENT UNKNOWN,NONE,NO INDICATION OF INJURY,UNKNOWN,UNKNOWN,UNKNOWN,TEST NOT OFFERED,2021,JE239542,05/23/2021 03:51:00 AM,30,TRAFFIC SIGNAL,UNKNOWN,CLEAR,"DARKNESS, LIGHTED ROAD",ANGLE,FOUR WAY,STRAIGHT AND LEVEL,DRY,UNKNOWN,ON SCENE,INJURY AND / OR TOW DUE TO CRASH,Y,Y,"OVER $1,500",05/23/2021 03:56:00 AM,DISREGARDING TRAFFIC SIGNALS,UNABLE TO DETERMINE,1600,S,CENTRAL PARK AVE,1014.0,2,NO INDICATION OF INJURY,0.0,0.0,0.0,0.0,0.0,5.0,0.0,3,1,5,41.858880903,-87.715351335,POINT (-87.715351334549 41.858880902852),2021,231
O1028821,DRIVER,ed9e1e7efa8c70c7dbb6af5c36a4353933989443ad38939215c12056e66d4c741158763a80569f20ba79fc3fc5ab0b557d11b2f120b5a55121b9bd453dbfe8d5,JE120486,975099.0,01/22/2021 06:00:00 PM,CHICAGO,IL,60630,M,32.0,SAFETY BELT USED,DID NOT DEPLOY,NONE,NO INDICATION OF INJURY,NONE,NOT OBSCURED,NORMAL,TEST NOT OFFERED,2021,JE120486,01/22/2021 06:00:00 PM,30,STOP SIGN/FLASHER,FUNCTIONING PROPERLY,CLEAR,DAWN,ANGLE,TRAFFIC ROUTE,STRAIGHT AND LEVEL,DRY,NO DEFECTS,ON SCENE,NO INJURY / DRIVE AWAY,Y,Y,"OVER $1,500",01/22/2021 06:05:00 PM,DISREGARDING STOP SIGN,FAILING TO YIELD RIGHT-OF-WAY,500,N,RACINE AVE,1214.0,2,NO INDICATION OF INJURY,0.0,0.0,0.0,0.0,0.0,2.0,0.0,18,6,1,41.891115780999996,-87.65753409999999,POINT (-87.657534100349 41.891115780841),2021,1080
O1204698,DRIVER,35fd10caa0f30e4a5a6683c37af9e9f585c1dcd0e8a3683337a5beb39bf5a96429143b0f5d26697fa7611bd1754fd61aff355e7f5d728cc38fe51b333682145c,JE408755,1143055.0,10/13/2021 06:20:00 PM,CHICAGO,IL,60620,M,66.0,SAFETY BELT USED,DID NOT DEPLOY,NONE,NO INDICATION OF INJURY,NONE,NOT OBSCURED,NORMAL,TEST NOT OFFERED,2021,JE408755,10/13/2021 06:20:00 PM,30,TRAFFIC SIGNAL,FUNCTIONING PROPERLY,CLOUDY/OVERCAST,DUSK,ANGLE,FOUR WAY,STRAIGHT AND LEVEL,DRY,NO DEFECTS,NOT ON SCENE (DESK REPORT),NO INJURY / DRIVE AWAY,Y,Y,"$501 - $1,500",10/13/2021 06:49:00 PM,DRIVING ON WRONG SIDE/WRONG WAY,UNABLE TO DETERMINE,7100,S,ASHLAND AVE,735.0,2,NO INDICATION OF INJURY,0.0,0.0,0.0,0.0,0.0,2.0,0.0,18,4,10,41.764859382,-87.663940176,POINT (-87.663940176305 41.764859382425),2021,1100
O1089499,DRIVER,09021357d0cbbe26cf90193e02a84f7deb8d8545014150c3a85d55d3902e10d43b753a3b574ff8a119d571d445ac689fc5fdf6f466fe41d4c4a7aa8a319dfcd9,JE220861,1033346.0,05/05/2021 06:45:00 PM,CHICAGO,IL,60614,M,54.0,SAFETY BELT USED,DID NOT DEPLOY,NONE,NO INDICATION OF INJURY,UNKNOWN,NOT OBSCURED,NORMAL,TEST NOT OFFERED,2021,JE220861,05/05/2021 06:45:00 PM,30,TRAFFIC SIGNAL,FUNCTIONING PROPERLY,CLEAR,DAYLIGHT,REAR END,DIVIDED - W/MEDIAN (NOT RAISED),STRAIGHT AND LEVEL,DRY,NO DEFECTS,NOT ON SCENE (DESK REPORT),NO INJURY / DRIVE AWAY,Y,Y,$500 OR LESS,05/05/2021 06:50:00 PM,UNABLE TO DETERMINE,NOT APPLICABLE,2,N,CENTRAL AVE,1513.0,2,NO INDICATION OF INJURY,0.0,0.0,0.0,0.0,0.0,2.0,0.0,18,4,5,41.880345276,-87.765011335,POINT (-87.765011335155 41.880345276423),2021,1125
O1243722,DRIVER,6c03d539c94148b27c5610a83c427360f673a2c847b814b9dc0623803049f0d9befbaa5264e454e704608c9b62a55030cb72d2fa4802fc7dbf8d708e77fb7094,JE473159,1180453.0,12/10/2021 08:36:00 PM,CHICAGO,IL,60619,M,72.0,USAGE UNKNOWN,"DEPLOYED, COMBINATION",NONE,NO INDICATION OF INJURY,UNKNOWN,UNKNOWN,UNKNOWN,TEST NOT OFFERED,2021,JE473159,12/10/2021 08:36:00 PM,30,TRAFFIC SIGNAL,FUNCTIONING PROPERLY,RAIN,"DARKNESS, LIGHTED ROAD",TURNING,FOUR WAY,STRAIGHT AND LEVEL,WET,UNKNOWN,ON SCENE,INJURY AND / OR TOW DUE TO CRASH,Y,Y,"$501 - $1,500",12/10/2021 08:43:00 PM,UNABLE TO DETERMINE,UNABLE TO DETERMINE,7498,S,SOUTH CHICAGO AVE,323.0,2,NO INDICATION OF INJURY,0.0,0.0,0.0,0.0,0.0,2.0,0.0,20,6,12,41.758631099,-87.595750335,POINT (-87.595750334745 41.758631098923),2021,1236
O1099989,DRIVER,dfcad81b62fde994167a8f4e25594aa354646e69e4376e1fac62d8fcbbd1d05bc3381cc4da524d7922dc9c65bf97abedabe6351723c05875abdc6247a8aba16a,JE237843,1043376.0,05/21/2021 04:30:00 PM,CHICGO,IL,60619,M,39.0,USAGE UNKNOWN,DID NOT DEPLOY,NONE,NO INDICATION OF INJURY,NONE,NOT OBSCURED,NORMAL,TEST NOT OFFERED,2021,JE237843,05/21/2021 04:30:00 PM,30,UNKNOWN,UNKNOWN,CLEAR,DAYLIGHT,REAR TO FRONT,DIVIDED - W/MEDIAN BARRIER,STRAIGHT AND LEVEL,DRY,NO DEFECTS,ON SCENE,NO INJURY / DRIVE AWAY,Y,Y,"$501 - $1,500",05/21/2021 04:53:00 PM,"OPERATING VEHICLE IN ERRATIC, RECKLESS, CARELESS, NEGLIGENT OR AGGRESSIVE MANNER",NOT APPLICABLE,1221,E,75TH ST,411.0,2,NO INDICATION OF INJURY,0.0,0.0,0.0,0.0,0.0,2.0,0.0,16,6,5,41.758586807,-87.59484650899999,POINT (-87.594846508868 41.758586806601),2021,990
O1233642,DRIVER,ba97d601c77b09f52b2456c5d5ec5f7a79457d7aeb26351e060ab8976e16de64b406f462350c5987601ea0316d8643c637fbff6fa0158abaf928f23d20d7057a,JE455908,1170786.0,11/24/2021 03:30:00 PM,NORTHBROOK,IL,60062,F,44.0,USAGE UNKNOWN,DEPLOYMENT UNKNOWN,UNKNOWN,NO INDICATION OF INJURY,UNKNOWN,UNKNOWN,UNKNOWN,TEST NOT OFFERED,2021,JE455908,11/24/2021 03:30:00 PM,30,TRAFFIC SIGNAL,FUNCTIONING PROPERLY,CLEAR,DAYLIGHT,SIDESWIPE SAME DIRECTION,NOT DIVIDED,STRAIGHT AND LEVEL,DRY,NO DEFECTS,NOT ON SCENE (DESK REPORT),NO INJURY / DRIVE AWAY,Y,N,"OVER $1,500",11/24/2021 04:17:00 PM,UNABLE TO DETERMINE,NOT APPLICABLE,1601,W,CHICAGO AVE,1215.0,2,NO INDICATION OF INJURY,0.0,0.0,0.0,0.0,0.0,2.0,0.0,15,4,11,41.89596285,-87.6673493,POINT (-87.667349299733 41.895962849999),2021,930
O1032485,DRIVER,748c2950651ef7e580575052650eab53b36021d8d2efeab9d7c4b40dd3b0a8b05a034837d399082fbf40ec80302a05e31e8ef2eceb8c13c38f5d7f5eaef5127a,JE127100,978648.0,01/29/2021 10:15:00 PM,CHICAGO,IL,60609,M,24.0,USAGE UNKNOWN,NOT APPLICABLE,NONE,NO INDICATION OF INJURY,UNKNOWN,UNKNOWN,UNKNOWN,TEST NOT OFFERED,2021,JE127100,01/29/2021 10:15:00 PM,30,STOP SIGN/FLASHER,UNKNOWN,UNKNOWN,"DARKNESS, LIGHTED ROAD",ANGLE,FOUR WAY,STRAIGHT AND LEVEL,UNKNOWN,UNKNOWN,ON SCENE,INJURY AND / OR TOW DUE TO CRASH,Y,Y,"OVER $1,500",01/29/2021 10:45:00 PM,UNABLE TO DETERMINE,NOT APPLICABLE,1000,S,SACRAMENTO BLVD,1134.0,2,NO INDICATION OF INJURY,0.0,0.0,0.0,0.0,0.0,2.0,0.0,22,6,1,41.869164353,-87.70101423700001,POINT (-87.701014237394 41.869164352745),2021,1335
O1223215,DRIVER,60efb4cc818604b5dcc7749fecab3e91b990b58731993f922870b2e60a45f41cbaf7aa891738293d2fca714f916d382ce0a7dc4490c0719a1706165035783036,JE438374,1160767.0,11/08/2021 03:13:00 PM,CALUMET CITY,IL,60409,F,27.0,SAFETY BELT USED,DID NOT DEPLOY,NONE,NO INDICATION OF INJURY,NONE,NOT OBSCURED,NORMAL,TEST NOT OFFERED,2021,JE438374,11/08/2021 03:13:00 PM,30,STOP SIGN/FLASHER,FUNCTIONING PROPERLY,CLEAR,DAYLIGHT,HEAD ON,T-INTERSECTION,STRAIGHT AND LEVEL,DRY,NO DEFECTS,ON SCENE,INJURY AND / OR TOW DUE TO CRASH,Y,Y,"OVER $1,500",11/08/2021 04:07:00 PM,DRIVING ON WRONG SIDE/WRONG WAY,"OPERATING VEHICLE IN ERRATIC, RECKLESS, CARELESS, NEGLIGENT OR AGGRESSIVE MANNER",5901,S,DR MARTIN LUTHER KING JR DR,233.0,2,"REPORTED, NOT EVIDENT",2.0,0.0,0.0,0.0,2.0,3.0,0.0,15,2,11,41.787433709,-87.61565315200001,POINT (-87.615653151876 41.787433709141),2021,913
O1088205,DRIVER,ccd3f7d9579d0f70576a4b848e5707ec5686a0b4880d3d2045cf785a39030f512b4ee975cfb5ab57e5cab8c5fb9582eb8ac6839cb7d8955e3503a7a2412154c9,JE218465,1032111.0,05/03/2021 03:38:00 PM,CHICAGO,IL,60628,M,39.0,SAFETY BELT USED,DEPLOYMENT UNKNOWN,NONE,NO INDICATION OF INJURY,NONE,NOT OBSCURED,NORMAL,TEST NOT OFFERED,2021,JE218465,05/03/2021 03:38:00 PM,30,NO CONTROLS,NO CONTROLS,CLEAR,DAYLIGHT,TURNING,T-INTERSECTION,STRAIGHT AND LEVEL,DRY,NO DEFECTS,ON SCENE,INJURY AND / OR TOW DUE TO CRASH,Y,Y,"OVER $1,500",05/03/2021 04:00:00 PM,IMPROPER OVERTAKING/PASSING,UNABLE TO DETERMINE,11100,S,VERNON AVE,531.0,2,NO INDICATION OF INJURY,0.0,0.0,0.0,0.0,0.0,2.0,0.0,15,2,5,41.692704319,-87.61230539200001,POINT (-87.612305391822 41.692704318893),2021,938
O1119684,DRIVER,1c455cd37f156991d74bf769da0901faf24eb72d57a01d8d63366302de474e390751a991b19593c401ef5e9e7f6fd42f3994c8b01e326ce0c9f508c693e6c6dd,JE268512,1062047.0,06/16/2021 06:35:00 PM,CHICAGO,IL,60619,F,33.0,SAFETY BELT USED,DEPLOYMENT UNKNOWN,NONE,INCAPACITATING INJURY,NONE,UNKNOWN,UNKNOWN,TEST NOT OFFERED,2021,JE268512,06/16/2021 06:35:00 PM,30,TRAFFIC SIGNAL,FUNCTIONING PROPERLY,CLEAR,DAYLIGHT,ANGLE,NOT DIVIDED,STRAIGHT AND LEVEL,DRY,NO DEFECTS,ON SCENE,INJURY AND / OR TOW DUE TO CRASH,Y,Y,"OVER $1,500",06/16/2021 06:35:00 PM,FAILING TO YIELD RIGHT-OF-WAY,NOT APPLICABLE,4700,S,DR MARTIN LUTHER KING JR DR,224.0,2,INCAPACITATING INJURY,1.0,0.0,1.0,0.0,0.0,1.0,0.0,18,4,6,41.809290911,-87.61673304600001,POINT (-87.616733045993 41.809290910501),2021,1115
O1180125,DRIVER,62cf688145b5db50f5c54077c37fedcabd086fe3a50b7816fc3cb264018f5a2537e48ba00c0fbd21a667afa78812b23440cee377cf646fb6a193a85baa11b052,JE367491,1119601.0,09/09/2021 02:41:00 PM,CHICAGO,IL,60628,F,21.0,USAGE UNKNOWN,"DEPLOYED, FRONT",NONE,NONINCAPACITATING INJURY,NONE,NOT OBSCURED,NORMAL,TEST NOT OFFERED,2021,JE367491,09/09/2021 02:41:00 PM,30,STOP SIGN/FLASHER,FUNCTIONING PROPERLY,CLEAR,DAYLIGHT,ANGLE,FOUR WAY,STRAIGHT AND LEVEL,DRY,NO DEFECTS,ON SCENE,INJURY AND / OR TOW DUE TO CRASH,Y,Y,"OVER $1,500",09/09/2021 02:41:00 PM,FAILING TO YIELD RIGHT-OF-WAY,FAILING TO YIELD RIGHT-OF-WAY,1400,E,70TH ST,332.0,2,NONINCAPACITATING INJURY,1.0,0.0,0.0,1.0,0.0,3.0,0.0,14,5,9,41.767941148,-87.59096681700001,POINT (-87.590966816994 41.767941148084),2021,881
O1171917,DRIVER,43a5f49533e99cbc44a30b5ba11d504cae8466bbba81253a79b4cc4a65aa8748fc954b8d094fe604f3ed692e4f0b79fb5ad14b64d2a795c34123a4e96c419295,JE353947,1111705.0,08/29/2021 03:30:00 AM,EVANSTON,IL,60202,M,23.0,SAFETY BELT USED,DID NOT DEPLOY,NONE,NO INDICATION OF INJURY,NONE,NOT OBSCURED,NORMAL,TEST NOT OFFERED,2021,JE353947,08/29/2021 03:30:00 AM,30,TRAFFIC SIGNAL,FUNCTIONING PROPERLY,CLOUDY/OVERCAST,"DARKNESS, LIGHTED ROAD",REAR END,NOT DIVIDED,STRAIGHT AND LEVEL,WET,NO DEFECTS,NOT ON SCENE (DESK REPORT),NO INJURY / DRIVE AWAY,Y,Y,"$501 - $1,500",08/29/2021 09:30:00 AM,UNABLE TO DETERMINE,UNABLE TO DETERMINE,456,S,HALSTED ST,1232.0,2,NO INDICATION OF INJURY,0.0,0.0,0.0,0.0,0.0,2.0,0.0,3,1,8,41.87509759,-87.64729929,POINT (-87.647299289511 41.87509759043),2021,210