PERSON_ID,PERSON_TYPE,CRASH_RECORD_ID,RD_NO_x,VEHICLE_ID,CRASH_DATE_x,CITY,STATE,ZIPCODE,SEX,AGE,SAFETY_EQUIPMENT,AIRBAG_DEPLOYED,EJECTION,INJURY_CLASSIFICATION,DRIVER_ACTION,DRIVER_VISION,PHYSICAL_CONDITION,BAC_RESULT,CRASH_YEAR_x,RD_NO_y,CRASH_DATE_y,POSTED_SPEED_LIMIT,TRAFFIC_CONTROL_DEVICE,DEVICE_CONDITION,WEATHER_CONDITION,LIGHTING_CONDITION,FIRST_CRASH_TYPE,TRAFFICWAY_TYPE,ALIGNMENT,ROADWAY_SURFACE_COND,ROAD_DEFECT,REPORT_TYPE,CRASH_TYPE,INTERSECTION_RELATED_I,HIT_AND_RUN_I,DAMAGE,DATE_POLICE_NOTIFIED,PRIM_CONTRIBUTORY_CAUSE,SEC_CONTRIBUTORY_CAUSE,STREET_NO,STREET_DIRECTION,STREET_NAME,BEAT_OF_OCCURRENCE,NUM_UNITS,MOST_SEVERE_INJURY,INJURIES_TOTAL,INJURIES_FATAL,INJURIES_INCAPACITATING,INJURIES_NON_INCAPACITATING,INJURIES_REPORTED_NOT_EVIDENT,INJURIES_NO_INDICATION,INJURIES_UNKNOWN,CRASH_HOUR,CRASH_DAY_OF_WEEK,CRASH_MONTH,LATITUDE,LONGITUDE,LOCATION,CRASH_YEAR_y,TIME
O1079996,DRIVER,f3da9573a8e1a842e8a9a532339843ccc89245fe4ca3d49621f9d020c10158df4562436fae0ac766ea082e56759c41d6674ef852952f078e61139ca16dd9d886,JE205197,1024255.0,04/20/2021 07:30:00 PM,LOCKPORT,IL,60441,M,30.0,SAFETY BELT USED,DID NOT DEPLOY,NONE,NO INDICATION OF INJURY,NONE,NOT OBSCURED,NORMAL,TEST NOT OFFERED,2021,JE205197,04/20/2021 07:30:00 PM,30,NO CONTROLS,NO CONTROLS,CLOUDY/OVERCAST,"DARKNESS, LIGHTED ROAD",REAR END,DIVIDED - W/MEDIAN BARRIER,STRAIGHT AND LEVEL,DRY,NO DEFECTS,NOT ON SCENE (DESK REPORT),NO INJURY / DRIVE AWAY,Y,Y,"OVER $1,500",04/20/2021 08:30:00 PM,FAILING TO REDUCE SPEED TO AVOID CRASH,UNABLE TO DETERMINE,8700,S,EGGLESTON AVE,2223.0,2,NO INDICATION OF INJURY,0.0,0.0,0.0,0.0,0.0,3.0,0.0,19,3,4,41.735838243,-87.635244212,POINT (-87.635244212345 41.735838243085),2021,1170
O1055216,DRIVER,dd8074b90708a53e635dec9dd9c55478746ee10ba6d661dbaee16e2037d2b522611a6d2fb7e00a0b3fb62919c887f524b8fca3cc09dc820727c83695c30ee94f,JE162336,1000576.0,03/08/2021 01:10:00 AM,ORLANDO,FL,32811,F,22.0,SAFETY BELT USED,DID NOT DEPLOY,NONE,NO INDICATION OF INJURY,NONE,NOT OBSCURED,NORMAL,TEST NOT OFFERED,2021,JE162336,03/08/2021 01:10:00 AM,40,TRAFFIC SIGNAL,FUNCTIONING PROPERLY,CLEAR,"DARKNESS, LIGHTED ROAD",TURNING,T-INTERSECTION,STRAIGHT AND LEVEL,DRY,NO DEFECTS,ON SCENE,NO INJURY / DRIVE AWAY,Y,Y,"$501 - $1,500",03/08/2021 01:12:00 AM,"OPERATING VEHICLE IN ERRATIC, RECKLESS, CARELESS, NEGLIGENT OR AGGRESSIVE MANNER","OPERATING VEHICLE IN ERRATIC, RECKLESS, CARELESS, NEGLIGENT OR AGGRESSIVE MANNER",800,N,LAKE SHORE DR SB,1833.0,2,NO INDICATION OF INJURY,0.0,0.0,0.0,0.0,0.0,3.0,0.0,1,2,3,41.896804972,-87.617027423,POINT (-87.617027423234 41.896804972416),2021,70
O1131543,DRIVER,eeb26861aad598b8f5ce64b31047ee45dfa3f37e5646e18db6d5eb3300288bf2eefa4d9f655d7b606decab434112304848caa09a75eedc7d02274c6f3dd06909,JE287850,1073348.0,07/02/2021 05:00:00 PM,CHICAGO,IL,60628,F,36.0,SAFETY BELT USED,DID NOT DEPLOY,NONE,NO INDICATION OF INJURY,NONE,NOT OBSCURED,NORMAL,TEST NOT OFFERED,2021,JE287850,07/02/2021 05:00:00 PM,30,TRAFFIC SIGNAL,FUNCTIONING PROPERLY,CLEAR,DAYLIGHT,TURNING,FOUR WAY,STRAIGHT AND LEVEL,DRY,NO DEFECTS,NOT ON SCENE (DESK REPORT),NO INJURY / DRIVE AWAY,Y,Y,$500 OR LESS,07/02/2021 09:50:00 PM,IMPROPER OVERTAKING/PASSING,DISREGARDING ROAD MARKINGS,8701,S,STONY ISLAND AVE,412.0,2,NO INDICATION OF INJURY,0.0,0.0,0.0,0.0,0.0,2.0,0.0,17,6,7,41.736827829,-87.58506058,POINT (-87.585060580126 41.73682782899),2021,1020
O1063748,DRIVER,ef81a53e552a0d553c9f8e8c319f13ed728b6b6afbdd82450760161ce6893c62735d363b36575f4f868960f3adb6005aff90edeef4b36bbf23f8bf70ec6e4d28,JE177818,1008775.0,03/23/2021 08:33:00 PM,CHICAGO,IL,60628,F,21.0,SAFETY BELT USED,NOT APPLICABLE,NONE,NO INDICATION OF INJURY,FAILED TO YIELD,NOT OBSCURED,NORMAL,TEST NOT OFFERED,2021,JE177818,03/23/2021 08:33:00 PM,30,TRAFFIC SIGNAL,FUNCTIONING PROPERLY,RAIN,"DARKNESS, LIGHTED ROAD",PEDESTRIAN,FOUR WAY,STRAIGHT AND LEVEL,WET,NO DEFECTS,ON SCENE,INJURY AND / OR TOW DUE TO CRASH,Y,Y,"OVER $1,500",03/23/2021 08:33:00 PM,FAILING TO YIELD RIGHT-OF-WAY,NOT APPLICABLE,7901,S,HALSTED ST,621.0,2,NONINCAPACITATING INJURY,1.0,0.0,0.0,1.0,0.0,1.0,0.0,20,3,3,41.750553078,-87.643895239,POINT (-87.643895239296 41.75055307754),2021,1233
O1175096,DRIVER,1805852a3dbb066c6bf1ecb9db285d918e5c8bf9e651d77fcfac70b25f2ea431a2a6bb478bb47e42e88775a2ca5e091d9ba89c7fc617125b4b3784abce9d545e,JE359020,1114758.0,09/02/2021 12:50:00 PM,CHICAGO,IL,60634,M,34.0,SAFETY BELT USED,NOT APPLICABLE,NONE,NO INDICATION OF INJURY,NONE,NOT OBSCURED,NORMAL,TEST NOT OFFERED,2021,JE359020,09/02/2021 12:50:00 PM,30,TRAFFIC SIGNAL,FUNCTIONING PROPERLY,CLEAR,DAYLIGHT,TURNING,FOUR WAY,STRAIGHT AND LEVEL,DRY,NO DEFECTS,ON SCENE,NO INJURY / DRIVE AWAY,Y,Y,"OVER $1,500",09/02/2021 12:50:00 PM,FAILING TO YIELD RIGHT-OF-WAY,NOT APPLICABLE,7201,S,CICERO AVE,833.0,2,NO INDICATION OF INJURY,0.0,0.0,0.0,0.0,0.0,2.0,0.0,12,5,9,41.761848064,-87.741670647,POINT (-87.741670647349 41.761848063557),2021,770
O1147281,DRIVER,0f14d459eabaab4d046565048d06311cb40e43fdc80610e8167ce1ab3af3d9ec629afcdd64c0c35478807f49ee5d2363c4c2c7d24f4aae49fae89b4cff5cc72b,JE313444,1088349.0,07/25/2021 09:53:00 AM,MERRIVILLE,IN,46410,M,55.0,USAGE UNKNOWN,DID NOT DEPLOY,NONE,NO INDICATION OF INJURY,UNKNOWN,NOT OBSCURED,NORMAL,TEST NOT OFFERED,2021,JE313444,07/25/2021 09:53:00 AM,30,TRAFFIC SIGNAL,FUNCTIONING PROPERLY,CLEAR,DAYLIGHT,REAR END,DIVIDED - W/MEDIAN BARRIER,STRAIGHT AND LEVEL,DRY,NO DEFECTS,ON SCENE,NO INJURY / DRIVE AWAY,Y,Y,$500 OR LESS,07/25/2021 09:53:00 AM,FOLLOWING TOO CLOSELY,NOT APPLICABLE,10350,S,INDIANAPOLIS AVE,432.0,2,NO INDICATION OF INJURY,0.0,0.0,0.0,0.0,0.0,4.0,0.0,9,1,7,41.706689272,-87.52886051799999,POINT (-87.528860517686 41.706689271705),2021,593
O1254439,DRIVER,1a3606c6647ad3d96b0e48d1983a6dd46c060f84a1b0041779a2b7d81e805f035e0d47e2910c04a4efa594121c6ddc817fc19903dfff6c30feb12a8c5fe0a003,JE492150,1190745.0,12/24/2021 02:15:00 AM,ROVERDALE,IL,60548,F,48.0,SAFETY BELT USED,DID NOT DEPLOY,NONE,NO INDICATION OF INJURY,UNKNOWN,NOT OBSCURED,UNKNOWN,TEST NOT OFFERED,2021,JE492150,12/24/2021 02:15:00 AM,30,TRAFFIC SIGNAL,FUNCTIONING PROPERLY,CLEAR,"DARKNESS, LIGHTED ROAD",SIDESWIPE SAME DIRECTION,DIVIDED - W/MEDIAN (NOT RAISED),STRAIGHT AND LEVEL,DRY,NO DEFECTS,NOT ON SCENE (DESK REPORT),NO INJURY / DRIVE AWAY,Y,Y,"$501 - $1,500",12/29/2021 04:25:00 PM,UNABLE TO DETERMINE,NOT APPLICABLE,6155,W,FULLERTON AVE,2512.0,2,NO INDICATION OF INJURY,0.0,0.0,0.0,0.0,0.0,2.0,0.0,2,6,12,41.923645092,-87.78035593700001,POINT (-87.780355936663 41.923645091761),2021,135
O1233530,DRIVER,343af1ccaa435a7402f44f700e344834dab08761a94b986b0b9ab6b8a4be47cee6a73fe7873ebdb312b165f842a009203b8ddc8ddb8069300167f194f62f6022,JE455707,1170695.0,11/24/2021 01:00:00 PM,CHICAGO,IL,60605,F,30.0,SAFETY BELT USED,DID NOT DEPLOY,NONE,NO INDICATION OF INJURY,NONE,NOT OBSCURED,NORMAL,TEST NOT OFFERED,2021,JE455707,11/24/2021 01:00:00 PM,30,TRAFFIC SIGNAL,FUNCTIONING PROPERLY,CLEAR,DAYLIGHT,SIDESWIPE SAME DIRECTION,DIVIDED - W/MEDIAN BARRIER,STRAIGHT ON GRADE,DRY,UNKNOWN,ON SCENE,INJURY AND / OR TOW DUE TO CRASH,Y,Y,"OVER $1,500",11/24/2021 01:02:00 PM,"OPERATING VEHICLE IN ERRATIC, RECKLESS, CARELESS, NEGLIGENT OR AGGRESSIVE MANNER",NOT APPLICABLE,1154,S,CLARK ST,123.0,3,NO INDICATION OF INJURY,0.0,0.0,0.0,0.0,0.0,5.0,0.0,13,4,11,41.867571015,-87.630586474,POINT (-87.630586473861 41.867571015433),2021,780
O1146033,DRIVER,b20de2032e8825ca0f353509ee981ca0eafa245e73bd6a1f01a566bb6ed4567d0374fc8120f01dc2e0f9b80d5389b7bdf5abe2fd507da1e26cc2225217709daf,JE311692,1087102.0,07/23/2021 06:05:00 PM,CHICAGO,IL,60637,M,50.0,USAGE UNKNOWN,DID NOT DEPLOY,NONE,NO INDICATION OF INJURY,NONE,UNKNOWN,IMPAIRED - ALCOHOL,TEST NOT OFFERED,2021,JE311692,07/23/2021 06:05:00 PM,30,TRAFFIC SIGNAL,FUNCTIONING PROPERLY,CLEAR,DAYLIGHT,SIDESWIPE SAME DIRECTION,FOUR WAY,STRAIGHT AND LEVEL,DRY,NO DEFECTS,ON SCENE,INJURY AND / OR TOW DUE TO CRASH,Y,Y,"OVER $1,500",07/23/2021 06:10:00 PM,FAILING TO REDUCE SPEED TO AVOID CRASH,DISREGARDING TRAFFIC SIGNALS,5456,S,WELLS ST,935.0,4,"REPORTED, NOT EVIDENT",1.0,0.0,0.0,0.0,1.0,3.0,0.0,18,6,7,41.794622364,-87.63192883,POINT (-87.631928829532 41.794622363814),2021,1085
O1178844,DRIVER,43e9e96e20eab84995743077bcd3e620755db7d6884a55b1492054bb53722bfe6f09ebc225ec1791514fbacc62f41ed3df5928b05dc02bb0590402dbf475b652,JE365508,1118369.0,09/08/2021 02:47:00 AM,SCHAUMBURG,IL,60194,M,39.0,SAFETY BELT USED,DID NOT DEPLOY,NONE,NO INDICATION OF INJURY,NONE,NOT OBSCURED,NORMAL,TEST NOT OFFERED,2021,JE365508,09/08/2021 02:47:00 AM,30,TRAFFIC SIGNAL,FUNCTIONING PROPERLY,CLEAR,"DARKNESS, LIGHTED ROAD",REAR END,FOUR WAY,STRAIGHT AND LEVEL,DRY,NO DEFECTS,ON SCENE,INJURY AND / OR TOW DUE TO CRASH,Y,Y,"$501 - $1,500",09/08/2021 02:55:00 AM,FOLLOWING TOO CLOSELY,UNABLE TO DETERMINE,601,S,WESTERN AVE,1225.0,2,"REPORTED, NOT EVIDENT",1.0,0.0,0.0,0.0,1.0,2.0,0.0,2,4,9,41.873847226,-87.686087569,POINT (-87.686087569371 41.873847225759),2021,167
O1184585,DRIVER,63a4af30a9721ad2cf9131ede2b081b81d5ec28b4ead0227628c8dd951f6aff03a973502471a11d5ee3d0da2c43ae51f9b3180bbb1abe16617c8e059a86be36e,JE374947,1123830.0,09/15/2021 06:45:00 PM,CHICAGO,IL,60629,F,40.0,SAFETY BELT USED,NOT APPLICABLE,NONE,NO INDICATION OF INJURY,NONE,NOT OBSCURED,NORMAL,TEST NOT OFFERED,2021,JE374947,09/15/2021 06:45:00 PM,30,TRAFFIC SIGNAL,FUNCTIONING PROPERLY,CLEAR,DAYLIGHT,REAR END,NOT DIVIDED,STRAIGHT AND LEVEL,DRY,NO DEFECTS,ON SCENE,NO INJURY / DRIVE AWAY,Y,Y,"OVER $1,500",09/15/2021 07:15:00 PM,UNABLE TO DETERMINE,NOT APPLICABLE,5100,S,WESTERN AVE,923.0,2,NO INDICATION OF INJURY,0.0,0.0,0.0,0.0,0.0,5.0,0.0,18,4,9,41.801052836,-87.684367649,POINT (-87.684367648824 41.801052835623),2021,1125
O1201473,DRIVER,a18df40f117619ede124ed5b3060733cca1b993cd818195affd77e31cad23b99badc6f417dfdd5e1d11838d4c2f402bdfe974ea1cfd6ba44581161b0f99e403c,JE403306,1140006.0,10/08/2021 11:07:00 PM,CHICAGO,IL,60634,F,23.0,USAGE UNKNOWN,NOT APPLICABLE,NONE,NO INDICATION OF INJURY,NONE,UNKNOWN,NORMAL,TEST NOT OFFERED,2021,JE403306,10/08/2021 11:07:00 PM,30,TRAFFIC SIGNAL,FUNCTIONING PROPERLY,CLEAR,"DARKNESS, LIGHTED ROAD",REAR END,NOT DIVIDED,STRAIGHT AND LEVEL,WET,NO DEFECTS,ON SCENE,NO INJURY / DRIVE AWAY,Y,Y,"$501 - $1,500",10/08/2021 11:28:00 PM,UNABLE TO DETERMINE,NOT APPLICABLE,5758,W,ADDISON ST,1633.0,2,NO INDICATION OF INJURY,0.0,0.0,0.0,0.0,0.0,2.0,0.0,23,6,10,41.94593543,-87.771509385,POINT (-87.771509384834 41.945935430353),2021,1387
O1111114,DRIVER,4fa98cddad649a2d9afe742a519921d260bb971219e4b20078a947b7897fd1e0b4d1b0c3ecff0ad0a2b65ed2ca2395efba1686deee1154b305c5bd8844de4c4b,JE255295,1054023.0,06/05/2021 11:55:00 PM,EVANSTON,IL,60202,M,30.0,USAGE UNKNOWN,DID NOT DEPLOY,NONE,NO INDICATION OF INJURY,NONE,NOT OBSCURED,NORMAL,TEST NOT OFFERED,2021,JE255295,06/05/2021 11:55:00 PM,30,TRAFFIC SIGNAL,NO CONTROLS,CLEAR,"DARKNESS, LIGHTED ROAD",SIDESWIPE SAME DIRECTION,FOUR WAY,STRAIGHT AND LEVEL,DRY,NO DEFECTS,ON SCENE,NO INJURY / DRIVE AWAY,Y,Y,"OVER $1,500",06/05/2021 11:59:00 PM,IMPROPER LANE USAGE,UNABLE TO DETERMINE,600,W,CHICAGO AVE,1822.0,2,NO INDICATION OF INJURY,0.0,0.0,0.0,0.0,0.0,4.0,0.0,23,7,6,41.896585191,-87.642996182,POINT (-87.642996181725 41.8965851912),2021,1435
O1203441,DRIVER,6cfea00117f32155201d0a426d44b77da4b82f6cf3728831dc789c6180df81317a2be707670a4911f4149054f6fa63875716cbdee307a1e441ef45dddc1532f6,JE406596,1141847.0,10/11/2021 11:42:00 PM,CHICAGO,IL,60660,M,38.0,SAFETY BELT USED,NOT APPLICABLE,NONE,NO INDICATION OF INJURY,NONE,NOT OBSCURED,NORMAL,TEST NOT OFFERED,2021,JE406596,10/11/2021 11:42:00 PM,30,TRAFFIC SIGNAL,FUNCTIONING PROPERLY,RAIN,"DARKNESS, LIGHTED ROAD",TURNING,NOT DIVIDED,STRAIGHT AND LEVEL,WET,NO DEFECTS,ON SCENE,NO INJURY / DRIVE AWAY,Y,Y,"OVER $1,500",10/11/2021 11:55:00 PM,"OPERATING VEHICLE IN ERRATIC, RECKLESS, CARELESS, NEGLIGENT OR AGGRESSIVE MANNER","OPERATING VEHICLE IN ERRATIC, RECKLESS, CARELESS, NEGLIGENT OR AGGRESSIVE MANNER",5799,N,ASHLAND AVE,2012.0,2,NO INDICATION OF INJURY,0.0,0.0,0.0,0.0,0.0,2.0,0.0,23,2,10,41.98671934,-87.669447295,POINT (-87.669447294976 41.98671933983),2021,1422
O1029855,DRIVER,cd0a33e5b0929bfa856e53d3976bb5a94b16406925104b930cdea92bf35e5efd8bc86ba264bf7cb440a623c1596e757adb70fc454395a59b528a0d471f66d11d,JE122291,976088.0,01/24/2021 07:45:00 PM,HARVEY,IL,60426,F,55.0,SAFETY BELT USED,DID NOT DEPLOY,NONE,NO INDICATION OF INJURY,NONE,NOT OBSCURED,NORMAL,TEST NOT OFFERED,2021,JE122291,01/24/2021 07:45:00 PM,30,TRAFFIC SIGNAL,FUNCTIONING PROPERLY,CLEAR,"DARKNESS, LIGHTED ROAD",REAR END,DIVIDED - W/MEDIAN (NOT RAISED),STRAIGHT AND LEVEL,DRY,NO DEFECTS,NOT ON SCENE (DESK REPORT),NO INJURY / DRIVE AWAY,Y,Y,"OVER $1,500",01/24/2021 08:13:00 PM,FOLLOWING TOO CLOSELY,NOT APPLICABLE,1600,W,ROOSEVELT RD,1231.0,2,NO INDICATION OF INJURY,0.0,0.0,0.0,0.0,0.0,2.0,0.0,19,1,1,41.866971116,-87.666509744,POINT (-87.666509743796 41.86697111645),2021,1185
O1072090,DRIVER,bdf465f010617549598a991f2862f63829819c4bfb69744709dc3db736413900ca4d69f40200b8197fa9fa7fe39d9480693b9ab51d4a02df1580ee93298f6d11,JE191783,1016716.0,04/06/2021 09:57:00 PM,CHICAGO,IL,60643,F,40.0,SAFETY BELT USED,NOT APPLICABLE,NONE,NO INDICATION OF INJURY,NONE,NOT OBSCURED,NORMAL,TEST NOT OFFERED,2021,JE191783,04/06/2021 09:57:00 PM,30,TRAFFIC SIGNAL,FUNCTIONING PROPERLY,CLEAR,"DARKNESS, LIGHTED ROAD",SIDESWIPE SAME DIRECTION,NOT DIVIDED,STRAIGHT AND LEVEL,DRY,NO DEFECTS,ON SCENE,NO INJURY / DRIVE AWAY,Y,Y,"$501 - $1,500",04/06/2021 10:49:00 PM,IMPROPER LANE USAGE,NOT APPLICABLE,2402,W,51ST ST,923.0,2,NO INDICATION OF INJURY,0.0,0.0,0.0,0.0,0.0,2.0,0.0,21,3,4,41.801259423000005,-87.6843557,POINT (-87.684355699873 41.801259422548),2021,1317
O1239134,DRIVER,02622241015fc963fde7c0ec08cecd0df794f4d66e73815af16957b208b7fa6053bb901099ab92bd91b4cdb2fd9719f70394f9c214b862209ec09b175740a6bc,JE465506,1176062.0,12/04/2021 03:04:00 AM,CHICAGO,IL,60636,F,26.0,SAFETY BELT USED,"DEPLOYED, FRONT",NONE,NO INDICATION OF INJURY,NONE,NOT OBSCURED,NORMAL,TEST NOT OFFERED,2021,JE465506,12/04/2021 03:04:00 AM,30,TRAFFIC SIGNAL,FUNCTIONING PROPERLY,CLEAR,"DARKNESS, LIGHTED ROAD",ANGLE,FOUR WAY,STRAIGHT AND LEVEL,DRY,NO DEFECTS,ON SCENE,INJURY AND / OR TOW DUE TO CRASH,Y,Y,"OVER $1,500",12/04/2021 03:04:00 AM,DISREGARDING TRAFFIC SIGNALS,NOT APPLICABLE,2800,W,MARQUETTE RD,831.0,2,NO INDICATION OF INJURY,0.0,0.0,0.0,0.0,0.0,2.0,0.0,3,7,12,41.771932731,-87.693269642,POINT (-87.693269641671 41.77193273122),2021,184
O1207081,DRIVER,d39cfbae4e249b9c099c0fa4fae6ec94c25756a8f0b43144d9dca28d82cd609bb62ccd174fd1b3780ac2c0d63e4dfff4bb469046e89ef8c019b83dd5f72a0a36,JE412608,1145355.0,10/15/2021 03:45:00 PM,BOLINGBROOK,IL,60490,F,59.0,SAFETY BELT USED,DID NOT DEPLOY,NONE,NO INDICATION OF INJURY,UNKNOWN,UNKNOWN,UNKNOWN,TEST NOT OFFERED,2021,JE412608,10/15/2021 03:45:00 PM,30,TRAFFIC SIGNAL,UNKNOWN,UNKNOWN,DAYLIGHT,TURNING,ONE-WAY,STRAIGHT AND LEVEL,UNKNOWN,UNKNOWN,NOT ON SCENE (DESK REPORT),NO INJURY / DRIVE AWAY,Y,Y,"OVER $1,500",10/17/2021 10:52:00 AM,UNABLE TO DETERMINE,UNABLE TO DETERMINE,1199,S,DESPLAINES ST,124.0,2,NO INDICATION OF INJURY,0.0,0.0,0.0,0.0,0.0,2.0,0.0,15,6,10,41.86728867,-87.64351698,POINT (-87.643516980391 41.867288669753),2021,945
O1209678,DRIVER,454e516f50265afbda7088f4890720e8e1b0a51b5ceba46776268d5c5acf62c93de43ac7e20a2c751399559290a8beba8a08920a07a000a123ece2b57a1854ce,JE417152,1147774.0,10/21/2021 07:30:00 AM,CHICAGO,IL,60652,F,37.0,SAFETY BELT USED,DID NOT DEPLOY,NONE,NO INDICATION OF INJURY,NONE,NOT OBSCURED,NORMAL,TEST NOT OFFERED,2021,JE417152,10/21/2021 07:30:00 AM,30,NO CONTROLS,NO CONTROLS,CLOUDY/OVERCAST,DAWN,REAR END,T-INTERSECTION,STRAIGHT AND LEVEL,DRY,NO DEFECTS,NOT ON SCENE (DESK REPORT),NO INJURY / DRIVE AWAY,Y,Y,"OVER $1,500",10/21/2021 08:10:00 AM,FOLLOWING TOO CLOSELY,UNABLE TO DETERMINE,5200,S,HALSTED ST,934.0,2,NO INDICATION OF INJURY,0.0,0.0,0.0,0.0,0.0,2.0,0.0,7,5,10,41.799675287,-87.64544127799999,POINT (-87.64544127819 41.799675287293),2021,450
O1106482,DRIVER,68a21204d57253edc129672e8191eee2459e2f191625f9e7114e6e845ef82d1993199068cbdf2e3c3cdf0b8f928d68077adc70a149178a60a6901382fb615229,JE248023,1049626.0,05/30/2021 03:46:00 PM,CHICAGO,IL,60653,F,32.0,SAFETY BELT USED,NOT APPLICABLE,NONE,NO INDICATION OF INJURY,NONE,NOT OBSCURED,NORMAL,TEST NOT OFFERED,2021,JE248023,05/30/2021 03:46:00 PM,30,TRAFFIC SIGNAL,NOT FUNCTIONING,CLEAR,DAYLIGHT,SIDESWIPE SAME DIRECTION,FOUR WAY,STRAIGHT AND LEVEL,DRY,NO DEFECTS,ON SCENE,INJURY AND / OR TOW DUE TO CRASH,Y,Y,"OVER $1,500",05/30/2021 03:49:00 PM,UNABLE TO DETERMINE,UNABLE TO DETERMINE,8700,S,COTTAGE GROVE AVE,632.0,4,"REPORTED, NOT EVIDENT",1.0,0.0,0.0,0.0,1.0,3.0,0.0,15,1,5,41.736601558000004,-87.6049681,POINT (-87.604968100168 41.736601558476),2021,946
O1168032,DRIVER,dc9cc6be24850b41f2ee555c456d2a66fb3b889f4d6faf562b2c577388cada57e2687356f66e267a8c2784f881da34790790b9b84457cf5ea770ac2353ea184a,JE347590,1108006.0,08/23/2021 06:14:00 PM,CHICAGO,IL,60642,M,24.0,SAFETY BELT USED,DID NOT DEPLOY,NONE,NO INDICATION OF INJURY,NONE,NOT OBSCURED,NORMAL,TEST NOT OFFERED,2021,JE347590,08/23/2021 06:14:00 PM,30,TRAFFIC SIGNAL,FUNCTIONING PROPERLY,CLEAR,DUSK,REAR END,DIVIDED - W/MEDIAN (NOT RAISED),STRAIGHT AND LEVEL,DRY,NO DEFECTS,ON SCENE,INJURY AND / OR TOW DUE TO CRASH,N,Y,"OVER $1,500",08/23/2021 06:43:00 PM,FAILING TO REDUCE SPEED TO AVOID CRASH,NOT APPLICABLE,601,N,AUSTIN BLVD,1511.0,3,NO INDICATION OF INJURY,0.0,0.0,0.0,0.0,0.0,5.0,0.0,18,2,8,41.89104721,-87.774861084,POINT (-87.774861083956 41.891047210146),2021,1094
O1105061,DRIVER,b5a0c2be578833b7e6868a29c1de635d48a8bb27655eaba0d64074a7b6b11568b9033d38928cb6b91d29a8695b5956d54af16fc8188e7d60fd8b4d870621e3e8,JE245841,1048250.0,05/28/2021 12:40:00 PM,CHICAGO,IL,60707,M,20.0,USAGE UNKNOWN,DID NOT DEPLOY,NONE,NONINCAPACITATING INJURY,NONE,UNKNOWN,NORMAL,TEST NOT OFFERED,2021,JE245841,05/28/2021 12:40:00 PM,30,TRAFFIC SIGNAL,FUNCTIONING PROPERLY,RAIN,DAYLIGHT,TURNING,NOT DIVIDED,STRAIGHT AND LEVEL,WET,NO DEFECTS,ON SCENE,INJURY AND / OR TOW DUE TO CRASH,Y,Y,"OVER $1,500",05/28/2021 12:50:00 PM,UNABLE TO DETERMINE,UNABLE TO DETERMINE,6800,W,GRAND AVE,2512.0,2,NONINCAPACITATING INJURY,1.0,0.0,0.0,1.0,0.0,1.0,0.0,12,6,5,41.923708193,-87.79530078100001,POINT (-87.795300781231 41.92370819286),2021,760
O1112655,DRIVER,b73c1c83d5840fe53e5a0424ac8d4bbdcefcd0fde3f0765f54eb96c0d64fdca09f80e1771677aa1db698697402f6adace646942115af1020d0d65a74a925c69c,JE256988,1055500.0,06/05/2021 05:00:00 PM,CHICAGO,IL,60617,M,31.0,USAGE UNKNOWN,DEPLOYMENT UNKNOWN,NONE,NO INDICATION OF INJURY,NONE,UNKNOWN,UNKNOWN,TEST NOT OFFERED,2021,JE256988,06/05/2021 05:00:00 PM,30,TRAFFIC SIGNAL,UNKNOWN,UNKNOWN,UNKNOWN,SIDESWIPE OPPOSITE DIRECTION,NOT DIVIDED,STRAIGHT AND LEVEL,UNKNOWN,UNKNOWN,NOT ON SCENE (DESK REPORT),NO INJURY / DRIVE AWAY,Y,Y,"OVER $1,500",06/07/2021 12:45:00 PM,UNABLE TO DETERMINE,UNABLE TO DETERMINE,5100,S,DR MARTIN LUTHER KING JR DR,231.0,2,NO INDICATION OF INJURY,0.0,0.0,0.0,0.0,0.0,2.0,0.0,17,7,6,41.802023154000004,-87.61627183899999,POINT (-87.616271839461 41.8020231541),2021,1020
O1197459,DRIVER,8add06bb49423f86a6e4e507f6949f4eac9b90f8080457628492c5f790619bfc9eddf7c07f70ff8ea6a67319761a6bc3667459446f8472f70fc820210c843cea,JE396239,1136176.0,10/03/2021 06:40:00 AM,CHICAGO,IL,60617,M,43.0,SAFETY BELT USED,"DEPLOYED, FRONT",NONE,NONINCAPACITATING INJURY,NONE,NOT OBSCURED,NORMAL,TEST NOT OFFERED,2021,JE396239,10/03/2021 06:40:00 AM,35,TRAFFIC SIGNAL,FUNCTIONING PROPERLY,CLOUDY/OVERCAST,DAYLIGHT,ANGLE,NOT DIVIDED,"CURVE, LEVEL",DRY,NO DEFECTS,ON SCENE,INJURY AND / OR TOW DUE TO CRASH,Y,Y,"OVER $1,500",10/03/2021 06:50:00 AM,UNABLE TO DETERMINE,NOT APPLICABLE,6700,S,SOUTH SHORE DR,331.0,2,NONINCAPACITATING INJURY,1.0,0.0,0.0,1.0,0.0,1.0,0.0,6,1,10,41.773438565999996,-87.56689930600001,POINT (-87.566899305833 41.773438566009),2021,400