PERSON_ID,PERSON_TYPE,CRASH_RECORD_ID,RD_NO_x,VEHICLE_ID,CRASH_DATE_x,CITY,STATE,ZIPCODE,SEX,AGE,SAFETY_EQUIPMENT,AIRBAG_DEPLOYED,EJECTION,INJURY_CLASSIFICATION,DRIVER_ACTION,DRIVER_VISION,PHYSICAL_CONDITION,BAC_RESULT,CRASH_YEAR_x,RD_NO_y,CRASH_DATE_y,POSTED_SPEED_LIMIT,TRAFFIC_CONTROL_DEVICE,DEVICE_CONDITION,WEATHER_CONDITION,LIGHTING_CONDITION,FIRST_CRASH_TYPE,TRAFFICWAY_TYPE,ALIGNMENT,ROADWAY_SURFACE_COND,ROAD_DEFECT,REPORT_TYPE,CRASH_TYPE,INTERSECTION_RELATED_I,HIT_AND_RUN_I,DAMAGE,DATE_POLICE_NOTIFIED,PRIM_CONTRIBUTORY_CAUSE,SEC_CONTRIBUTORY_CAUSE,STREET_NO,STREET_DIRECTION,STREET_NAME,BEAT_OF_OCCURRENCE,NUM_UNITS,MOST_SEVERE_INJURY,INJURIES_TOTAL,INJURIES_FATAL,INJURIES_INCAPACITATING,INJURIES_NON_INCAPACITATING,INJURIES_REPORTED_NOT_EVIDENT,INJURIES_NO_INDICATION,INJURIES_UNKNOWN,CRASH_HOUR,CRASH_DAY_OF_WEEK,CRASH_MONTH,LATITUDE,LONGITUDE,LOCATION,CRASH_YEAR_y,TIME
O1120943,DRIVER,144467a5fd1249a4513245bb3ff2761c492449bf2e8528622a0ccaa3139a1f574a4f53d5e9a92fddaf13513247ba2c87ca26b56797a742b5b2d29f0213a991ad,JE270837,1063236.0,06/18/2021 03:59:00 PM,CHICAGO,IL,60651,M,20.0,USAGE UNKNOWN,DID NOT DEPLOY,NONE,NO INDICATION OF INJURY,UNKNOWN,UNKNOWN,UNKNOWN,TEST NOT OFFERED,2021,JE270837,06/18/2021 03:59:00 PM,30,NO CONTROLS,NO CONTROLS,CLEAR,DAYLIGHT,REAR END,DIVIDED - W/MEDIAN BARRIER,STRAIGHT AND LEVEL,DRY,WORN SURFACE,NOT ON SCENE (DESK REPORT),NO INJURY / DRIVE AWAY,Y,Y,"OVER $1,500",06/18/2021 04:00:00 PM,UNABLE TO DETERMINE,NOT APPLICABLE,5830,W,NORTH AVE,2531.0,2,NO INDICATION OF INJURY,0.0,0.0,0.0,0.0,0.0,2.0,0.0,15,6,6,41.909415024,-87.77148576100001,POINT (-87.771485760611 41.90941502355),2021,959
O1204791,DRIVER,892453ce5707af99d9ff3984b65b34d774e23e7e5b3146a78b182b7aa134f4784b66fddbf780119a0639dd4308034fb8dcba5c36b7177c5d93e4d38f98e4b8be,JE408873,1143152.0,10/13/2021 09:20:00 PM,CHICAGO,IL,60638,F,22.0,SAFETY BELT USED,DID NOT DEPLOY,NONE,NO INDICATION OF INJURY,NONE,NOT OBSCURED,NORMAL,TEST NOT OFFERED,2021,JE408873,10/13/2021 09:20:00 PM,40,TRAFFIC SIGNAL,FUNCTIONING PROPERLY,CLEAR,"DARKNESS, LIGHTED ROAD",REAR END,FOUR WAY,STRAIGHT AND LEVEL,DRY,NO DEFECTS,ON SCENE,NO INJURY / DRIVE AWAY,Y,Y,"OVER $1,500",10/13/2021 09:30:00 PM,UNABLE TO DETERMINE,NOT APPLICABLE,100,S,LAKE SHORE DR NB,114.0,2,NO INDICATION OF INJURY,0.0,0.0,0.0,0.0,0.0,2.0,0.0,21,4,10,41.880856048000005,-87.61763589200001,POINT (-87.617635891755 41.880856047671),2021,1280
O1047286,DRIVER,65683d1c748149f1788495edd2ee72414eb19d85753d5a4fa215d44e824598e6bc018cfa84709941ea1c73a44c014d38a5d5b0389abc581b861be85a07ea992c,JE148223,992937.0,02/21/2021 08:30:00 PM,CHICAGO,IL,60628,F,26.0,USAGE UNKNOWN,DID NOT DEPLOY,NONE,NO INDICATION OF INJURY,UNKNOWN,UNKNOWN,NORMAL,TEST NOT OFFERED,2021,JE148223,02/21/2021 08:30:00 PM,35,UNKNOWN,UNKNOWN,SNOW,DARKNESS,REAR TO FRONT,FOUR WAY,STRAIGHT AND LEVEL,SNOW OR SLUSH,UNKNOWN,ON SCENE,INJURY AND / OR TOW DUE TO CRASH,Y,Y,"OVER $1,500",02/21/2021 08:35:00 PM,UNABLE TO DETERMINE,UNABLE TO DETERMINE,6499,S,HALSTED ST,723.0,2,NO INDICATION OF INJURY,0.0,0.0,0.0,0.0,0.0,2.0,0.0,20,1,2,41.776145617,-87.64459836,POINT (-87.644598360471 41.776145616845),2021,1230
O1059514,DRIVER,64ce1067c880b45a95e4dd1378b01e272407f0100a62f195dd7c2b29b23c82ab0af45740e84d629936e72be0462e9f878cc96a6d49d4eec1c6f7b4cd68aa2b21,JE170279,1004748.0,03/16/2021 08:28:00 AM,CHICAGO,IL,60637,F,25.0,USAGE UNKNOWN,"DEPLOYED, COMBINATION",NONE,NONINCAPACITATING INJURY,UNKNOWN,NOT OBSCURED,NORMAL,TEST NOT OFFERED,2021,JE170279,03/16/2021 08:28:00 AM,30,NO CONTROLS,NO CONTROLS,CLOUDY/OVERCAST,DAYLIGHT,ANGLE,DIVIDED - W/MEDIAN (NOT RAISED),STRAIGHT AND LEVEL,WET,NO DEFECTS,ON SCENE,INJURY AND / OR TOW DUE TO CRASH,Y,Y,"OVER $1,500",03/16/2021 08:28:00 AM,FAILING TO YIELD RIGHT-OF-WAY,FAILING TO REDUCE SPEED TO AVOID CRASH,2000,E,94TH ST,413.0,2,NONINCAPACITATING INJURY,1.0,0.0,0.0,1.0,0.0,1.0,0.0,8,3,3,41.724408001,-87.575340495,POINT (-87.575340495349 41.724408001069),2021,508
O1028091,DRIVER,fec7037260b52ced318428f73750e3e3b7f29b2d40c25325efb338406e0d733dfe4325449bdca9a4ea1b0266dd7bd360acf15b4eba035b01f7a4f17f9d13b4d4,JE119092,974409.0,01/21/2021 02:06:00 PM,CHICAGO,IL,60624,F,29.0,SAFETY BELT USED,DID NOT DEPLOY,NONE,NO INDICATION OF INJURY,UNKNOWN,NOT OBSCURED,NORMAL,TEST NOT OFFERED,2021,JE119092,01/21/2021 02:06:00 PM,30,TRAFFIC SIGNAL,FUNCTIONING PROPERLY,CLEAR,DAYLIGHT,TURNING,DIVIDED - W/MEDIAN (NOT RAISED),STRAIGHT AND LEVEL,DRY,NO DEFECTS,NOT ON SCENE (DESK REPORT),NO INJURY / DRIVE AWAY,Y,Y,"$501 - $1,500",01/21/2021 02:30:00 PM,UNABLE TO DETERMINE,NOT APPLICABLE,100,N,PULASKI RD,1114.0,2,NO INDICATION OF INJURY,0.0,0.0,0.0,0.0,0.0,2.0,0.0,14,5,1,41.88198557,-87.725854585,POINT (-87.72585458505 41.88198557029),2021,846
O1039347,DRIVER,ed37ee3de79b7932dc45f94ecf940d88cbc565e3a73bc03b3f04b4b87c227b3ebf721c8d68b52d642bd414f2dfca99cc04d8889f3bcdc7dd71eafb687391b4b2,JE137105,985206.0,02/09/2021 01:10:00 PM,CHICAGO,IL,60653,F,25.0,SAFETY BELT USED,DID NOT DEPLOY,NONE,NO INDICATION OF INJURY,NONE,NOT OBSCURED,NORMAL,TEST NOT OFFERED,2021,JE137105,02/09/2021 01:10:00 PM,30,TRAFFIC SIGNAL,FUNCTIONING PROPERLY,CLEAR,DAYLIGHT,ANGLE,NOT DIVIDED,STRAIGHT AND LEVEL,DRY,NO DEFECTS,NOT ON SCENE (DESK REPORT),NO INJURY / DRIVE AWAY,Y,Y,"$501 - $1,500",02/09/2021 04:25:00 PM,DISREGARDING STOP SIGN,DISREGARDING STOP SIGN,3550,S,RHODES AVE,212.0,2,NO INDICATION OF INJURY,0.0,0.0,0.0,0.0,0.0,2.0,0.0,13,3,2,41.829657195,-87.61459953,POINT (-87.614599529902 41.829657194599),2021,790
O1038869,DRIVER,b687a2e2952620cb34e2035b9382481def41cb40eed0177e6df84aa9707b57ad9f423c12c09849f847938c25c2c19c0d3b0a55ac93954a49600a70151049fa1b,JE136445,984739.0,02/08/2021 10:45:00 PM,CHICAGO,IL,60619,M,29.0,USAGE UNKNOWN,DID NOT DEPLOY,NONE,NO INDICATION OF INJURY,UNKNOWN,UNKNOWN,NORMAL,TEST NOT OFFERED,2021,JE136445,02/08/2021 10:45:00 PM,30,STOP SIGN/FLASHER,NO CONTROLS,SNOW,"DARKNESS, LIGHTED ROAD",ANGLE,ONE-WAY,STRAIGHT AND LEVEL,SNOW OR SLUSH,NO DEFECTS,ON SCENE,NO INJURY / DRIVE AWAY,Y,Y,"OVER $1,500",02/08/2021 11:55:00 PM,NOT APPLICABLE,NOT APPLICABLE,7300,S,LANGLEY AVE,323.0,2,NO INDICATION OF INJURY,0.0,0.0,0.0,0.0,0.0,2.0,0.0,22,2,2,41.762094159,-87.608071298,POINT (-87.608071297793 41.762094159261),2021,1365
O1192843,DRIVER,cb8d519c998942604a5064213ae89ca55f2de24c023122550a587641e5150425ece859bce1e534a5476b918ba03c2d4a765bc2b4fff9e645933e81dfe4b1cd0f,JE388627,1131772.0,09/27/2021 04:00:00 AM,CHICAGO,IL,60636,M,52.0,USAGE UNKNOWN,NOT APPLICABLE,NONE,NO INDICATION OF INJURY,UNKNOWN,UNKNOWN,UNKNOWN,TEST NOT OFFERED,2021,JE388627,09/27/2021 04:00:00 AM,30,NO CONTROLS,NO CONTROLS,CLEAR,DAWN,PARKED MOTOR VEHICLE,FOUR WAY,STRAIGHT AND LEVEL,DRY,NO DEFECTS,ON SCENE,NO INJURY / DRIVE AWAY,Y,Y,$500 OR LESS,09/27/2021 07:00:00 AM,UNABLE TO DETERMINE,UNABLE TO DETERMINE,2011,W,71ST ST,735.0,2,NO INDICATION OF INJURY,0.0,0.0,0.0,0.0,0.0,1.0,0.0,4,2,9,41.764693261,-87.674013141,POINT (-87.674013140703 41.764693261207),2021,240
O1182811,DRIVER,f9402b6d5785f64d731c7a0cbaeb52f9ef9c8bf54da2a2f0a12fa7cd927f728dc2e6decec4dc39cd391ea65f0e85adb049cd0b6c31661dbfa1e73d042b0a2b03,JE372057,1122157.0,09/13/2021 02:20:00 PM,CHICAGO,IL,60651,F,48.0,USAGE UNKNOWN,NOT APPLICABLE,NONE,NO INDICATION OF INJURY,NONE,NOT OBSCURED,NORMAL,TEST NOT OFFERED,2021,JE372057,09/13/2021 02:20:00 PM,30,STOP SIGN/FLASHER,FUNCTIONING PROPERLY,CLEAR,DAYLIGHT,ANGLE,NOT DIVIDED,STRAIGHT AND LEVEL,DRY,NO DEFECTS,ON SCENE,NO INJURY / DRIVE AWAY,Y,Y,"$501 - $1,500",09/13/2021 02:54:00 PM,FAILING TO YIELD RIGHT-OF-WAY,FAILING TO REDUCE SPEED TO AVOID CRASH,5200,W,LE MOYNE ST,2532.0,2,NO INDICATION OF INJURY,0.0,0.0,0.0,0.0,0.0,2.0,0.0,14,2,9,41.907795217,-87.755967235,POINT (-87.755967235028 41.907795216667),2021,860
O1239130,DRIVER,539e51454cf34eb060cecf8e900844ff33e4256c4d4685a85a2932b16a525e9c805cc7fa7905e27041ce3a240513a52dfc3b3ad3be963d6d3951a08c94d42524,JE465508,1176059.0,12/04/2021 02:30:00 AM,CHICAGO,IL,60647,M,29.0,SAFETY BELT USED,DID NOT DEPLOY,NONE,NO INDICATION OF INJURY,NONE,NOT OBSCURED,NORMAL,TEST NOT OFFERED,2021,JE465508,12/04/2021 02:30:00 AM,30,STOP SIGN/FLASHER,FUNCTIONING PROPERLY,CLEAR,"DARKNESS, LIGHTED ROAD",ANGLE,NOT DIVIDED,STRAIGHT AND LEVEL,DRY,NO DEFECTS,NOT ON SCENE (DESK REPORT),NO INJURY / DRIVE AWAY,Y,Y,"$501 - $1,500",12/04/2021 03:20:00 AM,DISREGARDING STOP SIGN,NOT APPLICABLE,241,N,SACRAMENTO BLVD,1222.0,2,NO INDICATION OF INJURY,0.0,0.0,0.0,0.0,0.0,2.0,0.0,2,7,12,41.885328060999996,-87.70117941299999,POINT (-87.701179413475 41.88532806059),2021,150
O1149713,DRIVER,6fb63ee955ea0889ebeddf206f7ddd4944930f227e2b3a0b45d87230f10796aea9a9deb46a36d73abb7a44a4cbd1d0fa78fdc372e6c5eec52465014e063ab29b,JE317612,1090592.0,07/28/2021 05:35:00 PM,OAK PARK,IL,60304,M,34.0,SAFETY BELT USED,DID NOT DEPLOY,NONE,NO INDICATION OF INJURY,NONE,NOT OBSCURED,NORMAL,TEST NOT OFFERED,2021,JE317612,07/28/2021 05:35:00 PM,30,TRAFFIC SIGNAL,FUNCTIONING PROPERLY,CLEAR,DAYLIGHT,REAR END,DIVIDED - W/MEDIAN BARRIER,STRAIGHT AND LEVEL,DRY,NO DEFECTS,ON SCENE,INJURY AND / OR TOW DUE TO CRASH,Y,N,"$501 - $1,500",07/28/2021 05:36:00 PM,IMPROPER LANE USAGE,DRIVING SKILLS/KNOWLEDGE/EXPERIENCE,1798,W,ROOSEVELT RD,1231.0,3,NONINCAPACITATING INJURY,2.0,0.0,0.0,1.0,1.0,1.0,0.0,17,4,7,41.866933623,-87.671290974,POINT (-87.671290974012 41.866933623391),2021,1055
O1178125,DRIVER,2f063f2ccae3dd305420aedd82be4e0036c5729fb107fdd5d171457ca93ab5bf21f3776d13aab7f3790d55e29662abf47caafb484588e80bcbf37792756b5add,JE364159,1117659.0,09/07/2021 12:20:00 AM,HARVEY,IL,60426,F,24.0,SAFETY BELT USED,"DEPLOYED, FRONT",NONE,NONINCAPACITATING INJURY,OTHER,NOT OBSCURED,NORMAL,TEST NOT OFFERED,2021,JE364159,09/07/2021 12:20:00 AM,30,TRAFFIC SIGNAL,FUNCTIONING PROPERLY,CLEAR,"DARKNESS, LIGHTED ROAD",ANGLE,FOUR WAY,STRAIGHT AND LEVEL,DRY,NO DEFECTS,ON SCENE,INJURY AND / OR TOW DUE TO CRASH,Y,Y,"OVER $1,500",09/07/2021 12:30:00 AM,DISREGARDING TRAFFIC SIGNALS,UNABLE TO DETERMINE,1000,N,DAMEN AVE,1212.0,2,NONINCAPACITATING INJURY,1.0,0.0,0.0,1.0,0.0,1.0,0.0,0,3,9,41.899594831,-87.677303736,POINT (-87.677303736498 41.899594831439),2021,20
O1131842,DRIVER,926f12f21eb69604349671b72f4b24ca3814c2c707e39ee2140696b6d715efccab4ea11c39a1fa95c421ae7e1f699c1e412ebc2d209318d72d546f3e2f8efd35,JE288323,1073647.0,07/03/2021 09:10:00 AM,CHICAGO,IL,60619,F,49.0,SAFETY BELT USED,NOT APPLICABLE,NONE,NO INDICATION OF INJURY,OTHER,UNKNOWN,NORMAL,TEST NOT OFFERED,2021,JE288323,07/03/2021 09:10:00 AM,30,TRAFFIC SIGNAL,FUNCTIONING PROPERLY,CLEAR,DAYLIGHT,REAR END,NOT DIVIDED,STRAIGHT AND LEVEL,DRY,UNKNOWN,NOT ON SCENE (DESK REPORT),NO INJURY / DRIVE AWAY,Y,N,$500 OR LESS,07/03/2021 11:00:00 AM,UNABLE TO DETERMINE,UNABLE TO DETERMINE,6700,S,SOUTH SHORE DR,331.0,2,NO INDICATION OF INJURY,0.0,0.0,0.0,0.0,0.0,2.0,0.0,9,7,7,41.773438565999996,-87.56689930600001,POINT (-87.566899305833 41.773438566009),2021,550
O1151911,DRIVER,b939b9771b4feb37b8f2b93f3534c48a4dad13f6532e36a1b531cb104bc5bece92c72a6f937cad8007a09835308a74f39f13710c8c79c8d4c73ffe27801c721a,JE321210,1092681.0,07/24/2021 09:50:00 PM,GLENVIEW,IL,60026,F,25.0,SAFETY BELT USED,DID NOT DEPLOY,NONE,NO INDICATION OF INJURY,NONE,NOT OBSCURED,NORMAL,TEST NOT OFFERED,2021,JE321210,07/24/2021 09:50:00 PM,30,TRAFFIC SIGNAL,FUNCTIONING PROPERLY,CLEAR,"DARKNESS, LIGHTED ROAD",SIDESWIPE SAME DIRECTION,DIVIDED - W/MEDIAN BARRIER,STRAIGHT AND LEVEL,DRY,NO DEFECTS,NOT ON SCENE (DESK REPORT),NO INJURY / DRIVE AWAY,Y,Y,"OVER $1,500",07/31/2021 04:00:00 PM,IMPROPER OVERTAKING/PASSING,NOT APPLICABLE,1000,N,LAKE SHORE DR NB,1824.0,2,NO INDICATION OF INJURY,0.0,0.0,0.0,0.0,0.0,2.0,0.0,21,7,7,41.900958919000004,-87.619928174,POINT (-87.619928173678 41.900958919109),2021,1310
O1030050,DRIVER,0f1389cd2aedb2e740c50da9d0ad2f7bf8bdfc82bf9314c6bae100e623676d9e18bd4f3a195338c49d35fcd27dbb852881d579ca2e418b1d11dbc0c2ebc18220,JE122724,976280.0,01/25/2021 11:11:00 AM,CHICAGO,IL,60652,M,18.0,SAFETY BELT USED,DID NOT DEPLOY,NONE,NO INDICATION OF INJURY,FOLLOWED TOO CLOSELY,NOT OBSCURED,NORMAL,TEST NOT OFFERED,2021,JE122724,01/25/2021 11:11:00 AM,30,TRAFFIC SIGNAL,FUNCTIONING PROPERLY,CLEAR,DAYLIGHT,SIDESWIPE SAME DIRECTION,T-INTERSECTION,STRAIGHT AND LEVEL,DRY,NO DEFECTS,ON SCENE,NO INJURY / DRIVE AWAY,Y,Y,"OVER $1,500",01/25/2021 11:13:00 AM,FOLLOWING TOO CLOSELY,DRIVING SKILLS/KNOWLEDGE/EXPERIENCE,5,W,PERSHING RD,213.0,2,NO INDICATION OF INJURY,0.0,0.0,0.0,0.0,0.0,4.0,0.0,11,2,1,41.823600776999996,-87.62667093,POINT (-87.626670929748 41.823600776874),2021,671
O1032118,DRIVER,1a0479840f09404547cd1269b3c4d69296a9e14f9bbe70edd48df5608f786d98bcfecf42e502f9df46f9c7148a32238b1f7bcfc3f8b4a75b18e0efb8f9c7dd45,JE126489,978288.0,01/29/2021 11:13:00 AM,GLENVIEW,IL,60025,M,56.0,USAGE UNKNOWN,DID NOT DEPLOY,NONE,NO INDICATION OF INJURY,NONE,NOT OBSCURED,NORMAL,TEST NOT OFFERED,2021,JE126489,01/29/2021 11:13:00 AM,30,PEDESTRIAN CROSSING SIGN,FUNCTIONING PROPERLY,CLEAR,DAYLIGHT,REAR END,DIVIDED - W/MEDIAN (NOT RAISED),STRAIGHT AND LEVEL,DRY,NO DEFECTS,ON SCENE,NO INJURY / DRIVE AWAY,Y,Y,"OVER $1,500",01/29/2021 11:35:00 AM,FOLLOWING TOO CLOSELY,FAILING TO REDUCE SPEED TO AVOID CRASH,7448,N,WESTERN AVE,2411.0,2,NO INDICATION OF INJURY,0.0,0.0,0.0,0.0,0.0,2.0,0.0,11,6,1,42.017295118,-87.690345264,POINT (-87.690345264441 42.017295118462),2021,673
O1154022,DRIVER,b3aa76061166d6ca277463c88e17b3f249a1ab0d7c1c22961c2825df1447f604217e806c8d83ccb78e06847338c8a352fe0aa3277e2ee2d25a40c8290d92bf00,JE324635,1094688.0,08/02/2021 07:30:00 PM,CHICAGO,IL,60629,F,28.0,SAFETY BELT USED,NOT APPLICABLE,NONE,NO INDICATION OF INJURY,NONE,NOT OBSCURED,NORMAL,TEST NOT OFFERED,2021,JE324635,08/02/2021 07:30:00 PM,30,STOP SIGN/FLASHER,NO CONTROLS,CLEAR,DAYLIGHT,ANGLE,FOUR WAY,STRAIGHT AND LEVEL,DRY,NO DEFECTS,NOT ON SCENE (DESK REPORT),NO INJURY / DRIVE AWAY,Y,Y,$500 OR LESS,08/03/2021 02:40:00 PM,FAILING TO YIELD RIGHT-OF-WAY,UNABLE TO DETERMINE,641,W,GRAND AVE,1214.0,2,NO INDICATION OF INJURY,0.0,0.0,0.0,0.0,0.0,2.0,0.0,19,2,8,41.891116806,-87.644420989,POINT (-87.644420989057 41.891116805872),2021,1170
O1226507,DRIVER,f239dd225ee226e54696d699704729509ce9232ac212a7f84d939f755d61ff5c6ec8af053be877ba4119e8859dd4899c196cba1efa0730979b0afda51cb150f1,JE444229,1163922.0,11/13/2021 07:10:00 PM,CHICAGO,IL,60620,F,20.0,USAGE UNKNOWN,"DEPLOYED, FRONT",NONE,NO INDICATION OF INJURY,UNKNOWN,NOT OBSCURED,UNKNOWN,TEST NOT OFFERED,2021,JE444229,11/13/2021 07:10:00 PM,30,TRAFFIC SIGNAL,FUNCTIONING PROPERLY,CLEAR,"DARKNESS, LIGHTED ROAD",ANGLE,FOUR WAY,STRAIGHT AND LEVEL,DRY,NO DEFECTS,ON SCENE,INJURY AND / OR TOW DUE TO CRASH,Y,Y,"OVER $1,500",11/13/2021 07:16:00 PM,DISREGARDING TRAFFIC SIGNALS,FAILING TO YIELD RIGHT-OF-WAY,7400,S,ASHLAND AVE,735.0,2,NONINCAPACITATING INJURY,1.0,0.0,0.0,1.0,0.0,4.0,0.0,19,7,11,41.759368396,-87.663785716,POINT (-87.663785715867 41.75936839646),2021,1150
O1219652,DRIVER,2b0dae68cfe27c32423093ad38d5261d09df1cc20fe57b51243fe51d255940b6f759b85f15d9fa254cd9505ba8b1bf88fc16ed31474432a312cef90d25854a51,JE432475,1157338.0,11/03/2021 10:40:00 AM,CHICAGO,IL,60624,F,20.0,SAFETY BELT USED,DID NOT DEPLOY,NONE,NO INDICATION OF INJURY,FAILED TO YIELD,NOT OBSCURED,NORMAL,TEST NOT OFFERED,2021,JE432475,11/03/2021 10:40:00 AM,25,STOP SIGN/FLASHER,FUNCTIONING PROPERLY,CLEAR,DAYLIGHT,ANGLE,NOT DIVIDED,STRAIGHT AND LEVEL,DRY,NO DEFECTS,NOT ON SCENE (DESK REPORT),NO INJURY / DRIVE AWAY,Y,N,"$501 - $1,500",11/03/2021 11:30:00 AM,FAILING TO YIELD RIGHT-OF-WAY,NOT APPLICABLE,1300,S,OAKLEY AVE,1233.0,2,NO INDICATION OF INJURY,0.0,0.0,0.0,0.0,0.0,3.0,0.0,10,4,11,41.864762946999996,-87.68368639299999,POINT (-87.683686392692 41.864762947268),2021,640
O1241674,DRIVER,2a17b14b84687eba4ee26f0b5776b3c9f4aada1632db96232bc965377c00f9ef75c8c78a95bcf8c43235c6b639efed7a07b618935dac9f151156a8dd1a597766,JE469758,1178501.0,12/08/2021 12:14:00 AM,CHICAGO,IL,60651,F,47.0,SAFETY BELT USED,DID NOT DEPLOY,NONE,NO INDICATION OF INJURY,NONE,NOT OBSCURED,NORMAL,TEST NOT OFFERED,2021,JE469758,12/08/2021 12:14:00 AM,30,TRAFFIC SIGNAL,FUNCTIONING PROPERLY,CLEAR,"DARKNESS, LIGHTED ROAD",REAR END,NOT DIVIDED,STRAIGHT AND LEVEL,DRY,NO DEFECTS,ON SCENE,NO INJURY / DRIVE AWAY,Y,Y,"OVER $1,500",12/08/2021 12:15:00 AM,UNABLE TO DETERMINE,UNABLE TO DETERMINE,3202,N,KIMBALL AVE,1732.0,2,NO INDICATION OF INJURY,0.0,0.0,0.0,0.0,0.0,3.0,0.0,0,4,12,41.939378038,-87.712645006,POINT (-87.712645005926 41.939378038047),2021,14
O1114078,DRIVER,e86c599136885d74c8bb371bbc0f36be3469369533411ace296577bcad0fe596e39f98ef31fc54bdbf5f2b3f1aaebb49f85865f9f0b9eff19a8615a8ba739988,JE260047,1056822.0,06/09/2021 07:04:00 PM,CHICAGO,IL,60609,M,32.0,SAFETY BELT USED,DID NOT DEPLOY,NONE,NO INDICATION OF INJURY,NONE,NOT OBSCURED,NORMAL,TEST NOT OFFERED,2021,JE260047,06/09/2021 07:04:00 PM,30,TRAFFIC SIGNAL,FUNCTIONING PROPERLY,CLEAR,DAYLIGHT,SIDESWIPE SAME DIRECTION,FOUR WAY,STRAIGHT AND LEVEL,DRY,NO DEFECTS,ON SCENE,NO INJURY / DRIVE AWAY,Y,Y,"OVER $1,500",06/09/2021 07:05:00 PM,IMPROPER TURNING/NO SIGNAL,UNABLE TO DETERMINE,4800,S,ASHLAND AVE,931.0,2,NO INDICATION OF INJURY,0.0,0.0,0.0,0.0,0.0,2.0,0.0,19,4,6,41.806689045,-87.665065003,POINT (-87.665065002859 41.806689045263),2021,1144
O1246333,DRIVER,07e3b4906743d76baa071cc91b0821e33def9e1478f489d9f8ff0287f31ba44f7bbff011907b7c58b3c725a74d7ec9a65b92f6af3a72c60d3ce6e182b5144fd9,JE477617,1182972.0,12/14/2021 06:16:00 PM,CHICAGO,IL,60653,F,27.0,USAGE UNKNOWN,NOT APPLICABLE,NONE,NO INDICATION OF INJURY,UNKNOWN,UNKNOWN,UNKNOWN,TEST NOT OFFERED,2021,JE477617,12/14/2021 06:16:00 PM,30,TRAFFIC SIGNAL,UNKNOWN,CLEAR,"DARKNESS, LIGHTED ROAD",SIDESWIPE SAME DIRECTION,ONE-WAY,STRAIGHT AND LEVEL,DRY,NO DEFECTS,ON SCENE,INJURY AND / OR TOW DUE TO CRASH,Y,Y,"OVER $1,500",12/14/2021 06:37:00 PM,UNABLE TO DETERMINE,UNABLE TO DETERMINE,4300,S,LA SALLE ST,215.0,3,NO INDICATION OF INJURY,0.0,0.0,0.0,0.0,0.0,3.0,0.0,18,3,12,41.816438805,-87.62958659600001,POINT (-87.629586596136 41.816438804918),2021,1096
O1175296,DRIVER,94037ff45dedc882666d2ab4f901a3316152c7613607d067cd2892b405b2630f7a24b365cf0d49e1809886e524ae1fbdd9f2cc891ea6c6e3e67cb8d84b8ae09c,JE359323,1114960.0,09/02/2021 04:45:00 PM,EVANSTON,IL,60201,M,53.0,USAGE UNKNOWN,NOT APPLICABLE,NONE,NO INDICATION OF INJURY,UNKNOWN,UNKNOWN,NORMAL,"TEST PERFORMED, RESULTS UNKNOWN",2021,JE359323,09/02/2021 04:45:00 PM,30,TRAFFIC SIGNAL,UNKNOWN,CLOUDY/OVERCAST,DAYLIGHT,SIDESWIPE SAME DIRECTION,OTHER,STRAIGHT AND LEVEL,UNKNOWN,UNKNOWN,NOT ON SCENE (DESK REPORT),NO INJURY / DRIVE AWAY,Y,Y,"OVER $1,500",09/02/2021 05:00:00 PM,UNABLE TO DETERMINE,UNABLE TO DETERMINE,4900,N,WESTERN AVE,2031.0,2,NO INDICATION OF INJURY,0.0,0.0,0.0,0.0,0.0,2.0,0.0,16,5,9,41.970501475,-87.689115784,POINT (-87.689115784038 41.970501474594),2021,1005
O1203526,DRIVER,ae1ba2ae8825aad42b7763c25381919cb6d71f90567b6af8562a56729cca1ef2e75301bfa7a0e6b079dce04e9ac496b31e80617b4a852e944e15af5e80943ecc,JE406768,1141927.0,10/12/2021 06:45:00 AM,CHICAGO,IL,60636,F,50.0,USAGE UNKNOWN,NOT APPLICABLE,NONE,NO INDICATION OF INJURY,UNKNOWN,NOT OBSCURED,NORMAL,TEST NOT OFFERED,2021,JE406768,10/12/2021 06:45:00 AM,30,TRAFFIC SIGNAL,FUNCTIONING PROPERLY,CLEAR,DAYLIGHT,TURNING,FOUR WAY,STRAIGHT AND LEVEL,WET,NO DEFECTS,ON SCENE,NO INJURY / DRIVE AWAY,Y,N,"OVER $1,500",10/12/2021 06:46:00 AM,UNABLE TO DETERMINE,NOT APPLICABLE,4305,S,ASHLAND AVE,924.0,2,NO INDICATION OF INJURY,0.0,0.0,0.0,0.0,0.0,2.0,0.0,6,3,10,41.815679137,-87.664997716,POINT (-87.664997715716 41.815679137071),2021,405
O1246044,DRIVER,3b6f809a88a0bcde0ebfd5f54d0361fc3493607a4b194aeef721f36c152d59fb7cb5b002019b47c1f37a73ef9f0704eabe6200a5b09f3cfd09ed14485bd6fb79,JE477275,1182670.0,12/14/2021 01:12:00 PM,CHICAGO HEIGHTS,IL,60411,M,33.0,SAFETY BELT USED,DID NOT DEPLOY,NONE,NO INDICATION OF INJURY,NONE,NOT OBSCURED,NORMAL,TEST NOT OFFERED,2021,JE477275,12/14/2021 01:12:00 PM,20,TRAFFIC SIGNAL,FUNCTIONING PROPERLY,CLEAR,DAYLIGHT,REAR END,NOT DIVIDED,STRAIGHT AND LEVEL,DRY,NO DEFECTS,ON SCENE,NO INJURY / DRIVE AWAY,Y,Y,"$501 - $1,500",12/14/2021 01:20:00 PM,UNABLE TO DETERMINE,NOT APPLICABLE,759,N,PULASKI RD,1112.0,2,NO INDICATION OF INJURY,0.0,0.0,0.0,0.0,0.0,2.0,0.0,13,3,12,41.895278792,-87.725930442,POINT (-87.725930442178 41.895278792103),2021,792