PERSON_ID,PERSON_TYPE,CRASH_RECORD_ID,RD_NO_x,VEHICLE_ID,CRASH_DATE_x,CITY,STATE,ZIPCODE,SEX,AGE,SAFETY_EQUIPMENT,AIRBAG_DEPLOYED,EJECTION,INJURY_CLASSIFICATION,DRIVER_ACTION,DRIVER_VISION,PHYSICAL_CONDITION,BAC_RESULT,CRASH_YEAR_x,RD_NO_y,CRASH_DATE_y,POSTED_SPEED_LIMIT,TRAFFIC_CONTROL_DEVICE,DEVICE_CONDITION,WEATHER_CONDITION,LIGHTING_CONDITION,FIRST_CRASH_TYPE,TRAFFICWAY_TYPE,ALIGNMENT,ROADWAY_SURFACE_COND,ROAD_DEFECT,REPORT_TYPE,CRASH_TYPE,INTERSECTION_RELATED_I,HIT_AND_RUN_I,DAMAGE,DATE_POLICE_NOTIFIED,PRIM_CONTRIBUTORY_CAUSE,SEC_CONTRIBUTORY_CAUSE,STREET_NO,STREET_DIRECTION,STREET_NAME,BEAT_OF_OCCURRENCE,NUM_UNITS,MOST_SEVERE_INJURY,INJURIES_TOTAL,INJURIES_FATAL,INJURIES_INCAPACITATING,INJURIES_NON_INCAPACITATING,INJURIES_REPORTED_NOT_EVIDENT,INJURIES_NO_INDICATION,INJURIES_UNKNOWN,CRASH_HOUR,CRASH_DAY_OF_WEEK,CRASH_MONTH,LATITUDE,LONGITUDE,LOCATION,CRASH_YEAR_y,TIME
O1238494,DRIVER,904e90b4db6696c9b12ac1b6a74d88df15a5a34a5001df22dcfcfe519a627da17b0e6d7ed2e7a159339ad91f89c7d31890b996a66c0155c8917e9ee8260b9fdb,JE464426,1175453.0,12/03/2021 08:00:00 AM,WAUKEGAN,IL,60085,M,40.0,SAFETY BELT USED,DID NOT DEPLOY,NONE,NO INDICATION OF INJURY,UNKNOWN,NOT OBSCURED,NORMAL,TEST NOT OFFERED,2021,JE464426,12/03/2021 08:00:00 AM,30,NO CONTROLS,NO CONTROLS,CLEAR,DAYLIGHT,ANGLE,NOT DIVIDED,STRAIGHT AND LEVEL,DRY,NO DEFECTS,ON SCENE,INJURY AND / OR TOW DUE TO CRASH,Y,Y,"OVER $1,500",12/03/2021 08:01:00 AM,FAILING TO YIELD RIGHT-OF-WAY,FAILING TO YIELD RIGHT-OF-WAY,5200,W,QUINCY ST,1522.0,2,"REPORTED, NOT EVIDENT",3.0,0.0,0.0,0.0,3.0,2.0,0.0,8,6,12,41.877674631,-87.75509621299999,POINT (-87.755096213162 41.877674630714),2021,480
O1228721,DRIVER,c7d94aabb32b5bdf2553384981f2813337d20121ed4bb631f07d4e745414429a300e739bc25a9278e394e7aa0ab3946f9553712a3158e85c5d4c70b9904eaf0e,JE448004,1166026.0,11/17/2021 05:45:00 AM,CHICAGO,IL,60654,F,26.0,SAFETY BELT USED,DID NOT DEPLOY,NONE,NO INDICATION OF INJURY,NONE,NOT OBSCURED,NORMAL,TEST NOT OFFERED,2021,JE448004,11/17/2021 05:45:00 AM,45,TRAFFIC SIGNAL,FUNCTIONING PROPERLY,CLEAR,"DARKNESS, LIGHTED ROAD",REAR END,T-INTERSECTION,STRAIGHT AND LEVEL,DRY,NO DEFECTS,NOT ON SCENE (DESK REPORT),NO INJURY / DRIVE AWAY,N,Y,"OVER $1,500",11/17/2021 10:30:00 AM,FOLLOWING TOO CLOSELY,FAILING TO REDUCE SPEED TO AVOID CRASH,300,S,LAKE SHORE DR NB,114.0,2,NO INDICATION OF INJURY,0.0,0.0,0.0,0.0,0.0,2.0,0.0,5,4,11,41.878310135,-87.61757590299999,POINT (-87.617575903416 41.878310134581),2021,345
O1086562,DRIVER,3912ded8fb38e810f227fb01b0a7a47b4423ff5eb344e6bb89eeaece3c9afe2c287e93af94146798a1e7917d085e637e2f26ab0231fafe3ca87a16e55568d989,JE216060,1030534.0,05/01/2021 02:25:00 PM,CHICAGO,IL,60615,M,27.0,SAFETY BELT USED,NOT APPLICABLE,NONE,NO INDICATION OF INJURY,NONE,NOT OBSCURED,NORMAL,TEST NOT OFFERED,2021,JE216060,05/01/2021 02:25:00 PM,30,TRAFFIC SIGNAL,FUNCTIONING PROPERLY,CLEAR,DAYLIGHT,ANGLE,FOUR WAY,STRAIGHT AND LEVEL,DRY,NO DEFECTS,NOT ON SCENE (DESK REPORT),INJURY AND / OR TOW DUE TO CRASH,Y,Y,"OVER $1,500",05/01/2021 02:44:00 PM,FAILING TO YIELD RIGHT-OF-WAY,IMPROPER LANE USAGE,300,N,SACRAMENTO BLVD,1222.0,3,INCAPACITATING INJURY,1.0,0.0,1.0,0.0,0.0,3.0,0.0,14,7,5,41.886533254,-87.70150793200001,POINT (-87.701507931769 41.886533253902),2021,865
O1151288,DRIVER,949b1b0127371da067141abef4213622c7f3a35b6aed31fedd43f6e8a8e092ccf9e5382febdbcad18ed04b997785be2171d2e3fbe2ba201b143a5dc1ab1fd1a1,JE320152,1092083.0,07/30/2021 05:10:00 PM,CHICAGO,IL,60621,M,37.0,USAGE UNKNOWN,DID NOT DEPLOY,NONE,NO INDICATION OF INJURY,NONE,UNKNOWN,NORMAL,TEST NOT OFFERED,2021,JE320152,07/30/2021 05:10:00 PM,30,STOP SIGN/FLASHER,FUNCTIONING PROPERLY,CLEAR,DAYLIGHT,REAR END,NOT DIVIDED,STRAIGHT AND LEVEL,DRY,NO DEFECTS,NOT ON SCENE (DESK REPORT),NO INJURY / DRIVE AWAY,Y,Y,"$501 - $1,500",07/30/2021 06:00:00 PM,FAILING TO REDUCE SPEED TO AVOID CRASH,FOLLOWING TOO CLOSELY,4660,S,WESTERN BLVD,922.0,2,NO INDICATION OF INJURY,0.0,0.0,0.0,0.0,0.0,6.0,0.0,17,6,7,41.808499736,-87.684022234,POINT (-87.684022234237 41.808499735758),2021,1030
O1199650,DRIVER,ef0d3c2a44cf627d7ad41c4af6281a861f6706739f70028e2954ba0eb0bd6f9eb9b6b525202dfe03a4a30f869717e006ea0d13072de9b579243f67d617ba7365,JE400453,1138267.0,10/05/2021 04:35:00 PM,CHICAGO,IL,60617,M,70.0,SAFETY BELT USED,NOT APPLICABLE,NONE,NO INDICATION OF INJURY,NONE,NOT OBSCURED,NORMAL,TEST NOT OFFERED,2021,JE400453,10/05/2021 04:35:00 PM,30,TRAFFIC SIGNAL,FUNCTIONING PROPERLY,CLEAR,DAYLIGHT,SIDESWIPE SAME DIRECTION,OTHER,STRAIGHT AND LEVEL,DRY,NO DEFECTS,NOT ON SCENE (DESK REPORT),NO INJURY / DRIVE AWAY,Y,Y,$500 OR LESS,10/06/2021 05:10:00 PM,IMPROPER OVERTAKING/PASSING,NOT APPLICABLE,8700,S,STONY ISLAND AVE,412.0,2,NO INDICATION OF INJURY,0.0,0.0,0.0,0.0,0.0,2.0,0.0,16,3,10,41.73682263,-87.58578342,POINT (-87.585783420329 41.736822630157),2021,995
O1143919,DRIVER,782ba58fe982c2ffe311e70d96736d88e66c0d7786b7ea5d33f2a7f57c45f41574965b7151b7e7078d660055019dca954922eb6fcf718cf6efaa96d2ed024f87,JE308110,1085066.0,07/20/2021 04:22:00 PM,CHICAGO,IL,60634,F,30.0,USAGE UNKNOWN,NOT APPLICABLE,NONE,NO INDICATION OF INJURY,UNKNOWN,UNKNOWN,UNKNOWN,TEST NOT OFFERED,2021,JE308110,07/20/2021 04:22:00 PM,30,NO CONTROLS,NO CONTROLS,CLEAR,DAYLIGHT,REAR END,ONE-WAY,STRAIGHT AND LEVEL,DRY,NO DEFECTS,ON SCENE,INJURY AND / OR TOW DUE TO CRASH,Y,Y,"OVER $1,500",07/20/2021 04:39:00 PM,UNABLE TO DETERMINE,UNABLE TO DETERMINE,3614,N,PONTIAC AVE,1631.0,2,NO INDICATION OF INJURY,0.0,0.0,0.0,0.0,0.0,4.0,0.0,16,3,7,41.945271401999996,-87.83537690799999,POINT (-87.835376907899 41.945271402214),2021,982
O1162535,DRIVER,b00897a15b4890872f6ca2bdb8287a13c8167f6da37c5c309f06a040b9479a381a4c30b0bb8384cc248eac70068f44d5a6eac34a7c4fbaa5a69f4ea3dc11df7b,JE338318,1102757.0,08/15/2021 03:08:00 PM,CHICAGO,IL,60643,F,18.0,USAGE UNKNOWN,"DEPLOYED, FRONT",NONE,NO INDICATION OF INJURY,IMPROPER PASSING,UNKNOWN,UNKNOWN,TEST NOT OFFERED,2021,JE338318,08/15/2021 03:08:00 PM,30,NO CONTROLS,NO CONTROLS,CLEAR,DAYLIGHT,TURNING,NOT DIVIDED,STRAIGHT AND LEVEL,DRY,NO DEFECTS,ON SCENE,INJURY AND / OR TOW DUE TO CRASH,Y,Y,"OVER $1,500",08/15/2021 03:10:00 PM,IMPROPER OVERTAKING/PASSING,NOT APPLICABLE,10644,S,THROOP ST,2232.0,2,NO INDICATION OF INJURY,0.0,0.0,0.0,0.0,0.0,5.0,0.0,15,1,8,41.699959662,-87.654909891,POINT (-87.654909891331 41.699959662328),2021,908
O1081736,DRIVER,2882f68104442dcf47bff6dbc7eb786397c961b8950ce70188c19487d346b598d5c2a74cdaebf5daf4986205cedf06446d3ca11afa84bb2f879da398e324e05c,JE208111,1025924.0,04/23/2021 06:45:00 PM,CHICAGO,IL,60614,M,28.0,SAFETY BELT USED,DID NOT DEPLOY,NONE,NO INDICATION OF INJURY,NONE,NOT OBSCURED,NORMAL,TEST NOT OFFERED,2021,JE208111,04/23/2021 06:45:00 PM,30,TRAFFIC SIGNAL,FUNCTIONING PROPERLY,CLEAR,DAYLIGHT,REAR END,FOUR WAY,STRAIGHT AND LEVEL,DRY,NO DEFECTS,ON SCENE,NO INJURY / DRIVE AWAY,Y,Y,$500 OR LESS,04/23/2021 06:46:00 PM,FAILING TO REDUCE SPEED TO AVOID CRASH,UNABLE TO DETERMINE,2158,W,AUGUSTA BLVD,1212.0,2,NO INDICATION OF INJURY,0.0,0.0,0.0,0.0,0.0,2.0,0.0,18,6,4,41.899577949,-87.681927185,POINT (-87.681927185349 41.899577948652),2021,1125
O1104778,DRIVER,dbb4672de3991a55a202a7a7762f935ae01b86bda88ac02199630dce3437d2262f3dede2eedb5f4f8b232fadcc9979acb01fd429078ce82a6af5f8cd084983e4,JE245439,1047977.0,05/28/2021 07:00:00 AM,CHICAGO,IL,60644,M,73.0,SAFETY BELT USED,DID NOT DEPLOY,NONE,NO INDICATION OF INJURY,NONE,NOT OBSCURED,NORMAL,TEST NOT OFFERED,2021,JE245439,05/28/2021 07:00:00 AM,30,TRAFFIC SIGNAL,FUNCTIONING PROPERLY,CLOUDY/OVERCAST,DAYLIGHT,SIDESWIPE SAME DIRECTION,FOUR WAY,STRAIGHT AND LEVEL,WET,NO DEFECTS,NOT ON SCENE (DESK REPORT),NO INJURY / DRIVE AWAY,Y,Y,$500 OR LESS,05/28/2021 07:45:00 AM,UNABLE TO DETERMINE,UNABLE TO DETERMINE,3901,S,WESTERN BLVD,924.0,2,NO INDICATION OF INJURY,0.0,0.0,0.0,0.0,0.0,2.0,0.0,7,6,5,41.822971755,-87.684091489,POINT (-87.684091488963 41.822971755347),2021,420
O1056874,DRIVER,eba6489467ff2b1ab62722e14847057b770387d5a2515be4c79050a0944560886c8ee6fe179b03873bfb68fa2b238d0548ed101e65455edfdccef4275f4b7a26,JE165894,1002176.0,03/11/2021 01:20:00 PM,CHICAGO,IL,60628,F,71.0,SAFETY BELT USED,DID NOT DEPLOY,NONE,NO INDICATION OF INJURY,NONE,NOT OBSCURED,NORMAL,TEST NOT OFFERED,2021,JE165894,03/11/2021 01:20:00 PM,35,STOP SIGN/FLASHER,FUNCTIONING PROPERLY,CLEAR,DAYLIGHT,ANGLE,NOT DIVIDED,STRAIGHT AND LEVEL,DRY,NO DEFECTS,ON SCENE,NO INJURY / DRIVE AWAY,Y,Y,"$501 - $1,500",03/11/2021 01:20:00 PM,DISREGARDING STOP SIGN,NOT APPLICABLE,10700,S,INDIANA AVE,513.0,2,NO INDICATION OF INJURY,0.0,0.0,0.0,0.0,0.0,2.0,0.0,13,5,3,41.699918407,-87.618591631,POINT (-87.618591630564 41.699918406712),2021,800
O1073878,DRIVER,28c60742521e53fd70fecb10b87f4f8d9738f995a103b3951c80c35084854a3a49679584de7fe1995925c34a2dbe145bd2329574f4c180aa6210409dee6b0854,JE173976,1018454.0,04/10/2021 02:30:00 AM,MARKHAM,IL,60428,M,21.0,USAGE UNKNOWN,NOT APPLICABLE,NONE,NO INDICATION OF INJURY,NONE,NOT OBSCURED,NORMAL,TEST NOT OFFERED,2021,JE173976,04/10/2021 02:30:00 AM,30,TRAFFIC SIGNAL,OTHER,CLEAR,"DARKNESS, LIGHTED ROAD",REAR END,FOUR WAY,STRAIGHT AND LEVEL,DRY,NO DEFECTS,NOT ON SCENE (DESK REPORT),NO INJURY / DRIVE AWAY,Y,Y,"OVER $1,500",04/10/2021 02:40:00 AM,FOLLOWING TOO CLOSELY,NOT APPLICABLE,500,E,115TH ST,531.0,2,NO INDICATION OF INJURY,0.0,0.0,0.0,0.0,0.0,2.0,0.0,2,7,4,41.685552261,-87.611381638,POINT (-87.611381637698 41.685552260639),2021,150
O1122773,DRIVER,5c3096a555c1daf2940a700636fffe34115d58ed151dbafed04865f980d8316eaef4d3dfd7fb6e62ca988f6783ed890f6a7bff9721f5a1aa1ea74b2df7a98464,JE273450,1064970.0,06/20/2021 06:50:00 PM,CHICAGO,IL,60655,M,46.0,SAFETY BELT USED,DID NOT DEPLOY,NONE,NO INDICATION OF INJURY,OTHER,NOT OBSCURED,NORMAL,TEST NOT OFFERED,2021,JE273450,06/20/2021 06:50:00 PM,30,TRAFFIC SIGNAL,FUNCTIONING PROPERLY,CLEAR,DAYLIGHT,ANGLE,FOUR WAY,STRAIGHT AND LEVEL,DRY,NO DEFECTS,ON SCENE,INJURY AND / OR TOW DUE TO CRASH,Y,Y,"OVER $1,500",06/20/2021 06:55:00 PM,DISREGARDING TRAFFIC SIGNALS,"OPERATING VEHICLE IN ERRATIC, RECKLESS, CARELESS, NEGLIGENT OR AGGRESSIVE MANNER",10900,S,WESTERN AVE,2212.0,2,NO INDICATION OF INJURY,0.0,0.0,0.0,0.0,0.0,5.0,0.0,18,1,6,41.6953463,-87.681415356,POINT (-87.681415356429 41.695346300279),2021,1130
O1176888,DRIVER,93ff270e751fbe79e67e239da01f4016cf13abb355e13daa9ae783c795c1c3aad426f7f4ff9aa6c2e9314a4e3d0a305bebed83a085bc40256a83fb7375953fe2,JE361939,1116468.0,09/04/2021 11:30:00 PM,CHICAGO,IL,60643,F,33.0,SAFETY BELT USED,DID NOT DEPLOY,NONE,NO INDICATION OF INJURY,NONE,NOT OBSCURED,NORMAL,TEST NOT OFFERED,2021,JE361939,09/04/2021 11:30:00 PM,30,TRAFFIC SIGNAL,NOT FUNCTIONING,CLEAR,"DARKNESS, LIGHTED ROAD",REAR END,DIVIDED - W/MEDIAN BARRIER,STRAIGHT AND LEVEL,DRY,NO DEFECTS,NOT ON SCENE (DESK REPORT),NO INJURY / DRIVE AWAY,Y,Y,"OVER $1,500",09/05/2021 12:10:00 AM,DISREGARDING TRAFFIC SIGNALS,NOT APPLICABLE,11901,S,HALSTED ST,524.0,2,NO INDICATION OF INJURY,0.0,0.0,0.0,0.0,0.0,2.0,0.0,23,7,9,41.677726336999996,-87.64175910200001,POINT (-87.64175910179 41.677726336519),2021,1410
O1074034,DRIVER,95914961a4ecf8fd5f7e93dfaaa25aa2396638b499c5c8a70848b8b0bed751efb6f075efc17b7b28168c15cb15d9f02f4e118c787652e1046f4785b25018d7c8,JE195279,1018617.0,04/10/2021 11:40:00 AM,CHICAGO,IL,60680,M,29.0,SAFETY BELT USED,NOT APPLICABLE,NONE,NO INDICATION OF INJURY,NONE,NOT OBSCURED,NORMAL,TEST NOT OFFERED,2021,JE195279,04/10/2021 11:40:00 AM,30,TRAFFIC SIGNAL,FUNCTIONING PROPERLY,CLOUDY/OVERCAST,DAYLIGHT,SIDESWIPE OPPOSITE DIRECTION,NOT DIVIDED,STRAIGHT AND LEVEL,DRY,NO DEFECTS,ON SCENE,NO INJURY / DRIVE AWAY,Y,Y,"OVER $1,500",04/10/2021 11:45:00 AM,IMPROPER LANE USAGE,IMPROPER OVERTAKING/PASSING,359,E,63RD ST,312.0,4,NO INDICATION OF INJURY,0.0,0.0,0.0,0.0,0.0,7.0,0.0,11,7,4,41.78011357,-87.616477731,POINT (-87.616477730968 41.780113569917),2021,700
O1220057,DRIVER,ce8bd91446c6b108623f368f2c56a9c5194ed607318843ff18ad8f4610b3fb13b4bce0519cfd058934a418c6f761f30dddbbde628cfd38c7760ece2c61fa8a86,JE433139,1157731.0,11/03/2021 01:30:00 PM,CHICAGO,IL,60649,F,46.0,SAFETY BELT USED,NOT APPLICABLE,NONE,NO INDICATION OF INJURY,NONE,NOT OBSCURED,NORMAL,TEST NOT OFFERED,2021,JE433139,11/03/2021 01:30:00 PM,30,TRAFFIC SIGNAL,FUNCTIONING PROPERLY,CLEAR,DAYLIGHT,TURNING,NOT DIVIDED,STRAIGHT AND LEVEL,DRY,NO DEFECTS,NOT ON SCENE (DESK REPORT),NO INJURY / DRIVE AWAY,Y,Y,"OVER $1,500",11/03/2021 09:45:00 PM,FAILING TO YIELD RIGHT-OF-WAY,IMPROPER OVERTAKING/PASSING,797,N,CICERO AVE,1111.0,2,NO INDICATION OF INJURY,0.0,0.0,0.0,0.0,0.0,5.0,0.0,13,4,11,41.894959094,-87.74565889899999,POINT (-87.74565889869 41.894959093611),2021,810
O1216374,DRIVER,61d7cf4fe23847f49667b5fdfd227055ae54fda60062d65f02c8b37eb19f417e6a536fbe90ae3f5aebacd3500f448c389bb1782db475f2015ef24bbc14a08318,JE427303,1154182.0,10/29/2021 11:24:00 PM,NEW LENOX,IL,60451,F,28.0,SAFETY BELT USED,DID NOT DEPLOY,NONE,NO INDICATION OF INJURY,NONE,NOT OBSCURED,NORMAL,TEST NOT OFFERED,2021,JE427303,10/29/2021 11:24:00 PM,30,TRAFFIC SIGNAL,FUNCTIONING PROPERLY,RAIN,"DARKNESS, LIGHTED ROAD",REAR END,FOUR WAY,STRAIGHT AND LEVEL,WET,NO DEFECTS,ON SCENE,NO INJURY / DRIVE AWAY,Y,Y,"$501 - $1,500",10/29/2021 11:35:00 PM,UNABLE TO DETERMINE,UNABLE TO DETERMINE,4501,W,MADISON ST,1113.0,2,NO INDICATION OF INJURY,0.0,0.0,0.0,0.0,0.0,2.0,0.0,23,6,10,41.880471574,-87.738033058,POINT (-87.738033058242 41.880471573777),2021,1404
O1171683,DRIVER,f22a243ce25b757a0ea529476f24e044984293c0704f5c9a89ffaab087c521ee7d777bbd4c7e792855a24f76792907884dfac58828f273b6819d8e746211e73d,JE353510,1111506.0,08/28/2021 08:38:00 PM,CHICAGO,IL,60647,M,41.0,SAFETY BELT USED,DEPLOYMENT UNKNOWN,NONE,NO INDICATION OF INJURY,NONE,UNKNOWN,NORMAL,TEST NOT OFFERED,2021,JE353510,08/28/2021 08:38:00 PM,30,TRAFFIC SIGNAL,UNKNOWN,CLEAR,"DARKNESS, LIGHTED ROAD",SIDESWIPE SAME DIRECTION,NOT DIVIDED,STRAIGHT AND LEVEL,DRY,UNKNOWN,NOT ON SCENE (DESK REPORT),NO INJURY / DRIVE AWAY,N,Y,"OVER $1,500",08/28/2021 09:05:00 PM,UNABLE TO DETERMINE,NOT APPLICABLE,1395,N,MILWAUKEE AVE,1433.0,2,NO INDICATION OF INJURY,0.0,0.0,0.0,0.0,0.0,3.0,0.0,20,7,8,41.907242513,-87.67233500299999,POINT (-87.672335002874 41.90724251332),2021,1238
O1052032,DRIVER,ca7e843a77a857c1e9335def7122bf084abe4ca506115a8419791bdcb7c81debcf70d0fa33e610de4aa62cf33fb8ee401645c6ded6a1f847ec7c1b5b6b4145bc,JE156297,997509.0,03/01/2021 06:20:00 PM,SKOKIE,IL,60077,F,48.0,SAFETY BELT USED,NOT APPLICABLE,NONE,NO INDICATION OF INJURY,NONE,UNKNOWN,NORMAL,TEST NOT OFFERED,2021,JE156297,03/01/2021 06:20:00 PM,25,TRAFFIC SIGNAL,FUNCTIONING PROPERLY,CLEAR,"DARKNESS, LIGHTED ROAD",ANGLE,Y-INTERSECTION,STRAIGHT AND LEVEL,DRY,NO DEFECTS,ON SCENE,NO INJURY / DRIVE AWAY,Y,Y,"$501 - $1,500",03/01/2021 07:08:00 PM,IMPROPER OVERTAKING/PASSING,UNABLE TO DETERMINE,2450,N,DAMEN AVE,1432.0,2,NO INDICATION OF INJURY,0.0,0.0,0.0,0.0,0.0,2.0,0.0,18,2,3,41.926466866999995,-87.678164592,POINT (-87.678164591972 41.926466866688),2021,1100
O1216899,DRIVER,efd9a26d40948dbbe85f4d09ab9e627852a8fd9aa387f679d3e89f8d166d2a26ed8d783023269741817a83fd980ca0fb1c3c8b890709b63e65284bc362d359ed,JE428008,1154689.0,10/30/2021 02:40:00 PM,SKOKIE,IL,60076,M,19.0,SAFETY BELT USED,DID NOT DEPLOY,NONE,NO INDICATION OF INJURY,NONE,NOT OBSCURED,NORMAL,TEST NOT OFFERED,2021,JE428008,10/30/2021 02:40:00 PM,30,TRAFFIC SIGNAL,FUNCTIONING PROPERLY,CLEAR,DAYLIGHT,REAR END,NOT DIVIDED,STRAIGHT AND LEVEL,DRY,NO DEFECTS,ON SCENE,INJURY AND / OR TOW DUE TO CRASH,Y,Y,"OVER $1,500",10/30/2021 02:55:00 PM,FOLLOWING TOO CLOSELY,FAILING TO REDUCE SPEED TO AVOID CRASH,1304,W,DIVISION ST,1433.0,2,NO INDICATION OF INJURY,0.0,0.0,0.0,0.0,0.0,3.0,0.0,14,7,10,41.90355744,-87.660890627,POINT (-87.660890626866 41.903557439856),2021,880
O1214513,DRIVER,0ab4408ff1251a10d5331818acf2a5b8644cd6fe689c006ca8766f7aeb9261cd69b3e5caf4a747ad9a2bbef89edc8421d29445ba68bb678001bb1bea0c5326e5,JE424745,1152433.0,10/27/2021 07:45:00 PM,CHICAGO,IL,60630,F,30.0,SAFETY BELT USED,DID NOT DEPLOY,NONE,NO INDICATION OF INJURY,NONE,NOT OBSCURED,NORMAL,TEST NOT OFFERED,2021,JE424745,10/27/2021 07:45:00 PM,20,TRAFFIC SIGNAL,FUNCTIONING PROPERLY,CLEAR,"DARKNESS, LIGHTED ROAD",REAR END,NOT DIVIDED,STRAIGHT AND LEVEL,DRY,NO DEFECTS,NOT ON SCENE (DESK REPORT),NO INJURY / DRIVE AWAY,Y,Y,$500 OR LESS,10/27/2021 08:10:00 PM,FOLLOWING TOO CLOSELY,NOT APPLICABLE,2400,W,LOGAN BLVD,1411.0,2,NO INDICATION OF INJURY,0.0,0.0,0.0,0.0,0.0,3.0,0.0,19,4,10,41.928711322,-87.687882751,POINT (-87.687882751439 41.928711321724),2021,1185
O1193386,DRIVER,1ac079c0026bdfb4f33f01acdc75ea88b542299cecb47982095e4afe358f9151b66d501fb5024e8cf1103b63ef40afe2f77be48c46ca417ee3ffb343b433f6e4,JE389461,1132301.0,09/27/2021 05:35:00 PM,CHICAGO,IL,60619,M,15.0,SAFETY BELT USED,"DEPLOYED, SIDE",NONE,NONINCAPACITATING INJURY,NONE,NOT OBSCURED,NORMAL,TEST NOT OFFERED,2021,JE389461,09/27/2021 05:35:00 PM,30,TRAFFIC SIGNAL,FUNCTIONING PROPERLY,CLEAR,DAYLIGHT,ANGLE,FOUR WAY,STRAIGHT AND LEVEL,DRY,NO DEFECTS,ON SCENE,INJURY AND / OR TOW DUE TO CRASH,Y,Y,"OVER $1,500",09/27/2021 05:37:00 PM,DISREGARDING TRAFFIC SIGNALS,DISREGARDING TRAFFIC SIGNALS,6656,S,COTTAGE GROVE AVE,321.0,3,NONINCAPACITATING INJURY,2.0,0.0,0.0,2.0,0.0,4.0,0.0,17,2,9,41.77328619,-87.60591910299999,POINT (-87.60591910261 41.773286190051),2021,1055
O1058078,DRIVER,c0b6112965a36b879dfa5abd67e06574af9b3e3836131b13268d136db105f1118df9f06537af976b9a2c97263891bf69a50e655c2c1fa4e97deb9fdfc11e816d,JE167965,1003335.0,03/13/2021 02:30:00 PM,HOFFMAN ESTATES,IL,60169,F,35.0,USAGE UNKNOWN,DID NOT DEPLOY,NONE,NO INDICATION OF INJURY,OTHER,NOT OBSCURED,NORMAL,TEST NOT OFFERED,2021,JE167965,03/13/2021 02:30:00 PM,30,TRAFFIC SIGNAL,FUNCTIONING IMPROPERLY,CLEAR,DAYLIGHT,TURNING,FOUR WAY,STRAIGHT AND LEVEL,DRY,NO DEFECTS,ON SCENE,NO INJURY / DRIVE AWAY,Y,Y,"OVER $1,500",03/13/2021 02:41:00 PM,DISREGARDING TRAFFIC SIGNALS,NOT APPLICABLE,2200,S,HALSTED ST,1235.0,2,NO INDICATION OF INJURY,0.0,0.0,0.0,0.0,0.0,4.0,0.0,14,7,3,41.852494451,-87.646638241,POINT (-87.646638240616 41.852494450547),2021,870
O1076111,DRIVER,abb63757def9d3e26994c8854690647aa5b75d1e22297c619838eb15956695ff6a554d76be43dad499f01b99aa24713bf9daf7b0103b90fff224c50f7f9d5325,JE198436,1020558.0,04/13/2021 04:18:00 PM,CHICAGO,IL,60622,F,35.0,USAGE UNKNOWN,DID NOT DEPLOY,NONE,NO INDICATION OF INJURY,OTHER,UNKNOWN,NORMAL,TEST NOT OFFERED,2021,JE198436,04/13/2021 04:18:00 PM,30,NO CONTROLS,NO CONTROLS,CLEAR,DAYLIGHT,SIDESWIPE OPPOSITE DIRECTION,NOT DIVIDED,STRAIGHT AND LEVEL,DRY,NO DEFECTS,ON SCENE,NO INJURY / DRIVE AWAY,Y,Y,"OVER $1,500",04/13/2021 04:20:00 PM,UNABLE TO DETERMINE,NOT APPLICABLE,1000,W,CHICAGO AVE,1213.0,2,NO INDICATION OF INJURY,0.0,0.0,0.0,0.0,0.0,2.0,0.0,16,3,4,41.896417801999995,-87.65268653,POINT (-87.652686530017 41.896417801775),2021,978
O1122091,DRIVER,dafb7a756193f6e965f33667474ebab815ec8a68ca30675a9351d36f2a8a6915141ef319019cc4e0f5662b9ba0d6291a571fb5229c7ae777c80cb78f206bcb70,JE272385,1064337.0,06/19/2021 08:35:00 PM,OAK PARK,IL,60302,F,71.0,NONE PRESENT,DID NOT DEPLOY,NONE,NO INDICATION OF INJURY,NONE,NOT OBSCURED,NORMAL,TEST NOT OFFERED,2021,JE272385,06/19/2021 08:35:00 PM,30,NO CONTROLS,NO CONTROLS,CLEAR,DAWN,ANGLE,FOUR WAY,STRAIGHT AND LEVEL,DRY,NO DEFECTS,ON SCENE,NO INJURY / DRIVE AWAY,Y,Y,$500 OR LESS,06/19/2021 08:50:00 PM,IMPROPER OVERTAKING/PASSING,NOT APPLICABLE,3930,W,FULLERTON AVE,2524.0,2,NO INDICATION OF INJURY,0.0,0.0,0.0,0.0,0.0,2.0,0.0,20,7,6,41.92461013,-87.725494241,POINT (-87.72549424088 41.924610129588),2021,1235
O1073277,DRIVER,42336f6b8bd233cdac7d5ff685ca15c87fbe2b6f356d5e0449d3e60b4bd80decbe2de8e2d124836aef882a84fbc2c4e07070da37d98e7437977ba56e96b9f854,JE194012,1017869.0,04/09/2021 04:29:00 AM,CHICAGO,IL,60639,M,35.0,SAFETY BELT USED,"DEPLOYED, COMBINATION",NONE,NONINCAPACITATING INJURY,NONE,NOT OBSCURED,NORMAL,TEST NOT OFFERED,2021,JE194012,04/09/2021 04:29:00 AM,35,TRAFFIC SIGNAL,FUNCTIONING PROPERLY,CLEAR,"DARKNESS, LIGHTED ROAD",ANGLE,NOT DIVIDED,STRAIGHT AND LEVEL,DRY,NO DEFECTS,ON SCENE,INJURY AND / OR TOW DUE TO CRASH,Y,Y,"OVER $1,500",04/09/2021 04:29:00 AM,DISREGARDING STOP SIGN,UNABLE TO DETERMINE,3359,W,ARMITAGE AVE,1422.0,2,NONINCAPACITATING INJURY,2.0,0.0,0.0,2.0,0.0,1.0,0.0,4,6,4,41.917233542,-87.71182115799999,POINT (-87.71182115849 41.917233542343),2021,269