PERSON_ID,PERSON_TYPE,CRASH_RECORD_ID,RD_NO_x,VEHICLE_ID,CRASH_DATE_x,CITY,STATE,ZIPCODE,SEX,AGE,SAFETY_EQUIPMENT,AIRBAG_DEPLOYED,EJECTION,INJURY_CLASSIFICATION,DRIVER_ACTION,DRIVER_VISION,PHYSICAL_CONDITION,BAC_RESULT,CRASH_YEAR_x,RD_NO_y,CRASH_DATE_y,POSTED_SPEED_LIMIT,TRAFFIC_CONTROL_DEVICE,DEVICE_CONDITION,WEATHER_CONDITION,LIGHTING_CONDITION,FIRST_CRASH_TYPE,TRAFFICWAY_TYPE,ALIGNMENT,ROADWAY_SURFACE_COND,ROAD_DEFECT,REPORT_TYPE,CRASH_TYPE,INTERSECTION_RELATED_I,HIT_AND_RUN_I,DAMAGE,DATE_POLICE_NOTIFIED,PRIM_CONTRIBUTORY_CAUSE,SEC_CONTRIBUTORY_CAUSE,STREET_NO,STREET_DIRECTION,STREET_NAME,BEAT_OF_OCCURRENCE,NUM_UNITS,MOST_SEVERE_INJURY,INJURIES_TOTAL,INJURIES_FATAL,INJURIES_INCAPACITATING,INJURIES_NON_INCAPACITATING,INJURIES_REPORTED_NOT_EVIDENT,INJURIES_NO_INDICATION,INJURIES_UNKNOWN,CRASH_HOUR,CRASH_DAY_OF_WEEK,CRASH_MONTH,LATITUDE,LONGITUDE,LOCATION,CRASH_YEAR_y,TIME
O1084193,DRIVER,450161dc008b4c272dc576e1a527a677b0b16c0039cd89db4e282ae0814af067d509fa8c1ae2a0e7a655b20bd3e34d44acabfcc0a2c76d9aa4d64c0457912196,JE212284,1028279.0,04/27/2021 07:25:00 PM,CHICAGO,IL,60617,M,29.0,SAFETY BELT USED,DID NOT DEPLOY,NONE,NO INDICATION OF INJURY,NONE,NOT OBSCURED,NORMAL,TEST NOT OFFERED,2021,JE212284,04/27/2021 07:25:00 PM,30,TRAFFIC SIGNAL,FUNCTIONING PROPERLY,CLEAR,DAYLIGHT,REAR END,DIVIDED - W/MEDIAN (NOT RAISED),STRAIGHT AND LEVEL,WET,NO DEFECTS,NOT ON SCENE (DESK REPORT),NO INJURY / DRIVE AWAY,Y,Y,"$501 - $1,500",04/27/2021 09:15:00 PM,UNABLE TO DETERMINE,UNABLE TO DETERMINE,6900,S,STATE ST,322.0,2,NO INDICATION OF INJURY,0.0,0.0,0.0,0.0,0.0,2.0,0.0,19,3,4,41.769103975,-87.62509228299999,POINT (-87.625092282754 41.769103975226),2021,1165
O1021296,DRIVER,736f592b9a7340387ce2f440abfdcd505c0439092fd3e33603a42aa5a6cfe724d197f891a18909afbc69db750bce7b071eedff3cf8fd66584c6f3a8fea563647,JE106522,968013.0,01/08/2021 02:02:00 AM,CHICAGO,IL,60629,F,23.0,SAFETY BELT USED,"DEPLOYED, COMBINATION",NONE,NONINCAPACITATING INJURY,NONE,NOT OBSCURED,NORMAL,TEST NOT OFFERED,2021,JE106522,01/08/2021 02:02:00 AM,30,TRAFFIC SIGNAL,FUNCTIONING PROPERLY,CLEAR,"DARKNESS, LIGHTED ROAD",ANGLE,DIVIDED - W/MEDIAN BARRIER,STRAIGHT AND LEVEL,DRY,NO DEFECTS,ON SCENE,INJURY AND / OR TOW DUE TO CRASH,Y,Y,"OVER $1,500",01/08/2021 02:04:00 AM,DISREGARDING TRAFFIC SIGNALS,NOT APPLICABLE,8700,S,STONY ISLAND AVE,412.0,2,NONINCAPACITATING INJURY,2.0,0.0,0.0,2.0,0.0,1.0,0.0,2,6,1,41.73682263,-87.58578342,POINT (-87.585783420329 41.736822630157),2021,122
O1197833,DRIVER,2b7babd09463f54805cd208d6c9ad61fe6c03b7e2611d31a2f9d3df9ea3d2df6449866081d759214ad3b61ac9e510217c503ccb3ae2ac85dab3205f84c76beec,JE396830,1136528.0,10/03/2021 05:46:00 PM,CHICAGO,IL,60636,M,56.0,SAFETY BELT USED,"DEPLOYED, COMBINATION",NONE,"REPORTED, NOT EVIDENT",UNKNOWN,UNKNOWN,REMOVED BY EMS,TEST NOT OFFERED,2021,JE396830,10/03/2021 05:46:00 PM,30,TRAFFIC SIGNAL,FUNCTIONING PROPERLY,RAIN,DAYLIGHT,ANGLE,TRAFFIC ROUTE,STRAIGHT AND LEVEL,WET,NO DEFECTS,ON SCENE,INJURY AND / OR TOW DUE TO CRASH,Y,Y,"OVER $1,500",10/03/2021 05:46:00 PM,DISREGARDING TRAFFIC SIGNALS,UNABLE TO DETERMINE,5701,S,WENTWORTH AVE,232.0,2,"REPORTED, NOT EVIDENT",2.0,0.0,0.0,0.0,2.0,1.0,0.0,17,1,10,41.790860406,-87.63025702799999,POINT (-87.630257028009 41.790860405552),2021,1066
O1189363,DRIVER,0b34c5f3488d54ce91f22ce6f0effff0b67f685635b135b5fa3ea2eb56e7272fa87f94071bc5904880db41b67736772ad1dd21276d5580d2f3a6bd0594d6c65c,JE382865,1128417.0,09/22/2021 07:48:00 AM,CHICAGO,IL,60647,M,34.0,SAFETY BELT USED,DID NOT DEPLOY,NONE,NO INDICATION OF INJURY,NONE,NOT OBSCURED,NORMAL,TEST NOT OFFERED,2021,JE382865,09/22/2021 07:48:00 AM,20,STOP SIGN/FLASHER,FUNCTIONING PROPERLY,CLOUDY/OVERCAST,DAYLIGHT,ANGLE,NOT DIVIDED,STRAIGHT AND LEVEL,WET,NO DEFECTS,ON SCENE,NO INJURY / DRIVE AWAY,N,Y,"OVER $1,500",09/22/2021 07:50:00 AM,DISREGARDING STOP SIGN,FAILING TO YIELD RIGHT-OF-WAY,6800,S,NORMAL BLVD,722.0,2,NO INDICATION OF INJURY,0.0,0.0,0.0,0.0,0.0,2.0,0.0,7,4,9,41.770710573,-87.63743453200001,POINT (-87.637434531703 41.770710572987),2021,468
O1228197,DRIVER,38b077c1cc453910c75e53535bcfe204a5ea48d1151c423e370863ba30df98a593234483ec23ed528488b5dc64194498ec1583d065047a18359adcde84b17d5b,JE447119,1165538.0,11/16/2021 01:10:00 PM,CALUMET CITY,IL,60404,F,21.0,USAGE UNKNOWN,NOT APPLICABLE,NONE,NO INDICATION OF INJURY,NONE,UNKNOWN,NORMAL,TEST NOT OFFERED,2021,JE447119,11/16/2021 01:10:00 PM,30,TRAFFIC SIGNAL,FUNCTIONING PROPERLY,CLEAR,DAYLIGHT,TURNING,NOT DIVIDED,STRAIGHT AND LEVEL,DRY,NO DEFECTS,NOT ON SCENE (DESK REPORT),NO INJURY / DRIVE AWAY,Y,Y,$500 OR LESS,11/16/2021 01:30:00 PM,UNABLE TO DETERMINE,UNABLE TO DETERMINE,6300,S,WESTERN AVE,825.0,2,NO INDICATION OF INJURY,0.0,0.0,0.0,0.0,0.0,2.0,0.0,13,3,11,41.779123484,-87.683783099,POINT (-87.683783098636 41.77912348384),2021,790
O1029412,DRIVER,a64bf8fb18edee14e96dd17c08050907dd719eee2a00dddb73d47ed274959b8bea414447897f95ef03d7228a6469273d99a50da555f97e9077727805729b9760,JE121409,975673.0,01/23/2021 06:40:00 PM,CHICAGO,IL,60623,F,40.0,USAGE UNKNOWN,DID NOT DEPLOY,NONE,NO INDICATION OF INJURY,NONE,NOT OBSCURED,NORMAL,TEST NOT OFFERED,2021,JE121409,01/23/2021 06:40:00 PM,35,STOP SIGN/FLASHER,FUNCTIONING PROPERLY,CLEAR,"DARKNESS, LIGHTED ROAD",ANGLE,T-INTERSECTION,STRAIGHT AND LEVEL,DRY,UNKNOWN,ON SCENE,INJURY AND / OR TOW DUE TO CRASH,Y,Y,"OVER $1,500",01/23/2021 06:51:00 PM,UNABLE TO DETERMINE,UNABLE TO DETERMINE,3000,S,CENTRAL PARK AVE,1032.0,2,NO INDICATION OF INJURY,0.0,0.0,0.0,0.0,0.0,2.0,0.0,18,7,1,41.838793650999996,-87.714786156,POINT (-87.714786156242 41.83879365054),2021,1120
O1084695,DRIVER,fb0d4d4863dcb40f46b002523d6fadb7884dce31f9b1d619609cf9acf39550c3fcea520c0a61c2c8d65e7188bbb043459609b2337bb5993ee354f2d22fba4d2a,JE213192,1028745.0,04/28/2021 05:28:00 PM,CHICAGO,IL,60629,M,49.0,SAFETY BELT USED,NOT APPLICABLE,NONE,NO INDICATION OF INJURY,NONE,NOT OBSCURED,NORMAL,TEST NOT OFFERED,2021,JE213192,04/28/2021 05:28:00 PM,30,TRAFFIC SIGNAL,FUNCTIONING PROPERLY,RAIN,DAYLIGHT,TURNING,NOT DIVIDED,STRAIGHT AND LEVEL,WET,NO DEFECTS,ON SCENE,INJURY AND / OR TOW DUE TO CRASH,Y,Y,"OVER $1,500",04/28/2021 05:29:00 PM,"OPERATING VEHICLE IN ERRATIC, RECKLESS, CARELESS, NEGLIGENT OR AGGRESSIVE MANNER","OPERATING VEHICLE IN ERRATIC, RECKLESS, CARELESS, NEGLIGENT OR AGGRESSIVE MANNER",2758,W,71ST ST,831.0,2,NO INDICATION OF INJURY,0.0,0.0,0.0,0.0,0.0,3.0,0.0,17,4,4,41.764650560999996,-87.692971225,POINT (-87.692971225182 41.764650561421),2021,1048
O1171523,DRIVER,86e88428539a2c3f96c2a4ba633fdbf4d283d8801912dcce5fb1d4bf4d7e357c420fbcc59b149538059a196838a39cf038b6bf21d9c485069c4df5fc023cb5f1,JE353253,1111342.0,08/28/2021 04:13:00 PM,CHICAGO,IL,60622,F,36.0,SAFETY BELT USED,DID NOT DEPLOY,NONE,NO INDICATION OF INJURY,NONE,NOT OBSCURED,NORMAL,TEST NOT OFFERED,2021,JE353253,08/28/2021 04:13:00 PM,30,TRAFFIC SIGNAL,FUNCTIONING PROPERLY,CLEAR,DAYLIGHT,ANGLE,FOUR WAY,STRAIGHT AND LEVEL,DRY,NO DEFECTS,ON SCENE,INJURY AND / OR TOW DUE TO CRASH,Y,Y,"OVER $1,500",08/28/2021 04:37:00 PM,FAILING TO YIELD RIGHT-OF-WAY,FAILING TO YIELD RIGHT-OF-WAY,1200,S,CALIFORNIA BLVD,1022.0,2,NO INDICATION OF INJURY,0.0,0.0,0.0,0.0,0.0,2.0,0.0,16,7,8,41.866465287,-87.696053439,POINT (-87.69605343947 41.866465287034),2021,973
O1254534,DRIVER,ac6e064400f977ead9108d820fa65f7a666fdd8f35505c968c49a9be54653f19be46ef0852fe3feb0f4a77fcb107b50faa057885c7bacd33752030e89279192e,JE492245,1190838.0,12/29/2021 06:00:00 PM,CHICAGO,IL,60623,F,36.0,USAGE UNKNOWN,DID NOT DEPLOY,NONE,NO INDICATION OF INJURY,FAILED TO YIELD,UNKNOWN,NORMAL,TEST NOT OFFERED,2021,JE492245,12/29/2021 06:00:00 PM,30,TRAFFIC SIGNAL,FUNCTIONING PROPERLY,CLEAR,"DARKNESS, LIGHTED ROAD",ANGLE,FOUR WAY,STRAIGHT AND LEVEL,DRY,NO DEFECTS,ON SCENE,INJURY AND / OR TOW DUE TO CRASH,Y,Y,"OVER $1,500",12/29/2021 06:01:00 PM,FAILING TO YIELD RIGHT-OF-WAY,NOT APPLICABLE,5900,S,ARCHER AVE,811.0,3,NO INDICATION OF INJURY,0.0,0.0,0.0,0.0,0.0,3.0,0.0,18,4,12,41.795731343,-87.762984339,POINT (-87.762984339179 41.795731342564),2021,1080
O1243333,DRIVER,0dddfa07f238c27025a7be140d2ef312fca5b2a0f14a2c9114fa8cdaca82311d641b5b7ffd4f5b7f6158dcbac58084671a5904ac52632e6d8867a261f92ccadf,JE472698,1180068.0,12/10/2021 02:46:00 PM,CHICAGO,IL,60616,F,40.0,SAFETY BELT USED,NOT APPLICABLE,NONE,NO INDICATION OF INJURY,NONE,NOT OBSCURED,NORMAL,TEST NOT OFFERED,2021,JE472698,12/10/2021 02:46:00 PM,30,NO CONTROLS,NOT FUNCTIONING,RAIN,DAYLIGHT,ANGLE,NOT DIVIDED,STRAIGHT AND LEVEL,WET,NO DEFECTS,ON SCENE,INJURY AND / OR TOW DUE TO CRASH,Y,Y,"OVER $1,500",12/10/2021 02:47:00 PM,UNABLE TO DETERMINE,WEATHER,800,E,76TH ST,624.0,3,NO INDICATION OF INJURY,0.0,0.0,0.0,0.0,0.0,1.0,0.0,14,6,12,41.756868896,-87.60528565799999,POINT (-87.605285657641 41.75686889637),2021,886
O1104250,DRIVER,1edb4adbaf72e9906a75e5ca4acdd2cbc7bb27f94ee7d005c769260d54b5ee4a8fd7a9b3ed7a6a24d4b048c3e4374ea4970e1478ebc7b0d9edf4b6ef79223a71,JE244637,1047474.0,05/27/2021 12:05:00 PM,CHICAGO,IL,60623,F,19.0,SAFETY BELT USED,DID NOT DEPLOY,NONE,NO INDICATION OF INJURY,NONE,NOT OBSCURED,NORMAL,TEST NOT OFFERED,2021,JE244637,05/27/2021 12:05:00 PM,30,TRAFFIC SIGNAL,FUNCTIONING PROPERLY,CLOUDY/OVERCAST,DAYLIGHT,SIDESWIPE SAME DIRECTION,NOT DIVIDED,STRAIGHT AND LEVEL,DRY,NO DEFECTS,ON SCENE,NO INJURY / DRIVE AWAY,Y,Y,"OVER $1,500",05/27/2021 12:21:00 PM,UNABLE TO DETERMINE,NOT APPLICABLE,4300,W,WASHINGTON BLVD,1114.0,2,NO INDICATION OF INJURY,0.0,0.0,0.0,0.0,0.0,2.0,0.0,12,5,5,41.882065245999996,-87.733190784,POINT (-87.733190784166 41.882065245761),2021,725
O1121230,DRIVER,70ca83f8b5a95e526a21212252bd01e9055f56371db893fd380e0e895dbf4495278818cc295af48f5bc3c839d94bd8c981eca043af31272121ff7e2fb1bdf163,JE271229,1063517.0,06/18/2021 10:45:00 PM,RENTON,WA,98058,M,34.0,SAFETY BELT USED,NOT APPLICABLE,NONE,NO INDICATION OF INJURY,NONE,NOT OBSCURED,NORMAL,TEST NOT OFFERED,2021,JE271229,06/18/2021 10:45:00 PM,30,TRAFFIC SIGNAL,UNKNOWN,CLEAR,"DARKNESS, LIGHTED ROAD",REAR TO FRONT,DIVIDED - W/MEDIAN BARRIER,STRAIGHT ON GRADE,DRY,NO DEFECTS,NOT ON SCENE (DESK REPORT),NO INJURY / DRIVE AWAY,Y,Y,"$501 - $1,500",06/18/2021 11:15:00 PM,IMPROPER BACKING,NOT APPLICABLE,500,S,CONGRESS PLAZA DR,114.0,2,NO INDICATION OF INJURY,0.0,0.0,0.0,0.0,0.0,4.0,0.0,22,6,6,41.875668676,-87.623410818,POINT (-87.623410818474 41.875668676196),2021,1365
O1186494,DRIVER,65f04b2a36881085a9337f2691146eae5ffff8e57ef27914e64eb5bc8c15289eb52dc8b22bd2006e00a321e3edb0e7eda1d6e7a90dc2365b68020ca188586ee9,JE377986,1125654.0,09/18/2021 02:20:00 AM,CHICAGO,IL,60627,F,40.0,SAFETY BELT USED,DID NOT DEPLOY,NONE,NO INDICATION OF INJURY,NONE,NOT OBSCURED,NORMAL,TEST NOT OFFERED,2021,JE377986,09/18/2021 02:20:00 AM,30,TRAFFIC SIGNAL,FUNCTIONING PROPERLY,CLEAR,"DARKNESS, LIGHTED ROAD",TURNING,NOT DIVIDED,STRAIGHT AND LEVEL,DRY,NO DEFECTS,ON SCENE,NO INJURY / DRIVE AWAY,Y,Y,"OVER $1,500",09/18/2021 03:20:00 AM,DISREGARDING OTHER TRAFFIC SIGNS,FAILING TO REDUCE SPEED TO AVOID CRASH,8700,S,STONY ISLAND AVE,412.0,2,NO INDICATION OF INJURY,0.0,0.0,0.0,0.0,0.0,2.0,0.0,2,7,9,41.73682263,-87.58578342,POINT (-87.585783420329 41.736822630157),2021,140
O1123774,DRIVER,19d4ef216d22a9dc59819ea8083633883972aeef703e47280838b273cb3f05b67bed62115d35d132076fee18340559f3c2029bd859feb253befb95a84c0bfdeb,JE274953,1065934.0,06/21/2021 08:48:00 PM,CHICAGO,IL,60652,M,25.0,USAGE UNKNOWN,NOT APPLICABLE,NONE,NO INDICATION OF INJURY,NONE,NOT OBSCURED,NORMAL,TEST NOT OFFERED,2021,JE274953,06/21/2021 08:48:00 PM,35,STOP SIGN/FLASHER,NO CONTROLS,UNKNOWN,DAYLIGHT,ANGLE,FOUR WAY,STRAIGHT AND LEVEL,UNKNOWN,NO DEFECTS,ON SCENE,INJURY AND / OR TOW DUE TO CRASH,Y,Y,"OVER $1,500",06/21/2021 10:30:00 PM,FAILING TO YIELD RIGHT-OF-WAY,FAILING TO REDUCE SPEED TO AVOID CRASH,7200,S,EAST END AVE,324.0,2,NO INDICATION OF INJURY,0.0,0.0,0.0,0.0,0.0,3.0,0.0,20,2,6,41.764164055,-87.58377074,POINT (-87.583770740291 41.764164054953),2021,1248
O1028350,DRIVER,d45422ca68d3e3849525f9dbaf247671608c1b7ae67985dc199aa1269e5f65ac6e5a355849452d8dd5141175aa496ab2b2a4b0020ed1d9223528547820a3e4fa,JE119626,974659.0,01/21/2021 10:00:00 PM,CHICAGO,IL,60649,F,24.0,SAFETY BELT USED,"DEPLOYED, COMBINATION",NONE,NO INDICATION OF INJURY,NONE,NOT OBSCURED,NORMAL,TEST NOT OFFERED,2021,JE119626,01/21/2021 10:00:00 PM,30,STOP SIGN/FLASHER,FUNCTIONING PROPERLY,CLEAR,"DARKNESS, LIGHTED ROAD",TURNING,NOT DIVIDED,STRAIGHT AND LEVEL,DRY,NO DEFECTS,NOT ON SCENE (DESK REPORT),INJURY AND / OR TOW DUE TO CRASH,Y,Y,"OVER $1,500",01/21/2021 11:20:00 PM,FAILING TO YIELD RIGHT-OF-WAY,UNABLE TO DETERMINE,8300,S,BURNHAM AVE,423.0,2,NO INDICATION OF INJURY,0.0,0.0,0.0,0.0,0.0,2.0,0.0,22,5,1,41.744499384,-87.55655235399999,POINT (-87.556552354117 41.744499383813),2021,1320
O1250601,DRIVER,fc63339950574480a21a2f7cc2ef0809345fe041cdcc357143bc9c5835edb48bf5870000be4b1e1d5766fd659010b36979defa7be89472ac5d8218641bf0a577,JE485413,1187049.0,12/21/2021 11:05:00 PM,MOUNT PROSPECT,IL,60056,M,28.0,USAGE UNKNOWN,NOT APPLICABLE,NONE,NO INDICATION OF INJURY,NONE,NOT OBSCURED,NORMAL,TEST NOT OFFERED,2021,JE485413,12/21/2021 11:05:00 PM,30,TRAFFIC SIGNAL,FUNCTIONING PROPERLY,CLEAR,"DARKNESS, LIGHTED ROAD",REAR END,NOT DIVIDED,STRAIGHT AND LEVEL,DRY,NO DEFECTS,NOT ON SCENE (DESK REPORT),NO INJURY / DRIVE AWAY,Y,Y,"OVER $1,500",12/22/2021 12:10:00 AM,DISREGARDING TRAFFIC SIGNALS,DISREGARDING TRAFFIC SIGNALS,500,S,CALIFORNIA AVE,1135.0,2,NO INDICATION OF INJURY,0.0,0.0,0.0,0.0,0.0,2.0,0.0,23,3,12,41.874839768,-87.696271565,POINT (-87.696271565241 41.874839767646),2021,1385
O1224198,DRIVER,0d2443e2980415352c9acc378c6945e554bc40298a9c3f26d94c1bfc55fd798c59fdb40eaa82963dbd495b090b4e3d58d8b6f2965bb825950259a913dcd9336e,JE440556,1161695.0,11/10/2021 12:04:00 PM,CHICAGO,IL,60610,M,34.0,SAFETY BELT USED,DID NOT DEPLOY,NONE,NO INDICATION OF INJURY,NONE,NOT OBSCURED,NORMAL,TEST NOT OFFERED,2021,JE440556,11/10/2021 12:04:00 PM,30,TRAFFIC SIGNAL,FUNCTIONING PROPERLY,CLEAR,DAYLIGHT,TURNING,NOT DIVIDED,STRAIGHT AND LEVEL,DRY,NO DEFECTS,NOT ON SCENE (DESK REPORT),NO INJURY / DRIVE AWAY,Y,Y,"OVER $1,500",11/10/2021 01:40:00 PM,IMPROPER OVERTAKING/PASSING,NOT APPLICABLE,1300,W,DIVISION ST,1433.0,2,NO INDICATION OF INJURY,0.0,0.0,0.0,0.0,0.0,2.0,0.0,12,4,11,41.903561736,-87.660688992,POINT (-87.660688992137 41.903561736471),2021,724
O1079751,DRIVER,797512db7235e374ee0649ab7e2cf546ae69726556613d9086bb46180c93df6093dd13171457230b51f329280a72f6f777366fb28908438dd6af78556cb3b626,JE204885,1024032.0,04/20/2021 02:00:00 PM,CHICAGO,IL,60609,F,25.0,SAFETY BELT USED,DID NOT DEPLOY,NONE,NO INDICATION OF INJURY,NONE,NOT OBSCURED,NORMAL,TEST NOT OFFERED,2021,JE204885,04/20/2021 02:00:00 PM,30,STOP SIGN/FLASHER,NO CONTROLS,CLEAR,DAYLIGHT,TURNING,FOUR WAY,STRAIGHT ON GRADE,DRY,NO DEFECTS,NOT ON SCENE (DESK REPORT),NO INJURY / DRIVE AWAY,Y,Y,"OVER $1,500",04/20/2021 02:50:00 PM,FAILING TO YIELD RIGHT-OF-WAY,FAILING TO REDUCE SPEED TO AVOID CRASH,11400,S,MORGAN ST,2234.0,2,NO INDICATION OF INJURY,0.0,0.0,0.0,0.0,0.0,2.0,0.0,14,3,4,41.686682655,-87.647217833,POINT (-87.647217833231 41.686682655293),2021,840
O1136783,DRIVER,451c500cc5d8a421fb18481a23725409471b8fa30104b1d36d421a1a6e3da191b569661f78b0ee0f3fc30e6b713b2beeb4a51a351937d9b4d6a4421f062158b3,JE296372,1078269.0,07/10/2021 12:48:00 AM,CHICAGO,IL,60613,M,52.0,SAFETY BELT USED,"DEPLOYED, COMBINATION",NONE,NONINCAPACITATING INJURY,NONE,NOT OBSCURED,NORMAL,TEST NOT OFFERED,2021,JE296372,07/10/2021 12:48:00 AM,30,TRAFFIC SIGNAL,FUNCTIONING PROPERLY,CLEAR,"DARKNESS, LIGHTED ROAD",ANGLE,"FIVE POINT, OR MORE",STRAIGHT AND LEVEL,DRY,NO DEFECTS,ON SCENE,INJURY AND / OR TOW DUE TO CRASH,Y,Y,"OVER $1,500",07/10/2021 12:50:00 AM,DISREGARDING TRAFFIC SIGNALS,TURNING RIGHT ON RED,1951,W,IRVING PARK RD,1922.0,4,NONINCAPACITATING INJURY,1.0,0.0,0.0,1.0,0.0,1.0,0.0,0,7,7,41.954052638,-87.678329351,POINT (-87.678329350505 41.954052638306),2021,48
O1104027,DRIVER,6486cb27a8110a02a36f6561e3bb514ecc7569baa2f39e60b18ffff7c4577d10080d640b4c93e4c3e1e47fb5bb486407b0c0108e67ea86ec6268a500f1811d2a,JE244347,1047261.0,05/27/2021 06:40:00 AM,CHICAGO,IL,60623,F,47.0,SAFETY BELT USED,DID NOT DEPLOY,NONE,NO INDICATION OF INJURY,NONE,NOT OBSCURED,NORMAL,TEST NOT OFFERED,2021,JE244347,05/27/2021 06:40:00 AM,30,STOP SIGN/FLASHER,FUNCTIONING PROPERLY,CLEAR,DAYLIGHT,REAR END,NOT DIVIDED,STRAIGHT AND LEVEL,DRY,NO DEFECTS,NOT ON SCENE (DESK REPORT),NO INJURY / DRIVE AWAY,Y,Y,"OVER $1,500",05/27/2021 06:50:00 AM,FAILING TO YIELD RIGHT-OF-WAY,UNABLE TO DETERMINE,2400,W,ROOSEVELT RD,1135.0,2,NO INDICATION OF INJURY,0.0,0.0,0.0,0.0,0.0,2.0,0.0,6,5,5,41.866720691,-87.686162771,POINT (-87.686162771246 41.86672069098),2021,400
O1226844,DRIVER,1c7fd9917ea741eb7cb7a7d909b6883c1ed05694b0b7709944b82dd59db23301085707a0c9a09d05aa15c15454c21309325298620dc80c965a4fdf34062bdc04,JE444543,1164237.0,11/14/2021 03:48:00 AM,CHICAGO,IL,60623,F,44.0,USAGE UNKNOWN,NOT APPLICABLE,NONE,NO INDICATION OF INJURY,UNKNOWN,NOT OBSCURED,NORMAL,TEST NOT OFFERED,2021,JE444543,11/14/2021 03:48:00 AM,30,STOP SIGN/FLASHER,FUNCTIONING PROPERLY,RAIN,"DARKNESS, LIGHTED ROAD",ANGLE,ROUNDABOUT,STRAIGHT AND LEVEL,WET,NO DEFECTS,ON SCENE,INJURY AND / OR TOW DUE TO CRASH,Y,Y,"OVER $1,500",11/14/2021 03:50:00 AM,UNABLE TO DETERMINE,NOT APPLICABLE,3500,W,POLK ST,1133.0,2,NO INDICATION OF INJURY,0.0,0.0,0.0,0.0,0.0,3.0,0.0,3,1,11,41.870984539,-87.71325129600001,POINT (-87.71325129599 41.870984539321),2021,228
O1082307,DRIVER,5cc993d6e3b715044b4091762b83e07fc099bf14cfa168229f4f8667f2437c65715b3649be875897ada4cdf1cf598c9ab016a5fe45b16aa533d7f571f23c602b,JE209179,1026478.0,04/24/2021 09:30:00 PM,CHICAGO,IL,60639,M,31.0,USAGE UNKNOWN,NOT APPLICABLE,NONE,NO INDICATION OF INJURY,OTHER,UNKNOWN,NORMAL,TEST NOT OFFERED,2021,JE209179,04/24/2021 09:30:00 PM,30,TRAFFIC SIGNAL,FUNCTIONING PROPERLY,CLEAR,"DARKNESS, LIGHTED ROAD",TURNING,DIVIDED - W/MEDIAN (NOT RAISED),STRAIGHT AND LEVEL,DRY,UNKNOWN,NOT ON SCENE (DESK REPORT),NO INJURY / DRIVE AWAY,Y,Y,"OVER $1,500",04/24/2021 09:50:00 PM,IMPROPER TURNING/NO SIGNAL,FAILING TO REDUCE SPEED TO AVOID CRASH,5600,W,CHICAGO AVE,1511.0,2,NO INDICATION OF INJURY,0.0,0.0,0.0,0.0,0.0,2.0,0.0,21,7,4,41.894962293,-87.76546079100001,POINT (-87.765460791229 41.8949622935),2021,1290
O1020469,DRIVER,b214162848c852db2b265c782f02366f7dcfe8be5d383a580b9e902d442499788ffabc3ff93197911390a68524bfd8fbdc0944c8aea7b96eb5d0e8b85392c935,JE104935,967215.0,01/06/2021 11:27:00 AM,CHICAGO,IL,60607,F,56.0,SAFETY BELT USED,DID NOT DEPLOY,NONE,NO INDICATION OF INJURY,UNKNOWN,NOT OBSCURED,NORMAL,TEST NOT OFFERED,2021,JE104935,01/06/2021 11:27:00 AM,30,TRAFFIC SIGNAL,FUNCTIONING PROPERLY,CLEAR,DAYLIGHT,REAR END,NOT DIVIDED,STRAIGHT AND LEVEL,DRY,NO DEFECTS,NOT ON SCENE (DESK REPORT),NO INJURY / DRIVE AWAY,Y,Y,"$501 - $1,500",01/06/2021 11:50:00 AM,UNABLE TO DETERMINE,UNABLE TO DETERMINE,1606,E,79TH ST,411.0,2,NO INDICATION OF INJURY,0.0,0.0,0.0,0.0,0.0,2.0,0.0,11,4,1,41.75161085,-87.585367545,POINT (-87.585367544712 41.751610849697),2021,687
O1049460,DRIVER,1063e3657ccf7d8722d2d195b0610e097ad902ced0fd09ae4c1b6fc886f63af78bd448c788a388f28ce26cd1ed64a6f9512b04049854e901fb940c4481d24867,JE151943,995044.0,02/25/2021 01:00:00 PM,CHICAGO,IL,60636,F,26.0,USAGE UNKNOWN,DID NOT DEPLOY,NONE,NO INDICATION OF INJURY,UNKNOWN,NOT OBSCURED,NORMAL,TEST NOT OFFERED,2021,JE151943,02/25/2021 01:00:00 PM,30,STOP SIGN/FLASHER,FUNCTIONING PROPERLY,CLEAR,DAYLIGHT,ANGLE,FOUR WAY,STRAIGHT AND LEVEL,DRY,NO DEFECTS,ON SCENE,INJURY AND / OR TOW DUE TO CRASH,Y,Y,"OVER $1,500",02/25/2021 01:04:00 PM,UNABLE TO DETERMINE,UNABLE TO DETERMINE,6601,S,ASHLAND AVE,725.0,2,NO INDICATION OF INJURY,0.0,0.0,0.0,0.0,0.0,4.0,0.0,13,5,2,41.773924193,-87.66392073600001,POINT (-87.663920736093 41.77392419317),2021,780