PERSON_ID,PERSON_TYPE,CRASH_RECORD_ID,RD_NO_x,VEHICLE_ID,CRASH_DATE_x,CITY,STATE,ZIPCODE,SEX,AGE,SAFETY_EQUIPMENT,AIRBAG_DEPLOYED,EJECTION,INJURY_CLASSIFICATION,DRIVER_ACTION,DRIVER_VISION,PHYSICAL_CONDITION,BAC_RESULT,CRASH_YEAR_x,RD_NO_y,CRASH_DATE_y,POSTED_SPEED_LIMIT,TRAFFIC_CONTROL_DEVICE,DEVICE_CONDITION,WEATHER_CONDITION,LIGHTING_CONDITION,FIRST_CRASH_TYPE,TRAFFICWAY_TYPE,ALIGNMENT,ROADWAY_SURFACE_COND,ROAD_DEFECT,REPORT_TYPE,CRASH_TYPE,INTERSECTION_RELATED_I,HIT_AND_RUN_I,DAMAGE,DATE_POLICE_NOTIFIED,PRIM_CONTRIBUTORY_CAUSE,SEC_CONTRIBUTORY_CAUSE,STREET_NO,STREET_DIRECTION,STREET_NAME,BEAT_OF_OCCURRENCE,NUM_UNITS,MOST_SEVERE_INJURY,INJURIES_TOTAL,INJURIES_FATAL,INJURIES_INCAPACITATING,INJURIES_NON_INCAPACITATING,INJURIES_REPORTED_NOT_EVIDENT,INJURIES_NO_INDICATION,INJURIES_UNKNOWN,CRASH_HOUR,CRASH_DAY_OF_WEEK,CRASH_MONTH,LATITUDE,LONGITUDE,LOCATION,CRASH_YEAR_y,TIME
O1063582,DRIVER,9514424f4327eb3f86ee231b870a9848373a046e40ca26e43f5a07ad48581cbb1cd6727f37de2303897a0c06a234e98ef0d3fbc0c6a0707a18798fdc7e60492b,JE177492,1008616.0,03/23/2021 02:55:00 PM,TINLEY PARK,IL,60477,F,65.0,SAFETY BELT USED,NOT APPLICABLE,NONE,NO INDICATION OF INJURY,NONE,NOT OBSCURED,NORMAL,TEST NOT OFFERED,2021,JE177492,03/23/2021 02:55:00 PM,30,NO CONTROLS,NO CONTROLS,RAIN,DAYLIGHT,FIXED OBJECT,DIVIDED - W/MEDIAN BARRIER,STRAIGHT AND LEVEL,WET,NO DEFECTS,ON SCENE,INJURY AND / OR TOW DUE TO CRASH,N,Y,"OVER $1,500",03/23/2021 02:58:00 PM,IMPROPER TURNING/NO SIGNAL,IMPROPER TURNING/NO SIGNAL,1551,W,GARFIELD BLVD,713.0,2,NO INDICATION OF INJURY,0.0,0.0,0.0,0.0,0.0,2.0,0.0,14,3,3,41.79355377,-87.66423294,POINT (-87.664232939871 41.793553770221),2021,895
O1085742,DRIVER,f3a02039d10d256ea81190ad3ad37e5a08a535a61cc4eb89baed51879c4bb05de34821a7c50d32d49465d8b5422b31cecac8ad5cd12ad0182e3ee510f9bafa1c,JE214794,1029725.0,04/30/2021 10:20:00 AM,BERWYN,IL,60402,F,33.0,USAGE UNKNOWN,DID NOT DEPLOY,NONE,NO INDICATION OF INJURY,UNKNOWN,NOT OBSCURED,NORMAL,TEST NOT OFFERED,2021,JE214794,04/30/2021 10:20:00 AM,30,STOP SIGN/FLASHER,FUNCTIONING PROPERLY,CLEAR,DAYLIGHT,ANGLE,FOUR WAY,STRAIGHT AND LEVEL,DRY,NO DEFECTS,ON SCENE,NO INJURY / DRIVE AWAY,Y,Y,"OVER $1,500",04/30/2021 10:30:00 AM,UNABLE TO DETERMINE,UNABLE TO DETERMINE,5800,W,LAKE ST,1512.0,2,NO INDICATION OF INJURY,0.0,0.0,0.0,0.0,0.0,2.0,0.0,10,6,4,41.887981586,-87.77000290299999,POINT (-87.770002903389 41.887981585623),2021,620
O1027107,DRIVER,9d58bdedbdd6ef35f09716ca91754ef76bc692e0c251e820d58b6b3b9acb4f322463a9bd5cf4f17e891246d1c2a00fb760acf154cd5a5491a1c1a18846395680,JE117424,973494.0,01/19/2021 06:45:00 PM,CHICAGO,IL,60628,F,59.0,SAFETY BELT USED,DID NOT DEPLOY,NONE,NO INDICATION OF INJURY,NONE,NOT OBSCURED,NORMAL,TEST NOT OFFERED,2021,JE117424,01/19/2021 06:45:00 PM,30,UNKNOWN,UNKNOWN,CLEAR,"DARKNESS, LIGHTED ROAD",SIDESWIPE SAME DIRECTION,FOUR WAY,STRAIGHT AND LEVEL,DRY,NO DEFECTS,NOT ON SCENE (DESK REPORT),NO INJURY / DRIVE AWAY,Y,Y,"OVER $1,500",01/19/2021 07:00:00 PM,NOT APPLICABLE,UNABLE TO DETERMINE,10700,S,HALSTED ST,2233.0,2,NO INDICATION OF INJURY,0.0,0.0,0.0,0.0,0.0,2.0,0.0,18,3,1,41.699547415,-87.642751915,POINT (-87.64275191512 41.699547414667),2021,1125
O1186421,DRIVER,651e1de287432f049d479c4c150d14d7306c74b332b774c92a0324f1a946ab68ea9a15807d6d3a005754bffbcc1a0275ec6e29da8d8fcfa8e77ae151e75f6161,JE377834,1125580.0,09/17/2021 11:00:00 PM,CHICAGO,IL,60659,M,48.0,USAGE UNKNOWN,NOT APPLICABLE,NONE,NO INDICATION OF INJURY,NONE,NOT OBSCURED,NORMAL,TEST NOT OFFERED,2021,JE377834,09/17/2021 11:00:00 PM,30,TRAFFIC SIGNAL,FUNCTIONING PROPERLY,CLEAR,"DARKNESS, LIGHTED ROAD",TURNING,T-INTERSECTION,STRAIGHT AND LEVEL,DRY,NO DEFECTS,NOT ON SCENE (DESK REPORT),NO INJURY / DRIVE AWAY,Y,Y,"OVER $1,500",09/17/2021 11:30:00 PM,IMPROPER TURNING/NO SIGNAL,UNABLE TO DETERMINE,6051,N,LINCOLN AVE,2413.0,2,NO INDICATION OF INJURY,0.0,0.0,0.0,0.0,0.0,2.0,0.0,23,6,9,41.991378895,-87.708751246,POINT (-87.708751245837 41.99137889517),2021,1380
O1066099,DRIVER,fae672aa9330579554b461375b60b2eb1f164f9bbf11e76bb887e5971604169cb3733adc02dd5c841bb2a3ffa43d80856865135f5198740a51d68b141c60eb16,JE181856,1011050.0,03/28/2021 12:00:00 AM,CHICAGO,IL,60636,F,24.0,SAFETY BELT USED,DID NOT DEPLOY,NONE,NO INDICATION OF INJURY,UNKNOWN,NOT OBSCURED,NORMAL,TEST NOT OFFERED,2021,JE181856,03/28/2021 12:00:00 AM,30,NO CONTROLS,NO CONTROLS,CLEAR,"DARKNESS, LIGHTED ROAD",SIDESWIPE SAME DIRECTION,NOT DIVIDED,STRAIGHT AND LEVEL,DRY,NO DEFECTS,ON SCENE,NO INJURY / DRIVE AWAY,N,Y,$500 OR LESS,03/28/2021 12:04:00 AM,NOT APPLICABLE,NOT APPLICABLE,6631,S,ASHLAND AVE,725.0,2,NO INDICATION OF INJURY,0.0,0.0,0.0,0.0,0.0,5.0,0.0,0,1,3,41.773076063000005,-87.663899416,POINT (-87.663899416048 41.773076062737),2021,0
O1068712,DRIVER,0bc0fccec8b1e962f8c7012832b15222da64c25555507b5100b86e90204559d0ce71559c7aa8e50a7851cb93720c480117fbec651f2d21cb0cb7b3cc29f676d4,JE186426,1013521.0,04/01/2021 03:50:00 PM,FORSYTH,IL,62535,F,32.0,USAGE UNKNOWN,DID NOT DEPLOY,NONE,NO INDICATION OF INJURY,NONE,NOT OBSCURED,NORMAL,TEST REFUSED,2021,JE186426,04/01/2021 03:50:00 PM,30,TRAFFIC SIGNAL,FUNCTIONING PROPERLY,CLEAR,DAYLIGHT,TURNING,DIVIDED - W/MEDIAN (NOT RAISED),STRAIGHT AND LEVEL,DRY,NO DEFECTS,ON SCENE,NO INJURY / DRIVE AWAY,Y,Y,"OVER $1,500",04/01/2021 04:12:00 PM,IMPROPER TURNING/NO SIGNAL,UNABLE TO DETERMINE,3100,S,CALIFORNIA AVE,1033.0,2,NO INDICATION OF INJURY,0.0,0.0,0.0,0.0,0.0,6.0,0.0,15,5,4,41.83727705,-87.695172247,POINT (-87.695172246519 41.837277050366),2021,950
O1240875,DRIVER,3d29a9f595f6134a4c07afb350599b4f54a12e58d97ae09da625bac2a23766c168fc04849aec4ee03038b8653e765589eb728d6131c7762ecb766c97bf13306f,JE468275,1177737.0,12/06/2021 04:50:00 PM,CHICAGO,IL,60630,F,50.0,SAFETY BELT USED,DID NOT DEPLOY,NONE,NO INDICATION OF INJURY,NONE,NOT OBSCURED,NORMAL,TEST NOT OFFERED,2021,JE468275,12/06/2021 04:50:00 PM,30,TRAFFIC SIGNAL,FUNCTIONING PROPERLY,CLEAR,DAYLIGHT,TURNING,NOT DIVIDED,STRAIGHT AND LEVEL,DRY,NO DEFECTS,NOT ON SCENE (DESK REPORT),NO INJURY / DRIVE AWAY,Y,Y,"OVER $1,500",12/06/2021 06:00:00 PM,UNABLE TO DETERMINE,NOT APPLICABLE,700,S,MICHIGAN AVE,123.0,2,NO INDICATION OF INJURY,0.0,0.0,0.0,0.0,0.0,2.0,0.0,16,2,12,41.873095485,-87.624345248,POINT (-87.624345247792 41.873095485332),2021,1010
O1239057,DRIVER,e2d3147d6f4fdf3ad8314fbc6efdb70861192be02746997075da50ddb9d285bbfcdd37524aef329d90c8a79a7e69a00035fc393255d8610e7fc8bcddb02f880e,JE465333,1176018.0,12/03/2021 10:47:00 PM,CHICAGO,IL,60653,F,39.0,SAFETY BELT USED,"DEPLOYED, FRONT",NONE,NO INDICATION OF INJURY,NONE,NOT OBSCURED,NORMAL,TEST NOT OFFERED,2021,JE465333,12/03/2021 10:47:00 PM,30,POLICE/FLAGMAN,FUNCTIONING PROPERLY,CLEAR,"DARKNESS, LIGHTED ROAD",REAR TO FRONT,ONE-WAY,STRAIGHT AND LEVEL,DRY,NO DEFECTS,ON SCENE,INJURY AND / OR TOW DUE TO CRASH,Y,Y,"OVER $1,500",12/03/2021 10:47:00 PM,IMPROPER BACKING,FAILING TO REDUCE SPEED TO AVOID CRASH,342,E,ILLINOIS ST,1834.0,3,NO INDICATION OF INJURY,0.0,0.0,0.0,0.0,0.0,5.0,0.0,22,6,12,41.891147326,-87.618397274,POINT (-87.618397274316 41.891147325756),2021,1367
O1200505,DRIVER,02d5ea703009a440e3cff035d5730f95ddd2be9e10a9b12e7c4a73296a360dcd1023ed8029ec3a82cbea78943dd4a0fcaace8cabffbf91c897bdaa18ffdbd76b,JE401793,1139072.0,10/07/2021 01:45:00 AM,CHICAGO,IL,60618,M,39.0,SAFETY BELT USED,DID NOT DEPLOY,NONE,NO INDICATION OF INJURY,OTHER,NOT OBSCURED,NORMAL,TEST NOT OFFERED,2021,JE401793,10/07/2021 01:45:00 AM,30,TRAFFIC SIGNAL,FUNCTIONING PROPERLY,CLEAR,"DARKNESS, LIGHTED ROAD",SIDESWIPE OPPOSITE DIRECTION,DIVIDED - W/MEDIAN (NOT RAISED),STRAIGHT AND LEVEL,WET,NO DEFECTS,NOT ON SCENE (DESK REPORT),NO INJURY / DRIVE AWAY,Y,Y,"$501 - $1,500",10/07/2021 06:00:00 PM,IMPROPER TURNING/NO SIGNAL,IMPROPER OVERTAKING/PASSING,3214,N,KIMBALL AVE,1732.0,2,NO INDICATION OF INJURY,0.0,0.0,0.0,0.0,0.0,2.0,0.0,1,5,10,41.939731753000004,-87.712665378,POINT (-87.712665377938 41.939731753033),2021,105
O1140283,DRIVER,5be1a870157afecca70badb75d6da10ba1b6e10655cf24c537b381b50c4984633e4ec5febf614e6fbe24e26eedaa1fafc452f3a99157ff591123a7dde9388e84,JE302371,1081634.0,07/15/2021 12:07:00 PM,CHICAGO,IL,60613,F,42.0,SAFETY BELT USED,DID NOT DEPLOY,NONE,NO INDICATION OF INJURY,NONE,NOT OBSCURED,NORMAL,TEST NOT OFFERED,2021,JE302371,07/15/2021 12:07:00 PM,30,TRAFFIC SIGNAL,FUNCTIONING PROPERLY,CLEAR,DAYLIGHT,REAR END,DIVIDED - W/MEDIAN BARRIER,STRAIGHT AND LEVEL,DRY,NO DEFECTS,NOT ON SCENE (DESK REPORT),NO INJURY / DRIVE AWAY,Y,N,"$501 - $1,500",07/15/2021 02:30:00 PM,FOLLOWING TOO CLOSELY,FOLLOWING TOO CLOSELY,150,E,LOWER RANDOLPH ST,114.0,3,NO INDICATION OF INJURY,0.0,0.0,0.0,0.0,0.0,3.0,0.0,12,5,7,41.884509178,-87.62261954700001,POINT (-87.622619547325 41.884509178123),2021,727
O1136472,DRIVER,4d2e769b494baaefe7411e4dc3fb9f2ef5732279b779149432c502f6f9633841d5672898d07f9bd22672be2839344da8e3883a30f48a0eeed21452addb971925,JE295934,1077965.0,07/09/2021 04:36:00 PM,CHICAGO,IL,60659,M,59.0,USAGE UNKNOWN,DID NOT DEPLOY,NONE,NO INDICATION OF INJURY,NONE,UNKNOWN,NORMAL,TEST NOT OFFERED,2021,JE295934,07/09/2021 04:36:00 PM,30,TRAFFIC SIGNAL,FUNCTIONING PROPERLY,CLEAR,DAYLIGHT,TURNING,FOUR WAY,STRAIGHT AND LEVEL,DRY,NO DEFECTS,ON SCENE,NO INJURY / DRIVE AWAY,Y,Y,"OVER $1,500",07/09/2021 04:55:00 PM,UNABLE TO DETERMINE,NOT APPLICABLE,6000,N,KIMBALL AVE,1711.0,2,NO INDICATION OF INJURY,0.0,0.0,0.0,0.0,0.0,2.0,0.0,16,6,7,41.990405644,-87.71413423,POINT (-87.714134230154 41.990405644412),2021,996
O1127402,DRIVER,b5898e53cd4cc0a8baf9b6cf024b02241a0ecc9d01eed3b2b45434df8f30cd7de1b5d7c4abfcf25c8b7e6b6db90a49263c10afc56babac191937d46d9dff3633,JE280974,1069411.0,06/27/2021 05:50:00 AM,CHICAGO,IL,60649,M,46.0,SAFETY BELT USED,"DEPLOYED, SIDE",NONE,NO INDICATION OF INJURY,OTHER,NOT OBSCURED,NORMAL,TEST NOT OFFERED,2021,JE280974,06/27/2021 05:50:00 AM,30,TRAFFIC SIGNAL,FUNCTIONING PROPERLY,CLEAR,DAYLIGHT,FIXED OBJECT,DIVIDED - W/MEDIAN BARRIER,STRAIGHT AND LEVEL,UNKNOWN,UNKNOWN,NOT ON SCENE (DESK REPORT),INJURY AND / OR TOW DUE TO CRASH,N,N,"OVER $1,500",06/27/2021 07:40:00 AM,UNABLE TO DETERMINE,NOT APPLICABLE,1423,E,71ST ST,324.0,2,NO INDICATION OF INJURY,0.0,0.0,0.0,0.0,0.0,2.0,0.0,5,1,6,41.765865716,-87.590087259,POINT (-87.590087259257 41.765865715802),2021,350
O1142770,DRIVER,155aa2ea426f982ce8cf0c69630fbf828b005a92f0d039023ba5107443c4a1458fa1f574b65b723a9f1bf4c7e1209130f8ee4a0abe65cf1a6339953fcbef846c,JE306200,1083980.0,07/18/2021 11:45:00 PM,SOUTH ELGIN,IL,60177,F,20.0,USAGE UNKNOWN,DEPLOYMENT UNKNOWN,NONE,NONINCAPACITATING INJURY,UNKNOWN,NOT OBSCURED,NORMAL,TEST NOT OFFERED,2021,JE306200,07/18/2021 11:45:00 PM,30,STOP SIGN/FLASHER,FUNCTIONING PROPERLY,CLEAR,"DARKNESS, LIGHTED ROAD",ANGLE,T-INTERSECTION,STRAIGHT AND LEVEL,DRY,NO DEFECTS,NOT ON SCENE (DESK REPORT),INJURY AND / OR TOW DUE TO CRASH,Y,Y,"$501 - $1,500",07/19/2021 01:28:00 AM,UNABLE TO DETERMINE,UNABLE TO DETERMINE,7600,S,STEWART AVE,621.0,2,NONINCAPACITATING INJURY,3.0,0.0,0.0,3.0,0.0,1.0,0.0,23,1,7,41.75616061,-87.634583596,POINT (-87.634583595966 41.756160610031),2021,1425
O1111186,DRIVER,f8ca5d247b02c63d94b36a73ecdc3241f3d2aaa4d5ca861d2b71fb109bf1000746c862e8c3beccebe3b2a2ce27401712b6dd40ca74664b11713acbe8888246a4,JE255384,1054095.0,06/06/2021 01:45:00 AM,CHICAGO,IL,60619,M,39.0,USAGE UNKNOWN,"DEPLOYED, COMBINATION",NONE,"REPORTED, NOT EVIDENT",NONE,NOT OBSCURED,NORMAL,TEST NOT OFFERED,2021,JE255384,06/06/2021 01:45:00 AM,30,STOP SIGN/FLASHER,FUNCTIONING PROPERLY,CLEAR,"DARKNESS, LIGHTED ROAD",ANGLE,FOUR WAY,STRAIGHT AND LEVEL,DRY,NO DEFECTS,ON SCENE,INJURY AND / OR TOW DUE TO CRASH,Y,Y,"OVER $1,500",06/06/2021 01:59:00 AM,FAILING TO YIELD RIGHT-OF-WAY,NOT APPLICABLE,10001,S,HALSTED ST,2232.0,2,"REPORTED, NOT EVIDENT",2.0,0.0,0.0,0.0,2.0,1.0,0.0,1,1,6,41.712284267,-87.642823313,POINT (-87.642823313119 41.712284266804),2021,105
O1042150,DRIVER,b89729fc9b4babc84a7a120e8b3385fd43d112472b046e1d29a4c04029459a8fc275ef4b0d19625933ec749709357b5edf01137565ef72f912e7950f1aad1f8b,JE141304,987972.0,02/14/2021 06:58:00 AM,CHICAGO,IL,60619,F,40.0,SAFETY BELT USED,DID NOT DEPLOY,NONE,NO INDICATION OF INJURY,NONE,NOT OBSCURED,NORMAL,TEST NOT OFFERED,2021,JE141304,02/14/2021 06:58:00 AM,30,TRAFFIC SIGNAL,FUNCTIONING PROPERLY,SNOW,DAYLIGHT,ANGLE,NOT DIVIDED,STRAIGHT AND LEVEL,SNOW OR SLUSH,NO DEFECTS,ON SCENE,NO INJURY / DRIVE AWAY,Y,Y,"OVER $1,500",02/14/2021 07:01:00 AM,UNABLE TO DETERMINE,DISREGARDING TRAFFIC SIGNALS,30,W,75TH ST,731.0,2,NO INDICATION OF INJURY,0.0,0.0,0.0,0.0,0.0,2.0,0.0,6,1,2,41.758276525,-87.62597722299999,POINT (-87.625977222524 41.758276525332),2021,418
O1125700,DRIVER,e12640ca3165caf5f2df6b9be0bec012ab29042a05f9ea53b24ed35de6d0cf05048118548b5f590bf609b4a898ae995feb725249055dfccb188ccb95d56d06e0,JE278464,1067775.0,06/24/2021 03:45:00 PM,CHICAGO,IL,60647,M,52.0,SAFETY BELT USED,DID NOT DEPLOY,NONE,NO INDICATION OF INJURY,NONE,NOT OBSCURED,NORMAL,TEST NOT OFFERED,2021,JE278464,06/24/2021 03:45:00 PM,30,NO CONTROLS,NO CONTROLS,CLEAR,DAYLIGHT,SIDESWIPE SAME DIRECTION,NOT DIVIDED,STRAIGHT AND LEVEL,DRY,NO DEFECTS,NOT ON SCENE (DESK REPORT),NO INJURY / DRIVE AWAY,N,Y,"OVER $1,500",06/24/2021 08:20:00 PM,UNABLE TO DETERMINE,NOT APPLICABLE,2050,N,PULASKI RD,2525.0,2,NO INDICATION OF INJURY,0.0,0.0,0.0,0.0,0.0,2.0,0.0,15,5,6,41.918710388,-87.726754406,POINT (-87.726754405523 41.918710387914),2021,945
O1112275,DRIVER,481fbdedcf92bd48eceb067b9a807f789b0574d2083f5942bbe2dd14b87af324aacd3881f31c90dd8d539fcf142f34d52f9f14a7f84ef92bfd5100510f665013,JE257239,1055127.0,06/06/2021 09:40:00 PM,CHICAGO,IL,60624,F,55.0,USAGE UNKNOWN,NOT APPLICABLE,NONE,NO INDICATION OF INJURY,NONE,UNKNOWN,UNKNOWN,TEST NOT OFFERED,2021,JE257239,06/06/2021 09:40:00 PM,30,TRAFFIC SIGNAL,FUNCTIONING PROPERLY,UNKNOWN,"DARKNESS, LIGHTED ROAD",TURNING,FOUR WAY,STRAIGHT AND LEVEL,UNKNOWN,UNKNOWN,NOT ON SCENE (DESK REPORT),NO INJURY / DRIVE AWAY,Y,Y,"OVER $1,500",06/07/2021 03:30:00 PM,DRIVING ON WRONG SIDE/WRONG WAY,UNABLE TO DETERMINE,4400,W,MADISON ST,1113.0,2,NO INDICATION OF INJURY,0.0,0.0,0.0,0.0,0.0,2.0,0.0,21,1,6,41.880718958,-87.735600609,POINT (-87.735600609006 41.880718957876),2021,1300
O1246414,DRIVER,34f6998e2ee0bd262caa70e1c0913d1febe2cafbe9da8451ef658f6a126df6b9e9df8c9f49ee6bcb851dce6a7377ba812c6d9a060caee675bb0a4e1520262c91,JE477842,1183016.0,12/14/2021 10:42:00 PM,CHICAGO,IL,60651,M,24.0,USAGE UNKNOWN,DID NOT DEPLOY,NONE,NO INDICATION OF INJURY,FOLLOWED TOO CLOSELY,UNKNOWN,UNKNOWN,TEST NOT OFFERED,2021,JE477842,12/14/2021 10:42:00 PM,30,TRAFFIC SIGNAL,FUNCTIONING PROPERLY,RAIN,"DARKNESS, LIGHTED ROAD",REAR END,NOT DIVIDED,STRAIGHT AND LEVEL,WET,UNKNOWN,NOT ON SCENE (DESK REPORT),INJURY AND / OR TOW DUE TO CRASH,Y,N,"OVER $1,500",12/14/2021 11:56:00 PM,FOLLOWING TOO CLOSELY,FAILING TO REDUCE SPEED TO AVOID CRASH,2400,N,DAMEN AVE,1432.0,2,"REPORTED, NOT EVIDENT",1.0,0.0,0.0,0.0,1.0,1.0,0.0,22,3,12,41.925038006,-87.678047191,POINT (-87.678047191013 41.92503800641),2021,1362
O1187829,DRIVER,c3fecccb8e03472822c38a84e84f44b867703bfdc939834acdd6a970e09e30e298fbec3fe07ad4d5d510a31e9313ac6435ea011744c9bb53b7b772588fff6843,JE380198,1126941.0,09/19/2021 11:40:00 PM,CHICAGO,IL,60608,F,43.0,SAFETY BELT USED,DID NOT DEPLOY,NONE,NO INDICATION OF INJURY,NONE,NOT OBSCURED,NORMAL,TEST NOT OFFERED,2021,JE380198,09/19/2021 11:40:00 PM,30,TRAFFIC SIGNAL,NOT FUNCTIONING,CLEAR,"DARKNESS, LIGHTED ROAD",TURNING,T-INTERSECTION,STRAIGHT AND LEVEL,DRY,NO DEFECTS,ON SCENE,NO INJURY / DRIVE AWAY,N,Y,"$501 - $1,500",09/19/2021 11:41:00 PM,FAILING TO REDUCE SPEED TO AVOID CRASH,NOT APPLICABLE,8300,S,VINCENNES AVE,622.0,2,NO INDICATION OF INJURY,0.0,0.0,0.0,0.0,0.0,4.0,0.0,23,1,9,41.743504558000005,-87.63666279799999,POINT (-87.636662798126 41.743504557606),2021,1420
O1061044,DRIVER,f726c36b121f2615e095b92a18a4bd003d4bd2c0e6ff6780fd8fd65072b4daf7d3d60e23239b741324bab95013f0f5e2952a9d10360ce97e38d1417b6c6c10d3,JE173452,1006192.0,03/19/2021 02:45:00 PM,CHICAGO,IL,60651,F,27.0,SAFETY BELT USED,DID NOT DEPLOY,NONE,NO INDICATION OF INJURY,NONE,NOT OBSCURED,NORMAL,TEST NOT OFFERED,2021,JE173452,03/19/2021 02:45:00 PM,30,TRAFFIC SIGNAL,UNKNOWN,CLEAR,DAYLIGHT,SIDESWIPE SAME DIRECTION,NOT DIVIDED,STRAIGHT AND LEVEL,DRY,UNKNOWN,NOT ON SCENE (DESK REPORT),NO INJURY / DRIVE AWAY,Y,Y,$500 OR LESS,03/19/2021 03:00:00 PM,FAILING TO YIELD RIGHT-OF-WAY,FAILING TO YIELD RIGHT-OF-WAY,4000,W,JACKSON BLVD,1115.0,2,NO INDICATION OF INJURY,0.0,0.0,0.0,0.0,0.0,5.0,0.0,14,6,3,41.877195447,-87.725671311,POINT (-87.725671311272 41.877195446606),2021,885
O1151944,DRIVER,0eaa33785880af1e685c5b8efcc5e6891141dcfabeb39425a7dbe42d0f7cc9a702e219d514c25d3fb634fdb4aa1b25e01a6bdf8e079ee5a3c9654cda2f21dc28,JE321232,1092709.0,07/31/2021 03:45:00 PM,CHICAGO,IL,60620,M,31.0,SAFETY BELT USED,NOT APPLICABLE,NONE,NO INDICATION OF INJURY,NONE,NOT OBSCURED,NORMAL,TEST NOT OFFERED,2021,JE321232,07/31/2021 03:45:00 PM,30,TRAFFIC SIGNAL,FUNCTIONING PROPERLY,CLEAR,DAYLIGHT,ANGLE,NOT DIVIDED,STRAIGHT AND LEVEL,DRY,NO DEFECTS,ON SCENE,INJURY AND / OR TOW DUE TO CRASH,Y,Y,"OVER $1,500",07/31/2021 04:07:00 PM,UNABLE TO DETERMINE,NOT APPLICABLE,4700,S,WELLS ST,935.0,2,NO INDICATION OF INJURY,0.0,0.0,0.0,0.0,0.0,2.0,0.0,15,7,7,41.809095821,-87.63273119700001,POINT (-87.632731197024 41.809095821244),2021,945
O1019225,DRIVER,a8a08cd1334bf8c1a1e6fca476ca022034a4198af310d13e9c5713f288a310fc6a0028478859abb91c07e19a876a69c516e189bf51ec1721462d2347779201f7,JE102501,966025.0,01/03/2021 09:05:00 PM,CHICAGO,IL,60637,M,30.0,USAGE UNKNOWN,NOT APPLICABLE,NONE,NO INDICATION OF INJURY,UNKNOWN,UNKNOWN,UNKNOWN,TEST NOT OFFERED,2021,JE102501,01/03/2021 09:05:00 PM,35,STOP SIGN/FLASHER,UNKNOWN,CLEAR,DARKNESS,ANGLE,FOUR WAY,STRAIGHT AND LEVEL,UNKNOWN,UNKNOWN,NOT ON SCENE (DESK REPORT),NO INJURY / DRIVE AWAY,Y,N,"OVER $1,500",01/03/2021 10:04:00 PM,DISREGARDING STOP SIGN,NOT APPLICABLE,7100,S,OAKLEY AVE,832.0,2,NO INDICATION OF INJURY,0.0,0.0,0.0,0.0,0.0,3.0,0.0,21,1,1,41.764638799000004,-87.68084507299999,POINT (-87.680845072874 41.764638799304),2021,1265
O1104187,DRIVER,38ca350fb836c7ffc4288dae93818e90077a3d2a8cb1007d99694b0b6f85955d28ef668b049329cfd22df7b849cecf6dbef0bf43f02041290252254d2b85dffa,JE244588,1047428.0,05/26/2021 10:00:00 PM,CHICAGO,IL,60643,M,44.0,SAFETY BELT USED,DID NOT DEPLOY,NONE,NO INDICATION OF INJURY,NONE,NOT OBSCURED,NORMAL,TEST NOT OFFERED,2021,JE244588,05/26/2021 10:00:00 PM,30,NO CONTROLS,NO CONTROLS,CLEAR,"DARKNESS, LIGHTED ROAD",TURNING,NOT DIVIDED,STRAIGHT AND LEVEL,DRY,NO DEFECTS,NOT ON SCENE (DESK REPORT),NO INJURY / DRIVE AWAY,N,Y,"OVER $1,500",05/27/2021 12:00:00 PM,IMPROPER TURNING/NO SIGNAL,UNABLE TO DETERMINE,620,E,31ST DR,133.0,2,NO INDICATION OF INJURY,0.0,0.0,0.0,0.0,0.0,6.0,0.0,22,4,5,41.838649379,-87.60970955100001,POINT (-87.609709550602 41.838649379449),2021,1320
O1151532,DRIVER,9bd4b4eaa1fe114eb94b6e423b673760378b74963fecc1647c5104c53f68c0fe918eb7950bfd5e4cd4a367a2c7087c909e66c7e3c7786cfec6775b0da65a7754,JE320428,1092316.0,07/30/2021 09:30:00 PM,CHICAGO,IL,60631,M,37.0,USAGE UNKNOWN,"DEPLOYED, FRONT",NONE,"REPORTED, NOT EVIDENT",NONE,NOT OBSCURED,NORMAL,TEST NOT OFFERED,2021,JE320428,07/30/2021 09:30:00 PM,30,TRAFFIC SIGNAL,FUNCTIONING PROPERLY,CLEAR,"DARKNESS, LIGHTED ROAD",ANGLE,NOT DIVIDED,STRAIGHT AND LEVEL,WET,NO DEFECTS,ON SCENE,INJURY AND / OR TOW DUE TO CRASH,Y,Y,"OVER $1,500",07/30/2021 11:13:00 PM,"OPERATING VEHICLE IN ERRATIC, RECKLESS, CARELESS, NEGLIGENT OR AGGRESSIVE MANNER",FAILING TO REDUCE SPEED TO AVOID CRASH,1617,N,LAKE SHORE DR SB,1814.0,2,"REPORTED, NOT EVIDENT",1.0,0.0,0.0,0.0,1.0,2.0,0.0,21,6,7,41.911784553000004,-87.625621779,POINT (-87.625621778854 41.911784553285),2021,1290