PERSON_ID,PERSON_TYPE,CRASH_RECORD_ID,RD_NO_x,VEHICLE_ID,CRASH_DATE_x,CITY,STATE,ZIPCODE,SEX,AGE,SAFETY_EQUIPMENT,AIRBAG_DEPLOYED,EJECTION,INJURY_CLASSIFICATION,DRIVER_ACTION,DRIVER_VISION,PHYSICAL_CONDITION,BAC_RESULT,CRASH_YEAR_x,RD_NO_y,CRASH_DATE_y,POSTED_SPEED_LIMIT,TRAFFIC_CONTROL_DEVICE,DEVICE_CONDITION,WEATHER_CONDITION,LIGHTING_CONDITION,FIRST_CRASH_TYPE,TRAFFICWAY_TYPE,ALIGNMENT,ROADWAY_SURFACE_COND,ROAD_DEFECT,REPORT_TYPE,CRASH_TYPE,INTERSECTION_RELATED_I,HIT_AND_RUN_I,DAMAGE,DATE_POLICE_NOTIFIED,PRIM_CONTRIBUTORY_CAUSE,SEC_CONTRIBUTORY_CAUSE,STREET_NO,STREET_DIRECTION,STREET_NAME,BEAT_OF_OCCURRENCE,NUM_UNITS,MOST_SEVERE_INJURY,INJURIES_TOTAL,INJURIES_FATAL,INJURIES_INCAPACITATING,INJURIES_NON_INCAPACITATING,INJURIES_REPORTED_NOT_EVIDENT,INJURIES_NO_INDICATION,INJURIES_UNKNOWN,CRASH_HOUR,CRASH_DAY_OF_WEEK,CRASH_MONTH,LATITUDE,LONGITUDE,LOCATION,CRASH_YEAR_y,TIME
O1069976,DRIVER,b7d536c9dd55c87108cf3fae67b7d24731cda35c10b9abc084c91c48c2f70055cf786a7754b44084b243c7f71bee13a62732e03d40289537ff73d469ac75d71e,JE188320,1014702.0,04/03/2021 02:14:00 PM,CHICAGO,IL,60638,M,50.0,SAFETY BELT USED,DID NOT DEPLOY,NONE,NO INDICATION OF INJURY,NONE,NOT OBSCURED,NORMAL,TEST NOT OFFERED,2021,JE188320,04/03/2021 02:14:00 PM,30,NO CONTROLS,NO CONTROLS,CLEAR,DAYLIGHT,SIDESWIPE SAME DIRECTION,NOT DIVIDED,STRAIGHT AND LEVEL,DRY,NO DEFECTS,ON SCENE,NO INJURY / DRIVE AWAY,Y,Y,"$501 - $1,500",04/03/2021 03:10:00 PM,NOT APPLICABLE,NOT APPLICABLE,4799,S,WESTERN AVE,922.0,3,NO INDICATION OF INJURY,0.0,0.0,0.0,0.0,0.0,5.0,0.0,14,7,4,41.806662266,-87.684226007,POINT (-87.684226007218 41.806662266308),2021,854
O1140433,DRIVER,a0324e5de5cb966bae78f40055e6dfe1c3a081627f38e03e0b9692450e03b1698471f001ef1ba7de6c2ae94e65d3aef50179313e318a1397d6f082613b720297,JE302585,1081746.0,07/15/2021 04:55:00 PM,CHICAGO,IL,60636,M,42.0,SAFETY BELT USED,NOT APPLICABLE,NONE,NO INDICATION OF INJURY,NONE,UNKNOWN,NORMAL,TEST NOT OFFERED,2021,JE302585,07/15/2021 04:55:00 PM,30,TRAFFIC SIGNAL,UNKNOWN,CLEAR,DAYLIGHT,TURNING,FOUR WAY,STRAIGHT AND LEVEL,DRY,UNKNOWN,ON SCENE,NO INJURY / DRIVE AWAY,Y,Y,"OVER $1,500",07/15/2021 05:13:00 PM,IMPROPER LANE USAGE,IMPROPER OVERTAKING/PASSING,420,S,PULASKI RD,1132.0,2,NO INDICATION OF INJURY,0.0,0.0,0.0,0.0,0.0,2.0,0.0,16,5,7,41.874537312,-87.725596902,POINT (-87.725596901652 41.874537312209),2021,1015
O1039527,DRIVER,c23ff40209af6c47f4a3f4efa4d0e245928c1c8e0c7cf3fcccf35d0a3ce4a22353310d890e5b5a8e87a9e6485bba831959849639be5279478d45deb6e992f75c,JE137450,985385.0,02/09/2021 09:40:00 PM,CHICAGO,IL,60625,M,24.0,SAFETY BELT USED,DID NOT DEPLOY,NONE,NO INDICATION OF INJURY,NONE,NOT OBSCURED,NORMAL,TEST NOT OFFERED,2021,JE137450,02/09/2021 09:40:00 PM,30,TRAFFIC SIGNAL,FUNCTIONING PROPERLY,CLEAR,"DARKNESS, LIGHTED ROAD",REAR END,FOUR WAY,STRAIGHT AND LEVEL,WET,NO DEFECTS,NOT ON SCENE (DESK REPORT),NO INJURY / DRIVE AWAY,Y,Y,"OVER $1,500",02/09/2021 11:00:00 PM,UNABLE TO DETERMINE,UNABLE TO DETERMINE,2001,W,FOSTER AVE,2032.0,2,NO INDICATION OF INJURY,0.0,0.0,0.0,0.0,0.0,2.0,0.0,21,3,2,41.975921424,-87.679522673,POINT (-87.679522672579 41.975921424015),2021,1300
O1074882,DRIVER,05e30c3b8b19617e893a1289ca0f56ec7532cb4aff37efa68954a14ab1abff340fc5037d298018ad160078590ac03a92de6830f330490d3e4c8bf7a69455930b,JE196584,1019393.0,04/11/2021 06:00:00 PM,COUNTRY CLUB HILL,IL,60478,M,72.0,SAFETY BELT USED,DID NOT DEPLOY,NONE,NO INDICATION OF INJURY,NONE,NOT OBSCURED,NORMAL,TEST NOT OFFERED,2021,JE196584,04/11/2021 06:00:00 PM,30,TRAFFIC SIGNAL,FUNCTIONING PROPERLY,CLEAR,DAYLIGHT,SIDESWIPE SAME DIRECTION,NOT DIVIDED,STRAIGHT AND LEVEL,DRY,NO DEFECTS,NOT ON SCENE (DESK REPORT),NO INJURY / DRIVE AWAY,Y,Y,"$501 - $1,500",04/11/2021 08:00:00 PM,IMPROPER LANE USAGE,IMPROPER LANE USAGE,6500,S,STATE ST,312.0,2,NO INDICATION OF INJURY,0.0,0.0,0.0,0.0,0.0,2.0,0.0,18,1,4,41.776362587,-87.625368941,POINT (-87.625368940615 41.776362586673),2021,1080
O1248320,DRIVER,205a6c3215bb4e08674ba4f04528e1e8e98f4b8479f0c53a5ac508d337e64afb68067090f1caff2b5e656c6115c5de76d2e19f5c28cd3dc236dc295fbd032cce,JE481280,1184838.0,12/18/2021 01:30:00 AM,CHICAGO,IL,60616,M,31.0,USAGE UNKNOWN,DID NOT DEPLOY,NONE,NO INDICATION OF INJURY,NONE,NOT OBSCURED,NORMAL,TEST NOT OFFERED,2021,JE481280,12/18/2021 01:30:00 AM,45,TRAFFIC SIGNAL,FUNCTIONING PROPERLY,RAIN,"DARKNESS, LIGHTED ROAD",REAR END,DIVIDED - W/MEDIAN (NOT RAISED),STRAIGHT AND LEVEL,WET,NO DEFECTS,ON SCENE,INJURY AND / OR TOW DUE TO CRASH,N,Y,"$501 - $1,500",12/18/2021 01:35:00 AM,WEATHER,FOLLOWING TOO CLOSELY,50,N,LAKE SHORE DR SB,114.0,3,NONINCAPACITATING INJURY,1.0,0.0,0.0,1.0,0.0,2.0,0.0,1,7,12,41.883170519000004,-87.616458079,POINT (-87.616458078993 41.883170518755),2021,90
O1110655,DRIVER,5baffa57adeeb23709b2866ef84d2ce6c4f4340db8db867925c6b35626ace5880417a38aa966165df4922b0b49abf8f10a9355d7dd3337cd82e195816e38a222,JE254426,1053594.0,06/05/2021 08:45:00 AM,WHITMORE LAKE,MI,48189,M,24.0,SAFETY BELT USED,DID NOT DEPLOY,NONE,NO INDICATION OF INJURY,NONE,NOT OBSCURED,NORMAL,TEST NOT OFFERED,2021,JE254426,06/05/2021 08:45:00 AM,30,TRAFFIC SIGNAL,FUNCTIONING PROPERLY,CLEAR,DAYLIGHT,HEAD ON,DIVIDED - W/MEDIAN (NOT RAISED),STRAIGHT AND LEVEL,DRY,NO DEFECTS,ON SCENE,NO INJURY / DRIVE AWAY,Y,Y,"OVER $1,500",06/05/2021 08:53:00 AM,FAILING TO REDUCE SPEED TO AVOID CRASH,NOT APPLICABLE,1140,W,87TH ST,613.0,2,NO INDICATION OF INJURY,0.0,0.0,0.0,0.0,0.0,3.0,0.0,8,7,6,41.73605698,-87.65258072200001,POINT (-87.652580721514 41.736056979991),2021,525
O1121647,DRIVER,7910b04506880cac4ea380a0e7c1ee9b8b2cd5fa90bad781ee4b33cf769e65daef6ff11667c3fc148e6a60374fdebda1b6254cb1cabfac3f41606d9dac70c646,JE271732,1063922.0,06/19/2021 11:10:00 AM,CHICAGO,IL,60618,M,35.0,USAGE UNKNOWN,DID NOT DEPLOY,NONE,NO INDICATION OF INJURY,UNKNOWN,UNKNOWN,NORMAL,TEST NOT OFFERED,2021,JE271732,06/19/2021 11:10:00 AM,30,STOP SIGN/FLASHER,UNKNOWN,CLEAR,DAYLIGHT,ANGLE,FOUR WAY,STRAIGHT AND LEVEL,DRY,NO DEFECTS,ON SCENE,INJURY AND / OR TOW DUE TO CRASH,Y,Y,"OVER $1,500",06/19/2021 11:28:00 AM,FAILING TO YIELD RIGHT-OF-WAY,DISREGARDING STOP SIGN,4902,W,DIVERSEY AVE,2521.0,3,"REPORTED, NOT EVIDENT",1.0,0.0,0.0,0.0,1.0,4.0,0.0,11,7,6,41.931606977,-87.74925709899999,POINT (-87.74925709946 41.931606977081),2021,670
O1187589,DRIVER,ed6207d60eaa14a46c0a33afe08885d852e3100bd9cb7ab5a31b8b5305bf49e55a8723de1a4388192789e79196e3a3f34deb1ef05d3d883083a36300d2a09c3e,JE379728,1126704.0,09/19/2021 02:45:00 PM,NAPERVILLE,IL,60565,F,45.0,SAFETY BELT USED,DID NOT DEPLOY,NONE,NO INDICATION OF INJURY,NONE,NOT OBSCURED,NORMAL,TEST NOT OFFERED,2021,JE379728,09/19/2021 02:45:00 PM,30,TRAFFIC SIGNAL,FUNCTIONING PROPERLY,CLEAR,DAYLIGHT,REAR END,DIVIDED - W/MEDIAN BARRIER,STRAIGHT AND LEVEL,DRY,NO DEFECTS,NOT ON SCENE (DESK REPORT),NO INJURY / DRIVE AWAY,Y,Y,"$501 - $1,500",09/19/2021 03:45:00 PM,FOLLOWING TOO CLOSELY,FOLLOWING TOO CLOSELY,1200,S,COLUMBUS DR,132.0,2,NO INDICATION OF INJURY,0.0,0.0,0.0,0.0,0.0,6.0,0.0,14,1,9,41.867387914,-87.620491034,POINT (-87.620491034097 41.867387913926),2021,885
O1086561,DRIVER,3912ded8fb38e810f227fb01b0a7a47b4423ff5eb344e6bb89eeaece3c9afe2c287e93af94146798a1e7917d085e637e2f26ab0231fafe3ca87a16e55568d989,JE216060,1030530.0,05/01/2021 02:25:00 PM,CHICAGO,IL,60620,M,29.0,NONE PRESENT,NOT APPLICABLE,NONE,INCAPACITATING INJURY,NONE,NOT OBSCURED,NORMAL,TEST NOT OFFERED,2021,JE216060,05/01/2021 02:25:00 PM,30,TRAFFIC SIGNAL,FUNCTIONING PROPERLY,CLEAR,DAYLIGHT,ANGLE,FOUR WAY,STRAIGHT AND LEVEL,DRY,NO DEFECTS,NOT ON SCENE (DESK REPORT),INJURY AND / OR TOW DUE TO CRASH,Y,Y,"OVER $1,500",05/01/2021 02:44:00 PM,FAILING TO YIELD RIGHT-OF-WAY,IMPROPER LANE USAGE,300,N,SACRAMENTO BLVD,1222.0,3,INCAPACITATING INJURY,1.0,0.0,1.0,0.0,0.0,3.0,0.0,14,7,5,41.886533254,-87.70150793200001,POINT (-87.701507931769 41.886533253902),2021,865
O1191392,DRIVER,866f3d43b40af2b26433cc20a46ad4a37199e752cfacdd56892d05a8b7b44bb84d6d18109f3c1038b8eda16fa4c8618a2b9ec31029079bcba5deb8a4af054438,JE386332,1130361.0,09/24/2021 11:41:00 PM,AURORA,IL,60504,F,35.0,SAFETY BELT USED,"DEPLOYED, SIDE",NONE,"REPORTED, NOT EVIDENT",NONE,NOT OBSCURED,NORMAL,TEST NOT OFFERED,2021,JE386332,09/24/2021 11:41:00 PM,35,TRAFFIC SIGNAL,FUNCTIONING PROPERLY,RAIN,"DARKNESS, LIGHTED ROAD",ANGLE,FOUR WAY,STRAIGHT AND LEVEL,WET,NO DEFECTS,ON SCENE,INJURY AND / OR TOW DUE TO CRASH,Y,Y,"OVER $1,500",09/25/2021 12:08:00 AM,DISREGARDING TRAFFIC SIGNALS,NOT APPLICABLE,8300,S,LAFAYETTE AVE,622.0,2,"REPORTED, NOT EVIDENT",1.0,0.0,0.0,0.0,1.0,1.0,0.0,23,6,9,41.743541848,-87.625773241,POINT (-87.625773241467 41.743541847975),2021,1421
O1135770,DRIVER,fc821167ce326cde55b2b608ec27222be3765e808aa55c2a3c2edadfd1ea080e116896db91cdcaccb67cc5d4885fd4696d3f700da2cf96be3563c5b7522038a0,JE294808,1077344.0,07/03/2021 06:30:00 PM,CHICAGO,IL,60647,M,41.0,SAFETY BELT USED,NOT APPLICABLE,NONE,NO INDICATION OF INJURY,NONE,NOT OBSCURED,NORMAL,TEST NOT OFFERED,2021,JE294808,07/03/2021 06:30:00 PM,30,STOP SIGN/FLASHER,FUNCTIONING PROPERLY,CLEAR,DAYLIGHT,REAR END,NOT DIVIDED,STRAIGHT AND LEVEL,DRY,NO DEFECTS,NOT ON SCENE (DESK REPORT),NO INJURY / DRIVE AWAY,Y,Y,"OVER $1,500",07/08/2021 04:20:00 PM,FOLLOWING TOO CLOSELY,UNABLE TO DETERMINE,4632,N,AUSTIN AVE,1622.0,2,NO INDICATION OF INJURY,0.0,0.0,0.0,0.0,0.0,5.0,0.0,18,7,7,41.965007439000004,-87.777315091,POINT (-87.777315090917 41.965007438942),2021,1110
O1096971,DRIVER,2f5fa13379935f6d139d00a8d028e7d73bccea582a3b7782ac589abbd73200e8088b69af72cdc422166417de38ec2e6387690213f620a185fc269970d22bbb75,JE232640,1040497.0,05/17/2021 07:30:00 AM,CHICAGO,IL,60621,F,32.0,USAGE UNKNOWN,NOT APPLICABLE,NONE,NO INDICATION OF INJURY,NONE,UNKNOWN,NORMAL,TEST NOT OFFERED,2021,JE232640,05/17/2021 07:30:00 AM,30,TRAFFIC SIGNAL,FUNCTIONING PROPERLY,CLEAR,DAYLIGHT,REAR END,NOT DIVIDED,STRAIGHT AND LEVEL,DRY,UNKNOWN,ON SCENE,INJURY AND / OR TOW DUE TO CRASH,Y,Y,"OVER $1,500",05/17/2021 07:45:00 AM,UNABLE TO DETERMINE,UNABLE TO DETERMINE,6300,S,STEWART AVE,722.0,2,NO INDICATION OF INJURY,0.0,0.0,0.0,0.0,0.0,3.0,0.0,7,2,5,41.779816753,-87.63519420200001,POINT (-87.635194202493 41.779816752642),2021,450
O1067186,DRIVER,b3b2c60dce8af65d5bdcde32b06327dc30f9a7de0a32e3bc34f2a7ecfb02de2e38ae9c64785ca34844995784c84fee3ed77bf22bfef9937472ffe280db5b1ca2,JE183584,1012087.0,03/29/2021 07:20:00 PM,CHICAGO,IL,60647,M,32.0,SAFETY BELT USED,"DEPLOYED, FRONT",NONE,NO INDICATION OF INJURY,UNKNOWN,NOT OBSCURED,NORMAL,TEST NOT OFFERED,2021,JE183584,03/29/2021 07:20:00 PM,30,TRAFFIC SIGNAL,FUNCTIONING PROPERLY,CLEAR,DAYLIGHT,TURNING,NOT DIVIDED,STRAIGHT AND LEVEL,DRY,NO DEFECTS,ON SCENE,INJURY AND / OR TOW DUE TO CRASH,Y,Y,"$501 - $1,500",03/29/2021 07:30:00 PM,UNABLE TO DETERMINE,UNABLE TO DETERMINE,3158,W,FRANKLIN BLVD,1221.0,3,NO INDICATION OF INJURY,0.0,0.0,0.0,0.0,0.0,2.0,0.0,19,2,3,41.890181522,-87.706269366,POINT (-87.706269365896 41.89018152202),2021,1160
O1157025,DRIVER,f9482b3884cd56472ad94dd313b7dcffffe038ca31dfeb8fa66389c68dae9e814dbe8f2c398a5f38dcec4c31b9d473a04291faa19bdb5b98d0150b28504fad53,JE329547,1097536.0,08/07/2021 02:55:00 PM,CHICAGO,IL,60637,M,63.0,SAFETY BELT USED,"DEPLOYED, COMBINATION",NONE,NO INDICATION OF INJURY,NONE,NOT OBSCURED,NORMAL,TEST NOT OFFERED,2021,JE329547,08/07/2021 02:55:00 PM,30,TRAFFIC SIGNAL,FUNCTIONING PROPERLY,CLEAR,DAYLIGHT,ANGLE,T-INTERSECTION,STRAIGHT AND LEVEL,DRY,NO DEFECTS,NOT ON SCENE (DESK REPORT),INJURY AND / OR TOW DUE TO CRASH,Y,Y,"OVER $1,500",08/07/2021 02:55:00 PM,"OPERATING VEHICLE IN ERRATIC, RECKLESS, CARELESS, NEGLIGENT OR AGGRESSIVE MANNER",UNABLE TO DETERMINE,7600,S,LAFAYETTE AVE,623.0,2,INCAPACITATING INJURY,1.0,0.0,1.0,0.0,0.0,4.0,0.0,14,7,8,41.756320005999996,-87.62647557700001,POINT (-87.626475577283 41.756320005823),2021,895
O1112151,DRIVER,63c4cb56ca8c171ab4367835aaa3ddb795d5b8a6337e45461376f6edccb1705ffda7c80ea2274f3d27c0ba0c635892281ff3caaa4165cc49491e08dea28cdaf5,JE257025,1055013.0,06/07/2021 01:00:00 PM,CHICAGO,IL,60649,M,36.0,USAGE UNKNOWN,DID NOT DEPLOY,NONE,NO INDICATION OF INJURY,NONE,UNKNOWN,UNKNOWN,TEST NOT OFFERED,2021,JE257025,06/07/2021 01:00:00 PM,30,TRAFFIC SIGNAL,FUNCTIONING PROPERLY,CLEAR,DAYLIGHT,TURNING,FOUR WAY,STRAIGHT AND LEVEL,DRY,UNKNOWN,ON SCENE,NO INJURY / DRIVE AWAY,Y,Y,"OVER $1,500",06/07/2021 01:06:00 PM,IMPROPER TURNING/NO SIGNAL,DRIVING ON WRONG SIDE/WRONG WAY,1700,S,MICHIGAN AVE,131.0,2,NO INDICATION OF INJURY,0.0,0.0,0.0,0.0,0.0,2.0,0.0,13,2,6,41.8589963,-87.62410567,POINT (-87.624105669785 41.858996300147),2021,780
O1196171,DRIVER,53225523e921223e422a031de4f31073f9b5cdb335d06fb99395c8caf0b8655cd8cd96968f964675a1f4bb57e2fe33857c22924a457943c9dbca3a18f4eb10a9,JE394165,1134928.0,10/01/2021 02:55:00 PM,CHICAGO,IL,60623,M,8.0,USAGE UNKNOWN,"DEPLOYED, FRONT",NONE,NO INDICATION OF INJURY,NONE,UNKNOWN,NORMAL,TEST NOT OFFERED,2021,JE394165,10/01/2021 02:55:00 PM,35,TRAFFIC SIGNAL,FUNCTIONING PROPERLY,CLEAR,DAYLIGHT,TURNING,DIVIDED - W/MEDIAN (NOT RAISED),STRAIGHT AND LEVEL,DRY,NO DEFECTS,ON SCENE,INJURY AND / OR TOW DUE TO CRASH,Y,N,"OVER $1,500",10/01/2021 03:00:00 PM,FAILING TO YIELD RIGHT-OF-WAY,NOT APPLICABLE,3600,W,OGDEN AVE,1014.0,2,NONINCAPACITATING INJURY,1.0,0.0,0.0,1.0,0.0,1.0,0.0,14,6,10,41.854645702,-87.715206252,POINT (-87.715206251845 41.854645701934),2021,895
O1072329,DRIVER,8035c3a18ac5649a2b1547f17567591fc4c9c761148dc3e5342678475290d709a3713f991545ffbace5038f4b207d7d34b23d51c717e056c711f7497f52c1d92,JE192241,1016948.0,04/07/2021 11:57:00 AM,RIVERDALE,IL,60827,F,81.0,SAFETY BELT USED,DID NOT DEPLOY,NONE,NO INDICATION OF INJURY,OTHER,NOT OBSCURED,NORMAL,TEST NOT OFFERED,2021,JE192241,04/07/2021 11:57:00 AM,30,STOP SIGN/FLASHER,FUNCTIONING PROPERLY,CLEAR,DAYLIGHT,ANGLE,FOUR WAY,STRAIGHT AND LEVEL,DRY,NO DEFECTS,ON SCENE,NO INJURY / DRIVE AWAY,Y,Y,"OVER $1,500",04/07/2021 11:57:00 AM,UNABLE TO DETERMINE,NOT APPLICABLE,800,W,98TH ST,2223.0,2,NO INDICATION OF INJURY,0.0,0.0,0.0,0.0,0.0,2.0,0.0,11,4,4,41.716021532,-87.64312809100001,POINT (-87.64312809119 41.716021532182),2021,717
O1120674,DRIVER,b2e17bee296801fe821c700c55b0ef343c4a7fb634f03f7b31f3a72933a031a87971a5f12794909f26eacad55fcb89468e800d7f18a72bbe1d4452b351742a76,JE270202,1062998.0,06/18/2021 06:00:00 AM,CHICAGO,IL,60644,M,28.0,SAFETY BELT USED,NOT APPLICABLE,NONE,NO INDICATION OF INJURY,TOO FAST FOR CONDITIONS,NOT OBSCURED,NORMAL,TEST NOT OFFERED,2021,JE270202,06/18/2021 06:00:00 AM,30,NO CONTROLS,NO CONTROLS,RAIN,DAWN,REAR END,NOT DIVIDED,STRAIGHT AND LEVEL,WET,NO DEFECTS,ON SCENE,INJURY AND / OR TOW DUE TO CRASH,Y,Y,"OVER $1,500",06/18/2021 07:49:00 AM,WEATHER,NOT APPLICABLE,4700,W,FIFTH AVE,1131.0,3,NO INDICATION OF INJURY,0.0,0.0,0.0,0.0,0.0,3.0,0.0,6,6,6,41.868820258,-87.742541905,POINT (-87.742541905178 41.868820258079),2021,360
O1204981,DRIVER,78029388b11cbff5fc23da0f6d6748b380b3fe29ff10946cf8727ea1e36c655e7ff202da35a6bb38fa7e92d7a0d100f9a0e54facdd71b9f49bdb7df35da3c9d5,JE409268,1143336.0,10/14/2021 08:37:00 AM,CHICAGO,IL,60610,F,41.0,USAGE UNKNOWN,DID NOT DEPLOY,NONE,NO INDICATION OF INJURY,NONE,NOT OBSCURED,NORMAL,TEST NOT OFFERED,2021,JE409268,10/14/2021 08:37:00 AM,30,TRAFFIC SIGNAL,UNKNOWN,CLOUDY/OVERCAST,DAYLIGHT,TURNING,FOUR WAY,STRAIGHT AND LEVEL,WET,UNKNOWN,NOT ON SCENE (DESK REPORT),NO INJURY / DRIVE AWAY,Y,Y,"OVER $1,500",10/14/2021 10:15:00 AM,UNABLE TO DETERMINE,NOT APPLICABLE,5501,S,ASHLAND AVE,713.0,2,NO INDICATION OF INJURY,0.0,0.0,0.0,0.0,0.0,2.0,0.0,8,5,10,41.793591294,-87.664427637,POINT (-87.664427637221 41.793591294116),2021,517
O1186782,DRIVER,c2eae21c38fae83e6b85a17227a56bad161750111079a219bde5577d49bcdda5979bed3b229f915750cf368b0ce9e0914bcb77c4d4dd9fab6084d2f41de9093e,JE378506,1125926.0,09/17/2021 01:55:00 PM,ORLAND PARK,IL,60467,M,55.0,SAFETY BELT USED,DID NOT DEPLOY,NONE,NO INDICATION OF INJURY,UNKNOWN,NOT OBSCURED,UNKNOWN,TEST NOT OFFERED,2021,JE378506,09/17/2021 01:55:00 PM,30,TRAFFIC SIGNAL,FUNCTIONING PROPERLY,CLEAR,DAYLIGHT,REAR END,DIVIDED - W/MEDIAN (NOT RAISED),STRAIGHT AND LEVEL,DRY,NO DEFECTS,NOT ON SCENE (DESK REPORT),NO INJURY / DRIVE AWAY,Y,Y,"$501 - $1,500",09/18/2021 02:55:00 PM,UNABLE TO DETERMINE,NOT APPLICABLE,355,N,LARAMIE AVE,1532.0,2,NO INDICATION OF INJURY,0.0,0.0,0.0,0.0,0.0,2.0,0.0,13,6,9,41.887121416999996,-87.755173644,POINT (-87.755173643863 41.887121416928),2021,835
O1064050,DRIVER,e3e82da0f71cb7d6760d5b5ed781bc29d8f2803bc6b4578b931b6fd5d2703db4eac4b46510e3619edbf12bd3e1dec665cc8f3b94a7436927a04fb9e53b2e46a6,JE178475,1009068.0,03/22/2021 07:40:00 PM,SHERWOOD,OR,97140,M,21.0,SAFETY BELT USED,NOT APPLICABLE,NONE,NO INDICATION OF INJURY,NONE,NOT OBSCURED,NORMAL,TEST NOT OFFERED,2021,JE178475,03/22/2021 07:40:00 PM,30,TRAFFIC SIGNAL,FUNCTIONING PROPERLY,CLEAR,DARKNESS,SIDESWIPE SAME DIRECTION,DIVIDED - W/MEDIAN (NOT RAISED),STRAIGHT AND LEVEL,DRY,NO DEFECTS,NOT ON SCENE (DESK REPORT),NO INJURY / DRIVE AWAY,N,Y,"$501 - $1,500",03/24/2021 03:05:00 PM,FOLLOWING TOO CLOSELY,IMPROPER OVERTAKING/PASSING,71,E,WACKER DR,111.0,2,NO INDICATION OF INJURY,0.0,0.0,0.0,0.0,0.0,4.0,0.0,19,2,3,41.887756523,-87.625518192,POINT (-87.625518191614 41.887756522735),2021,1180
O1026270,DRIVER,a2cb122e0cfef8e1511c0ee793be797bdd94801b417bdea37be44fa5713a122d4c3c787feb0771be8eca74100361ea3bd79c99c5c21befba454a648c2b2a9139,JE115753,972681.0,01/17/2021 05:47:00 PM,GLEN ELLYN,IL,60137,M,0.0,SAFETY BELT USED,DID NOT DEPLOY,NONE,NO INDICATION OF INJURY,NONE,NOT OBSCURED,NORMAL,TEST NOT OFFERED,2021,JE115753,01/17/2021 05:47:00 PM,30,TRAFFIC SIGNAL,FUNCTIONING PROPERLY,CLEAR,"DARKNESS, LIGHTED ROAD",TURNING,FOUR WAY,STRAIGHT AND LEVEL,DRY,NO DEFECTS,ON SCENE,INJURY AND / OR TOW DUE TO CRASH,Y,Y,"$501 - $1,500",01/17/2021 07:45:00 PM,FAILING TO YIELD RIGHT-OF-WAY,NOT APPLICABLE,300,S,WACKER DR,122.0,2,NO INDICATION OF INJURY,0.0,0.0,0.0,0.0,0.0,2.0,0.0,17,1,1,41.878010924,-87.637058522,POINT (-87.637058522337 41.878010923718),2021,1067
O1165930,DRIVER,8a65abff2a98c483c79adbd9bba5e76d2c67aa0dffecbc9ec8ff2eaf766c5423050800ef06a497c92ea4381feaa78eecb803a754b93ab918abe3f15f9fbb5b5b,JE344141,1105994.0,08/20/2021 06:30:00 PM,CHICAGO,IL,60629,M,50.0,SAFETY BELT USED,DID NOT DEPLOY,NONE,NONINCAPACITATING INJURY,NONE,NOT OBSCURED,NORMAL,TEST NOT OFFERED,2021,JE344141,08/20/2021 06:30:00 PM,30,TRAFFIC SIGNAL,FUNCTIONING PROPERLY,CLEAR,DAYLIGHT,ANGLE,FOUR WAY,STRAIGHT AND LEVEL,DRY,NO DEFECTS,ON SCENE,INJURY AND / OR TOW DUE TO CRASH,Y,Y,"OVER $1,500",08/20/2021 06:52:00 PM,FAILING TO YIELD RIGHT-OF-WAY,UNABLE TO DETERMINE,1600,W,VAN BUREN ST,1231.0,2,NONINCAPACITATING INJURY,1.0,0.0,0.0,1.0,0.0,1.0,0.0,18,6,8,41.876460927,-87.66670765100001,POINT (-87.666707650735 41.876460927341),2021,1110
O1168375,DRIVER,3494ab4a587d5039eb7025677a6865b351b8ca0042c39679b16ec5783e85fd4e9db50c62cdd51983b5203ee6f906105b699ec525e1698d8eeb06cee3f3e3b71c,JE348200,1108336.0,08/24/2021 11:20:00 AM,CHICAGO,IL,60619,M,27.0,SAFETY BELT USED,DID NOT DEPLOY,NONE,NO INDICATION OF INJURY,NONE,NOT OBSCURED,NORMAL,TEST NOT OFFERED,2021,JE348200,08/24/2021 11:20:00 AM,30,STOP SIGN/FLASHER,FUNCTIONING PROPERLY,CLEAR,DAYLIGHT,REAR END,FOUR WAY,STRAIGHT AND LEVEL,DRY,NO DEFECTS,ON SCENE,INJURY AND / OR TOW DUE TO CRASH,Y,Y,"$501 - $1,500",08/24/2021 11:33:00 AM,UNABLE TO DETERMINE,UNABLE TO DETERMINE,1435,E,76TH ST,411.0,2,NO INDICATION OF INJURY,0.0,0.0,0.0,0.0,0.0,5.0,0.0,11,3,8,41.756806325,-87.589391139,POINT (-87.58939113928 41.756806325376),2021,680
O1225253,DRIVER,9848d87ff866c4f8fdcec2f66316c3892acd092018bdf8a51592cfcecdfcdbad013676308b9a3804d91f6d35f75145028fec2638b6065eae97de352809eed361,JE442353,1162726.0,11/12/2021 06:30:00 AM,CHICAGO,IL,60641,F,28.0,SAFETY BELT USED,DID NOT DEPLOY,NONE,NO INDICATION OF INJURY,NONE,UNKNOWN,NORMAL,TEST NOT OFFERED,2021,JE442353,11/12/2021 06:30:00 AM,35,STOP SIGN/FLASHER,FUNCTIONING PROPERLY,CLOUDY/OVERCAST,DAYLIGHT,ANGLE,T-INTERSECTION,STRAIGHT AND LEVEL,WET,UNKNOWN,ON SCENE,INJURY AND / OR TOW DUE TO CRASH,Y,N,"$501 - $1,500",11/12/2021 06:51:00 AM,UNABLE TO DETERMINE,UNABLE TO DETERMINE,3334,N,MILWAUKEE AVE,1731.0,2,NO INDICATION OF INJURY,0.0,0.0,0.0,0.0,0.0,3.0,0.0,6,6,11,41.941625865,-87.72822990000002,POINT (-87.728229900104 41.941625865135),2021,390