PERSON_ID,PERSON_TYPE,CRASH_RECORD_ID,RD_NO_x,VEHICLE_ID,CRASH_DATE_x,CITY,STATE,ZIPCODE,SEX,AGE,SAFETY_EQUIPMENT,AIRBAG_DEPLOYED,EJECTION,INJURY_CLASSIFICATION,DRIVER_ACTION,DRIVER_VISION,PHYSICAL_CONDITION,BAC_RESULT,CRASH_YEAR_x,RD_NO_y,CRASH_DATE_y,POSTED_SPEED_LIMIT,TRAFFIC_CONTROL_DEVICE,DEVICE_CONDITION,WEATHER_CONDITION,LIGHTING_CONDITION,FIRST_CRASH_TYPE,TRAFFICWAY_TYPE,ALIGNMENT,ROADWAY_SURFACE_COND,ROAD_DEFECT,REPORT_TYPE,CRASH_TYPE,INTERSECTION_RELATED_I,HIT_AND_RUN_I,DAMAGE,DATE_POLICE_NOTIFIED,PRIM_CONTRIBUTORY_CAUSE,SEC_CONTRIBUTORY_CAUSE,STREET_NO,STREET_DIRECTION,STREET_NAME,BEAT_OF_OCCURRENCE,NUM_UNITS,MOST_SEVERE_INJURY,INJURIES_TOTAL,INJURIES_FATAL,INJURIES_INCAPACITATING,INJURIES_NON_INCAPACITATING,INJURIES_REPORTED_NOT_EVIDENT,INJURIES_NO_INDICATION,INJURIES_UNKNOWN,CRASH_HOUR,CRASH_DAY_OF_WEEK,CRASH_MONTH,LATITUDE,LONGITUDE,LOCATION,CRASH_YEAR_y,TIME
O1230897,DRIVER,92524ef5654c4b0df63e6c4f6846e64dca57ba4c03f32d3b143008b757f4357801c58fd774ee490b4604eef959768b7979095e4cdd30bdcf83f512dc27934e9b,JE451363,1168122.0,11/13/2021 11:14:00 AM,CHICAGO,IL,60640,M,28.0,SAFETY BELT USED,"DEPLOYED, FRONT",NONE,NO INDICATION OF INJURY,OTHER,OTHER,NORMAL,TEST NOT OFFERED,2021,JE451363,11/13/2021 11:14:00 AM,35,TRAFFIC SIGNAL,FUNCTIONING PROPERLY,CLEAR,DAYLIGHT,SIDESWIPE SAME DIRECTION,NOT DIVIDED,STRAIGHT AND LEVEL,DRY,NO DEFECTS,ON SCENE,INJURY AND / OR TOW DUE TO CRASH,Y,Y,"OVER $1,500",11/20/2021 11:19:00 AM,"OPERATING VEHICLE IN ERRATIC, RECKLESS, CARELESS, NEGLIGENT OR AGGRESSIVE MANNER",NOT APPLICABLE,2568,W,FULLERTON AVE,1431.0,2,NO INDICATION OF INJURY,0.0,0.0,0.0,0.0,0.0,3.0,0.0,11,7,11,41.924964652,-87.692478132,POINT (-87.692478131848 41.924964651721),2021,674
O1062467,DRIVER,61c30837afc1335a85a3bdd78038973f7abeaed236e8e4935e10ad61d910fe13f5bf8d9cab8cf26c917eacfc8671bf4dcd8d921f2c7dd0e30dc7199966526fcb,JE172877,1007549.0,03/18/2021 09:29:00 PM,CHICAGO,IL,60629,F,37.0,SAFETY BELT USED,"DEPLOYED, COMBINATION",NONE,"REPORTED, NOT EVIDENT",NONE,NOT OBSCURED,NORMAL,TEST NOT OFFERED,2021,JE172877,03/18/2021 09:29:00 PM,30,TRAFFIC SIGNAL,FUNCTIONING PROPERLY,CLEAR,"DARKNESS, LIGHTED ROAD",ANGLE,NOT DIVIDED,STRAIGHT AND LEVEL,DRY,NO DEFECTS,ON SCENE,INJURY AND / OR TOW DUE TO CRASH,Y,Y,"OVER $1,500",03/18/2021 09:30:00 PM,"OPERATING VEHICLE IN ERRATIC, RECKLESS, CARELESS, NEGLIGENT OR AGGRESSIVE MANNER",UNABLE TO DETERMINE,5700,S,CALIFORNIA AVE,824.0,2,"REPORTED, NOT EVIDENT",1.0,0.0,0.0,0.0,1.0,4.0,0.0,21,5,3,41.789955014,-87.693840994,POINT (-87.693840993851 41.789955013776),2021,1289
O1148692,DRIVER,756534efb23182e22cfc3f1b9d34e11acee1fcffc4805e0d3688a49adb45989fc92a096e7c830c2f762f5c73e956ee6a5557d1e803d642f67f1fea1a1342587c,JE315827,1089603.0,07/27/2021 10:48:00 AM,WESTMONT,IL,60559,M,29.0,SAFETY BELT USED,DID NOT DEPLOY,NONE,NO INDICATION OF INJURY,NONE,NOT OBSCURED,NORMAL,TEST NOT OFFERED,2021,JE315827,07/27/2021 10:48:00 AM,30,STOP SIGN/FLASHER,FUNCTIONING PROPERLY,CLEAR,DAYLIGHT,REAR END,NOT DIVIDED,STRAIGHT AND LEVEL,DRY,NO DEFECTS,ON SCENE,NO INJURY / DRIVE AWAY,Y,Y,"OVER $1,500",07/27/2021 10:50:00 AM,UNABLE TO DETERMINE,UNABLE TO DETERMINE,728,W,43RD ST,925.0,2,NO INDICATION OF INJURY,0.0,0.0,0.0,0.0,0.0,3.0,0.0,10,3,7,41.816314313,-87.644458201,POINT (-87.644458201475 41.816314312979),2021,648
O1170473,DRIVER,6a43a018b042e3c2fdcd083cb7fe1c44b35e477eb2a324ca63fd72ef58c66f1142d8897939379ad0d5411ffddce215850a8f3a5903c46ed3acab94021ff4bfbb,JE351775,1110321.0,08/27/2021 11:20:00 AM,DURANT,MS,39063,M,65.0,SAFETY BELT USED,NOT APPLICABLE,NONE,NONINCAPACITATING INJURY,NONE,NOT OBSCURED,NORMAL,TEST NOT OFFERED,2021,JE351775,08/27/2021 11:20:00 AM,30,TRAFFIC SIGNAL,FUNCTIONING PROPERLY,CLEAR,DAYLIGHT,ANGLE,NOT DIVIDED,STRAIGHT AND LEVEL,DRY,NO DEFECTS,NOT ON SCENE (DESK REPORT),INJURY AND / OR TOW DUE TO CRASH,Y,Y,"$501 - $1,500",08/27/2021 12:15:00 PM,UNABLE TO DETERMINE,NOT APPLICABLE,138,E,111TH ST,513.0,2,NONINCAPACITATING INJURY,1.0,0.0,0.0,1.0,0.0,1.0,0.0,11,6,8,41.692740557,-87.619556707,POINT (-87.619556707076 41.692740557087),2021,680
O1145300,DRIVER,c7c48ad727d72e6a50a194dedb83df33b5308456f8f1a7611662ca455de4ed833751e8f58be45437fd376f264c062ce1466b41c0b1b0e414fbaabf8f46e0a1b2,JE310588,1086371.0,07/22/2021 06:30:00 PM,CHICAGO,IL,60632,F,20.0,SAFETY BELT USED,DID NOT DEPLOY,NONE,NO INDICATION OF INJURY,NONE,NOT OBSCURED,NORMAL,TEST NOT OFFERED,2021,JE310588,07/22/2021 06:30:00 PM,30,TRAFFIC SIGNAL,FUNCTIONING PROPERLY,CLEAR,DAYLIGHT,REAR END,FOUR WAY,STRAIGHT AND LEVEL,DRY,NO DEFECTS,NOT ON SCENE (DESK REPORT),NO INJURY / DRIVE AWAY,Y,Y,"OVER $1,500",07/22/2021 06:50:00 PM,UNABLE TO DETERMINE,UNABLE TO DETERMINE,5500,S,ASHLAND AVE,715.0,2,NO INDICATION OF INJURY,0.0,0.0,0.0,0.0,0.0,2.0,0.0,18,5,7,41.793590116,-87.664720996,POINT (-87.664720995935 41.793590115883),2021,1110
O1146669,DRIVER,65cb78a0e17f125d1513215939d5ab31428bd6ed5df73c7b1da6a42a5b80c9179d91e4dcf4a698592e964f0278bb095d3368c95515cb73e415100e11799275a4,JE312659,1087695.0,07/24/2021 02:40:00 PM,SPRINGFIELD,IL,62703,F,18.0,USAGE UNKNOWN,DID NOT DEPLOY,NONE,NO INDICATION OF INJURY,NONE,UNKNOWN,NORMAL,TEST NOT OFFERED,2021,JE312659,07/24/2021 02:40:00 PM,30,TRAFFIC SIGNAL,FUNCTIONING PROPERLY,CLOUDY/OVERCAST,DAYLIGHT,SIDESWIPE SAME DIRECTION,DIVIDED - W/MEDIAN BARRIER,STRAIGHT AND LEVEL,DRY,NO DEFECTS,ON SCENE,INJURY AND / OR TOW DUE TO CRASH,Y,Y,"OVER $1,500",07/24/2021 04:01:00 PM,DISREGARDING ROAD MARKINGS,IMPROPER OVERTAKING/PASSING,50,W,76TH ST,623.0,2,NO INDICATION OF INJURY,0.0,0.0,0.0,0.0,0.0,2.0,0.0,14,7,7,41.756465064000004,-87.626652396,POINT (-87.62665239551 41.756465063907),2021,880
O1023889,DRIVER,05b32156cf788e487f5ac8ff8ca8ada835805818a2ad30259d2e786a4dc9fbd70243e7c9acdd3d60efa75c714b69fbe5874d8f5aac18a52635ea456150f2d0bf,JE110665,970425.0,01/13/2021 02:00:00 PM,CHICAGO,IL,60628,F,60.0,NONE PRESENT,NOT APPLICABLE,NONE,NO INDICATION OF INJURY,UNKNOWN,UNKNOWN,NORMAL,TEST NOT OFFERED,2021,JE110665,01/13/2021 02:00:00 PM,30,NO CONTROLS,NO CONTROLS,CLEAR,DAYLIGHT,REAR END,NOT DIVIDED,STRAIGHT AND LEVEL,DRY,NO DEFECTS,ON SCENE,NO INJURY / DRIVE AWAY,N,Y,"OVER $1,500",01/13/2021 02:00:00 PM,FOLLOWING TOO CLOSELY,UNABLE TO DETERMINE,105,E,47TH ST,224.0,3,NO INDICATION OF INJURY,0.0,0.0,0.0,0.0,0.0,3.0,0.0,14,4,1,41.809181294,-87.622569134,POINT (-87.622569133922 41.809181293691),2021,840
O1032814,DRIVER,e655a3654bf729ff9283ca126b5a83798a7d004f22c85f16684015cf81f0a3792024ca2730f49eecc38894d1b2c39024d1a519ad60405b75ae2bf652fb237729,JE127773,978954.0,01/30/2021 04:00:00 PM,HARVEY,IL,60426,F,23.0,USAGE UNKNOWN,DEPLOYMENT UNKNOWN,NONE,NO INDICATION OF INJURY,OTHER,UNKNOWN,UNKNOWN,TEST NOT OFFERED,2021,JE127773,01/30/2021 04:00:00 PM,30,TRAFFIC SIGNAL,FUNCTIONING PROPERLY,SNOW,DAYLIGHT,TURNING,NOT DIVIDED,STRAIGHT AND LEVEL,WET,NO DEFECTS,NOT ON SCENE (DESK REPORT),NO INJURY / DRIVE AWAY,Y,Y,"OVER $1,500",01/30/2021 04:00:00 PM,UNABLE TO DETERMINE,DISREGARDING ROAD MARKINGS,730,W,79TH ST,621.0,2,NO INDICATION OF INJURY,0.0,0.0,0.0,0.0,0.0,2.0,0.0,16,7,1,41.750771102,-87.642763718,POINT (-87.642763718294 41.750771102407),2021,960
O1197280,DRIVER,ef0aa5e0c68cc6a463ad1fe8c423eea3b0c83da66870d1016732bc01e14bdd7cd72e2435402881bb8d1202b75ea7bd0a188ffc6523412e21b6e8729e8f69e96b,JE395987,1135998.0,10/02/2021 11:57:00 PM,RIVER GROVE,IL,60171,M,47.0,USAGE UNKNOWN,NOT APPLICABLE,NONE,NO INDICATION OF INJURY,UNKNOWN,UNKNOWN,NORMAL,TEST NOT OFFERED,2021,JE395987,10/02/2021 11:57:00 PM,30,TRAFFIC SIGNAL,FUNCTIONING PROPERLY,CLOUDY/OVERCAST,"DARKNESS, LIGHTED ROAD",REAR END,FOUR WAY,STRAIGHT AND LEVEL,DRY,NO DEFECTS,ON SCENE,NO INJURY / DRIVE AWAY,Y,Y,$500 OR LESS,10/02/2021 11:58:00 PM,UNABLE TO DETERMINE,NOT APPLICABLE,4001,N,OAK PARK AVE,1632.0,2,NO INDICATION OF INJURY,0.0,0.0,0.0,0.0,0.0,2.0,0.0,23,7,10,41.952852988000004,-87.796129533,POINT (-87.796129532523 41.952852988057),2021,1437
O1253260,DRIVER,193fcfb35d352a6b5862c3a26cec0ab61fa42d880eb8fdcd1617b587459819d568aa3750eb11ba13207d5e84297761434518caf767dfc0634210b291e1df7995,JE489993,1189605.0,12/27/2021 10:00:00 AM,RIVERDALE,IL,60827,F,29.0,USAGE UNKNOWN,NOT APPLICABLE,NONE,NO INDICATION OF INJURY,NONE,UNKNOWN,UNKNOWN,TEST NOT OFFERED,2021,JE489993,12/27/2021 10:00:00 AM,30,STOP SIGN/FLASHER,UNKNOWN,RAIN,DAYLIGHT,REAR TO FRONT,T-INTERSECTION,STRAIGHT AND LEVEL,UNKNOWN,UNKNOWN,ON SCENE,NO INJURY / DRIVE AWAY,Y,Y,"OVER $1,500",12/27/2021 10:10:00 AM,UNABLE TO DETERMINE,UNABLE TO DETERMINE,1701,E,67TH ST,332.0,2,NO INDICATION OF INJURY,0.0,0.0,0.0,0.0,0.0,2.0,0.0,10,2,12,41.773252207,-87.583798754,POINT (-87.583798753521 41.773252206692),2021,600
O1067102,DRIVER,1b2c840441e6c5c37e05491aaf491c878d685ac4a031d782768a4fed732a0a607050a2182d73f57a0c8d981e9d90579c0d9d99558a499455bc34e059026c3800,JE183565,1012022.0,03/29/2021 06:03:00 PM,FORT WAYNE,IN,46845,M,57.0,USAGE UNKNOWN,DID NOT DEPLOY,NONE,NO INDICATION OF INJURY,NONE,UNKNOWN,NORMAL,TEST NOT OFFERED,2021,JE183565,03/29/2021 06:03:00 PM,30,NO CONTROLS,NO CONTROLS,CLEAR,DAYLIGHT,TURNING,NOT DIVIDED,STRAIGHT AND LEVEL,DRY,UNKNOWN,ON SCENE,INJURY AND / OR TOW DUE TO CRASH,Y,Y,"OVER $1,500",03/29/2021 06:07:00 PM,FOLLOWING TOO CLOSELY,IMPROPER OVERTAKING/PASSING,328,W,35TH ST,915.0,2,NO INDICATION OF INJURY,0.0,0.0,0.0,0.0,0.0,2.0,0.0,18,2,3,41.831005942,-87.63509304700001,POINT (-87.635093046922 41.831005941898),2021,1083
O1244292,DRIVER,f425f20d4dbc4cd5bbcd3d0249d05c61d8b65585f4238df42ae0033dd71f7ae251957a0ef3f6f78f5c679e631f084395dd4306c753f5dae663a68f23a6c8edb8,JE474021,1180987.0,12/11/2021 03:20:00 PM,ROCKFORD,IL,61109,M,28.0,USAGE UNKNOWN,NOT APPLICABLE,NONE,NO INDICATION OF INJURY,OTHER,UNKNOWN,NORMAL,TEST NOT OFFERED,2021,JE474021,12/11/2021 03:20:00 PM,30,TRAFFIC SIGNAL,FUNCTIONING PROPERLY,CLEAR,"DARKNESS, LIGHTED ROAD",TURNING,FOUR WAY,STRAIGHT AND LEVEL,DRY,UNKNOWN,NOT ON SCENE (DESK REPORT),NO INJURY / DRIVE AWAY,Y,Y,"OVER $1,500",12/11/2021 04:00:00 PM,IMPROPER TURNING/NO SIGNAL,UNABLE TO DETERMINE,1200,N,DEARBORN ST,1824.0,2,NO INDICATION OF INJURY,0.0,0.0,0.0,0.0,0.0,2.0,0.0,15,7,12,41.904014776,-87.63013571799999,POINT (-87.630135718189 41.904014776006),2021,920
O1197757,DRIVER,7efbc4f9947e8fae425bfd47c18cd4cc272e5fd4c5d2015df2f1bbf56ee1597817977c5e627e3328b024c60beff8ead91778e192492c72b857424bc43166088a,JE396801,1136449.0,10/03/2021 01:45:00 PM,CHICAGO,IL,60640,F,71.0,SAFETY BELT USED,NOT APPLICABLE,NONE,NO INDICATION OF INJURY,NONE,NOT OBSCURED,IMPAIRED - ALCOHOL,TEST NOT OFFERED,2021,JE396801,10/03/2021 01:45:00 PM,30,TRAFFIC SIGNAL,FUNCTIONING PROPERLY,CLEAR,DAYLIGHT,SIDESWIPE SAME DIRECTION,FOUR WAY,STRAIGHT AND LEVEL,DRY,NO DEFECTS,NOT ON SCENE (DESK REPORT),NO INJURY / DRIVE AWAY,Y,Y,"$501 - $1,500",10/03/2021 05:45:00 PM,UNABLE TO DETERMINE,UNABLE TO DETERMINE,411,S,ASHLAND AVE,1231.0,2,NO INDICATION OF INJURY,0.0,0.0,0.0,0.0,0.0,4.0,0.0,13,1,10,41.876016862,-87.666506925,POINT (-87.666506925144 41.876016861554),2021,825
O1152542,DRIVER,ab0f0e556409704c577997f4258c4c3b59a280f082848a0c9719a3a78062c02275217aff7effa1df4a8918a3407586b3b62f6b83ef6a4450c17d07d081db403e,JE322097,1093276.0,08/01/2021 11:45:00 AM,CHICAGO,IL,60707,F,25.0,USAGE UNKNOWN,DID NOT DEPLOY,NONE,NO INDICATION OF INJURY,NONE,UNKNOWN,NORMAL,TEST NOT OFFERED,2021,JE322097,08/01/2021 11:45:00 AM,30,NO CONTROLS,NO CONTROLS,CLEAR,DAYLIGHT,REAR END,NOT DIVIDED,STRAIGHT AND LEVEL,DRY,NO DEFECTS,ON SCENE,NO INJURY / DRIVE AWAY,Y,Y,"OVER $1,500",08/01/2021 11:50:00 AM,UNABLE TO DETERMINE,FAILING TO REDUCE SPEED TO AVOID CRASH,3145,N,CICERO AVE,2521.0,2,NO INDICATION OF INJURY,0.0,0.0,0.0,0.0,0.0,2.0,0.0,11,1,8,41.93837078,-87.746722545,POINT (-87.746722544604 41.938370779982),2021,705
O1143415,DRIVER,5d7dd1fc64bee3722fad7235121eae1e710ef3c4bfe9f5dc62593d9025764dede9d975edee02e86973d8da0d2ff5855a3a06e1bd18f52f6d21b28e2c5e3684cd,JE307249,1084579.0,07/19/2021 10:41:00 PM,CHICAGO,IL,60620,F,39.0,SAFETY BELT USED,NOT APPLICABLE,NONE,NO INDICATION OF INJURY,IMPROPER TURN,NOT OBSCURED,NORMAL,TEST NOT OFFERED,2021,JE307249,07/19/2021 10:41:00 PM,30,STOP SIGN/FLASHER,FUNCTIONING PROPERLY,CLEAR,"DARKNESS, LIGHTED ROAD",TURNING,T-INTERSECTION,STRAIGHT AND LEVEL,DRY,NO DEFECTS,NOT ON SCENE (DESK REPORT),NO INJURY / DRIVE AWAY,Y,Y,"OVER $1,500",07/19/2021 11:00:00 PM,IMPROPER TURNING/NO SIGNAL,FAILING TO YIELD RIGHT-OF-WAY,4110,S,CALIFORNIA AVE,921.0,2,NO INDICATION OF INJURY,0.0,0.0,0.0,0.0,0.0,2.0,0.0,22,2,7,41.81956636,-87.69469813100001,POINT (-87.694698130751 41.819566359667),2021,1361
O1223899,DRIVER,bd6beab19a15499086438e5f89b433b6a92aebf45f26951568569a5f64142f2bf711039e41bb0dcf4c497f452d559e4571b840ff935c1ce173d5902e94a657a8,JE439856,1161405.0,11/09/2021 05:58:00 PM,WESTMONT,IL,60559,M,26.0,SAFETY BELT USED,DID NOT DEPLOY,NONE,NO INDICATION OF INJURY,NONE,NOT OBSCURED,NORMAL,TEST NOT OFFERED,2021,JE439856,11/09/2021 05:58:00 PM,30,STOP SIGN/FLASHER,FUNCTIONING PROPERLY,CLEAR,"DARKNESS, LIGHTED ROAD",ANGLE,NOT DIVIDED,STRAIGHT AND LEVEL,DRY,NO DEFECTS,ON SCENE,INJURY AND / OR TOW DUE TO CRASH,Y,Y,"OVER $1,500",11/09/2021 07:21:00 PM,FAILING TO YIELD RIGHT-OF-WAY,NOT APPLICABLE,7099,W,ADDISON ST,1632.0,2,NO INDICATION OF INJURY,0.0,0.0,0.0,0.0,0.0,2.0,0.0,17,3,11,41.945228092,-87.80324118,POINT (-87.803241179603 41.945228092089),2021,1078
O1242300,DRIVER,764afd4097c226fcc36df644d068cc8731822e26de7c0ef2b8a36a225438778b9ff761255d8239c0971a0816e50a0b6bd30000310235652e38640a29f54b1355,JE470984,1179112.0,12/09/2021 02:13:00 AM,CHICAGO,IL,60629,M,38.0,USAGE UNKNOWN,DID NOT DEPLOY,NONE,NO INDICATION OF INJURY,IMPROPER TURN,NOT OBSCURED,IMPAIRED - ALCOHOL,TEST TAKEN,2021,JE470984,12/09/2021 02:13:00 AM,30,STOP SIGN/FLASHER,FUNCTIONING PROPERLY,CLEAR,"DARKNESS, LIGHTED ROAD",PARKED MOTOR VEHICLE,ROUNDABOUT,STRAIGHT AND LEVEL,DRY,NO DEFECTS,ON SCENE,INJURY AND / OR TOW DUE TO CRASH,Y,Y,"OVER $1,500",12/09/2021 02:15:00 AM,"OPERATING VEHICLE IN ERRATIC, RECKLESS, CARELESS, NEGLIGENT OR AGGRESSIVE MANNER",UNDER THE INFLUENCE OF ALCOHOL/DRUGS (USE WHEN ARREST IS EFFECTED),135,S,OAKLEY BLVD,1223.0,4,NO INDICATION OF INJURY,0.0,0.0,0.0,0.0,0.0,1.0,0.0,2,5,12,41.87872655,-87.683756636,POINT (-87.683756636193 41.878726550492),2021,133
O1255370,DRIVER,78974c44b454d5d1152fa16f2fda61937238865df9bdeafdf6a1527b386c33f27598de381f29105408254bd4a4b82ee6fbcf4504a112c3aab6a98c241975b72a,JE494072,1191624.0,12/31/2021 02:20:00 PM,CHICAGO,IL,60510,F,27.0,SAFETY BELT USED,NOT APPLICABLE,NONE,NO INDICATION OF INJURY,NONE,NOT OBSCURED,NORMAL,TEST NOT OFFERED,2021,JE494072,12/31/2021 02:20:00 PM,30,TRAFFIC SIGNAL,FUNCTIONING PROPERLY,CLEAR,DAYLIGHT,TURNING,FOUR WAY,STRAIGHT AND LEVEL,UNKNOWN,UNKNOWN,NOT ON SCENE (DESK REPORT),NO INJURY / DRIVE AWAY,Y,Y,"$501 - $1,500",12/31/2021 03:40:00 PM,IMPROPER TURNING/NO SIGNAL,NOT APPLICABLE,800,N,HAMLIN AVE,1112.0,2,NO INDICATION OF INJURY,0.0,0.0,0.0,0.0,0.0,2.0,0.0,14,6,12,41.895500638,-87.721342688,POINT (-87.721342687975 41.895500637566),2021,860
O1160455,DRIVER,5b8ef21fccddcc5e37261046a933aeb530e2f37e54e51cec532f3b72d5f86ae33b7b649475cad7c6cac5824a04ea294c11a1cef64984211ee41a71813f680b2a,JE335332,1100816.0,08/12/2021 04:15:00 PM,CHICAGO,IL,60620,M,33.0,SAFETY BELT USED,DID NOT DEPLOY,NONE,NO INDICATION OF INJURY,NONE,NOT OBSCURED,NORMAL,TEST NOT OFFERED,2021,JE335332,08/12/2021 04:15:00 PM,30,STOP SIGN/FLASHER,FUNCTIONING PROPERLY,CLOUDY/OVERCAST,DAYLIGHT,TURNING,DIVIDED - W/MEDIAN (NOT RAISED),STRAIGHT AND LEVEL,DRY,NO DEFECTS,NOT ON SCENE (DESK REPORT),NO INJURY / DRIVE AWAY,Y,Y,"OVER $1,500",08/12/2021 06:20:00 PM,FAILING TO YIELD RIGHT-OF-WAY,UNABLE TO DETERMINE,441,E,MARQUETTE RD,321.0,2,NO INDICATION OF INJURY,0.0,0.0,0.0,0.0,0.0,2.0,0.0,16,5,8,41.772890137,-87.61375479700001,POINT (-87.613754797263 41.772890136532),2021,975
O1132248,DRIVER,89a454e4b13d6271d5375c3d212c90dd250ecdda7a31a2a2f3bc71ebf022f097c4b7b9e7fb2cb6a16c1d481a7704d9d71649d49969502ba7e849212d5f6c22b4,JE288873,1074031.0,07/03/2021 07:06:00 PM,CICERO,IL,60804,M,49.0,SAFETY BELT USED,DID NOT DEPLOY,NONE,NO INDICATION OF INJURY,NONE,NOT OBSCURED,NORMAL,TEST NOT OFFERED,2021,JE288873,07/03/2021 07:06:00 PM,30,TRAFFIC SIGNAL,FUNCTIONING PROPERLY,CLEAR,DAYLIGHT,TURNING,NOT DIVIDED,STRAIGHT AND LEVEL,DRY,NO DEFECTS,ON SCENE,INJURY AND / OR TOW DUE TO CRASH,Y,N,"OVER $1,500",07/03/2021 07:07:00 PM,IMPROPER TURNING/NO SIGNAL,IMPROPER LANE USAGE,801,N,HOMAN AVE,1121.0,4,NONINCAPACITATING INJURY,4.0,0.0,0.0,1.0,3.0,1.0,0.0,19,7,7,41.895555054,-87.711290404,POINT (-87.711290404422 41.895555054054),2021,1146
O1128004,DRIVER,9dae428aa56140967201da96bc53de789b34ec9482cb631036276031129f130652b4feb6a608978eef3d706466f6f937dccbae4510626069f2535c9950cfc9c1,JE281996,1069988.0,06/27/2021 09:07:00 PM,CHICAGO,IL,60628,F,25.0,SAFETY BELT USED,"DEPLOYED OTHER (KNEE, AIR, BELT, ETC.)",NONE,NONINCAPACITATING INJURY,NONE,NOT OBSCURED,NORMAL,TEST NOT OFFERED,2021,JE281996,06/27/2021 09:07:00 PM,30,STOP SIGN/FLASHER,FUNCTIONING PROPERLY,CLEAR,"DARKNESS, LIGHTED ROAD",SIDESWIPE SAME DIRECTION,FOUR WAY,STRAIGHT AND LEVEL,WET,NO DEFECTS,NOT ON SCENE (DESK REPORT),INJURY AND / OR TOW DUE TO CRASH,Y,Y,"OVER $1,500",06/28/2021 03:30:00 AM,FAILING TO REDUCE SPEED TO AVOID CRASH,"OPERATING VEHICLE IN ERRATIC, RECKLESS, CARELESS, NEGLIGENT OR AGGRESSIVE MANNER",7900,S,ELLIS AVE,624.0,2,NONINCAPACITATING INJURY,1.0,0.0,0.0,1.0,0.0,1.0,0.0,21,1,6,41.751244076,-87.600481496,POINT (-87.600481496153 41.751244075725),2021,1267
O1196293,DRIVER,45b43b62cca146b2b6fae796eb54340bc8013b6789beb4bd5abdc29e3602606f834e54d32bb2696c5a1e19820e1d294605b6179474aeec4db72421c07504ea4b,JE394505,1135047.0,10/01/2021 06:00:00 PM,CICERO,IL,60804,M,21.0,USAGE UNKNOWN,DEPLOYMENT UNKNOWN,NONE,NO INDICATION OF INJURY,UNKNOWN,UNKNOWN,NORMAL,TEST NOT OFFERED,2021,JE394505,10/01/2021 06:00:00 PM,30,TRAFFIC SIGNAL,FUNCTIONING PROPERLY,CLEAR,DUSK,REAR END,FOUR WAY,STRAIGHT AND LEVEL,DRY,UNKNOWN,NOT ON SCENE (DESK REPORT),NO INJURY / DRIVE AWAY,Y,Y,"OVER $1,500",10/01/2021 06:35:00 PM,UNABLE TO DETERMINE,UNABLE TO DETERMINE,3955,W,OGDEN AVE,1013.0,2,NO INDICATION OF INJURY,0.0,0.0,0.0,0.0,0.0,2.0,0.0,18,6,10,41.85109766,-87.724364684,POINT (-87.724364684232 41.851097660311),2021,1080
O1056119,DRIVER,6237b6beba6f4cfd433f6a4bd55f72257d02752b77dd00ac99e772feadde0a626c45a7bfc11bc2b94854b6493c43ccef4dd542c9548fc6fc65a92df91ca62f3e,JE164152,1001463.0,03/09/2021 06:26:00 PM,EVANSTON,IL,60201,F,58.0,SAFETY BELT USED,NOT APPLICABLE,NONE,NO INDICATION OF INJURY,NONE,NOT OBSCURED,NORMAL,TEST NOT OFFERED,2021,JE164152,03/09/2021 06:26:00 PM,25,TRAFFIC SIGNAL,FUNCTIONING PROPERLY,CLEAR,"DARKNESS, LIGHTED ROAD",ANGLE,NOT DIVIDED,STRAIGHT AND LEVEL,DRY,NO DEFECTS,ON SCENE,NO INJURY / DRIVE AWAY,Y,Y,"OVER $1,500",03/09/2021 06:26:00 PM,FAILING TO YIELD RIGHT-OF-WAY,FAILING TO REDUCE SPEED TO AVOID CRASH,2001,W,HOWARD ST,2424.0,2,NO INDICATION OF INJURY,0.0,0.0,0.0,0.0,0.0,2.0,0.0,18,3,3,42.019338019,-87.680509264,POINT (-87.680509264082 42.019338018938),2021,1106
O1198203,DRIVER,66e6a576501b8b0dc26f6fd6dfbbca078903c91b2ecdc82cf0355187b74dfd78d51400451ca4e7f8adcdd76c3e33740fbd23fb647287ccc904ff39919a44efd3,JE397480,1136866.0,10/04/2021 10:21:00 AM,CHICAGO,IL,60623,M,45.0,USAGE UNKNOWN,NOT APPLICABLE,NONE,NO INDICATION OF INJURY,NONE,NOT OBSCURED,NORMAL,TEST NOT OFFERED,2021,JE397480,10/04/2021 10:21:00 AM,30,NO CONTROLS,NO CONTROLS,RAIN,DAYLIGHT,ANGLE,NOT DIVIDED,STRAIGHT AND LEVEL,WET,NO DEFECTS,ON SCENE,INJURY AND / OR TOW DUE TO CRASH,Y,Y,"OVER $1,500",10/04/2021 10:21:00 AM,UNABLE TO DETERMINE,NOT APPLICABLE,1101,E,71ST ST,324.0,2,NO INDICATION OF INJURY,0.0,0.0,0.0,0.0,0.0,2.0,0.0,10,2,10,41.765761675,-87.59820811700001,POINT (-87.598208117229 41.765761674965),2021,621