PERSON_ID,PERSON_TYPE,CRASH_RECORD_ID,RD_NO_x,VEHICLE_ID,CRASH_DATE_x,CITY,STATE,ZIPCODE,SEX,AGE,SAFETY_EQUIPMENT,AIRBAG_DEPLOYED,EJECTION,INJURY_CLASSIFICATION,DRIVER_ACTION,DRIVER_VISION,PHYSICAL_CONDITION,BAC_RESULT,CRASH_YEAR_x,RD_NO_y,CRASH_DATE_y,POSTED_SPEED_LIMIT,TRAFFIC_CONTROL_DEVICE,DEVICE_CONDITION,WEATHER_CONDITION,LIGHTING_CONDITION,FIRST_CRASH_TYPE,TRAFFICWAY_TYPE,ALIGNMENT,ROADWAY_SURFACE_COND,ROAD_DEFECT,REPORT_TYPE,CRASH_TYPE,INTERSECTION_RELATED_I,HIT_AND_RUN_I,DAMAGE,DATE_POLICE_NOTIFIED,PRIM_CONTRIBUTORY_CAUSE,SEC_CONTRIBUTORY_CAUSE,STREET_NO,STREET_DIRECTION,STREET_NAME,BEAT_OF_OCCURRENCE,NUM_UNITS,MOST_SEVERE_INJURY,INJURIES_TOTAL,INJURIES_FATAL,INJURIES_INCAPACITATING,INJURIES_NON_INCAPACITATING,INJURIES_REPORTED_NOT_EVIDENT,INJURIES_NO_INDICATION,INJURIES_UNKNOWN,CRASH_HOUR,CRASH_DAY_OF_WEEK,CRASH_MONTH,LATITUDE,LONGITUDE,LOCATION,CRASH_YEAR_y,TIME
O1142659,DRIVER,0a9da7d88cddc09edd964387ff8b11c8d63267c2178bcd66d52c0cdc523aa48e2ddd8f52ac498ff88c827670f7f182d8dfea127f71846c4122b412e922ba2fa6,JE306027,1083874.0,07/18/2021 08:45:00 PM,CHICAGO,IL,60649,M,78.0,SAFETY BELT USED,NOT APPLICABLE,NONE,NO INDICATION OF INJURY,UNKNOWN,NOT OBSCURED,NORMAL,TEST NOT OFFERED,2021,JE306027,07/18/2021 08:45:00 PM,35,STOP SIGN/FLASHER,FUNCTIONING PROPERLY,CLEAR,"DARKNESS, LIGHTED ROAD",ANGLE,FOUR WAY,STRAIGHT AND LEVEL,DRY,NO DEFECTS,NOT ON SCENE (DESK REPORT),NO INJURY / DRIVE AWAY,Y,N,"$501 - $1,500",07/18/2021 09:30:00 PM,UNABLE TO DETERMINE,UNABLE TO DETERMINE,7429,S,STONY ISLAND AVE,324.0,2,NO INDICATION OF INJURY,0.0,0.0,0.0,0.0,0.0,2.0,0.0,20,1,7,41.759728538000005,-87.585612043,POINT (-87.585612043204 41.759728537788),2021,1245
O1019896,DRIVER,6621b7a690da6a64bbf43d2bf62af8c561acef63e254e76efff63675573082904c3ebda3d515b793f9d49e56c7f43b78e1ad3889db480a9a8087c4fdebbb3c76,JE103798,966688.0,01/05/2021 10:00:00 AM,BLUE ISLAND,IL,60406,M,66.0,SAFETY BELT USED,"DEPLOYED, SIDE",NONE,NONINCAPACITATING INJURY,NONE,NOT OBSCURED,NORMAL,TEST NOT OFFERED,2021,JE103798,01/05/2021 10:00:00 AM,35,TRAFFIC SIGNAL,FUNCTIONING PROPERLY,CLEAR,DAYLIGHT,REAR END,DIVIDED - W/MEDIAN BARRIER,STRAIGHT AND LEVEL,DRY,NO DEFECTS,ON SCENE,INJURY AND / OR TOW DUE TO CRASH,N,Y,"OVER $1,500",01/05/2021 10:02:00 AM,FOLLOWING TOO CLOSELY,FAILING TO REDUCE SPEED TO AVOID CRASH,11501,S,HALSTED ST,524.0,4,NONINCAPACITATING INJURY,1.0,0.0,0.0,1.0,0.0,4.0,0.0,10,3,1,41.685029586999995,-87.642004532,POINT (-87.642004532189 41.685029586669),2021,600
O1136488,DRIVER,5a7c07a3d21ba776927d3d2d8b6d9973ebcb000e652e4b91ad4176a2c3009841529541418ade815733b36796c49871fe752a62140860a19dda3f9b2b6fa71133,JE295970,1077990.0,07/09/2021 04:27:00 PM,CHICAGO,IL,60629,M,39.0,SAFETY BELT USED,DID NOT DEPLOY,NONE,NO INDICATION OF INJURY,NONE,NOT OBSCURED,NORMAL,TEST NOT OFFERED,2021,JE295970,07/09/2021 04:27:00 PM,30,TRAFFIC SIGNAL,UNKNOWN,CLEAR,DAYLIGHT,ANGLE,FOUR WAY,STRAIGHT AND LEVEL,DRY,NO DEFECTS,NOT ON SCENE (DESK REPORT),NO INJURY / DRIVE AWAY,Y,Y,"$501 - $1,500",07/09/2021 05:20:00 PM,DISREGARDING TRAFFIC SIGNALS,NOT APPLICABLE,7100,S,HAMLIN AVE,833.0,2,NO INDICATION OF INJURY,0.0,0.0,0.0,0.0,0.0,2.0,0.0,16,6,7,41.764073210999996,-87.717639914,POINT (-87.717639913879 41.764073210993),2021,987
O1027326,DRIVER,c7ebf7bece5c23df1d7560ddbc453939d71f0ca44ea8cbb4222991099dbfb8fbb501872f5a9ddadc5201651d566f85d6c73ed7c6e38a79925a90233c95fd9f0c,JE117774,973690.0,01/18/2021 10:30:00 PM,CHICAGO,IL,60609,M,41.0,USAGE UNKNOWN,DID NOT DEPLOY,NONE,NO INDICATION OF INJURY,NONE,NOT OBSCURED,NORMAL,TEST NOT OFFERED,2021,JE117774,01/18/2021 10:30:00 PM,30,TRAFFIC SIGNAL,UNKNOWN,CLEAR,"DARKNESS, LIGHTED ROAD",TURNING,FOUR WAY,STRAIGHT AND LEVEL,UNKNOWN,UNKNOWN,NOT ON SCENE (DESK REPORT),NO INJURY / DRIVE AWAY,Y,Y,"OVER $1,500",01/20/2021 08:45:00 AM,DISREGARDING TRAFFIC SIGNALS,NOT APPLICABLE,5500,S,KEDZIE AVE,822.0,2,NO INDICATION OF INJURY,0.0,0.0,0.0,0.0,0.0,3.0,0.0,22,2,1,41.793420237,-87.70369750799999,POINT (-87.703697508454 41.793420236756),2021,1350
O1154824,DRIVER,ad62719097996cce1c21dd4e76a87fbd3530c6c7fa6bba0720bc2365f1e310e4bb4029a18e450474ad0aa127c73196d7719041bb6472ab262f48b6be4831da13,JE326103,1095429.0,08/04/2021 03:55:00 PM,CHICAGO,IL,60623,M,49.0,USAGE UNKNOWN,NOT APPLICABLE,NONE,NO INDICATION OF INJURY,NONE,UNKNOWN,NORMAL,TEST NOT OFFERED,2021,JE326103,08/04/2021 03:55:00 PM,30,TRAFFIC SIGNAL,FUNCTIONING PROPERLY,CLEAR,DAYLIGHT,SIDESWIPE SAME DIRECTION,NOT DIVIDED,STRAIGHT AND LEVEL,DRY,NO DEFECTS,ON SCENE,INJURY AND / OR TOW DUE TO CRASH,Y,Y,"OVER $1,500",08/04/2021 04:40:00 PM,UNABLE TO DETERMINE,UNABLE TO DETERMINE,1400,S,HOMAN AVE,1021.0,2,NO INDICATION OF INJURY,0.0,0.0,0.0,0.0,0.0,2.0,0.0,15,4,8,41.862371818,-87.710576899,POINT (-87.710576899133 41.862371817606),2021,955
O1222739,DRIVER,a60e21fbae7ebca9215bfacd006e56bf4fa8554d744f657a3a720906f1aaadf21fa97dcb83265510bc52321f75254d946d85ceae6e12427fbc85d43d60f95f87,JE437585,1160293.0,11/07/2021 11:15:00 PM,MIDLOTHIAN,IL,60445,M,57.0,SAFETY BELT USED,"DEPLOYED, COMBINATION",NONE,NONINCAPACITATING INJURY,NONE,NOT OBSCURED,NORMAL,TEST NOT OFFERED,2021,JE437585,11/07/2021 11:15:00 PM,30,TRAFFIC SIGNAL,FUNCTIONING PROPERLY,CLEAR,DARKNESS,ANGLE,FOUR WAY,STRAIGHT AND LEVEL,DRY,NO DEFECTS,ON SCENE,INJURY AND / OR TOW DUE TO CRASH,Y,Y,"OVER $1,500",11/07/2021 11:20:00 PM,NOT APPLICABLE,NOT APPLICABLE,1400,W,79TH ST,612.0,2,NONINCAPACITATING INJURY,1.0,0.0,0.0,1.0,0.0,1.0,0.0,23,1,11,41.750534981,-87.658652062,POINT (-87.65865206229 41.750534981258),2021,1395
O1241219,DRIVER,d9e32ad7015d66b0929a66e43558e96b3c80b74e7057b80a632378e3ce3440a5ec9f4a02ad9df4ce37ed5580296afda24a6e64410a308512d30f4f5cbe5b727a,JE468832,1178063.0,12/07/2021 09:03:00 AM,CICERO,IL,60804,M,41.0,SAFETY BELT USED,DID NOT DEPLOY,NONE,NO INDICATION OF INJURY,NONE,UNKNOWN,NORMAL,TEST NOT OFFERED,2021,JE468832,12/07/2021 09:03:00 AM,30,TRAFFIC SIGNAL,UNKNOWN,CLEAR,DAYLIGHT,ANGLE,DIVIDED - W/MEDIAN (NOT RAISED),STRAIGHT AND LEVEL,DRY,UNKNOWN,ON SCENE,NO INJURY / DRIVE AWAY,Y,Y,"OVER $1,500",12/07/2021 09:05:00 AM,FAILING TO YIELD RIGHT-OF-WAY,NOT APPLICABLE,4001,W,CERMAK RD,1013.0,2,NO INDICATION OF INJURY,0.0,0.0,0.0,0.0,0.0,2.0,0.0,9,3,12,41.851434883,-87.724876709,POINT (-87.724876709027 41.851434883205),2021,543
O1027217,DRIVER,0b6f372da9ed25cfb72d2e0e8a1d8288172dee04989ad286ca7f2ae5ef0a4e685942542249bded34f8a3929cf7e1b442f6ff2a09186ed0e35ce50171b6b1f34e,JE117590,973600.0,01/19/2021 09:13:00 PM,CHICAGO,IL,60649,M,21.0,SAFETY BELT USED,DID NOT DEPLOY,NONE,NO INDICATION OF INJURY,NONE,NOT OBSCURED,NORMAL,TEST NOT OFFERED,2021,JE117590,01/19/2021 09:13:00 PM,30,TRAFFIC SIGNAL,FUNCTIONING PROPERLY,SNOW,"DARKNESS, LIGHTED ROAD",REAR END,FOUR WAY,STRAIGHT AND LEVEL,SNOW OR SLUSH,NO DEFECTS,NOT ON SCENE (DESK REPORT),NO INJURY / DRIVE AWAY,Y,Y,"OVER $1,500",01/19/2021 10:04:00 PM,UNABLE TO DETERMINE,UNABLE TO DETERMINE,5658,S,COTTAGE GROVE AVE,233.0,2,NO INDICATION OF INJURY,0.0,0.0,0.0,0.0,0.0,3.0,0.0,21,3,1,41.791415330999996,-87.606301317,POINT (-87.606301316753 41.791415330789),2021,1273
O1243785,DRIVER,eedd1342247a609d64b0b510944d92d669a4d75b1fdd0120e855458cb20322157e6dcec35ac2106b5c2919df1afaf14453c03f242513d6136dcedd0e9e5f4337,JE473251,1180491.0,12/10/2021 08:30:00 PM,CAROL STREAM,IL,60188,F,31.0,SAFETY BELT USED,"DEPLOYED, SIDE",NONE,NO INDICATION OF INJURY,NONE,NOT OBSCURED,NORMAL,TEST REFUSED,2021,JE473251,12/10/2021 08:30:00 PM,30,TRAFFIC SIGNAL,FUNCTIONING PROPERLY,RAIN,"DARKNESS, LIGHTED ROAD",ANGLE,FOUR WAY,STRAIGHT AND LEVEL,WET,UNKNOWN,ON SCENE,INJURY AND / OR TOW DUE TO CRASH,Y,Y,"OVER $1,500",12/10/2021 10:04:00 PM,DISREGARDING TRAFFIC SIGNALS,FAILING TO REDUCE SPEED TO AVOID CRASH,400,S,WACKER DR,122.0,3,NO INDICATION OF INJURY,0.0,0.0,0.0,0.0,0.0,3.0,0.0,20,6,12,41.87676748,-87.636991043,POINT (-87.636991043165 41.876767479861),2021,1230
O1105551,DRIVER,9965d93ebbe49f6ac544ddb58d71a94b356b3e96f0e382c6f7c27f689a8d4cdfd1045a815435551b74549c7da4257674259d8627a80cf492dfb82ef9b601535d,JE246516,1048727.0,05/29/2021 05:48:00 AM,CHICAGO,IL,60613,M,34.0,USAGE UNKNOWN,DID NOT DEPLOY,NONE,NO INDICATION OF INJURY,FOLLOWED TOO CLOSELY,NOT OBSCURED,NORMAL,TEST NOT OFFERED,2021,JE246516,05/29/2021 05:48:00 AM,30,TRAFFIC SIGNAL,FUNCTIONING IMPROPERLY,CLEAR,DAYLIGHT,REAR END,NOT DIVIDED,STRAIGHT AND LEVEL,DRY,NO DEFECTS,ON SCENE,INJURY AND / OR TOW DUE TO CRASH,Y,Y,"OVER $1,500",05/29/2021 06:05:00 AM,FAILING TO REDUCE SPEED TO AVOID CRASH,FOLLOWING TOO CLOSELY,6979,N,CLARK ST,2431.0,3,NO INDICATION OF INJURY,0.0,0.0,0.0,0.0,0.0,3.0,0.0,5,7,5,42.008893676999996,-87.67379028200001,POINT (-87.673790281549 42.008893676926),2021,348
O1050321,DRIVER,d74cde693e199ee4b4e7b71136a0ab3ba8496df1bfece4e99c54ddd98a5bb86fce571c6d4c1d817c7583c16df963e6bda08464e243d7dbf195a609e829e5405a,JE153517,995882.0,02/26/2021 10:00:00 PM,DULUTH,MN,55805,F,22.0,USAGE UNKNOWN,"DEPLOYED, FRONT",NONE,NO INDICATION OF INJURY,NONE,UNKNOWN,UNKNOWN,TEST REFUSED,2021,JE153517,02/26/2021 10:00:00 PM,30,TRAFFIC SIGNAL,UNKNOWN,CLEAR,"DARKNESS, LIGHTED ROAD",TURNING,"FIVE POINT, OR MORE",STRAIGHT AND LEVEL,WET,UNKNOWN,NOT ON SCENE (DESK REPORT),INJURY AND / OR TOW DUE TO CRASH,Y,Y,"OVER $1,500",02/26/2021 10:50:00 PM,DISREGARDING TRAFFIC SIGNALS,UNABLE TO DETERMINE,7500,S,SOUTH CHICAGO AVE,624.0,3,NO INDICATION OF INJURY,0.0,0.0,0.0,0.0,0.0,4.0,0.0,22,6,2,41.758609006,-87.595721361,POINT (-87.595721360538 41.758609006103),2021,1320
O1228879,DRIVER,1bfec4b1321fe31c4ce75e31e43c662ece09d3304a99a40086c11d565e1b81f52a6841e6743935816d0621b25e96ffa19b5aa005542c258072759557f6f16db3,JE448287,1166176.0,11/17/2021 01:53:00 PM,CHICAGO,IL,60612,F,36.0,SAFETY BELT USED,NOT APPLICABLE,NONE,NO INDICATION OF INJURY,FAILED TO YIELD,UNKNOWN,NORMAL,TEST NOT OFFERED,2021,JE448287,11/17/2021 01:53:00 PM,25,NO CONTROLS,NO CONTROLS,RAIN,DAYLIGHT,ANGLE,ONE-WAY,STRAIGHT AND LEVEL,WET,UNKNOWN,ON SCENE,NO INJURY / DRIVE AWAY,Y,N,"OVER $1,500",11/17/2021 02:48:00 PM,FAILING TO YIELD RIGHT-OF-WAY,UNABLE TO DETERMINE,814,N,WASHTENAW AVE,1211.0,2,NO INDICATION OF INJURY,0.0,0.0,0.0,0.0,0.0,2.0,0.0,13,4,11,41.896157977,-87.69439586200001,POINT (-87.694395862026 41.896157977318),2021,833
O1105977,DRIVER,5199507edc4da9f20465ca901cb56968e73a4e474cf2cc58d9cc1e102cb09c246e3da0772066b20ba9056e6a5fcedc8fab7e633991a6568f95c1e39ab0d7835a,JE247152,1049138.0,05/29/2021 06:34:00 PM,CHICAGO,IL,60624,M,33.0,USAGE UNKNOWN,NOT APPLICABLE,NONE,NO INDICATION OF INJURY,OTHER,UNKNOWN,NORMAL,TEST NOT OFFERED,2021,JE247152,05/29/2021 06:34:00 PM,30,NO CONTROLS,NO CONTROLS,CLEAR,DAYLIGHT,ANGLE,ALLEY,STRAIGHT AND LEVEL,DRY,UNKNOWN,NOT ON SCENE (DESK REPORT),NO INJURY / DRIVE AWAY,Y,Y,"OVER $1,500",05/29/2021 06:34:00 PM,FAILING TO REDUCE SPEED TO AVOID CRASH,NOT APPLICABLE,17,S,CENTRAL AVE,1522.0,2,NO INDICATION OF INJURY,0.0,0.0,0.0,0.0,0.0,2.0,0.0,18,7,5,41.879602061,-87.764695824,POINT (-87.764695824335 41.879602060716),2021,1114
O1244075,DRIVER,6157c67b33e9b46aa0dc0087a9aaa38a22b63eed9f631b6407168e9dc2b29aa33c7ec72dc47464ac42fdee8fe31a4c84f8acb9ec9150f35387b94703d788e5e1,JE473678,1180772.0,12/11/2021 10:28:00 AM,CHICAGO,IL,60651,M,64.0,USAGE UNKNOWN,DID NOT DEPLOY,NONE,NONINCAPACITATING INJURY,NONE,NOT OBSCURED,NORMAL,TEST NOT OFFERED,2021,JE473678,12/11/2021 10:28:00 AM,30,TRAFFIC SIGNAL,FUNCTIONING PROPERLY,CLOUDY/OVERCAST,DAYLIGHT,ANGLE,FOUR WAY,STRAIGHT AND LEVEL,DRY,NO DEFECTS,ON SCENE,INJURY AND / OR TOW DUE TO CRASH,Y,Y,"OVER $1,500",12/11/2021 10:38:00 AM,DISREGARDING TRAFFIC SIGNALS,FAILING TO YIELD RIGHT-OF-WAY,700,W,TAYLOR ST,124.0,2,NONINCAPACITATING INJURY,1.0,0.0,0.0,1.0,0.0,1.0,0.0,10,7,12,41.869805222,-87.643776302,POINT (-87.643776301838 41.869805222061),2021,628
O1134957,DRIVER,00779709bb6c08fcefbadb9f3a1c80c2bf1eaa1831b6f26e9e8e2530f1bec191324eec4b7309fb2a7a716335d22c7625878bd9602eb3f0c4bab2ad8c07af72ac,JE293272,1076532.0,07/07/2021 11:38:00 AM,CHICAGO,IL,60639,M,24.0,SAFETY BELT USED,DID NOT DEPLOY,NONE,NO INDICATION OF INJURY,NONE,UNKNOWN,NORMAL,TEST NOT OFFERED,2021,JE293272,07/07/2021 11:38:00 AM,30,NO CONTROLS,NO CONTROLS,CLEAR,DAYLIGHT,REAR END,NOT DIVIDED,STRAIGHT AND LEVEL,DRY,NO DEFECTS,ON SCENE,INJURY AND / OR TOW DUE TO CRASH,Y,N,"OVER $1,500",07/07/2021 11:38:00 AM,FAILING TO REDUCE SPEED TO AVOID CRASH,DRIVING SKILLS/KNOWLEDGE/EXPERIENCE,1551,S,BLUE ISLAND AVE,1233.0,3,NONINCAPACITATING INJURY,1.0,0.0,0.0,1.0,0.0,1.0,0.0,11,4,7,41.860383686,-87.658836444,POINT (-87.658836444258 41.860383686228),2021,698
O1253141,DRIVER,291872fd8c2c28216ab97920a3a1fd5db854687686a70a5f36669518ee91f1ba32edfe45a2af6b5a569ffda498de8b0ff3c90ba32c4037c951e00199577f2d58,JE489847,1189500.0,12/27/2021 08:35:00 AM,CHICAGO,IL,60612,M,62.0,SAFETY BELT USED,NOT APPLICABLE,NONE,NO INDICATION OF INJURY,NONE,UNKNOWN,NORMAL,TEST NOT OFFERED,2021,JE489847,12/27/2021 08:35:00 AM,30,TRAFFIC SIGNAL,FUNCTIONING PROPERLY,FOG/SMOKE/HAZE,DAYLIGHT,TURNING,DIVIDED - W/MEDIAN BARRIER,STRAIGHT AND LEVEL,WET,NO DEFECTS,ON SCENE,NO INJURY / DRIVE AWAY,Y,Y,"$501 - $1,500",12/27/2021 08:42:00 AM,IMPROPER TURNING/NO SIGNAL,NOT APPLICABLE,1598,W,HARRISON ST,1231.0,2,NO INDICATION OF INJURY,0.0,0.0,0.0,0.0,0.0,3.0,0.0,8,2,12,41.874311859,-87.66648367200001,POINT (-87.666483671868 41.874311858635),2021,515
O1028459,DRIVER,a850ce578a5a2e5baff4fb9cbe532856fd2e67ab2acf9f01a330af174be4dcc590b618a6ed7f39e953c513537844797579aa787fc2ae64d0840f67d34105048c,JE119790,974755.0,01/22/2021 08:15:00 AM,CHICAGO,IL,60639,M,30.0,USAGE UNKNOWN,NOT APPLICABLE,NONE,NO INDICATION OF INJURY,NONE,NOT OBSCURED,NORMAL,TEST NOT OFFERED,2021,JE119790,01/22/2021 08:15:00 AM,30,STOP SIGN/FLASHER,NOT FUNCTIONING,CLEAR,DAYLIGHT,ANGLE,DIVIDED - W/MEDIAN (NOT RAISED),STRAIGHT AND LEVEL,DRY,NO DEFECTS,ON SCENE,NO INJURY / DRIVE AWAY,Y,Y,"OVER $1,500",01/22/2021 08:21:00 AM,UNABLE TO DETERMINE,UNABLE TO DETERMINE,4803,W,GRAND AVE,2533.0,2,NO INDICATION OF INJURY,0.0,0.0,0.0,0.0,0.0,2.0,0.0,8,6,1,41.913891161,-87.746232669,POINT (-87.746232668516 41.913891160605),2021,495
O1190072,DRIVER,4f4c410fc1a059ab8bd163ba97cac39e3e282d2f9378a4d963c270b08bd6ac14652a63c04b290af927e0d550cd1e3c5610979fdd574415dac6839c4c7962605e,JE384154,1129149.0,09/22/2021 09:15:00 PM,CHICAGO,IL,60619,M,54.0,USAGE UNKNOWN,NOT APPLICABLE,NONE,NO INDICATION OF INJURY,UNKNOWN,UNKNOWN,NORMAL,TEST NOT OFFERED,2021,JE384154,09/22/2021 09:15:00 PM,30,TRAFFIC SIGNAL,FUNCTIONING PROPERLY,CLEAR,"DARKNESS, LIGHTED ROAD",ANGLE,NOT DIVIDED,STRAIGHT AND LEVEL,DRY,NO DEFECTS,NOT ON SCENE (DESK REPORT),NO INJURY / DRIVE AWAY,Y,Y,"OVER $1,500",09/23/2021 10:40:00 AM,UNABLE TO DETERMINE,UNABLE TO DETERMINE,6826,S,KEEFE AVE,322.0,2,NO INDICATION OF INJURY,0.0,0.0,0.0,0.0,0.0,2.0,0.0,21,4,9,41.770696856,-87.612266845,POINT (-87.61226684469 41.770696855694),2021,1275
O1154071,DRIVER,e33452bb0122e5815a0cec848c304a12172d875a4826c8329f1007f5f1a07e470b073d97e157fd3c8a1b105e4129e9ec93e78836f3bde23468e67c534752a6b1,JE324699,1094743.0,08/02/2021 08:00:00 PM,VILLA PARK,IL,60181,M,39.0,USAGE UNKNOWN,DID NOT DEPLOY,NONE,NO INDICATION OF INJURY,NONE,NOT OBSCURED,NORMAL,TEST NOT OFFERED,2021,JE324699,08/02/2021 08:00:00 PM,30,UNKNOWN,UNKNOWN,CLEAR,"DARKNESS, LIGHTED ROAD",SIDESWIPE SAME DIRECTION,ONE-WAY,STRAIGHT AND LEVEL,UNKNOWN,UNKNOWN,NOT ON SCENE (DESK REPORT),NO INJURY / DRIVE AWAY,Y,Y,"OVER $1,500",08/03/2021 03:45:00 PM,UNABLE TO DETERMINE,UNABLE TO DETERMINE,1801,W,JACKSON BLVD,1225.0,2,NO INDICATION OF INJURY,0.0,0.0,0.0,0.0,0.0,2.0,0.0,20,2,8,41.877432047,-87.67176793899999,POINT (-87.671767938912 41.877432047168),2021,1200
O1075316,DRIVER,a1c3ef45524702324723aeaedd014baf1c978de9deefe13413c4f445ff543aa1bf7c0f7c49dc90caf26aa6f0e37dc265f9b6d747c7aa6ef8d66994d4f4ee155e,JE197382,1019806.0,04/12/2021 03:15:00 PM,CRETE,IL,60417,M,41.0,SAFETY BELT USED,NOT APPLICABLE,NONE,NO INDICATION OF INJURY,OTHER,NOT OBSCURED,NORMAL,TEST NOT OFFERED,2021,JE197382,04/12/2021 03:15:00 PM,30,TRAFFIC SIGNAL,FUNCTIONING PROPERLY,CLEAR,DAYLIGHT,TURNING,FOUR WAY,STRAIGHT AND LEVEL,DRY,NO DEFECTS,ON SCENE,NO INJURY / DRIVE AWAY,Y,Y,"OVER $1,500",04/12/2021 04:00:00 PM,NOT APPLICABLE,NOT APPLICABLE,8658,S,HALSTED ST,613.0,2,NO INDICATION OF INJURY,0.0,0.0,0.0,0.0,0.0,2.0,0.0,15,2,4,41.735965218000004,-87.643764945,POINT (-87.64376494494 41.735965217543),2021,915
O1035382,DRIVER,e587597116c9a5b40d94093ac5432e128faf89a70c12548d30de874278fd1b5a4d59520663a8c74a3620c3af8e6c955e03444053710e8d72a303b003473ec727,JE132029,981403.0,02/04/2021 08:35:00 AM,CHICAGO,IL,60610,F,29.0,SAFETY BELT USED,DID NOT DEPLOY,NONE,NO INDICATION OF INJURY,NONE,NOT OBSCURED,NORMAL,TEST NOT OFFERED,2021,JE132029,02/04/2021 08:35:00 AM,30,TRAFFIC SIGNAL,FUNCTIONING PROPERLY,CLEAR,DAYLIGHT,REAR END,NOT DIVIDED,STRAIGHT AND LEVEL,DRY,NO DEFECTS,NOT ON SCENE (DESK REPORT),NO INJURY / DRIVE AWAY,Y,Y,"OVER $1,500",02/04/2021 08:47:00 AM,DRIVING SKILLS/KNOWLEDGE/EXPERIENCE,UNABLE TO DETERMINE,2800,N,CLARK ST,1934.0,2,NO INDICATION OF INJURY,0.0,0.0,0.0,0.0,0.0,2.0,0.0,8,5,2,41.9328287,-87.645080351,POINT (-87.645080351015 41.932828699843),2021,515
O1187992,DRIVER,eebee53db4bfe2ff13fd01ff60e47cd7cf5e7ba083675e996dab4740bd70a9df5a57a7b2313a0d046c50680bcbe034afca66e0ff8831d647001daf7f9d6f51fd,JE380470,1127101.0,09/20/2021 09:10:00 AM,CHICAGO,IL,60605,M,57.0,SAFETY BELT USED,NOT APPLICABLE,NONE,NO INDICATION OF INJURY,NONE,UNKNOWN,NORMAL,TEST NOT OFFERED,2021,JE380470,09/20/2021 09:10:00 AM,30,STOP SIGN/FLASHER,FUNCTIONING PROPERLY,RAIN,DAYLIGHT,REAR END,DIVIDED - W/MEDIAN (NOT RAISED),STRAIGHT AND LEVEL,DRY,UNKNOWN,ON SCENE,NO INJURY / DRIVE AWAY,Y,Y,"$501 - $1,500",09/20/2021 09:25:00 AM,UNABLE TO DETERMINE,NOT APPLICABLE,9701,S,TORRENCE AVE,431.0,2,NO INDICATION OF INJURY,0.0,0.0,0.0,0.0,0.0,2.0,0.0,9,2,9,41.718921698,-87.559670106,POINT (-87.559670106491 41.718921698157),2021,550
O1221333,DRIVER,8c8ef9f4ac28246193c7f8e73c5f92a7cccbbce762b6856c7f48e6ab7db2335943668ea784dc24e8229ea2af3813ad066feb2b29198fdddb2d82e00581efdc13,JE435316,1158976.0,11/05/2021 07:45:00 PM,CHICAGO,IL,60659,M,21.0,SAFETY BELT USED,NOT APPLICABLE,NONE,NO INDICATION OF INJURY,NONE,NOT OBSCURED,NORMAL,TEST NOT OFFERED,2021,JE435316,11/05/2021 07:45:00 PM,30,TRAFFIC SIGNAL,FUNCTIONING PROPERLY,CLEAR,"DARKNESS, LIGHTED ROAD",TURNING,NOT DIVIDED,STRAIGHT AND LEVEL,DRY,NO DEFECTS,NOT ON SCENE (DESK REPORT),NO INJURY / DRIVE AWAY,Y,Y,"OVER $1,500",11/05/2021 08:13:00 PM,FAILING TO YIELD RIGHT-OF-WAY,IMPROPER TURNING/NO SIGNAL,2800,W,DEVON AVE,2412.0,2,NO INDICATION OF INJURY,0.0,0.0,0.0,0.0,0.0,2.0,0.0,19,6,11,41.997669523,-87.699706423,POINT (-87.699706423246 41.997669522861),2021,1185
O1083697,DRIVER,ac04f7f0f51008f50ffeb0af3834d9c75c3bd3ea2dca26f1682dd60195d529bfecc0d8c07f886ad1bbec7d31420831985e9aaef49cb987b160bf24f8c887b4d4,JE211585,1027807.0,04/27/2021 10:36:00 AM,CHICAGO,IL,60619,F,22.0,SAFETY BELT USED,DID NOT DEPLOY,NONE,NO INDICATION OF INJURY,NONE,NOT OBSCURED,NORMAL,TEST NOT OFFERED,2021,JE211585,04/27/2021 10:36:00 AM,30,NO CONTROLS,NO CONTROLS,CLEAR,DAYLIGHT,TURNING,NOT DIVIDED,STRAIGHT AND LEVEL,DRY,NO DEFECTS,ON SCENE,INJURY AND / OR TOW DUE TO CRASH,Y,Y,"$501 - $1,500",04/27/2021 10:38:00 AM,IMPROPER TURNING/NO SIGNAL,NOT APPLICABLE,6397,S,STATE ST,312.0,2,NO INDICATION OF INJURY,0.0,0.0,0.0,0.0,0.0,2.0,0.0,10,3,4,41.777730186999996,-87.62515879,POINT (-87.625158789547 41.77773018726),2021,636
O1228255,DRIVER,3651237b13281c0a7f76983fb8bee6e081385ff1baf0f9c5df3cb7f42a04f7dc58950b63f145e68b03fe4c91893fbd6b9e15f0085b7f54e4e933302d0ae42040,JE447255,1165586.0,11/16/2021 02:25:00 PM,CHICAGO,IL,60645,M,38.0,USAGE UNKNOWN,DID NOT DEPLOY,NONE,NO INDICATION OF INJURY,UNKNOWN,UNKNOWN,UNKNOWN,TEST NOT OFFERED,2021,JE447255,11/16/2021 02:25:00 PM,30,STOP SIGN/FLASHER,UNKNOWN,UNKNOWN,UNKNOWN,REAR END,NOT DIVIDED,STRAIGHT AND LEVEL,UNKNOWN,UNKNOWN,NOT ON SCENE (DESK REPORT),NO INJURY / DRIVE AWAY,Y,Y,"OVER $1,500",11/16/2021 03:44:00 PM,UNABLE TO DETERMINE,UNABLE TO DETERMINE,1,S,PEORIA ST,1232.0,2,NO INDICATION OF INJURY,0.0,0.0,0.0,0.0,0.0,3.0,0.0,14,3,11,41.88167559,-87.649548954,POINT (-87.649548954424 41.881675589757),2021,865