PERSON_ID,PERSON_TYPE,CRASH_RECORD_ID,RD_NO_x,VEHICLE_ID,CRASH_DATE_x,CITY,STATE,ZIPCODE,SEX,AGE,SAFETY_EQUIPMENT,AIRBAG_DEPLOYED,EJECTION,INJURY_CLASSIFICATION,DRIVER_ACTION,DRIVER_VISION,PHYSICAL_CONDITION,BAC_RESULT,CRASH_YEAR_x,RD_NO_y,CRASH_DATE_y,POSTED_SPEED_LIMIT,TRAFFIC_CONTROL_DEVICE,DEVICE_CONDITION,WEATHER_CONDITION,LIGHTING_CONDITION,FIRST_CRASH_TYPE,TRAFFICWAY_TYPE,ALIGNMENT,ROADWAY_SURFACE_COND,ROAD_DEFECT,REPORT_TYPE,CRASH_TYPE,INTERSECTION_RELATED_I,HIT_AND_RUN_I,DAMAGE,DATE_POLICE_NOTIFIED,PRIM_CONTRIBUTORY_CAUSE,SEC_CONTRIBUTORY_CAUSE,STREET_NO,STREET_DIRECTION,STREET_NAME,BEAT_OF_OCCURRENCE,NUM_UNITS,MOST_SEVERE_INJURY,INJURIES_TOTAL,INJURIES_FATAL,INJURIES_INCAPACITATING,INJURIES_NON_INCAPACITATING,INJURIES_REPORTED_NOT_EVIDENT,INJURIES_NO_INDICATION,INJURIES_UNKNOWN,CRASH_HOUR,CRASH_DAY_OF_WEEK,CRASH_MONTH,LATITUDE,LONGITUDE,LOCATION,CRASH_YEAR_y,TIME
O1028808,DRIVER,597efce5b3bd5d75e6218556443a63aab46b0ae1f269558a324c7cd350d49ee596913ee1fa4a629cb8bacddd0f03c7fbcda047e5180f6f21ed62150310c84683,JE120481,975097.0,01/22/2021 04:30:00 PM,CHICAGO,IL,60619,F,41.0,SAFETY BELT USED,DID NOT DEPLOY,NONE,NO INDICATION OF INJURY,NONE,NOT OBSCURED,NORMAL,TEST NOT OFFERED,2021,JE120481,01/22/2021 04:30:00 PM,30,TRAFFIC SIGNAL,FUNCTIONING PROPERLY,CLEAR,DAWN,SIDESWIPE SAME DIRECTION,NOT DIVIDED,STRAIGHT AND LEVEL,DRY,NO DEFECTS,NOT ON SCENE (DESK REPORT),NO INJURY / DRIVE AWAY,Y,Y,"OVER $1,500",01/22/2021 06:20:00 PM,IMPROPER OVERTAKING/PASSING,UNABLE TO DETERMINE,4300,S,WENTWORTH AVE,925.0,2,NO INDICATION OF INJURY,0.0,0.0,0.0,0.0,0.0,2.0,0.0,16,6,1,41.816394534000004,-87.63134009,POINT (-87.631340089793 41.816394533729),2021,990
O1253005,DRIVER,9f0a072b50bf84ffdb4acf5d91286a9648733b3f8518afab97b6a3f6fcb1e1d6f00b7efaa874cf4fa7450623605fe91b95e96f7de1b8fb79c8f3bc23f35b3726,JE489631,1189404.0,12/26/2021 07:30:00 PM,ELMHERST,IL,60126,M,30.0,SAFETY BELT USED,NOT APPLICABLE,NONE,NO INDICATION OF INJURY,NONE,NOT OBSCURED,NORMAL,TEST NOT OFFERED,2021,JE489631,12/26/2021 07:30:00 PM,30,TRAFFIC SIGNAL,FUNCTIONING PROPERLY,CLEAR,UNKNOWN,SIDESWIPE SAME DIRECTION,DIVIDED - W/MEDIAN (NOT RAISED),STRAIGHT AND LEVEL,WET,NO DEFECTS,NOT ON SCENE (DESK REPORT),NO INJURY / DRIVE AWAY,Y,N,"OVER $1,500",12/26/2021 09:45:00 PM,IMPROPER LANE USAGE,CELL PHONE USE OTHER THAN TEXTING,5701,S,LAKE SHORE DR,331.0,2,NO INDICATION OF INJURY,0.0,0.0,0.0,0.0,0.0,2.0,0.0,19,1,12,41.791497853,-87.57987334200001,POINT (-87.579873341626 41.791497853446),2021,1170
O1071319,DRIVER,9d4d0718d1899dfef337ff6804ae53f132eef9076ad30fa5989d7b82281a7676c0701a23786bfab1a518d55265f56d772573e2b441aeb16f51f8c46fcde18381,JE190427,1015983.0,04/05/2021 05:15:00 PM,CHICAGO,IL,60612,F,48.0,SAFETY BELT USED,DID NOT DEPLOY,NONE,NO INDICATION OF INJURY,NONE,NOT OBSCURED,NORMAL,TEST NOT OFFERED,2021,JE190427,04/05/2021 05:15:00 PM,30,TRAFFIC SIGNAL,FUNCTIONING PROPERLY,CLEAR,DAYLIGHT,REAR END,FOUR WAY,STRAIGHT AND LEVEL,DRY,NO DEFECTS,ON SCENE,NO INJURY / DRIVE AWAY,Y,Y,"OVER $1,500",04/05/2021 05:35:00 PM,UNABLE TO DETERMINE,NOT APPLICABLE,59,N,PAULINA ST,1224.0,2,NO INDICATION OF INJURY,0.0,0.0,0.0,0.0,0.0,2.0,0.0,17,2,4,41.883215308000004,-87.669209975,POINT (-87.669209975453 41.883215307561),2021,1035
O1089610,DRIVER,4f19a427844a5ba38fa398b5d4c615b153a62fa0a8253cfff0bda478f90f219a7bab0c9a8ecb25457ae19d09bde68003681ac4f044bcbfa867f3ab8b4ce42161,JE220899,1033442.0,05/05/2021 07:10:00 PM,CHICAGO,IL,60623,M,37.0,USAGE UNKNOWN,"DEPLOYED, FRONT",NONE,INCAPACITATING INJURY,NONE,UNKNOWN,REMOVED BY EMS,TEST NOT OFFERED,2021,JE220899,05/05/2021 07:10:00 PM,30,NO CONTROLS,NO CONTROLS,CLEAR,DAYLIGHT,ANGLE,FOUR WAY,STRAIGHT AND LEVEL,DRY,NO DEFECTS,ON SCENE,INJURY AND / OR TOW DUE TO CRASH,Y,Y,"OVER $1,500",05/05/2021 07:11:00 PM,UNABLE TO DETERMINE,UNABLE TO DETERMINE,4300,W,CERMAK RD,1012.0,2,INCAPACITATING INJURY,1.0,0.0,1.0,0.0,0.0,1.0,0.0,19,4,5,41.851543684,-87.732199832,POINT (-87.732199831616 41.851543684489),2021,1150
O1210900,DRIVER,facc8aeaeb7f6e56f28177dc40e6208e33f82d4a6e1fd0d6da02b52f852b80acb54c66fdea5d5cde4e5815247b9871ee880c071146550a1225db5a007c5f0ae8,JE419173,1148970.0,10/22/2021 09:37:00 PM,CHICAGO,IL,60827,M,47.0,USAGE UNKNOWN,DID NOT DEPLOY,NONE,NO INDICATION OF INJURY,NONE,NOT OBSCURED,NORMAL,TEST NOT OFFERED,2021,JE419173,10/22/2021 09:37:00 PM,30,TRAFFIC SIGNAL,FUNCTIONING PROPERLY,CLEAR,"DARKNESS, LIGHTED ROAD",TURNING,NOT DIVIDED,STRAIGHT AND LEVEL,DRY,NO DEFECTS,ON SCENE,INJURY AND / OR TOW DUE TO CRASH,Y,Y,"OVER $1,500",10/22/2021 09:37:00 PM,IMPROPER TURNING/NO SIGNAL,FAILING TO REDUCE SPEED TO AVOID CRASH,200,W,43RD ST,925.0,2,NO INDICATION OF INJURY,0.0,0.0,0.0,0.0,0.0,3.0,0.0,21,6,10,41.816527339000004,-87.631255959,POINT (-87.63125595851 41.816527339334),2021,1297
O1195636,DRIVER,17fb8026e6a4566c74eb9d28eaa9d452b2210553c7ac44a2155caa47938003347cc1b67cf725485ec6b475e5ff66cd9459b0dd4bc8ee59addf1a75cc817dfc4f,JE393465,1134434.0,09/30/2021 09:00:00 PM,EAST CHICAGO,IN,46312,F,64.0,SAFETY BELT USED,"DEPLOYED, COMBINATION",NONE,NO INDICATION OF INJURY,NONE,NOT OBSCURED,NORMAL,TEST NOT OFFERED,2021,JE393465,09/30/2021 09:00:00 PM,30,NO CONTROLS,NO CONTROLS,CLEAR,"DARKNESS, LIGHTED ROAD",ANGLE,NOT DIVIDED,STRAIGHT AND LEVEL,DRY,NO DEFECTS,ON SCENE,INJURY AND / OR TOW DUE TO CRASH,Y,Y,"OVER $1,500",09/30/2021 09:10:00 PM,FAILING TO YIELD RIGHT-OF-WAY,NOT APPLICABLE,3400,W,LEXINGTON ST,1133.0,3,NO INDICATION OF INJURY,0.0,0.0,0.0,0.0,0.0,3.0,0.0,21,5,9,41.871924361,-87.71084709799999,POINT (-87.710847098433 41.871924360772),2021,1260
O1239268,DRIVER,193450f04c684e74ccdcbe7ebcdc509cae247741bfc589a777c48722b44a61cd51f050ca46790f915532782d19e4039abd7def2322f0817457a32a18774a693f,JE465779,1176197.0,12/04/2021 10:15:00 AM,CHICAGO,IL,60608,M,30.0,SAFETY BELT USED,DID NOT DEPLOY,NONE,NO INDICATION OF INJURY,FOLLOWED TOO CLOSELY,NOT OBSCURED,NORMAL,TEST NOT OFFERED,2021,JE465779,12/04/2021 10:15:00 AM,30,TRAFFIC SIGNAL,FUNCTIONING PROPERLY,CLEAR,DAYLIGHT,REAR END,DIVIDED - W/MEDIAN (NOT RAISED),STRAIGHT AND LEVEL,DRY,NO DEFECTS,ON SCENE,INJURY AND / OR TOW DUE TO CRASH,Y,Y,"OVER $1,500",12/04/2021 10:20:00 AM,UNABLE TO DETERMINE,UNABLE TO DETERMINE,4650,S,CICERO AVE,814.0,3,NO INDICATION OF INJURY,0.0,0.0,0.0,0.0,0.0,5.0,0.0,10,7,12,41.807938965,-87.74330449600001,POINT (-87.743304496048 41.807938965397),2021,615
O1190652,DRIVER,fb2831ffca510d60b7162d35ff0295875b6916c8e50731dc427f1dba26a9cf22f0660d2b4e4c779bd468504444ceeee13d5aef148bb3ba871ef64b4986ee4494,JE385172,1129661.0,09/24/2021 01:45:00 AM,CALUMET PARK,IL,60827,M,30.0,SAFETY BELT USED,DID NOT DEPLOY,NONE,NO INDICATION OF INJURY,NONE,NOT OBSCURED,NORMAL,TEST NOT OFFERED,2021,JE385172,09/24/2021 01:45:00 AM,35,TRAFFIC SIGNAL,FUNCTIONING PROPERLY,CLEAR,"DARKNESS, LIGHTED ROAD",TURNING,FOUR WAY,STRAIGHT AND LEVEL,DRY,NO DEFECTS,ON SCENE,NO INJURY / DRIVE AWAY,Y,Y,"OVER $1,500",09/24/2021 01:45:00 AM,IMPROPER TURNING/NO SIGNAL,IMPROPER LANE USAGE,198,W,95TH ST,634.0,2,NO INDICATION OF INJURY,0.0,0.0,0.0,0.0,0.0,3.0,0.0,1,6,9,41.721770362,-87.62860471399999,POINT (-87.628604714263 41.721770362124),2021,105
O1198636,DRIVER,c9c48bed10d3fbce8f7a12c58a3915c472e0b1a93f802e8476259626beba618d1b0fa4d3703331325f7fe4541a90b72f80bf1263c4a0ca0417ce9b5f3d632438,JE398361,1137294.0,10/04/2021 10:53:00 PM,NORRIDGE,IL,60656,M,72.0,SAFETY BELT USED,NOT APPLICABLE,NONE,NO INDICATION OF INJURY,NONE,NOT OBSCURED,NORMAL,TEST NOT OFFERED,2021,JE398361,10/04/2021 10:53:00 PM,30,STOP SIGN/FLASHER,FUNCTIONING PROPERLY,CLEAR,"DARKNESS, LIGHTED ROAD",ANGLE,NOT DIVIDED,STRAIGHT AND LEVEL,DRY,NO DEFECTS,ON SCENE,NO INJURY / DRIVE AWAY,Y,Y,"OVER $1,500",10/04/2021 11:02:00 PM,DISREGARDING STOP SIGN,FAILING TO YIELD RIGHT-OF-WAY,4600,N,MALDEN ST,1913.0,2,NO INDICATION OF INJURY,0.0,0.0,0.0,0.0,0.0,2.0,0.0,22,2,10,41.965411024,-87.66258521700001,POINT (-87.66258521745 41.965411023633),2021,1373
O1065134,DRIVER,439a8f9c051af38259f6cace310349b3822a5cbfb291b79f565e648cf18eb927c5c61949c887f80ebd41ca05d6346bd9d1cd4dea95aea668c0d5ee70f49a8cc9,JE180425,1010109.0,03/26/2021 01:40:00 PM,LEMONT,IL,60439,M,61.0,SAFETY BELT USED,NOT APPLICABLE,NONE,NO INDICATION OF INJURY,UNKNOWN,UNKNOWN,NORMAL,TEST NOT OFFERED,2021,JE180425,03/26/2021 01:40:00 PM,30,UNKNOWN,UNKNOWN,CLEAR,DAYLIGHT,SIDESWIPE SAME DIRECTION,UNKNOWN,STRAIGHT AND LEVEL,DRY,UNKNOWN,NOT ON SCENE (DESK REPORT),NO INJURY / DRIVE AWAY,Y,Y,"OVER $1,500",03/26/2021 02:40:00 PM,UNABLE TO DETERMINE,UNABLE TO DETERMINE,3500,S,DR MARTIN LUTHER KING JR DR,212.0,2,NO INDICATION OF INJURY,0.0,0.0,0.0,0.0,0.0,2.0,0.0,13,6,3,41.831086574000004,-87.617460542,POINT (-87.617460541867 41.831086574167),2021,820
O1140619,DRIVER,876ff8e243a305ca6860ee3cac26d4ca762f47b4c8b14def5ff8f17aa6a5e9cfac0e8fecfb9310a960b0bc58b3e2a081f664e31cd6b60e3c6d05c3d8664bb542,JE302920,1081939.0,07/15/2021 11:30:00 PM,CHICAGO,IL,60641,F,31.0,SAFETY BELT USED,DID NOT DEPLOY,NONE,NO INDICATION OF INJURY,NONE,NOT OBSCURED,NORMAL,TEST NOT OFFERED,2021,JE302920,07/15/2021 11:30:00 PM,30,TRAFFIC SIGNAL,FUNCTIONING PROPERLY,RAIN,"DARKNESS, LIGHTED ROAD",REAR END,DIVIDED - W/MEDIAN (NOT RAISED),STRAIGHT AND LEVEL,WET,NO DEFECTS,NOT ON SCENE (DESK REPORT),NO INJURY / DRIVE AWAY,Y,Y,"OVER $1,500",07/16/2021 12:10:00 AM,UNABLE TO DETERMINE,UNABLE TO DETERMINE,4645,W,BELMONT AVE,2521.0,2,NO INDICATION OF INJURY,0.0,0.0,0.0,0.0,0.0,2.0,0.0,23,5,7,41.938758473,-87.74392031200001,POINT (-87.743920312025 41.93875847344),2021,1410
O1172677,DRIVER,69a624433d25b1d41ef1f0a251b31f733b05b13f512dbc6547dbc8164c94760e96f2f45c46fa0b8b16b25b2ef91f5d6dc1fbf36319246a2be77411862a6929ea,JE355064,1112437.0,08/30/2021 09:47:00 AM,CHICAGO,IL,60619,F,62.0,SAFETY BELT USED,DID NOT DEPLOY,NONE,NO INDICATION OF INJURY,NONE,NOT OBSCURED,NORMAL,TEST NOT OFFERED,2021,JE355064,08/30/2021 09:47:00 AM,35,TRAFFIC SIGNAL,FUNCTIONING PROPERLY,CLEAR,DAYLIGHT,ANGLE,T-INTERSECTION,STRAIGHT AND LEVEL,DRY,NO DEFECTS,ON SCENE,NO INJURY / DRIVE AWAY,Y,Y,"$501 - $1,500",08/30/2021 09:50:00 AM,DISREGARDING TRAFFIC SIGNALS,FAILING TO REDUCE SPEED TO AVOID CRASH,7500,S,ST LAWRENCE AVE,624.0,2,NO INDICATION OF INJURY,0.0,0.0,0.0,0.0,0.0,2.0,0.0,9,2,8,41.758392809,-87.610400252,POINT (-87.610400252018 41.758392809135),2021,587
O1072918,DRIVER,fb48e40f5e3c8ca129a2c15128fda74e5f41678fce9a4f04760c6bfb9baee8b1b9e66a602459c9ef1bd0771ddfb2067fc5c21d91a8f365581d46f3be7b0a2a06,JE193478,1017522.0,04/08/2021 02:45:00 PM,CHICAGO,IL,60629,F,19.0,SAFETY BELT USED,DID NOT DEPLOY,NONE,NO INDICATION OF INJURY,DISREGARDED CONTROL DEVICES,NOT OBSCURED,NORMAL,TEST NOT OFFERED,2021,JE193478,04/08/2021 02:45:00 PM,30,STOP SIGN/FLASHER,FUNCTIONING PROPERLY,RAIN,DAYLIGHT,ANGLE,FOUR WAY,STRAIGHT AND LEVEL,WET,NO DEFECTS,ON SCENE,INJURY AND / OR TOW DUE TO CRASH,Y,N,"OVER $1,500",04/08/2021 03:00:00 PM,DISREGARDING STOP SIGN,NOT APPLICABLE,6500,S,CALIFORNIA AVE,831.0,2,NO INDICATION OF INJURY,0.0,0.0,0.0,0.0,0.0,3.0,0.0,14,5,4,41.775355946,-87.69344232200001,POINT (-87.693442322035 41.775355946163),2021,885
O1158135,DRIVER,8c8b14d146d53b67f3b7668737b253a33da1dc387cdbc44473b3ee7fc958491a1acfd6a02152a49a07278d7c9cf04c7483734c0b802fa6d67467621398542954,JE331502,1098593.0,08/09/2021 12:13:00 PM,CHICAGO,IL,60661,M,37.0,USAGE UNKNOWN,DID NOT DEPLOY,NONE,NO INDICATION OF INJURY,NONE,UNKNOWN,NORMAL,TEST NOT OFFERED,2021,JE331502,08/09/2021 12:13:00 PM,30,TRAFFIC SIGNAL,FUNCTIONING PROPERLY,CLEAR,DAYLIGHT,SIDESWIPE SAME DIRECTION,FOUR WAY,STRAIGHT AND LEVEL,UNKNOWN,UNKNOWN,ON SCENE,INJURY AND / OR TOW DUE TO CRASH,Y,Y,"OVER $1,500",08/09/2021 12:13:00 PM,IMPROPER OVERTAKING/PASSING,UNABLE TO DETERMINE,398,E,63RD ST,311.0,3,NONINCAPACITATING INJURY,1.0,0.0,0.0,1.0,0.0,2.0,0.0,12,2,8,41.780348231,-87.615658865,POINT (-87.615658864623 41.780348231316),2021,733
O1055680,DRIVER,b63b8f61b21375e405e560590eae14628e8e42b2500e026bfe222a6a22a69aec31f2eb261aee78f1d7c4488abc18df28e301c6087a96f8dac5db7ef7cef81927,JE163244,1001022.0,03/08/2021 08:58:00 PM,CHICAGO,IL,60647,M,50.0,USAGE UNKNOWN,"DEPLOYED, FRONT",NONE,NO INDICATION OF INJURY,IMPROPER LANE CHANGE,NOT OBSCURED,IMPAIRED - ALCOHOL,TEST TAKEN,2021,JE163244,03/08/2021 08:58:00 PM,30,TRAFFIC SIGNAL,FUNCTIONING PROPERLY,CLEAR,"DARKNESS, LIGHTED ROAD",SIDESWIPE SAME DIRECTION,FOUR WAY,STRAIGHT AND LEVEL,DRY,NO DEFECTS,ON SCENE,INJURY AND / OR TOW DUE TO CRASH,Y,N,"OVER $1,500",03/08/2021 09:03:00 PM,IMPROPER LANE USAGE,FAILING TO YIELD RIGHT-OF-WAY,2158,W,TAYLOR ST,1225.0,3,NONINCAPACITATING INJURY,2.0,0.0,0.0,2.0,0.0,3.0,0.0,20,2,3,41.869156976999996,-87.68060881,POINT (-87.680608810294 41.86915697687),2021,1258
O1055151,DRIVER,1a469c1f57d227bf57c8feaa11d93a451dd70b3977a3bfb22dc7a9f938e58be79bddfad7daca1ea618f9641c79d3fc1c3b285a09db031f116a0c01f97acc580b,JE162117,1000510.0,03/07/2021 06:30:00 PM,CHICAGO,IL,60649,F,25.0,SAFETY BELT USED,NOT APPLICABLE,NONE,NO INDICATION OF INJURY,NONE,NOT OBSCURED,NORMAL,TEST NOT OFFERED,2021,JE162117,03/07/2021 06:30:00 PM,35,NO CONTROLS,NO CONTROLS,CLEAR,DUSK,REAR END,NOT DIVIDED,STRAIGHT AND LEVEL,DRY,NO DEFECTS,ON SCENE,NO INJURY / DRIVE AWAY,Y,Y,"$501 - $1,500",03/07/2021 06:37:00 PM,FAILING TO REDUCE SPEED TO AVOID CRASH,FAILING TO YIELD RIGHT-OF-WAY,1600,E,87TH ST,412.0,2,NO INDICATION OF INJURY,0.0,0.0,0.0,0.0,0.0,3.0,0.0,18,1,3,41.737030992,-87.58508645399999,POINT (-87.585086453532 41.737030992315),2021,1110
O1223039,DRIVER,5617b72ab5ac7754892dcc27995ee27ec65751f842de0081d16207ff95613c23ddb27f802f97a9a4235c7c80f1d6f04448242e1f382a26b550a71dbe10cadd4b,JE438214,1160575.0,11/08/2021 12:50:00 PM,BRIDGEVIEW,IL,60455,M,36.0,USAGE UNKNOWN,DEPLOYMENT UNKNOWN,NONE,NONINCAPACITATING INJURY,UNKNOWN,UNKNOWN,UNKNOWN,TEST NOT OFFERED,2021,JE438214,11/08/2021 12:50:00 PM,15,UNKNOWN,NO CONTROLS,CLEAR,DAYLIGHT,PARKED MOTOR VEHICLE,NOT DIVIDED,STRAIGHT AND LEVEL,DRY,NO DEFECTS,ON SCENE,INJURY AND / OR TOW DUE TO CRASH,Y,N,"OVER $1,500",11/08/2021 12:55:00 PM,UNABLE TO DETERMINE,UNABLE TO DETERMINE,6502,S,BISHOP ST,725.0,2,NONINCAPACITATING INJURY,1.0,0.0,0.0,1.0,0.0,0.0,0.0,12,2,11,41.775734278,-87.660615112,POINT (-87.66061511204 41.77573427804),2021,770
O1249468,DRIVER,387b714b7d80f432ea9d723fc0f6b85777dc77f860a22aa52ec3024641e43a2852b9b5dca2d33a0b78ce3658e7f6a1f2fa5fd199d7f3062504b4931bce008b82,JE482322,1185961.0,12/19/2021 01:35:00 AM,MAYWOOD,IL,60153,M,35.0,SAFETY BELT USED,DID NOT DEPLOY,NONE,NO INDICATION OF INJURY,NONE,NOT OBSCURED,NORMAL,TEST NOT OFFERED,2021,JE482322,12/19/2021 01:35:00 AM,35,TRAFFIC SIGNAL,FUNCTIONING PROPERLY,CLEAR,DARKNESS,REAR END,NOT DIVIDED,STRAIGHT AND LEVEL,DRY,NO DEFECTS,NOT ON SCENE (DESK REPORT),NO INJURY / DRIVE AWAY,Y,Y,"OVER $1,500",12/19/2021 02:20:00 AM,FAILING TO YIELD RIGHT-OF-WAY,FAILING TO YIELD RIGHT-OF-WAY,408,S,WELLS ST,122.0,2,NO INDICATION OF INJURY,0.0,0.0,0.0,0.0,0.0,2.0,0.0,1,1,12,41.876603277,-87.63383461299999,POINT (-87.633834612566 41.876603276863),2021,95
O1217641,DRIVER,060de650097a78f16770eeff5eb3505785b5fe4eff1303a33274dfd106444f2df228660cb85936d846431b01ab3261491c4112ae243e4c17cc944e6d3af5ac94,JE429169,1155405.0,10/31/2021 03:20:00 PM,CHICAGO,IL,60643,F,74.0,USAGE UNKNOWN,NOT APPLICABLE,NONE,NO INDICATION OF INJURY,NONE,NOT OBSCURED,NORMAL,TEST NOT OFFERED,2021,JE429169,10/31/2021 03:20:00 PM,30,TRAFFIC SIGNAL,FUNCTIONING PROPERLY,CLEAR,DAYLIGHT,ANGLE,FOUR WAY,"CURVE, LEVEL",DRY,NO DEFECTS,NOT ON SCENE (DESK REPORT),NO INJURY / DRIVE AWAY,Y,Y,"$501 - $1,500",10/31/2021 04:00:00 PM,DISREGARDING TRAFFIC SIGNALS,UNABLE TO DETERMINE,2000,E,MARQUETTE DR,331.0,3,NO INDICATION OF INJURY,0.0,0.0,0.0,0.0,0.0,3.0,0.0,15,1,10,41.775769881,-87.57634735200001,POINT (-87.57634735179 41.775769880715),2021,920
O1066238,DRIVER,c06859ec02636bda6b8b146b5f2fa60ec0e6b39ee4fb7907d5afb8700f75981b0b14b34d3cdd9cfeecb3d932e711d10a38d2cfe628914413ce338870ca08984b,JE181325,1011202.0,03/27/2021 12:21:00 PM,CHICAGO,IL,60629,M,53.0,SAFETY BELT USED,DID NOT DEPLOY,NONE,NO INDICATION OF INJURY,NONE,NOT OBSCURED,NORMAL,TEST NOT OFFERED,2021,JE181325,03/27/2021 12:21:00 PM,30,STOP SIGN/FLASHER,FUNCTIONING PROPERLY,CLEAR,DAYLIGHT,TURNING,FOUR WAY,STRAIGHT AND LEVEL,DRY,NO DEFECTS,NOT ON SCENE (DESK REPORT),NO INJURY / DRIVE AWAY,Y,Y,"$501 - $1,500",03/27/2021 12:41:00 PM,UNABLE TO DETERMINE,FAILING TO YIELD RIGHT-OF-WAY,4300,S,MARSHFIELD AVE,924.0,2,NO INDICATION OF INJURY,0.0,0.0,0.0,0.0,0.0,2.0,0.0,12,7,3,41.815764209,-87.66653263100001,POINT (-87.666532631298 41.81576420863),2021,741
O1146864,DRIVER,762e31cdb7a5564d42ba49205bdbece457f596ca572d20a9cba0e3964d07734cfc6b0300605cdd535e80f3933e847ef4f5f23e827da8f4afafecdfa15c6d69df,JE312905,1087884.0,07/24/2021 07:45:00 AM,CHICAGO,IL,60609,F,24.0,USAGE UNKNOWN,DID NOT DEPLOY,NONE,NO INDICATION OF INJURY,UNKNOWN,UNKNOWN,EMOTIONAL,TEST NOT OFFERED,2021,JE312905,07/24/2021 07:45:00 AM,30,STOP SIGN/FLASHER,FUNCTIONING PROPERLY,CLEAR,DAYLIGHT,HEAD ON,FOUR WAY,STRAIGHT AND LEVEL,UNKNOWN,UNKNOWN,ON SCENE,INJURY AND / OR TOW DUE TO CRASH,Y,Y,"OVER $1,500",07/24/2021 08:00:00 AM,DISREGARDING STOP SIGN,DISREGARDING STOP SIGN,4600,S,FAIRFIELD AVE,922.0,3,NO INDICATION OF INJURY,0.0,0.0,0.0,0.0,0.0,4.0,0.0,7,7,7,41.810001478000004,-87.69318135200001,POINT (-87.69318135231 41.810001478301),2021,465
O1182291,DRIVER,f84f01686009f7ebb1707819352d205022848c32b749ff17796ba5251af0622c08cd5f22e312ecdfd3b5824aad943bb88fda5015cc4bcfff566982d84fa1706c,JE371167,1121658.0,09/12/2021 07:30:00 PM,CHICAGO,IL,60617,M,29.0,USAGE UNKNOWN,DID NOT DEPLOY,NONE,NO INDICATION OF INJURY,NONE,UNKNOWN,UNKNOWN,TEST NOT OFFERED,2021,JE371167,09/12/2021 07:30:00 PM,30,STOP SIGN/FLASHER,NO CONTROLS,CLEAR,DUSK,TURNING,NOT DIVIDED,STRAIGHT AND LEVEL,DRY,NO DEFECTS,ON SCENE,INJURY AND / OR TOW DUE TO CRASH,Y,Y,"OVER $1,500",09/12/2021 08:45:00 PM,DISREGARDING STOP SIGN,NOT APPLICABLE,3600,W,27TH ST,1032.0,2,NO INDICATION OF INJURY,0.0,0.0,0.0,0.0,0.0,4.0,0.0,19,1,9,41.842659965,-87.71480393799999,POINT (-87.714803937758 41.842659965206),2021,1170
O1157838,DRIVER,1b5764491025f7e7606b4e98eeea5fdc9837850a47f79ff1c1d3bdcdba6ff120ecb9ff0934987bf8819fcef07fa03ad386804393c2e8fca2f942959350d54d6e,JE331011,1098366.0,08/08/2021 08:15:00 PM,MIDLOTHIAN,IL,60445,F,27.0,SAFETY BELT USED,DID NOT DEPLOY,NONE,NONINCAPACITATING INJURY,UNKNOWN,NOT OBSCURED,NORMAL,TEST NOT OFFERED,2021,JE331011,08/08/2021 08:15:00 PM,30,TRAFFIC SIGNAL,FUNCTIONING PROPERLY,CLEAR,"DARKNESS, LIGHTED ROAD",TURNING,ONE-WAY,STRAIGHT AND LEVEL,WET,NO DEFECTS,NOT ON SCENE (DESK REPORT),INJURY AND / OR TOW DUE TO CRASH,Y,N,"OVER $1,500",08/08/2021 10:30:00 PM,NOT APPLICABLE,NOT APPLICABLE,45,E,JACKSON BLVD,113.0,2,NONINCAPACITATING INJURY,1.0,0.0,0.0,1.0,0.0,1.0,0.0,20,1,8,41.878139924,-87.62591972700001,POINT (-87.62591972721 41.878139924331),2021,1215
O1075028,DRIVER,8714f7ae2f1d6bea9ae21881e283f85fcf8a612cacbb25dd6e182e2531f880c56c3e1724568d849cb596ba70ff9a06f37990ab9cd084b74be1d537790170b48f,JE196873,1019535.0,04/12/2021 07:50:00 AM,MIDLOTHIAN,IL,60445,X,40.0,SAFETY BELT USED,DID NOT DEPLOY,NONE,NO INDICATION OF INJURY,NONE,NOT OBSCURED,NORMAL,TEST NOT OFFERED,2021,JE196873,04/12/2021 07:50:00 AM,35,TRAFFIC SIGNAL,FUNCTIONING PROPERLY,CLOUDY/OVERCAST,DAYLIGHT,REAR END,FOUR WAY,STRAIGHT AND LEVEL,DRY,NO DEFECTS,NOT ON SCENE (DESK REPORT),NO INJURY / DRIVE AWAY,Y,Y,"$501 - $1,500",04/12/2021 08:15:00 AM,FOLLOWING TOO CLOSELY,NOT APPLICABLE,2401,W,59TH ST,824.0,2,NO INDICATION OF INJURY,0.0,0.0,0.0,0.0,0.0,3.0,0.0,7,2,4,41.786428498,-87.68391637100001,POINT (-87.683916370912 41.786428498189),2021,470