PERSON_ID,PERSON_TYPE,CRASH_RECORD_ID,RD_NO_x,VEHICLE_ID,CRASH_DATE_x,CITY,STATE,ZIPCODE,SEX,AGE,SAFETY_EQUIPMENT,AIRBAG_DEPLOYED,EJECTION,INJURY_CLASSIFICATION,DRIVER_ACTION,DRIVER_VISION,PHYSICAL_CONDITION,BAC_RESULT,CRASH_YEAR_x,RD_NO_y,CRASH_DATE_y,POSTED_SPEED_LIMIT,TRAFFIC_CONTROL_DEVICE,DEVICE_CONDITION,WEATHER_CONDITION,LIGHTING_CONDITION,FIRST_CRASH_TYPE,TRAFFICWAY_TYPE,ALIGNMENT,ROADWAY_SURFACE_COND,ROAD_DEFECT,REPORT_TYPE,CRASH_TYPE,INTERSECTION_RELATED_I,HIT_AND_RUN_I,DAMAGE,DATE_POLICE_NOTIFIED,PRIM_CONTRIBUTORY_CAUSE,SEC_CONTRIBUTORY_CAUSE,STREET_NO,STREET_DIRECTION,STREET_NAME,BEAT_OF_OCCURRENCE,NUM_UNITS,MOST_SEVERE_INJURY,INJURIES_TOTAL,INJURIES_FATAL,INJURIES_INCAPACITATING,INJURIES_NON_INCAPACITATING,INJURIES_REPORTED_NOT_EVIDENT,INJURIES_NO_INDICATION,INJURIES_UNKNOWN,CRASH_HOUR,CRASH_DAY_OF_WEEK,CRASH_MONTH,LATITUDE,LONGITUDE,LOCATION,CRASH_YEAR_y,TIME
O1018878,DRIVER,6a8193bc7b33e9c6088545d33807ab6320c666c0b37ed3eff72100b1f7adec2c7c3cc69266fc31860cb301c48b90af704645c58ec379f02707851172d2bc3a43,JE101747,965703.0,01/02/2021 11:50:00 PM,CHICAGO,IL,60629,M,28.0,USAGE UNKNOWN,"DEPLOYED, SIDE",NONE,NO INDICATION OF INJURY,NONE,UNKNOWN,UNKNOWN,TEST NOT OFFERED,2021,JE101747,01/02/2021 11:50:00 PM,30,STOP SIGN/FLASHER,FUNCTIONING PROPERLY,CLEAR,"DARKNESS, LIGHTED ROAD",ANGLE,NOT DIVIDED,STRAIGHT AND LEVEL,DRY,UNKNOWN,ON SCENE,NO INJURY / DRIVE AWAY,Y,Y,"$501 - $1,500",01/02/2021 11:55:00 PM,UNABLE TO DETERMINE,UNABLE TO DETERMINE,3900,W,MARQUETTE RD,833.0,2,NO INDICATION OF INJURY,0.0,0.0,0.0,0.0,0.0,3.0,0.0,23,7,1,41.771519453,-87.720250219,POINT (-87.720250219473 41.771519453472),2021,1430
O1073225,DRIVER,e22f505bea7d0a547f172050e668b401f74dfde5cd9678a089a5bdd9faf29f3e4b5de2fc7840c42785d7ae52ec3120e2291799a9804fed3d55603122ab34aff8,JE193858,1017825.0,03/29/2021 07:00:00 AM,CHICAGO,IL,60620,F,33.0,SAFETY BELT USED,NOT APPLICABLE,NONE,NONINCAPACITATING INJURY,NONE,NOT OBSCURED,NORMAL,TEST NOT OFFERED,2021,JE193858,03/29/2021 07:00:00 AM,30,STOP SIGN/FLASHER,FUNCTIONING PROPERLY,CLEAR,DAYLIGHT,REAR END,DIVIDED - W/MEDIAN (NOT RAISED),STRAIGHT AND LEVEL,DRY,NO DEFECTS,NOT ON SCENE (DESK REPORT),INJURY AND / OR TOW DUE TO CRASH,Y,Y,"OVER $1,500",04/08/2021 09:30:00 PM,UNABLE TO DETERMINE,UNABLE TO DETERMINE,4700,S,SEELEY AVE,931.0,2,NONINCAPACITATING INJURY,1.0,0.0,0.0,1.0,0.0,1.0,0.0,7,2,3,41.808410874,-87.67604575200001,POINT (-87.676045751533 41.80841087374),2021,420
O1146668,DRIVER,65cb78a0e17f125d1513215939d5ab31428bd6ed5df73c7b1da6a42a5b80c9179d91e4dcf4a698592e964f0278bb095d3368c95515cb73e415100e11799275a4,JE312659,1087679.0,07/24/2021 02:40:00 PM,CHICAGO,IL,60628,M,41.0,USAGE UNKNOWN,DEPLOYMENT UNKNOWN,NONE,NO INDICATION OF INJURY,IMPROPER PARKING,UNKNOWN,OTHER,TEST NOT OFFERED,2021,JE312659,07/24/2021 02:40:00 PM,30,TRAFFIC SIGNAL,FUNCTIONING PROPERLY,CLOUDY/OVERCAST,DAYLIGHT,SIDESWIPE SAME DIRECTION,DIVIDED - W/MEDIAN BARRIER,STRAIGHT AND LEVEL,DRY,NO DEFECTS,ON SCENE,INJURY AND / OR TOW DUE TO CRASH,Y,Y,"OVER $1,500",07/24/2021 04:01:00 PM,DISREGARDING ROAD MARKINGS,IMPROPER OVERTAKING/PASSING,50,W,76TH ST,623.0,2,NO INDICATION OF INJURY,0.0,0.0,0.0,0.0,0.0,2.0,0.0,14,7,7,41.756465064000004,-87.626652396,POINT (-87.62665239551 41.756465063907),2021,880
O1210250,DRIVER,3269c6a784a5652db71d634f02b05b51993ecda65e1055c46158c7016c86c6a45ff60cf18193693322bb42928364e104d7db8f09569ee5aee41938d421aa4774,JE418074,1148327.0,10/21/2021 09:31:00 PM,CHICAGO,IL,60653,M,61.0,SAFETY BELT USED,NOT APPLICABLE,NONE,NO INDICATION OF INJURY,NONE,NOT OBSCURED,NORMAL,TEST NOT OFFERED,2021,JE418074,10/21/2021 09:31:00 PM,30,STOP SIGN/FLASHER,NO CONTROLS,CLEAR,"DARKNESS, LIGHTED ROAD",TURNING,NOT DIVIDED,STRAIGHT AND LEVEL,DRY,NO DEFECTS,ON SCENE,INJURY AND / OR TOW DUE TO CRASH,Y,Y,"OVER $1,500",10/21/2021 09:31:00 PM,UNABLE TO DETERMINE,UNABLE TO DETERMINE,4148,S,VINCENNES AVE,214.0,2,NO INDICATION OF INJURY,0.0,0.0,0.0,0.0,0.0,3.0,0.0,21,5,10,41.818882416,-87.61383426799999,POINT (-87.613834267512 41.818882416121),2021,1291
O1082715,DRIVER,ac3f9b85a29068480fd6c11e52ef694742e2c3a5e76f0558a17c90432e432a48c2a4a89ed033e7819ce0d2b174758c80dbe269375cee6c60cfeaf3a88cbc2d14,JE209798,1026876.0,04/25/2021 03:47:00 PM,BURBANK,IL,60459,M,45.0,USAGE UNKNOWN,"DEPLOYED, SIDE",NONE,"REPORTED, NOT EVIDENT",NONE,NOT OBSCURED,NORMAL,TEST NOT OFFERED,2021,JE209798,04/25/2021 03:47:00 PM,30,TRAFFIC SIGNAL,FUNCTIONING PROPERLY,CLEAR,DAYLIGHT,ANGLE,FOUR WAY,STRAIGHT AND LEVEL,DRY,NO DEFECTS,ON SCENE,INJURY AND / OR TOW DUE TO CRASH,Y,Y,"OVER $1,500",04/25/2021 03:49:00 PM,DISREGARDING OTHER TRAFFIC SIGNS,FAILING TO REDUCE SPEED TO AVOID CRASH,6700,S,MORGAN ST,724.0,2,"REPORTED, NOT EVIDENT",1.0,0.0,0.0,0.0,1.0,1.0,0.0,15,1,4,41.772311366,-87.649599279,POINT (-87.649599279329 41.77231136624),2021,947
O1233224,DRIVER,f9b048118b4bbfd5e29f0e11813161eeea24c1d6ef3c9cba3e2117482c11474b555cebe2e43f23566c82deb471320d47ebcfcf2c23c8b6b43defeeb8ecc5a553,JE455138,1170383.0,11/23/2021 08:10:00 PM,HAMMOND,IN,46323,F,54.0,USAGE UNKNOWN,DID NOT DEPLOY,NONE,NO INDICATION OF INJURY,NONE,NOT OBSCURED,NORMAL,TEST NOT OFFERED,2021,JE455138,11/23/2021 08:10:00 PM,30,TRAFFIC SIGNAL,FUNCTIONING PROPERLY,CLEAR,"DARKNESS, LIGHTED ROAD",TURNING,NOT DIVIDED,STRAIGHT AND LEVEL,DRY,NO DEFECTS,ON SCENE,INJURY AND / OR TOW DUE TO CRASH,Y,Y,"OVER $1,500",11/23/2021 08:15:00 PM,IMPROPER TURNING/NO SIGNAL,DISREGARDING TRAFFIC SIGNALS,2000,S,WABASH AVE,131.0,2,NO INDICATION OF INJURY,0.0,0.0,0.0,0.0,0.0,2.0,0.0,20,3,11,41.855406230999996,-87.625704238,POINT (-87.625704238448 41.855406230934),2021,1210
O1031270,DRIVER,48a6ad7c2fbd0f8f7d1cccec45e27f63f270a44829393a00c695ede1ee2bd1af146a63a1caf9772df7f81a971e79954141f4270c3f14338247a3d925170ef730,JE125059,977457.0,01/27/2021 02:00:00 PM,MATTESON,IL,60443,M,40.0,SAFETY BELT USED,DID NOT DEPLOY,NONE,"REPORTED, NOT EVIDENT",NONE,NOT OBSCURED,NORMAL,TEST NOT OFFERED,2021,JE125059,01/27/2021 02:00:00 PM,30,TRAFFIC SIGNAL,FUNCTIONING PROPERLY,CLEAR,DAYLIGHT,REAR END,NOT DIVIDED,STRAIGHT ON GRADE,WET,NO DEFECTS,NOT ON SCENE (DESK REPORT),INJURY AND / OR TOW DUE TO CRASH,Y,Y,"$501 - $1,500",01/27/2021 07:30:00 PM,FAILING TO REDUCE SPEED TO AVOID CRASH,NOT APPLICABLE,11105,S,CICERO AVE,2211.0,2,"REPORTED, NOT EVIDENT",1.0,0.0,0.0,0.0,1.0,2.0,0.0,14,4,1,41.690661588000005,-87.739583875,POINT (-87.73958387535 41.690661588195),2021,840
O1147755,DRIVER,a48b3e6c00f313e0b0cf6f4ed0acc05a69f9f90ac2917e89a23c7e36317044ae7537c104d4623dc55700a70d9ed066d1bc117ea1dea0897a23dc1a7bf4c25398,JE314218,1088721.0,07/25/2021 10:00:00 PM,CHICAGO,IL,60619,M,52.0,USAGE UNKNOWN,DEPLOYMENT UNKNOWN,NONE,NONINCAPACITATING INJURY,FAILED TO YIELD,NOT OBSCURED,NORMAL,TEST NOT OFFERED,2021,JE314218,07/25/2021 10:00:00 PM,35,STOP SIGN/FLASHER,FUNCTIONING PROPERLY,CLEAR,"DARKNESS, LIGHTED ROAD",ANGLE,DIVIDED - W/MEDIAN BARRIER,STRAIGHT AND LEVEL,DRY,NO DEFECTS,ON SCENE,INJURY AND / OR TOW DUE TO CRASH,Y,Y,"OVER $1,500",07/25/2021 10:00:00 PM,UNABLE TO DETERMINE,NOT APPLICABLE,1600,E,92ND ST,413.0,2,INCAPACITATING INJURY,2.0,0.0,1.0,1.0,0.0,1.0,0.0,22,1,7,41.727926903000004,-87.58490486,POINT (-87.584904860136 41.727926902539),2021,1320
O1168033,DRIVER,dc9cc6be24850b41f2ee555c456d2a66fb3b889f4d6faf562b2c577388cada57e2687356f66e267a8c2784f881da34790790b9b84457cf5ea770ac2353ea184a,JE347590,1108017.0,08/23/2021 06:14:00 PM,CHICAGO,IL,60641,F,30.0,SAFETY BELT USED,DID NOT DEPLOY,NONE,NO INDICATION OF INJURY,NONE,NOT OBSCURED,NORMAL,TEST NOT OFFERED,2021,JE347590,08/23/2021 06:14:00 PM,30,TRAFFIC SIGNAL,FUNCTIONING PROPERLY,CLEAR,DUSK,REAR END,DIVIDED - W/MEDIAN (NOT RAISED),STRAIGHT AND LEVEL,DRY,NO DEFECTS,ON SCENE,INJURY AND / OR TOW DUE TO CRASH,N,Y,"OVER $1,500",08/23/2021 06:43:00 PM,FAILING TO REDUCE SPEED TO AVOID CRASH,NOT APPLICABLE,601,N,AUSTIN BLVD,1511.0,3,NO INDICATION OF INJURY,0.0,0.0,0.0,0.0,0.0,5.0,0.0,18,2,8,41.89104721,-87.774861084,POINT (-87.774861083956 41.891047210146),2021,1094
O1149961,DRIVER,f5e31af917047a4a92a337836dd08db067d0a84f13e902c2ec9c0633a89803b91d6a818cbef98113d8c1c2cefeed252e96f5c0b0f8353809c0e2cc3b05ba6401,JE318099,1090812.0,07/29/2021 05:10:00 AM,CHICAGO,IL,60616,M,39.0,SAFETY BELT USED,DID NOT DEPLOY,NONE,NO INDICATION OF INJURY,NONE,NOT OBSCURED,NORMAL,TEST NOT OFFERED,2021,JE318099,07/29/2021 05:10:00 AM,30,STOP SIGN/FLASHER,NO CONTROLS,CLEAR,DAYLIGHT,ANGLE,UNKNOWN INTERSECTION TYPE,STRAIGHT AND LEVEL,DRY,NO DEFECTS,ON SCENE,INJURY AND / OR TOW DUE TO CRASH,Y,Y,"OVER $1,500",07/29/2021 07:10:00 AM,DISREGARDING TRAFFIC SIGNALS,UNABLE TO DETERMINE,201,W,31ST ST,915.0,2,NO INDICATION OF INJURY,0.0,0.0,0.0,0.0,0.0,2.0,0.0,5,5,7,41.838125513,-87.631734833,POINT (-87.63173483258 41.838125512977),2021,310
O1205775,DRIVER,0c60a649f8b3341183a78e350922c89ad8dec3d12b9224aa7e050f4beee1338b8872de225dec6bcafb16a0b1143149e3d2f66c7f18adf9918954336c0159f084,JE410642,1144098.0,10/15/2021 01:54:00 PM,CHICAGO,IL,60621,F,31.0,USAGE UNKNOWN,DID NOT DEPLOY,NONE,NO INDICATION OF INJURY,NONE,NOT OBSCURED,NORMAL,TEST NOT OFFERED,2021,JE410642,10/15/2021 01:54:00 PM,30,STOP SIGN/FLASHER,FUNCTIONING PROPERLY,CLEAR,DAYLIGHT,SIDESWIPE SAME DIRECTION,DIVIDED - W/MEDIAN (NOT RAISED),STRAIGHT AND LEVEL,WET,NO DEFECTS,ON SCENE,NO INJURY / DRIVE AWAY,Y,Y,$500 OR LESS,10/15/2021 01:54:00 PM,"OPERATING VEHICLE IN ERRATIC, RECKLESS, CARELESS, NEGLIGENT OR AGGRESSIVE MANNER",NOT APPLICABLE,2500,E,76TH ST,421.0,2,NO INDICATION OF INJURY,0.0,0.0,0.0,0.0,0.0,2.0,0.0,13,6,10,41.757315235,-87.563853492,POINT (-87.563853492495 41.757315234691),2021,834
O1222889,DRIVER,c2ef82dff410c01c43f6103b4f23d76f53bf521a1a51ca868370d82272af4d8c62ee689cbbe677a3c911ccedec5548e42f972f64b47e16e3c01a5940a98fcffb,JE437954,1160428.0,11/08/2021 09:45:00 AM,CHICAGO,IL,60620,M,65.0,SAFETY BELT USED,NOT APPLICABLE,NONE,NO INDICATION OF INJURY,UNKNOWN,NOT OBSCURED,NORMAL,TEST NOT OFFERED,2021,JE437954,11/08/2021 09:45:00 AM,35,TRAFFIC SIGNAL,FUNCTIONING PROPERLY,CLEAR,DAYLIGHT,TURNING,NOT DIVIDED,STRAIGHT AND LEVEL,DRY,SHOULDER DEFECT,ON SCENE,NO INJURY / DRIVE AWAY,Y,Y,"OVER $1,500",11/08/2021 09:45:00 AM,IMPROPER OVERTAKING/PASSING,FAILING TO YIELD RIGHT-OF-WAY,7057,S,WENTWORTH AVE,731.0,2,NO INDICATION OF INJURY,0.0,0.0,0.0,0.0,0.0,2.0,0.0,9,2,11,41.765584995,-87.62962878,POINT (-87.629628779863 41.765584995359),2021,585
O1179537,DRIVER,28e3af27831e256d9cf3dd5df6905c0fb435287e8b2aeed9fe9a1fcfd17ff3c6e82a9e5594b60b570a776a0e2f8a8bbbb99a8859a2e5a43115982474e9ca6bf8,JE366529,1119050.0,09/08/2021 07:55:00 PM,CHICAGO,IL,60624,F,34.0,SAFETY BELT USED,DID NOT DEPLOY,NONE,NO INDICATION OF INJURY,NONE,UNKNOWN,NORMAL,TEST NOT OFFERED,2021,JE366529,09/08/2021 07:55:00 PM,30,TRAFFIC SIGNAL,FUNCTIONING IMPROPERLY,CLEAR,"DARKNESS, LIGHTED ROAD",ANGLE,DIVIDED - W/MEDIAN (NOT RAISED),STRAIGHT AND LEVEL,DRY,UNKNOWN,ON SCENE,NO INJURY / DRIVE AWAY,Y,Y,"OVER $1,500",09/08/2021 07:55:00 PM,DISREGARDING TRAFFIC SIGNALS,NOT APPLICABLE,299,S,HOMAN AVE,1124.0,2,NO INDICATION OF INJURY,0.0,0.0,0.0,0.0,0.0,4.0,0.0,19,4,9,41.877334529,-87.71074237200001,POINT (-87.710742372296 41.87733452901),2021,1195
O1179638,DRIVER,a61f301d848948e5fa981356c0c3879f52533772157eb3fd73644714dd3d74ea89f05311e1061f10e0c6913e3505f93bbafc024b8517f4a42bfbf041712d017c,JE366766,1119137.0,09/09/2021 01:36:00 AM,CHICAGO,IL,60629,F,26.0,USAGE UNKNOWN,DID NOT DEPLOY,NONE,NO INDICATION OF INJURY,DISREGARDED CONTROL DEVICES,UNKNOWN,UNKNOWN,TEST NOT OFFERED,2021,JE366766,09/09/2021 01:36:00 AM,30,TRAFFIC SIGNAL,FUNCTIONING PROPERLY,CLEAR,"DARKNESS, LIGHTED ROAD",ANGLE,FOUR WAY,STRAIGHT AND LEVEL,DRY,NO DEFECTS,ON SCENE,INJURY AND / OR TOW DUE TO CRASH,Y,Y,"OVER $1,500",09/09/2021 01:36:00 AM,DISREGARDING TRAFFIC SIGNALS,FAILING TO YIELD RIGHT-OF-WAY,2200,S,CALIFORNIA AVE,1033.0,2,"REPORTED, NOT EVIDENT",1.0,0.0,0.0,0.0,1.0,4.0,0.0,1,5,9,41.851854306,-87.695591395,POINT (-87.695591394946 41.851854305869),2021,96
O1188805,DRIVER,be442827ad97cc1306330901529798e0048bd4aeb18f9817a85a86ac883ccde73dcedcc0956db90b09b007f046ad4fd2c025802306d25597b19c49fa68c8cd8f,JE381855,1127884.0,09/21/2021 10:15:00 AM,ROLLING MEADOWS,IL,60008,M,48.0,USAGE UNKNOWN,DID NOT DEPLOY,NONE,NO INDICATION OF INJURY,NONE,NOT OBSCURED,NORMAL,TEST NOT OFFERED,2021,JE381855,09/21/2021 10:15:00 AM,30,TRAFFIC SIGNAL,FUNCTIONING PROPERLY,RAIN,DAYLIGHT,REAR END,FOUR WAY,STRAIGHT AND LEVEL,WET,NO DEFECTS,ON SCENE,NO INJURY / DRIVE AWAY,N,Y,"OVER $1,500",09/21/2021 10:17:00 AM,NOT APPLICABLE,NOT APPLICABLE,4644,S,ASHLAND AVE,924.0,3,NO INDICATION OF INJURY,0.0,0.0,0.0,0.0,0.0,4.0,0.0,10,3,9,41.80913068,-87.66513082700001,POINT (-87.665130827088 41.809130679824),2021,615
O1027775,DRIVER,47859da8764e50b689c4b58c35418da67ee6e540f278ae52c028254e47e4853c86aeb34797a51127134b9c0155c7983d05b149834a8f4afc8717826260df59d4,JE118579,974124.0,01/20/2021 10:45:00 PM,CHICAGO,IL,60629,M,47.0,SAFETY BELT USED,DID NOT DEPLOY,NONE,NO INDICATION OF INJURY,NONE,NOT OBSCURED,NORMAL,TEST NOT OFFERED,2021,JE118579,01/20/2021 10:45:00 PM,30,STOP SIGN/FLASHER,FUNCTIONING PROPERLY,CLEAR,"DARKNESS, LIGHTED ROAD",ANGLE,NOT DIVIDED,STRAIGHT AND LEVEL,SNOW OR SLUSH,NO DEFECTS,NOT ON SCENE (DESK REPORT),NO INJURY / DRIVE AWAY,Y,Y,"OVER $1,500",01/20/2021 11:10:00 PM,DISREGARDING STOP SIGN,NOT APPLICABLE,200,S,LAFLIN ST,1231.0,2,NO INDICATION OF INJURY,0.0,0.0,0.0,0.0,0.0,2.0,0.0,22,4,1,41.878872401,-87.664496405,POINT (-87.664496404541 41.878872400708),2021,1365
O1172402,DRIVER,d2ceb6cd32cfc3f29c35a2ff9b7fe42fbbff59ea9b9c3096bc434e6721081e91ca8dedb5aea480293e4bd297233a379c83d3a9146189a714249fa23cf3fe8fc8,JE354660,1112173.0,08/29/2021 06:50:00 PM,CICERO,IL,60804,F,49.0,USAGE UNKNOWN,DEPLOYMENT UNKNOWN,NONE,NO INDICATION OF INJURY,NONE,UNKNOWN,NORMAL,TEST NOT OFFERED,2021,JE354660,08/29/2021 06:50:00 PM,30,NO CONTROLS,NO CONTROLS,UNKNOWN,UNKNOWN,ANGLE,NOT DIVIDED,STRAIGHT AND LEVEL,UNKNOWN,UNKNOWN,NOT ON SCENE (DESK REPORT),NO INJURY / DRIVE AWAY,N,Y,"OVER $1,500",08/29/2021 09:15:00 PM,UNABLE TO DETERMINE,NOT APPLICABLE,1814,S,HOYNE AVE,1234.0,2,NO INDICATION OF INJURY,0.0,0.0,0.0,0.0,0.0,3.0,0.0,18,1,8,41.857107206,-87.678578534,POINT (-87.678578533966 41.857107205637),2021,1130
O1242944,DRIVER,01f5edf9912cbe0d6440607cf21f018c68775c21349e25a9c7e2dfbb8ede8827bfadf6e186de285966ea3db9dda602d0865b1ec2eb41aad75d2922ec4f9ca266,JE472135,1179687.0,12/10/2021 04:10:00 AM,WILMETTE,IL,60091,M,23.0,USAGE UNKNOWN,"DEPLOYED, SIDE",NONE,NO INDICATION OF INJURY,DISREGARDED CONTROL DEVICES,NOT OBSCURED,NORMAL,TEST NOT OFFERED,2021,JE472135,12/10/2021 04:10:00 AM,30,TRAFFIC SIGNAL,FUNCTIONING PROPERLY,CLEAR,"DARKNESS, LIGHTED ROAD",ANGLE,DIVIDED - W/MEDIAN (NOT RAISED),STRAIGHT AND LEVEL,DRY,NO DEFECTS,ON SCENE,INJURY AND / OR TOW DUE TO CRASH,Y,Y,"OVER $1,500",12/10/2021 04:17:00 AM,DISREGARDING TRAFFIC SIGNALS,UNABLE TO DETERMINE,2799,W,DEVON AVE,2413.0,2,NO INDICATION OF INJURY,0.0,0.0,0.0,0.0,0.0,2.0,0.0,4,6,12,41.997452094,-87.699578283,POINT (-87.699578282978 41.997452093787),2021,250
O1075840,DRIVER,b34e7eaf85852c5e1c41f20bd3f1634c39a475203922d964c486c2a1cb3974b6a57f3b3d3d8920032635186fe0694f60de058a6f3d06a49195f83d91bdea0448,JE198222,1020299.0,04/13/2021 01:14:00 PM,CHICAGO,IL,60619,M,48.0,USAGE UNKNOWN,DID NOT DEPLOY,NONE,NO INDICATION OF INJURY,UNKNOWN,NOT OBSCURED,NORMAL,TEST NOT OFFERED,2021,JE198222,04/13/2021 01:14:00 PM,30,TRAFFIC SIGNAL,FUNCTIONING PROPERLY,CLEAR,DAYLIGHT,REAR END,FOUR WAY,STRAIGHT AND LEVEL,DRY,NO DEFECTS,ON SCENE,NO INJURY / DRIVE AWAY,Y,Y,"OVER $1,500",04/13/2021 01:14:00 PM,FAILING TO REDUCE SPEED TO AVOID CRASH,FAILING TO REDUCE SPEED TO AVOID CRASH,799,E,87TH ST,632.0,4,NO INDICATION OF INJURY,0.0,0.0,0.0,0.0,0.0,4.0,0.0,13,3,4,41.736539211,-87.604854279,POINT (-87.604854279412 41.736539210684),2021,794
O1156595,DRIVER,4b9903832e758969d155672728233fd67dfb1d0f903d844ba62e0d4d28aa7b2025d2b3a60bde5a75f496b8de9d014d59e33c69ed1082d9ff312cd61d0addcd7e,JE328937,1097104.0,08/06/2021 11:26:00 PM,CHICAGO,IL,60637,M,44.0,USAGE UNKNOWN,DID NOT DEPLOY,NONE,NO INDICATION OF INJURY,UNKNOWN,UNKNOWN,UNKNOWN,TEST NOT OFFERED,2021,JE328937,08/06/2021 11:26:00 PM,30,TRAFFIC SIGNAL,UNKNOWN,CLEAR,"DARKNESS, LIGHTED ROAD",REAR END,DIVIDED - W/MEDIAN (NOT RAISED),STRAIGHT AND LEVEL,DRY,UNKNOWN,NOT ON SCENE (DESK REPORT),NO INJURY / DRIVE AWAY,Y,Y,"OVER $1,500",08/07/2021 12:01:00 AM,UNABLE TO DETERMINE,NOT APPLICABLE,6300,S,STATE ST,312.0,2,NO INDICATION OF INJURY,0.0,0.0,0.0,0.0,0.0,2.0,0.0,23,6,8,41.780008277,-87.625522512,POINT (-87.625522511916 41.780008277408),2021,1406
O1225675,DRIVER,565937dc941e3a186884a8f899cdd662b0e59f0c6de2041d4fc794f6ca90bd1f618263c319795ea5661c584f12d407fa27d1b1d3588d770116883afc37e4eacf,JE442941,1163130.0,11/12/2021 04:20:00 PM,CHICAGO,IL,60712,M,67.0,USAGE UNKNOWN,NOT APPLICABLE,NONE,NO INDICATION OF INJURY,UNKNOWN,NOT OBSCURED,NORMAL,TEST NOT OFFERED,2021,JE442941,11/12/2021 04:20:00 PM,30,TRAFFIC SIGNAL,FUNCTIONING PROPERLY,CLEAR,DAYLIGHT,SIDESWIPE SAME DIRECTION,NOT DIVIDED,STRAIGHT AND LEVEL,WET,NO DEFECTS,ON SCENE,INJURY AND / OR TOW DUE TO CRASH,Y,Y,"OVER $1,500",11/12/2021 04:25:00 PM,UNABLE TO DETERMINE,UNABLE TO DETERMINE,800,W,71ST ST,733.0,2,NO INDICATION OF INJURY,0.0,0.0,0.0,0.0,0.0,2.0,0.0,16,6,11,41.765311361,-87.64447747700001,POINT (-87.644477477454 41.765311360618),2021,980
O1147417,DRIVER,ece7d36240fdf1788ae0629703c3ed8183cd4b83f7194525cc56bad958408f239269137efbc0507a31a06eb8cacbe72d812609b1fb721f2138c10574e908b47a,JE313738,1088400.0,07/24/2021 07:00:00 PM,CHICAGO,IL,60632,F,48.0,USAGE UNKNOWN,DID NOT DEPLOY,NONE,NO INDICATION OF INJURY,NONE,UNKNOWN,NORMAL,TEST NOT OFFERED,2021,JE313738,07/24/2021 07:00:00 PM,30,STOP SIGN/FLASHER,FUNCTIONING PROPERLY,CLEAR,DAYLIGHT,TURNING,NOT DIVIDED,STRAIGHT AND LEVEL,DRY,UNKNOWN,NOT ON SCENE (DESK REPORT),INJURY AND / OR TOW DUE TO CRASH,Y,Y,"OVER $1,500",07/25/2021 03:10:00 PM,IMPROPER LANE USAGE,NOT APPLICABLE,3036,W,53RD ST,923.0,2,NO INDICATION OF INJURY,0.0,0.0,0.0,0.0,0.0,3.0,0.0,19,7,7,41.79733631,-87.700233244,POINT (-87.700233244498 41.79733631045),2021,1140
O1242822,DRIVER,96e2b8718de954ec609613864a3b0953e5f55a60f7e0ad980c52e8e14c29b2889ea4c91061ded37806715bafb79d62e210631983b6a88ce2a63859a124ce83f5,JE471946,1179606.0,12/09/2021 08:30:00 PM,CALUMET PARK,IL,60827,F,27.0,USAGE UNKNOWN,DEPLOYMENT UNKNOWN,NONE,"REPORTED, NOT EVIDENT",NONE,NOT OBSCURED,NORMAL,TEST NOT OFFERED,2021,JE471946,12/09/2021 08:30:00 PM,30,TRAFFIC SIGNAL,FUNCTIONING PROPERLY,CLEAR,"DARKNESS, LIGHTED ROAD",REAR END,DIVIDED - W/MEDIAN BARRIER,STRAIGHT AND LEVEL,DRY,NO DEFECTS,ON SCENE,INJURY AND / OR TOW DUE TO CRASH,Y,Y,"OVER $1,500",12/09/2021 08:30:00 PM,FAILING TO REDUCE SPEED TO AVOID CRASH,NOT APPLICABLE,1152,W,GARFIELD BLVD,934.0,3,"REPORTED, NOT EVIDENT",3.0,0.0,0.0,0.0,3.0,2.0,0.0,20,5,12,41.79428018,-87.65454450799999,POINT (-87.654544508483 41.794280179734),2021,1230
O1208692,DRIVER,cfdb4034cda9c386ec4aabc9f2ec1b72525535794e8905d3409eee6bc7f2b61a80ec0d30aacf2f0efd47411b5a3d2b161556cd84c5d6af36350ccf3ab5797676,JE415346,1146846.0,10/19/2021 03:33:00 PM,CICERO,IL,60804,F,54.0,USAGE UNKNOWN,DID NOT DEPLOY,NONE,NO INDICATION OF INJURY,NONE,NOT OBSCURED,NORMAL,TEST NOT OFFERED,2021,JE415346,10/19/2021 03:33:00 PM,35,TRAFFIC SIGNAL,FUNCTIONING PROPERLY,CLEAR,DAYLIGHT,ANGLE,FOUR WAY,STRAIGHT AND LEVEL,DRY,NO DEFECTS,NOT ON SCENE (DESK REPORT),NO INJURY / DRIVE AWAY,Y,Y,"$501 - $1,500",10/19/2021 04:15:00 PM,FAILING TO YIELD RIGHT-OF-WAY,DISREGARDING TRAFFIC SIGNALS,3600,W,AUGUSTA BLVD,1112.0,2,NO INDICATION OF INJURY,0.0,0.0,0.0,0.0,0.0,3.0,0.0,15,3,10,41.899216361,-87.716496785,POINT (-87.716496784955 41.89921636064),2021,933
O1169127,DRIVER,819c9e5cb1030e0a8316f4c862438be129fe378f1b051c0d920f5e090e1047ff48984595f1b7975ebf83a99bcf0e3ee2ef140c322aea5d71ed433a19bb473f36,JE349499,1109059.0,08/25/2021 12:33:00 PM,CHICAGO,IL,60827,F,30.0,SAFETY BELT USED,DID NOT DEPLOY,NONE,NO INDICATION OF INJURY,NONE,NOT OBSCURED,NORMAL,TEST NOT OFFERED,2021,JE349499,08/25/2021 12:33:00 PM,30,TRAFFIC SIGNAL,FUNCTIONING PROPERLY,CLEAR,DAYLIGHT,REAR END,FOUR WAY,STRAIGHT ON GRADE,DRY,NO DEFECTS,ON SCENE,NO INJURY / DRIVE AWAY,Y,Y,$500 OR LESS,08/25/2021 12:34:00 PM,FAILING TO REDUCE SPEED TO AVOID CRASH,NOT APPLICABLE,9101,S,WESTERN AVE,2221.0,2,NO INDICATION OF INJURY,0.0,0.0,0.0,0.0,0.0,2.0,0.0,12,4,8,41.728143888000005,-87.682139901,POINT (-87.68213990053 41.728143888018),2021,753