PERSON_ID,PERSON_TYPE,CRASH_RECORD_ID,RD_NO_x,VEHICLE_ID,CRASH_DATE_x,CITY,STATE,ZIPCODE,SEX,AGE,SAFETY_EQUIPMENT,AIRBAG_DEPLOYED,EJECTION,INJURY_CLASSIFICATION,DRIVER_ACTION,DRIVER_VISION,PHYSICAL_CONDITION,BAC_RESULT,CRASH_YEAR_x,RD_NO_y,CRASH_DATE_y,POSTED_SPEED_LIMIT,TRAFFIC_CONTROL_DEVICE,DEVICE_CONDITION,WEATHER_CONDITION,LIGHTING_CONDITION,FIRST_CRASH_TYPE,TRAFFICWAY_TYPE,ALIGNMENT,ROADWAY_SURFACE_COND,ROAD_DEFECT,REPORT_TYPE,CRASH_TYPE,INTERSECTION_RELATED_I,HIT_AND_RUN_I,DAMAGE,DATE_POLICE_NOTIFIED,PRIM_CONTRIBUTORY_CAUSE,SEC_CONTRIBUTORY_CAUSE,STREET_NO,STREET_DIRECTION,STREET_NAME,BEAT_OF_OCCURRENCE,NUM_UNITS,MOST_SEVERE_INJURY,INJURIES_TOTAL,INJURIES_FATAL,INJURIES_INCAPACITATING,INJURIES_NON_INCAPACITATING,INJURIES_REPORTED_NOT_EVIDENT,INJURIES_NO_INDICATION,INJURIES_UNKNOWN,CRASH_HOUR,CRASH_DAY_OF_WEEK,CRASH_MONTH,LATITUDE,LONGITUDE,LOCATION,CRASH_YEAR_y,TIME
O1077494,DRIVER,48b37ce8f4fd1d32cd52c93e701bb6abe4843ede62971e71f37492b28b6ad047129956469c062f47e13c8a054b721634d2630f9bfb99d1484eb289f77e810ba8,JE201192,1021876.0,04/16/2021 03:00:00 PM,CHICAGO,IL,60624,M,66.0,SAFETY BELT USED,NOT APPLICABLE,NONE,NO INDICATION OF INJURY,NONE,UNKNOWN,NORMAL,TEST NOT OFFERED,2021,JE201192,04/16/2021 03:00:00 PM,30,STOP SIGN/FLASHER,FUNCTIONING PROPERLY,CLEAR,DAYLIGHT,REAR END,NOT DIVIDED,STRAIGHT AND LEVEL,DRY,UNKNOWN,ON SCENE,INJURY AND / OR TOW DUE TO CRASH,Y,Y,"OVER $1,500",04/16/2021 03:02:00 PM,FOLLOWING TOO CLOSELY,UNABLE TO DETERMINE,2999,W,ROOSEVELT RD,1022.0,3,NO INDICATION OF INJURY,0.0,0.0,0.0,0.0,0.0,3.0,0.0,15,6,4,41.86634663,-87.70072486299999,POINT (-87.70072486337 41.866346630136),2021,900
O1248000,DRIVER,6db7aa5374b69280c8ea9faaf025be635c9e5f116a5877d2e658f869ea1d2babad5e21da657f5e56e56ae45826ac345c18109c9a07ebe7334dfd9bf79979df24,JE480815,1184515.0,12/15/2021 11:00:00 AM,CHICAGO,IL,60609,F,60.0,SAFETY BELT USED,DID NOT DEPLOY,NONE,NO INDICATION OF INJURY,NONE,NOT OBSCURED,NORMAL,TEST NOT OFFERED,2021,JE480815,12/15/2021 11:00:00 AM,30,TRAFFIC SIGNAL,FUNCTIONING PROPERLY,CLEAR,DAYLIGHT,TURNING,FOUR WAY,STRAIGHT AND LEVEL,DRY,NO DEFECTS,NOT ON SCENE (DESK REPORT),NO INJURY / DRIVE AWAY,Y,Y,"OVER $1,500",12/17/2021 03:45:00 PM,UNABLE TO DETERMINE,UNABLE TO DETERMINE,600,W,PERSHING RD,915.0,2,NO INDICATION OF INJURY,0.0,0.0,0.0,0.0,0.0,2.0,0.0,11,4,12,41.823631863,-87.641125755,POINT (-87.641125754606 41.823631862821),2021,660
O1171031,DRIVER,3afaa40095c8878991684fc8bd65ac797fdb1dcaae70ebad1db3908ee5ec519e8a54befb77805e0f1c3f411c59942eca27186f53ad276473be0e8e0f339027d2,JE352480,1110871.0,08/27/2021 08:55:00 PM,LANSING,IL,60438,M,35.0,SAFETY BELT USED,DID NOT DEPLOY,NONE,NO INDICATION OF INJURY,UNKNOWN,UNKNOWN,UNKNOWN,TEST NOT OFFERED,2021,JE352480,08/27/2021 08:55:00 PM,35,STOP SIGN/FLASHER,UNKNOWN,CLEAR,DUSK,SIDESWIPE SAME DIRECTION,NOT DIVIDED,STRAIGHT AND LEVEL,DRY,UNKNOWN,NOT ON SCENE (DESK REPORT),NO INJURY / DRIVE AWAY,Y,Y,"$501 - $1,500",08/27/2021 10:00:00 PM,UNABLE TO DETERMINE,UNABLE TO DETERMINE,7500,S,YATES BLVD,414.0,2,NO INDICATION OF INJURY,0.0,0.0,0.0,0.0,0.0,3.0,0.0,20,6,8,41.75889467,-87.56651784,POINT (-87.566517839923 41.758894670165),2021,1255
O1093518,DRIVER,eed4913d88201f5cf89da9f9fa2101554079437960a96317f4c352c1f537f13c63838355a3761af8d19d1bfa14a5066e26bfc4c4f72f9240e7531b34cb4e51df,JE227064,1037184.0,05/11/2021 06:20:00 PM,OAK PARK,IL,60302,M,40.0,USAGE UNKNOWN,NOT APPLICABLE,NONE,NO INDICATION OF INJURY,NONE,NOT OBSCURED,NORMAL,TEST NOT OFFERED,2021,JE227064,05/11/2021 06:20:00 PM,30,TRAFFIC SIGNAL,FUNCTIONING PROPERLY,CLEAR,DAYLIGHT,SIDESWIPE SAME DIRECTION,DIVIDED - W/MEDIAN (NOT RAISED),STRAIGHT AND LEVEL,DRY,NO DEFECTS,NOT ON SCENE (DESK REPORT),NO INJURY / DRIVE AWAY,Y,Y,"OVER $1,500",05/11/2021 06:40:00 PM,IMPROPER LANE USAGE,NOT APPLICABLE,1508,W,DIVISION ST,1433.0,2,NO INDICATION OF INJURY,0.0,0.0,0.0,0.0,0.0,2.0,0.0,18,3,5,41.903476960999996,-87.66546528399999,POINT (-87.66546528418 41.903476960751),2021,1100
O1054683,DRIVER,e53f47d4eafe7cdd5926bd582aa44814d1f45480ba955650bbefe7d8afa1a330c8b8468684733a6a33d5c7cc7e265e863e4646ffab7ac0ac641415fa51e8580c,JE161319,1000049.0,03/06/2021 07:35:00 PM,SCHAUMBURG,IL,60195,M,28.0,SAFETY BELT USED,DID NOT DEPLOY,NONE,NO INDICATION OF INJURY,NONE,NOT OBSCURED,NORMAL,TEST NOT OFFERED,2021,JE161319,03/06/2021 07:35:00 PM,30,TRAFFIC SIGNAL,FUNCTIONING PROPERLY,CLEAR,DAWN,SIDESWIPE SAME DIRECTION,NOT DIVIDED,STRAIGHT AND LEVEL,DRY,NO DEFECTS,NOT ON SCENE (DESK REPORT),NO INJURY / DRIVE AWAY,Y,Y,"$501 - $1,500",03/06/2021 08:20:00 PM,IMPROPER LANE USAGE,IMPROPER LANE USAGE,600,W,HARRISON ST,124.0,2,NO INDICATION OF INJURY,0.0,0.0,0.0,0.0,0.0,4.0,0.0,19,7,3,41.874480012,-87.642498786,POINT (-87.642498786188 41.874480011931),2021,1175
O1162132,DRIVER,736615c70f2108074908326b9e00e01716dd220b40ca88c87f95261d0a61d019fd6a040a05fb954d9a1c92e3915b74b8b056dc2d19b1498c36b92a4f5cd2d0b5,JE337660,1102385.0,08/14/2021 11:04:00 PM,GARY,IN,46406,M,36.0,SAFETY BELT USED,NOT APPLICABLE,NONE,NO INDICATION OF INJURY,NONE,NOT OBSCURED,NORMAL,TEST NOT OFFERED,2021,JE337660,08/14/2021 11:04:00 PM,30,TRAFFIC SIGNAL,FUNCTIONING PROPERLY,CLEAR,"DARKNESS, LIGHTED ROAD",TURNING,FOUR WAY,STRAIGHT AND LEVEL,DRY,NO DEFECTS,ON SCENE,INJURY AND / OR TOW DUE TO CRASH,Y,Y,"OVER $1,500",08/14/2021 11:04:00 PM,DISREGARDING TRAFFIC SIGNALS,NOT APPLICABLE,201,N,STATE ST,111.0,2,NONINCAPACITATING INJURY,1.0,0.0,0.0,1.0,0.0,3.0,0.0,23,7,8,41.885778195,-87.627793737,POINT (-87.627793736556 41.885778194868),2021,1384
O1035905,DRIVER,acdb8a3e33b5a1c34a0310959e38e61b15611169984aeb6c2ca6561ae0ed3fbbe8c368162a9d99119d420bb35bccf9d9fa1db841b1b8a06b1b0213d216db6a8a,JE132714,981893.0,02/04/2021 07:45:00 PM,AUSTELL,GA,30106,M,28.0,USAGE UNKNOWN,DID NOT DEPLOY,NONE,NO INDICATION OF INJURY,NONE,UNKNOWN,NORMAL,TEST NOT OFFERED,2021,JE132714,02/04/2021 07:45:00 PM,30,NO CONTROLS,NO CONTROLS,SNOW,"DARKNESS, LIGHTED ROAD",TURNING,NOT DIVIDED,STRAIGHT AND LEVEL,SNOW OR SLUSH,NO DEFECTS,ON SCENE,NO INJURY / DRIVE AWAY,Y,Y,"OVER $1,500",02/04/2021 08:15:00 PM,UNABLE TO DETERMINE,NOT APPLICABLE,45,E,71ST ST,323.0,2,NO INDICATION OF INJURY,0.0,0.0,0.0,0.0,0.0,2.0,0.0,19,5,2,41.76543797,-87.62312859299999,POINT (-87.623128592806 41.765437970472),2021,1185
O1209407,DRIVER,ac2c04be345de30a63113b846c90d3cea9ec2392c95cd65f7229f8850d1117e002b1ba6260d92cf5dabc681d56d208278bede4b437f06968ac79d89f4bd41f5a,JE416632,1147507.0,10/20/2021 03:31:00 PM,CHICAGO,IL,60616,F,63.0,USAGE UNKNOWN,NOT APPLICABLE,NONE,NO INDICATION OF INJURY,NONE,NOT OBSCURED,NORMAL,TEST NOT OFFERED,2021,JE416632,10/20/2021 03:31:00 PM,30,TRAFFIC SIGNAL,FUNCTIONING PROPERLY,CLEAR,DAYLIGHT,TURNING,DIVIDED - W/MEDIAN (NOT RAISED),STRAIGHT AND LEVEL,DRY,OTHER,ON SCENE,NO INJURY / DRIVE AWAY,Y,Y,"OVER $1,500",10/20/2021 04:32:00 PM,FOLLOWING TOO CLOSELY,NOT APPLICABLE,7157,S,CICERO AVE,833.0,2,NO INDICATION OF INJURY,0.0,0.0,0.0,0.0,0.0,2.0,0.0,15,4,10,41.762308105,-87.741696615,POINT (-87.741696614754 41.762308104689),2021,931
O1034719,DRIVER,6719690e0b8b5eb69db1256040e444e5f1758c7a23302ec98ef4e1203f6a5ac90d6ff286900712283678163f034281f4e0cfa4400b8d954b2b0e02dcceae611b,JE130751,980758.0,02/02/2021 08:36:00 PM,CHICAGO,IL,60632,F,32.0,SAFETY BELT USED,NOT APPLICABLE,NONE,NO INDICATION OF INJURY,NONE,NOT OBSCURED,NORMAL,TEST NOT OFFERED,2021,JE130751,02/02/2021 08:36:00 PM,30,TRAFFIC SIGNAL,FUNCTIONING PROPERLY,CLEAR,"DARKNESS, LIGHTED ROAD",SIDESWIPE SAME DIRECTION,NOT DIVIDED,STRAIGHT AND LEVEL,DRY,NO DEFECTS,ON SCENE,NO INJURY / DRIVE AWAY,Y,Y,"OVER $1,500",02/02/2021 08:40:00 PM,"OPERATING VEHICLE IN ERRATIC, RECKLESS, CARELESS, NEGLIGENT OR AGGRESSIVE MANNER",UNABLE TO DETERMINE,4901,S,ARCHER AVE,821.0,2,NO INDICATION OF INJURY,0.0,0.0,0.0,0.0,0.0,4.0,0.0,20,3,2,41.80408512,-87.720317529,POINT (-87.720317528802 41.804085120378),2021,1236
O1120066,DRIVER,9ab48cb1b4e4d5938717061fec43a53b6f390f8ba0fa050d337a0020a8d284d5bb119db8bcf421bf463854020d075376c454e5b931daa7dcedd76017588d4746,JE269403,1062416.0,06/17/2021 12:47:00 PM,CHICAGO,IL,60623,M,33.0,SAFETY BELT USED,NOT APPLICABLE,NONE,NONINCAPACITATING INJURY,NONE,NOT OBSCURED,NORMAL,TEST NOT OFFERED,2021,JE269403,06/17/2021 12:47:00 PM,30,STOP SIGN/FLASHER,FUNCTIONING PROPERLY,CLEAR,DAYLIGHT,ANGLE,FOUR WAY,STRAIGHT AND LEVEL,DRY,NO DEFECTS,ON SCENE,INJURY AND / OR TOW DUE TO CRASH,Y,Y,"OVER $1,500",06/17/2021 01:49:00 PM,DISREGARDING STOP SIGN,DISREGARDING STOP SIGN,1400,S,KOSTNER AVE,1011.0,2,NONINCAPACITATING INJURY,2.0,0.0,0.0,2.0,0.0,1.0,0.0,12,5,6,41.862286837,-87.734991987,POINT (-87.734991986615 41.862286837307),2021,767
O1038991,DRIVER,33bfc12ee2f5edfaa35ba6b3f582f0b3fec72e79590a9bf33649900fc562214da185a73807044b83b382c1f8b40472a3b7d1fb6bc568ced002f0b8d4c5f53f97,JE136633,984864.0,02/09/2021 07:30:00 AM,CHICAGO,IL,60628,M,36.0,USAGE UNKNOWN,NOT APPLICABLE,NONE,NO INDICATION OF INJURY,NONE,NOT OBSCURED,NORMAL,TEST NOT OFFERED,2021,JE136633,02/09/2021 07:30:00 AM,30,TRAFFIC SIGNAL,FUNCTIONING PROPERLY,SNOW,DAYLIGHT,REAR TO FRONT,FOUR WAY,STRAIGHT AND LEVEL,ICE,NO DEFECTS,ON SCENE,NO INJURY / DRIVE AWAY,Y,Y,"$501 - $1,500",02/09/2021 09:50:00 AM,IMPROPER BACKING,UNABLE TO DETERMINE,7601,S,LOOMIS BLVD,612.0,2,NO INDICATION OF INJURY,0.0,0.0,0.0,0.0,0.0,2.0,0.0,7,3,2,41.755794552,-87.65858198299999,POINT (-87.658581982712 41.755794552089),2021,450
O1234709,DRIVER,bcec5200a422f1bae8a969521204c68c6d0f0539809e9a0a1117cad7bb1ddffc9b1198c44e1ed67d36e396bd031862c41210af8f5e50ab65683d4622717fcddf,JE457520,1171808.0,11/26/2021 02:50:00 PM,CHICAGO,IL,60660,F,32.0,USAGE UNKNOWN,DID NOT DEPLOY,NONE,NO INDICATION OF INJURY,NONE,NOT OBSCURED,NORMAL,TEST NOT OFFERED,2021,JE457520,11/26/2021 02:50:00 PM,30,TRAFFIC SIGNAL,FUNCTIONING PROPERLY,CLEAR,DAYLIGHT,REAR END,FOUR WAY,STRAIGHT AND LEVEL,DRY,UNKNOWN,ON SCENE,NO INJURY / DRIVE AWAY,Y,Y,"OVER $1,500",11/26/2021 03:00:00 PM,FOLLOWING TOO CLOSELY,FAILING TO REDUCE SPEED TO AVOID CRASH,1209,W,FOSTER AVE,2033.0,2,NO INDICATION OF INJURY,0.0,0.0,0.0,0.0,0.0,2.0,0.0,14,6,11,41.97620816,-87.660255031,POINT (-87.66025503074 41.976208159712),2021,890
O1088510,DRIVER,118bec181c0061f4c35aac42ccf66ad48c180f7bbc1c50f90b805545ab3638f7372b9c26871ca4d8b42a1d11b7a4fce1a30b4da1cf0d9486ff7a4d75cc95b1ae,JE219217,1032405.0,05/03/2021 08:00:00 PM,CHICAGO,IL,60620,M,42.0,SAFETY BELT USED,DID NOT DEPLOY,NONE,NO INDICATION OF INJURY,NONE,NOT OBSCURED,NORMAL,TEST NOT OFFERED,2021,JE219217,05/03/2021 08:00:00 PM,30,TRAFFIC SIGNAL,FUNCTIONING PROPERLY,RAIN,DARKNESS,TURNING,T-INTERSECTION,STRAIGHT AND LEVEL,WET,NO DEFECTS,NOT ON SCENE (DESK REPORT),NO INJURY / DRIVE AWAY,Y,Y,"OVER $1,500",05/04/2021 11:30:00 AM,IMPROPER LANE USAGE,UNABLE TO DETERMINE,8659,S,STATE ST,632.0,2,NO INDICATION OF INJURY,0.0,0.0,0.0,0.0,0.0,2.0,0.0,20,2,5,41.736358013,-87.624015058,POINT (-87.624015058087 41.736358013424),2021,1200
O1055974,DRIVER,05211c584567d3962d6211509a70d9c0c8fb29b0ebc903711f5b900ac7a370c9f771bf9219c7bb6a70ae8c00ff58b4b72aabcbb7b40af7cb2952f57763495b10,JE163876,1001307.0,03/09/2021 01:45:00 PM,CICERO,IL,60804,M,37.0,SAFETY BELT USED,"DEPLOYED, COMBINATION",NONE,NO INDICATION OF INJURY,NONE,NOT OBSCURED,NORMAL,TEST NOT OFFERED,2021,JE163876,03/09/2021 01:45:00 PM,30,NO CONTROLS,NO CONTROLS,CLEAR,DAYLIGHT,ANGLE,DIVIDED - W/MEDIAN BARRIER,STRAIGHT AND LEVEL,DRY,NO DEFECTS,ON SCENE,INJURY AND / OR TOW DUE TO CRASH,Y,Y,"OVER $1,500",03/09/2021 01:47:00 PM,DISREGARDING STOP SIGN,FAILING TO YIELD RIGHT-OF-WAY,3432,W,OGDEN AVE,1021.0,2,NO INDICATION OF INJURY,0.0,0.0,0.0,0.0,0.0,2.0,0.0,13,3,3,41.855987707,-87.711396684,POINT (-87.711396684388 41.855987706586),2021,825
O1233397,DRIVER,87f88f0dc8570f2da5a758f1e0b7dcb26dbd2d65b0e519a2dab252cf57fddc022de3f167d0ef6a12b507b289b03fdc9b7a1482ec7fc18dd729e2eca9797ec3c8,JE455498,1170556.0,11/24/2021 09:05:00 AM,CHICAGO,IL,60624,F,47.0,SAFETY BELT USED,DID NOT DEPLOY,NONE,NO INDICATION OF INJURY,NONE,NOT OBSCURED,NORMAL,TEST NOT OFFERED,2021,JE455498,11/24/2021 09:05:00 AM,30,TRAFFIC SIGNAL,FUNCTIONING PROPERLY,CLEAR,DAYLIGHT,TURNING,NOT DIVIDED,STRAIGHT AND LEVEL,DRY,NO DEFECTS,ON SCENE,NO INJURY / DRIVE AWAY,Y,Y,"OVER $1,500",11/24/2021 10:10:00 AM,IMPROPER TURNING/NO SIGNAL,IMPROPER TURNING/NO SIGNAL,1000,N,HAMLIN AVE,1112.0,2,NO INDICATION OF INJURY,0.0,0.0,0.0,0.0,0.0,3.0,0.0,9,4,11,41.899150586,-87.721462286,POINT (-87.721462285974 41.899150586232),2021,545
O1089466,DRIVER,d1abe66e6cf72be148540ee63740fb1a68b3f2665c712897a8203c22c4b558d27958ced4928a770c17ae65e4d86cefde944427cae3770ddca4c4802979738d10,JE220824,1033330.0,05/05/2021 04:45:00 PM,CHICAGO,IL,60619,F,37.0,SAFETY BELT USED,NOT APPLICABLE,NONE,"REPORTED, NOT EVIDENT",NONE,NOT OBSCURED,NORMAL,TEST NOT OFFERED,2021,JE220824,05/05/2021 04:45:00 PM,30,STOP SIGN/FLASHER,FUNCTIONING PROPERLY,CLEAR,DAYLIGHT,ANGLE,NOT DIVIDED,STRAIGHT AND LEVEL,DRY,NO DEFECTS,NOT ON SCENE (DESK REPORT),INJURY AND / OR TOW DUE TO CRASH,N,Y,"OVER $1,500",05/05/2021 06:18:00 PM,DISREGARDING STOP SIGN,DISREGARDING STOP SIGN,9300,S,CREGIER AVE,413.0,2,"REPORTED, NOT EVIDENT",2.0,0.0,0.0,0.0,2.0,1.0,0.0,16,4,5,41.725956208,-87.580462218,POINT (-87.580462217799 41.725956207928),2021,1005
O1242242,DRIVER,0256989fed7b42376960f2c869676014927f421f8dd673991ecbc70e94f7c873b96a355d4c3b22d4a0026c091427e364623fd30212b6421ed6035818cf08bc3b,JE470831,1179053.0,12/08/2021 08:30:00 PM,CHICAGO,IL,60632,F,60.0,SAFETY BELT USED,DID NOT DEPLOY,NONE,NO INDICATION OF INJURY,NONE,NOT OBSCURED,NORMAL,TEST NOT OFFERED,2021,JE470831,12/08/2021 08:30:00 PM,20,STOP SIGN/FLASHER,FUNCTIONING PROPERLY,CLEAR,"DARKNESS, LIGHTED ROAD",TURNING,FOUR WAY,STRAIGHT ON GRADE,DRY,NO DEFECTS,ON SCENE,NO INJURY / DRIVE AWAY,Y,Y,"OVER $1,500",12/08/2021 08:50:00 PM,FAILING TO YIELD RIGHT-OF-WAY,UNABLE TO DETERMINE,8301,S,KOSTNER AVE,834.0,2,NO INDICATION OF INJURY,0.0,0.0,0.0,0.0,0.0,3.0,0.0,20,4,12,41.741920291999996,-87.73123481799999,POINT (-87.731234818283 41.741920291904),2021,1230
O1024556,DRIVER,dfe341ade8e1cdaf4f33766e471c16d188cb0658938e6ba399c3b6a2a65e98adae94564363444aabf1428d6c9a24993dd9a11e2a2d7916c2d7597b9c655f72f4,JE112848,971056.0,01/14/2021 05:35:00 PM,SKOKIE,IL,60077,M,38.0,USAGE UNKNOWN,DID NOT DEPLOY,NONE,NO INDICATION OF INJURY,NONE,NOT OBSCURED,NORMAL,TEST NOT OFFERED,2021,JE112848,01/14/2021 05:35:00 PM,30,TRAFFIC SIGNAL,FUNCTIONING PROPERLY,RAIN,"DARKNESS, LIGHTED ROAD",SIDESWIPE SAME DIRECTION,DIVIDED - W/MEDIAN (NOT RAISED),STRAIGHT AND LEVEL,WET,NO DEFECTS,ON SCENE,INJURY AND / OR TOW DUE TO CRASH,Y,Y,"OVER $1,500",01/14/2021 05:42:00 PM,UNABLE TO DETERMINE,"OPERATING VEHICLE IN ERRATIC, RECKLESS, CARELESS, NEGLIGENT OR AGGRESSIVE MANNER",3153,N,KIMBALL AVE,1412.0,7,"REPORTED, NOT EVIDENT",1.0,0.0,0.0,0.0,1.0,7.0,0.0,17,5,1,41.939024904,-87.71232813399999,POINT (-87.71232813413 41.939024903573),2021,1055
O1219961,DRIVER,95023ca6933daec8ce9cdf44ec15ce3d6e509663538d95256df31b850ac4e0bc24d80a3170e6dee2e55baef37555388af6b3a0115d2d583a1bad07384087cf30,JE432964,1157643.0,11/03/2021 05:15:00 PM,SURPRISE,AZ,85374-7065,M,11.0,USAGE UNKNOWN,DID NOT DEPLOY,NONE,NO INDICATION OF INJURY,NONE,NOT OBSCURED,NORMAL,TEST NOT OFFERED,2021,JE432964,11/03/2021 05:15:00 PM,30,TRAFFIC SIGNAL,NO CONTROLS,CLEAR,"DARKNESS, LIGHTED ROAD",TURNING,T-INTERSECTION,STRAIGHT AND LEVEL,DRY,NO DEFECTS,ON SCENE,INJURY AND / OR TOW DUE TO CRASH,Y,Y,"OVER $1,500",11/03/2021 05:52:00 PM,UNABLE TO DETERMINE,UNABLE TO DETERMINE,8500,S,KEDZIE AVE,834.0,2,NO INDICATION OF INJURY,0.0,0.0,0.0,0.0,0.0,2.0,0.0,17,4,11,41.738810046,-87.702237197,POINT (-87.702237196624 41.738810045792),2021,1035
O1242262,DRIVER,bb50bf10363c4f400c2cdf7b9dd42e1946989e602cdc9856035527828226b0e90074dad2f3caa6f37158ac549df6d1f61acfed9ef8c7e59576e32f3ca304c8e8,JE470884,1179076.0,12/08/2021 10:32:00 PM,ADDISON,IL,60101,F,38.0,USAGE UNKNOWN,"DEPLOYED, FRONT",NONE,NO INDICATION OF INJURY,UNKNOWN,UNKNOWN,NORMAL,TEST NOT OFFERED,2021,JE470884,12/08/2021 10:32:00 PM,30,TRAFFIC SIGNAL,FUNCTIONING PROPERLY,CLEAR,"DARKNESS, LIGHTED ROAD",TURNING,FOUR WAY,STRAIGHT AND LEVEL,DRY,NO DEFECTS,NOT ON SCENE (DESK REPORT),INJURY AND / OR TOW DUE TO CRASH,Y,Y,"OVER $1,500",12/08/2021 10:34:00 PM,IMPROPER OVERTAKING/PASSING,NOT APPLICABLE,5402,W,WASHINGTON BLVD,1523.0,2,NO INDICATION OF INJURY,0.0,0.0,0.0,0.0,0.0,2.0,0.0,22,4,12,41.882414596,-87.76034876899999,POINT (-87.76034876859 41.88241459577),2021,1352
O1129329,DRIVER,3afdf5dde75ba6a97642da249334c06c4b4360589bf040656f4934749180437c32a39a7c96b320e0f857af4afeecda7e48490f123e67ef45a23969847768097b,JE284219,1071258.0,06/29/2021 11:50:00 PM,SAINT CHARLES,IL,60175,F,23.0,SAFETY BELT USED,DID NOT DEPLOY,NONE,NO INDICATION OF INJURY,NONE,NOT OBSCURED,NORMAL,TEST NOT OFFERED,2021,JE284219,06/29/2021 11:50:00 PM,30,STOP SIGN/FLASHER,FUNCTIONING PROPERLY,CLEAR,"DARKNESS, LIGHTED ROAD",REAR END,FOUR WAY,STRAIGHT ON GRADE,WET,NO DEFECTS,ON SCENE,NO INJURY / DRIVE AWAY,Y,Y,"OVER $1,500",06/29/2021 11:55:00 PM,FAILING TO REDUCE SPEED TO AVOID CRASH,HAD BEEN DRINKING (USE WHEN ARREST IS NOT MADE),959,W,KINZIE ST,1214.0,2,NO INDICATION OF INJURY,0.0,0.0,0.0,0.0,0.0,2.0,0.0,23,3,6,41.888885078,-87.652174739,POINT (-87.652174738948 41.888885078389),2021,1430
O1209858,DRIVER,560a27e9ceb30fedcc71d3efca1cbecc9cca93d7eb9532adffef0152aee11ed28a34d25de4e6a37319af6199f3833bc2c1c462418c519ea229794a1cff5f1698,JE417425,1147959.0,10/21/2021 10:00:00 AM,CHICAGO,IL,60649,F,58.0,SAFETY BELT USED,NOT APPLICABLE,NONE,NONINCAPACITATING INJURY,NONE,NOT OBSCURED,NORMAL,TEST NOT OFFERED,2021,JE417425,10/21/2021 10:00:00 AM,35,TRAFFIC SIGNAL,FUNCTIONING PROPERLY,CLOUDY/OVERCAST,DAYLIGHT,ANGLE,FOUR WAY,STRAIGHT AND LEVEL,DRY,NO DEFECTS,ON SCENE,INJURY AND / OR TOW DUE TO CRASH,Y,Y,"OVER $1,500",10/21/2021 10:30:00 AM,UNABLE TO DETERMINE,NOT APPLICABLE,6300,S,STONY ISLAND AVE,314.0,2,NONINCAPACITATING INJURY,1.0,0.0,0.0,1.0,0.0,1.0,0.0,10,5,10,41.780525395,-87.58660299600001,POINT (-87.586602995543 41.780525395052),2021,600
O1120448,DRIVER,28416af6e0dab237f98697248069f2eee9b735c0a07423b5ce7fb8896500fa3b90d4173688ff17b1fbf3290d564e77b7ed2ee96cf83ee494becf51be3773acae,JE269952,1062765.0,06/17/2021 09:15:00 PM,CHICAGO,IL,60619,M,25.0,SAFETY BELT USED,DID NOT DEPLOY,NONE,NO INDICATION OF INJURY,UNKNOWN,NOT OBSCURED,NORMAL,TEST NOT OFFERED,2021,JE269952,06/17/2021 09:15:00 PM,30,STOP SIGN/FLASHER,NO CONTROLS,CLEAR,"DARKNESS, LIGHTED ROAD",ANGLE,DIVIDED - W/MEDIAN (NOT RAISED),STRAIGHT AND LEVEL,DRY,NO DEFECTS,NOT ON SCENE (DESK REPORT),NO INJURY / DRIVE AWAY,Y,Y,"OVER $1,500",06/17/2021 10:30:00 PM,DISREGARDING STOP SIGN,UNABLE TO DETERMINE,900,E,65TH ST,312.0,2,NO INDICATION OF INJURY,0.0,0.0,0.0,0.0,0.0,2.0,0.0,21,5,6,41.77691422,-87.603387266,POINT (-87.603387265504 41.776914219925),2021,1275
O1209569,DRIVER,70aeceb8d4e5d4d31449ad464743f13cad66ceaa8edaa492c891976a388e998bdd7cfd04b7214b2e8a2f0cb9d0378c5c9bac336cab4553b73f18327ca67a5a8f,JE416705,1147669.0,10/20/2021 04:00:00 PM,CHICAGO,IL,60639,M,46.0,NONE PRESENT,DEPLOYMENT UNKNOWN,NONE,NO INDICATION OF INJURY,FOLLOWED TOO CLOSELY,UNKNOWN,NORMAL,TEST NOT OFFERED,2021,JE416705,10/20/2021 04:00:00 PM,20,STOP SIGN/FLASHER,WORN REFLECTIVE MATERIAL,CLEAR,DAYLIGHT,REAR END,NOT DIVIDED,STRAIGHT AND LEVEL,DRY,NO DEFECTS,NOT ON SCENE (DESK REPORT),INJURY AND / OR TOW DUE TO CRASH,Y,N,"OVER $1,500",10/20/2021 05:00:00 PM,FOLLOWING TOO CLOSELY,NOT APPLICABLE,3958,W,AUGUSTA BLVD,1112.0,2,NONINCAPACITATING INJURY,2.0,0.0,0.0,2.0,0.0,2.0,0.0,16,4,10,41.899131519,-87.72613714200001,POINT (-87.726137142323 41.899131519351),2021,960