PERSON_ID,PERSON_TYPE,CRASH_RECORD_ID,RD_NO_x,VEHICLE_ID,CRASH_DATE_x,CITY,STATE,ZIPCODE,SEX,AGE,SAFETY_EQUIPMENT,AIRBAG_DEPLOYED,EJECTION,INJURY_CLASSIFICATION,DRIVER_ACTION,DRIVER_VISION,PHYSICAL_CONDITION,BAC_RESULT,CRASH_YEAR_x,RD_NO_y,CRASH_DATE_y,POSTED_SPEED_LIMIT,TRAFFIC_CONTROL_DEVICE,DEVICE_CONDITION,WEATHER_CONDITION,LIGHTING_CONDITION,FIRST_CRASH_TYPE,TRAFFICWAY_TYPE,ALIGNMENT,ROADWAY_SURFACE_COND,ROAD_DEFECT,REPORT_TYPE,CRASH_TYPE,INTERSECTION_RELATED_I,HIT_AND_RUN_I,DAMAGE,DATE_POLICE_NOTIFIED,PRIM_CONTRIBUTORY_CAUSE,SEC_CONTRIBUTORY_CAUSE,STREET_NO,STREET_DIRECTION,STREET_NAME,BEAT_OF_OCCURRENCE,NUM_UNITS,MOST_SEVERE_INJURY,INJURIES_TOTAL,INJURIES_FATAL,INJURIES_INCAPACITATING,INJURIES_NON_INCAPACITATING,INJURIES_REPORTED_NOT_EVIDENT,INJURIES_NO_INDICATION,INJURIES_UNKNOWN,CRASH_HOUR,CRASH_DAY_OF_WEEK,CRASH_MONTH,LATITUDE,LONGITUDE,LOCATION,CRASH_YEAR_y,TIME
O1193918,DRIVER,1eabfc0d5fa27ade0d4311a5d25c9558394c6a674f92b491a2224753647082d83b2883f90c2d9a110daca706a70cedbbde98e68287c1b1e24db2d76746114626,JE390495,1132790.0,09/28/2021 03:00:00 PM,MAYWOOD,IL,60153,M,30.0,SAFETY BELT USED,DID NOT DEPLOY,NONE,NO INDICATION OF INJURY,UNKNOWN,NOT OBSCURED,NORMAL,TEST NOT OFFERED,2021,JE390495,09/28/2021 03:00:00 PM,30,STOP SIGN/FLASHER,FUNCTIONING PROPERLY,CLEAR,DAYLIGHT,ANGLE,FOUR WAY,STRAIGHT AND LEVEL,DRY,NO DEFECTS,NOT ON SCENE (DESK REPORT),NO INJURY / DRIVE AWAY,Y,Y,"OVER $1,500",09/28/2021 03:25:00 PM,UNABLE TO DETERMINE,UNABLE TO DETERMINE,5901,W,LAKE ST,1512.0,2,NO INDICATION OF INJURY,0.0,0.0,0.0,0.0,0.0,2.0,0.0,15,3,9,41.887829615,-87.772197519,POINT (-87.772197519081 41.887829615419),2021,900
O1122896,DRIVER,a1581b5f027936e5f7dc48f7cef3a7510800cfc8fbd3c8e3286a68aa998558c9c2341fb0c1db796f4cb8d460eae07e05963d649f2f3b4a08e62c1389253efc84,JE273608,1065076.0,06/20/2021 05:45:00 PM,CHICAGO,IL,60615,M,56.0,USAGE UNKNOWN,DID NOT DEPLOY,NONE,NO INDICATION OF INJURY,UNKNOWN,UNKNOWN,UNKNOWN,TEST NOT OFFERED,2021,JE273608,06/20/2021 05:45:00 PM,30,TRAFFIC SIGNAL,UNKNOWN,UNKNOWN,DAYLIGHT,TURNING,FOUR WAY,STRAIGHT AND LEVEL,UNKNOWN,UNKNOWN,NOT ON SCENE (DESK REPORT),NO INJURY / DRIVE AWAY,Y,Y,"OVER $1,500",06/20/2021 06:30:00 PM,UNABLE TO DETERMINE,FAILING TO YIELD RIGHT-OF-WAY,9500,S,STONY ISLAND AVE,511.0,2,NO INDICATION OF INJURY,0.0,0.0,0.0,0.0,0.0,2.0,0.0,17,1,6,41.722257273000004,-87.585275565,POINT (-87.585275565077 41.722257273006),2021,1065
O1217774,DRIVER,a486bb4790341b03f2190baa280b317c1e6178d76cd8319af323c981d6aedd912db396e466c7e83a83bce96d53c39ff0c06c1b9815e8df887460898ecf6389f0,JE429186,1155554.0,10/31/2021 04:15:00 PM,CHICAGO,IL,60652,F,30.0,SAFETY BELT USED,"DEPLOYED, COMBINATION",NONE,NONINCAPACITATING INJURY,NONE,NOT OBSCURED,NORMAL,TEST NOT OFFERED,2021,JE429186,10/31/2021 04:15:00 PM,25,TRAFFIC SIGNAL,FUNCTIONING PROPERLY,CLEAR,DAYLIGHT,ANGLE,FOUR WAY,STRAIGHT AND LEVEL,DRY,NO DEFECTS,ON SCENE,INJURY AND / OR TOW DUE TO CRASH,Y,Y,"OVER $1,500",10/31/2021 04:31:00 PM,DISREGARDING TRAFFIC SIGNALS,NOT APPLICABLE,8300,S,DAMEN AVE,614.0,3,NONINCAPACITATING INJURY,1.0,0.0,0.0,1.0,0.0,5.0,0.0,16,1,10,41.742849981,-87.67310736299999,POINT (-87.673107362988 41.742849980643),2021,975
O1203721,DRIVER,c2dc9eb5b03dafc27d92ea36813fecdfef398c4d8c4d95abec970a44adcc82808c485a9137e31c79daff80e6e170559c224a7df1786bcdc2704d6e97d4eb9f29,JE407166,1142128.0,10/12/2021 01:14:00 PM,CHICAGO,IL,60619,M,65.0,SAFETY BELT USED,NOT APPLICABLE,NONE,NONINCAPACITATING INJURY,NONE,NOT OBSCURED,NORMAL,TEST NOT OFFERED,2021,JE407166,10/12/2021 01:14:00 PM,30,STOP SIGN/FLASHER,FUNCTIONING IMPROPERLY,CLOUDY/OVERCAST,DAYLIGHT,ANGLE,NOT DIVIDED,STRAIGHT AND LEVEL,DRY,NO DEFECTS,ON SCENE,INJURY AND / OR TOW DUE TO CRASH,Y,Y,"OVER $1,500",10/12/2021 01:14:00 PM,DISREGARDING STOP SIGN,UNABLE TO DETERMINE,7600,S,WABASH AVE,623.0,2,NONINCAPACITATING INJURY,1.0,0.0,0.0,1.0,0.0,1.0,0.0,13,3,10,41.756350653,-87.62325611700001,POINT (-87.623256117122 41.756350653474),2021,794
O1129549,DRIVER,6830da940c9f3e31343371b6b5ffd5d11f1631a0f4ff53cf0a8688a61c2280ad25ceff02a53139054b5dc33a90d1cfaf9d6bad4fa8200f8e77ae262a2e6e326f,JE284635,1071469.0,06/29/2021 07:30:00 PM,CHICAGO,IL,60617,M,59.0,USAGE UNKNOWN,DEPLOYMENT UNKNOWN,NONE,NO INDICATION OF INJURY,UNKNOWN,UNKNOWN,UNKNOWN,TEST NOT OFFERED,2021,JE284635,06/29/2021 07:30:00 PM,30,UNKNOWN,UNKNOWN,UNKNOWN,UNKNOWN,ANGLE,UNKNOWN,STRAIGHT AND LEVEL,UNKNOWN,UNKNOWN,NOT ON SCENE (DESK REPORT),INJURY AND / OR TOW DUE TO CRASH,Y,Y,"OVER $1,500",06/30/2021 11:40:00 AM,UNABLE TO DETERMINE,NOT APPLICABLE,8800,S,BENNETT AVE,412.0,2,NO INDICATION OF INJURY,0.0,0.0,0.0,0.0,0.0,2.0,0.0,19,3,6,41.735105078000004,-87.57824908299999,POINT (-87.578249082929 41.735105077814),2021,1170
O1253011,DRIVER,1c1927c128308d1e85768717ae63dc4af4b5c6febcc9fd44aaf4d426195642f7b2483d678fea4c065e8d05bccf7d82e14009838299030e77cc569237ca7cd70d,JE489637,1189370.0,12/26/2021 10:13:00 PM,CHICAGO,IL,60621,F,55.0,NONE PRESENT,NOT APPLICABLE,NONE,NO INDICATION OF INJURY,NONE,NOT OBSCURED,NORMAL,TEST NOT OFFERED,2021,JE489637,12/26/2021 10:13:00 PM,30,TRAFFIC SIGNAL,FUNCTIONING PROPERLY,RAIN,"DARKNESS, LIGHTED ROAD",SIDESWIPE SAME DIRECTION,FOUR WAY,STRAIGHT AND LEVEL,WET,UNKNOWN,NOT ON SCENE (DESK REPORT),NO INJURY / DRIVE AWAY,Y,Y,"$501 - $1,500",12/26/2021 10:20:00 PM,NOT APPLICABLE,NOT APPLICABLE,200,W,51ST ST,224.0,2,NO INDICATION OF INJURY,0.0,0.0,0.0,0.0,0.0,2.0,0.0,22,1,12,41.801937928,-87.63072431799999,POINT (-87.630724318114 41.801937927614),2021,1333
O1252165,DRIVER,fec8fcc4cbcf54562213fd6521972ea6da3d410bf59be89d4bfe24382c2fbc4d3e75c19e7d0fef341bf03b21732abd053f154b6abcdb0e49951d67aaa1863e2b,JE488023,1188548.0,12/24/2021 05:00:00 PM,CHICAGO,IL,60628,M,52.0,SAFETY BELT USED,DID NOT DEPLOY,NONE,NO INDICATION OF INJURY,NONE,NOT OBSCURED,NORMAL,TEST NOT OFFERED,2021,JE488023,12/24/2021 05:00:00 PM,30,TRAFFIC SIGNAL,FUNCTIONING PROPERLY,CLEAR,DUSK,ANGLE,FOUR WAY,STRAIGHT AND LEVEL,DRY,NO DEFECTS,NOT ON SCENE (DESK REPORT),NO INJURY / DRIVE AWAY,Y,Y,$500 OR LESS,12/24/2021 06:00:00 PM,DISREGARDING TRAFFIC SIGNALS,NOT APPLICABLE,9434,S,HALSTED ST,2223.0,2,NO INDICATION OF INJURY,0.0,0.0,0.0,0.0,0.0,2.0,0.0,17,6,12,41.721947541,-87.643371981,POINT (-87.643371980948 41.721947541067),2021,1020
O1100456,DRIVER,1bb5bff609c64140daf8c48ca22be3cf5a91f86a056b16a33bbd15ce7292cb0dab65c2fd5c9e5d5671d76125dec38dfa9db3b6b2eac666bb715908717b42b7ac,JE238548,1043816.0,05/22/2021 10:55:00 AM,CHICAGO,IL,60680,M,52.0,SAFETY BELT USED,DID NOT DEPLOY,NONE,NO INDICATION OF INJURY,NONE,NOT OBSCURED,NORMAL,TEST NOT OFFERED,2021,JE238548,05/22/2021 10:55:00 AM,30,TRAFFIC SIGNAL,FUNCTIONING PROPERLY,CLEAR,DAYLIGHT,TURNING,NOT DIVIDED,STRAIGHT AND LEVEL,DRY,NO DEFECTS,ON SCENE,NO INJURY / DRIVE AWAY,Y,Y,$500 OR LESS,05/22/2021 10:56:00 AM,IMPROPER TURNING/NO SIGNAL,NOT APPLICABLE,761,W,LAWRENCE AVE,1914.0,2,NO INDICATION OF INJURY,0.0,0.0,0.0,0.0,0.0,2.0,0.0,10,7,5,41.969046231,-87.65009096200001,POINT (-87.650090962055 41.969046230961),2021,655
O1180821,DRIVER,7c6cab2680cbd2ab05af3e0624e705a598b2d6734ab45e4681ed12f165ad398e1eb49202e5ee4b855c8762b85f7bc413f9ee6921a6c6e0f55d9dc2bcf662af2a,JE368648,1120267.0,09/10/2021 04:30:00 PM,CHICAGO,IL,60617,M,16.0,SAFETY BELT USED,"DEPLOYED, FRONT",NONE,"REPORTED, NOT EVIDENT",NONE,NOT OBSCURED,NORMAL,TEST NOT OFFERED,2021,JE368648,09/10/2021 04:30:00 PM,30,STOP SIGN/FLASHER,FUNCTIONING PROPERLY,CLEAR,DAYLIGHT,TURNING,FOUR WAY,STRAIGHT AND LEVEL,DRY,NO DEFECTS,NOT ON SCENE (DESK REPORT),INJURY AND / OR TOW DUE TO CRASH,Y,Y,"OVER $1,500",09/10/2021 04:40:00 PM,DISREGARDING STOP SIGN,NOT APPLICABLE,8718,S,HOUSTON AVE,424.0,3,"REPORTED, NOT EVIDENT",1.0,0.0,0.0,0.0,1.0,2.0,0.0,16,6,9,41.736794314,-87.55017901299999,POINT (-87.550179012631 41.73679431437),2021,990
O1183785,DRIVER,a6118d4a8d9190370e3730368273f61c4a9a909113e2f81b4788a9a98752f9fb5dcf99537c76031f1d6faf2d7900f42ec536895a38945a9fa600c0571771292c,JE373669,1123093.0,09/14/2021 06:00:00 PM,CHICAGO,IL,60629,F,21.0,USAGE UNKNOWN,NOT APPLICABLE,NONE,NO INDICATION OF INJURY,FAILED TO YIELD,NOT OBSCURED,IMPAIRED - DRUGS,TEST NOT OFFERED,2021,JE373669,09/14/2021 06:00:00 PM,30,STOP SIGN/FLASHER,FUNCTIONING PROPERLY,CLEAR,DAYLIGHT,ANGLE,NOT DIVIDED,STRAIGHT AND LEVEL,DRY,NO DEFECTS,ON SCENE,NO INJURY / DRIVE AWAY,Y,Y,"OVER $1,500",09/14/2021 06:03:00 PM,FAILING TO YIELD RIGHT-OF-WAY,"OPERATING VEHICLE IN ERRATIC, RECKLESS, CARELESS, NEGLIGENT OR AGGRESSIVE MANNER",5600,S,CALIFORNIA AVE,824.0,2,NO INDICATION OF INJURY,0.0,0.0,0.0,0.0,0.0,3.0,0.0,18,3,9,41.791777111,-87.693891046,POINT (-87.693891045577 41.791777111),2021,1080
O1185714,DRIVER,0330c20ee7d6ebbff82297d6faf7b23962a1f008166e1b67d5d0a9a2a6b9c5f2b1e1b3a9250ff5620be4aa15c8473d97c486a09022dafa762a1c81c566a2a086,JE376912,1124964.0,09/17/2021 10:30:00 AM,CHICAGO,IL,60625,M,42.0,NONE PRESENT,NOT APPLICABLE,NONE,NO INDICATION OF INJURY,NONE,NOT OBSCURED,NORMAL,TEST NOT OFFERED,2021,JE376912,09/17/2021 10:30:00 AM,30,TRAFFIC SIGNAL,FUNCTIONING PROPERLY,CLEAR,DAYLIGHT,ANGLE,NOT DIVIDED,STRAIGHT ON GRADE,DRY,NO DEFECTS,ON SCENE,NO INJURY / DRIVE AWAY,Y,N,"OVER $1,500",09/17/2021 10:35:00 AM,DRIVING SKILLS/KNOWLEDGE/EXPERIENCE,UNABLE TO DETERMINE,4160,N,LINCOLN AVE,1911.0,2,NO INDICATION OF INJURY,0.0,0.0,0.0,0.0,0.0,2.0,0.0,10,6,9,41.957557926999996,-87.681308129,POINT (-87.681308128955 41.957557926874),2021,630
O1105768,DRIVER,d9b4612ae8c09b7ce9d5364df0ec242338bb93ac2b54552f279930659e9bbbb634d5468a8451e22b7b0e277a480727b957d99870e7195dfd904a0a9825730231,JE246856,1048936.0,05/20/2021 03:50:00 PM,CHICAGO,IL,60640,M,36.0,SAFETY BELT USED,DID NOT DEPLOY,NONE,NO INDICATION OF INJURY,OTHER,UNKNOWN,UNKNOWN,TEST NOT OFFERED,2021,JE246856,05/20/2021 03:50:00 PM,30,TRAFFIC SIGNAL,FUNCTIONING PROPERLY,CLEAR,DAYLIGHT,TURNING,NOT DIVIDED,STRAIGHT AND LEVEL,UNKNOWN,UNKNOWN,NOT ON SCENE (DESK REPORT),NO INJURY / DRIVE AWAY,Y,Y,"$501 - $1,500",05/29/2021 02:12:00 PM,IMPROPER TURNING/NO SIGNAL,UNABLE TO DETERMINE,650,W,MONTROSE AVE,1914.0,2,NO INDICATION OF INJURY,0.0,0.0,0.0,0.0,0.0,2.0,0.0,15,5,5,41.961994087,-87.64716149600001,POINT (-87.647161495844 41.961994086975),2021,950
O1081632,DRIVER,b6070e11d5083ea7007e90e6980a583e7d5066e7711774f28ecb79f81d0a670766b09a8daa99f1e536b9cb9505779df928e86169793339a2e64b005f275c2d51,JE207598,1025823.0,04/23/2021 03:19:00 PM,CHICAGO,IL,60649,F,59.0,USAGE UNKNOWN,NOT APPLICABLE,NONE,NONINCAPACITATING INJURY,NONE,NOT OBSCURED,NORMAL,TEST NOT OFFERED,2021,JE207598,04/23/2021 03:19:00 PM,40,TRAFFIC SIGNAL,FUNCTIONING PROPERLY,CLEAR,DAYLIGHT,TURNING,NOT DIVIDED,STRAIGHT AND LEVEL,DRY,NO DEFECTS,ON SCENE,INJURY AND / OR TOW DUE TO CRASH,Y,Y,"OVER $1,500",04/23/2021 04:15:00 PM,IMPROPER TURNING/NO SIGNAL,NOT APPLICABLE,1631,E,MARQUETTE DR,331.0,2,NONINCAPACITATING INJURY,1.0,0.0,0.0,1.0,0.0,1.0,0.0,15,6,4,41.775133573000005,-87.58493944899999,POINT (-87.58493944915 41.775133572958),2021,919
O1095764,DRIVER,6ced1823a8443f0854deede218c8d83491c7901ae222c8507497c0e84edf5e27350ac69e90b7a3f4969af42a1068759ad9c6424ee6b42fa62878b8694d6dc8e0,JE230584,1039340.0,05/15/2021 02:00:00 AM,CHICAGO,IL,60609,M,28.0,USAGE UNKNOWN,"DEPLOYED, COMBINATION",TOTALLY EJECTED,INCAPACITATING INJURY,DISREGARDED CONTROL DEVICES,UNKNOWN,REMOVED BY EMS,TEST NOT OFFERED,2021,JE230584,05/15/2021 02:00:00 AM,30,TRAFFIC SIGNAL,FUNCTIONING PROPERLY,CLEAR,"DARKNESS, LIGHTED ROAD",ANGLE,DIVIDED - W/MEDIAN (NOT RAISED),STRAIGHT AND LEVEL,DRY,NO DEFECTS,ON SCENE,INJURY AND / OR TOW DUE TO CRASH,Y,Y,"$501 - $1,500",05/15/2021 02:03:00 AM,DISREGARDING TRAFFIC SIGNALS,DISREGARDING TRAFFIC SIGNALS,6700,S,PULASKI RD,833.0,3,INCAPACITATING INJURY,2.0,0.0,1.0,1.0,0.0,1.0,0.0,2,7,5,41.771325865,-87.72272137700001,POINT (-87.722721377294 41.771325865209),2021,120
O1236897,DRIVER,2f4c94a187c96f8b08ba6a9cb6a9e1b39a8a6ba2d496c65dc01c4bc11167087d058b71e203cd10d750a3068fd57e8fa31576df1a74ecc67398b2efb0d87393b1,JE461452,1173921.0,11/30/2021 01:45:00 PM,UNIVERSITY PARK,IL,60484,M,43.0,SAFETY BELT USED,DID NOT DEPLOY,NONE,NO INDICATION OF INJURY,NONE,NOT OBSCURED,NORMAL,TEST NOT OFFERED,2021,JE461452,11/30/2021 01:45:00 PM,30,TRAFFIC SIGNAL,FUNCTIONING PROPERLY,CLEAR,DAYLIGHT,SIDESWIPE SAME DIRECTION,DIVIDED - W/MEDIAN BARRIER,STRAIGHT AND LEVEL,DRY,NO DEFECTS,NOT ON SCENE (DESK REPORT),NO INJURY / DRIVE AWAY,Y,Y,"$501 - $1,500",11/30/2021 02:45:00 PM,IMPROPER OVERTAKING/PASSING,IMPROPER OVERTAKING/PASSING,1400,S,LAKE SHORE DR E,132.0,2,NO INDICATION OF INJURY,0.0,0.0,0.0,0.0,0.0,2.0,0.0,13,3,11,41.864116957,-87.618949975,POINT (-87.618949975476 41.864116957253),2021,825
O1124827,DRIVER,d946cec492ea9a769c94d65ee4e3701ea48d565fc5e5f7ea8cde45f1cf5420facf5d81d8aa3cba488c30c4f64932cfa41e485f922a7c3d7a96670d2154cb1625,JE277031,1066963.0,06/21/2021 08:30:00 PM,SAINT JOSEPH,MI,49805,F,61.0,USAGE UNKNOWN,"DEPLOYED, COMBINATION",NONE,NO INDICATION OF INJURY,UNKNOWN,MOVING VEHICLES,NORMAL,TEST NOT OFFERED,2021,JE277031,06/21/2021 08:30:00 PM,30,TRAFFIC SIGNAL,FUNCTIONING PROPERLY,CLEAR,DUSK,TURNING,DIVIDED - W/MEDIAN BARRIER,STRAIGHT AND LEVEL,DRY,NO DEFECTS,NOT ON SCENE (DESK REPORT),INJURY AND / OR TOW DUE TO CRASH,Y,Y,"OVER $1,500",06/23/2021 02:52:00 PM,UNABLE TO DETERMINE,NOT APPLICABLE,6600,S,STONY ISLAND AVE,321.0,2,NO INDICATION OF INJURY,0.0,0.0,0.0,0.0,0.0,2.0,0.0,20,2,6,41.775140858,-87.586441972,POINT (-87.586441971694 41.775140857742),2021,1230
O1038784,DRIVER,16d171a3cef6c48145aa60dc49227a0f0b4ae803ee2fd53dcb17a984dd778393f72df42259a98782ca76d9047cf44e892de4bf936b5f5a22bc27b495322e6f41,JE136322,984660.0,02/08/2021 07:10:00 PM,CHICAGO,IL,60629,F,26.0,SAFETY BELT USED,DID NOT DEPLOY,NONE,NO INDICATION OF INJURY,NONE,NOT OBSCURED,NORMAL,TEST NOT OFFERED,2021,JE136322,02/08/2021 07:10:00 PM,30,STOP SIGN/FLASHER,FUNCTIONING PROPERLY,SNOW,"DARKNESS, LIGHTED ROAD",ANGLE,OTHER,STRAIGHT AND LEVEL,SNOW OR SLUSH,NO DEFECTS,NOT ON SCENE (DESK REPORT),NO INJURY / DRIVE AWAY,Y,Y,"OVER $1,500",02/08/2021 07:30:00 PM,DISREGARDING STOP SIGN,DRIVING SKILLS/KNOWLEDGE/EXPERIENCE,6600,S,LAWNDALE AVE,833.0,2,NO INDICATION OF INJURY,0.0,0.0,0.0,0.0,0.0,2.0,0.0,19,2,2,41.773259902,-87.715414785,POINT (-87.715414784878 41.773259902011),2021,1150
O1093610,DRIVER,227d9fb1465da4a221dbf7ce7e39972ac4cf8985dbefe779c57ea6d4beda97d77a29463bd965fbfaaf3f124764179efcb132fd6359aeb5546a6a39ad34b5d97f,JE227149,1037267.0,05/11/2021 08:30:00 PM,CHICAGO,IL,60609,F,28.0,USAGE UNKNOWN,DID NOT DEPLOY,NONE,NO INDICATION OF INJURY,NONE,NOT OBSCURED,NORMAL,TEST NOT OFFERED,2021,JE227149,05/11/2021 08:30:00 PM,30,TRAFFIC SIGNAL,FUNCTIONING PROPERLY,CLEAR,"DARKNESS, LIGHTED ROAD",REAR END,NOT DIVIDED,STRAIGHT AND LEVEL,DRY,NO DEFECTS,ON SCENE,NO INJURY / DRIVE AWAY,Y,Y,"OVER $1,500",05/11/2021 08:33:00 PM,UNABLE TO DETERMINE,UNABLE TO DETERMINE,3901,S,ARCHER AVE,921.0,2,NO INDICATION OF INJURY,0.0,0.0,0.0,0.0,0.0,3.0,0.0,20,3,5,41.822740810999996,-87.689909789,POINT (-87.689909789049 41.822740810808),2021,1230
O1171064,DRIVER,44faac5a533a8c7b81de224436a7fce6901d482909e4cdefa4bc839ba02788b9405171935f4696ca70ed2efefb6760b0e937c95fda4cb817ec7cc522a4cdcb02,JE352632,1110896.0,08/28/2021 01:59:00 AM,ROLLING MEADOWS,IL,60008,F,20.0,SAFETY BELT USED,DID NOT DEPLOY,NONE,NO INDICATION OF INJURY,NONE,UNKNOWN,NORMAL,TEST NOT OFFERED,2021,JE352632,08/28/2021 01:59:00 AM,30,TRAFFIC SIGNAL,FUNCTIONING PROPERLY,CLEAR,"DARKNESS, LIGHTED ROAD",REAR END,FOUR WAY,STRAIGHT AND LEVEL,DRY,NO DEFECTS,ON SCENE,NO INJURY / DRIVE AWAY,Y,Y,"OVER $1,500",08/28/2021 02:05:00 AM,"OPERATING VEHICLE IN ERRATIC, RECKLESS, CARELESS, NEGLIGENT OR AGGRESSIVE MANNER",DISREGARDING TRAFFIC SIGNALS,451,N,STATE ST,1834.0,3,NO INDICATION OF INJURY,0.0,0.0,0.0,0.0,0.0,5.0,0.0,1,7,8,41.890828501,-87.627889869,POINT (-87.627889869398 41.890828500917),2021,119
O1036387,DRIVER,9d04fdeefd6546de5d91962a8481cec9e6c447f8d872cce22059e8a52c4a751d084fcc4097dfe45c74db4691da83013c19a1c38a8cf53fe1f84948f51c41c9c1,JE133450,982349.0,02/05/2021 03:35:00 PM,SAUK VILLAGE,IL,60411,F,32.0,USAGE UNKNOWN,DID NOT DEPLOY,NONE,NO INDICATION OF INJURY,UNKNOWN,UNKNOWN,NORMAL,TEST NOT OFFERED,2021,JE133450,02/05/2021 03:35:00 PM,30,STOP SIGN/FLASHER,FUNCTIONING PROPERLY,CLEAR,DAYLIGHT,ANGLE,FOUR WAY,STRAIGHT AND LEVEL,ICE,NO DEFECTS,NOT ON SCENE (DESK REPORT),NO INJURY / DRIVE AWAY,Y,Y,"OVER $1,500",02/05/2021 04:00:00 PM,"OPERATING VEHICLE IN ERRATIC, RECKLESS, CARELESS, NEGLIGENT OR AGGRESSIVE MANNER",UNABLE TO DETERMINE,10700,S,PERRY AVE,513.0,2,NO INDICATION OF INJURY,0.0,0.0,0.0,0.0,0.0,3.0,0.0,15,6,2,41.699749407,-87.62584253200001,POINT (-87.625842531954 41.699749407364),2021,935
O1136789,DRIVER,fa69988bc88f76b6aac678260b44e5c9e96bb06d6143740ded464729c75095049ce88809fbbaf9bc9e9fe888448e0812a9668fbc847abc1c1dfef86515b2b919,JE296379,1078272.0,07/10/2021 12:00:00 AM,CHICAGO,IL,60619,M,30.0,USAGE UNKNOWN,DID NOT DEPLOY,NONE,NO INDICATION OF INJURY,NONE,NOT OBSCURED,NORMAL,TEST NOT OFFERED,2021,JE296379,07/10/2021 12:00:00 AM,30,TRAFFIC SIGNAL,FUNCTIONING PROPERLY,CLEAR,"DARKNESS, LIGHTED ROAD",ANGLE,FOUR WAY,STRAIGHT AND LEVEL,DRY,NO DEFECTS,NOT ON SCENE (DESK REPORT),NO INJURY / DRIVE AWAY,Y,Y,"OVER $1,500",07/10/2021 01:10:00 AM,DISREGARDING TRAFFIC SIGNALS,FAILING TO YIELD RIGHT-OF-WAY,400,E,87TH ST,632.0,2,NO INDICATION OF INJURY,0.0,0.0,0.0,0.0,0.0,2.0,0.0,0,7,7,41.736613967,-87.61444973,POINT (-87.614449730497 41.736613967437),2021,0
O1077115,DRIVER,e97245dedafb1a394d0a89c4d799bfb3a926bffbbb00ad53861ca7df702440e8f9026da0fd52d46a9f9d29b523eed5671cbb98f2e8b109800f73708258ee6e1d,JE200405,1021489.0,04/15/2021 05:00:00 PM,DES PLAINES,IL,60018,F,28.0,SAFETY BELT USED,DID NOT DEPLOY,NONE,NO INDICATION OF INJURY,NONE,NOT OBSCURED,NORMAL,TEST NOT OFFERED,2021,JE200405,04/15/2021 05:00:00 PM,30,NO CONTROLS,NO CONTROLS,CLEAR,DAYLIGHT,ANGLE,DIVIDED - W/MEDIAN (NOT RAISED),STRAIGHT AND LEVEL,DRY,NO DEFECTS,ON SCENE,NO INJURY / DRIVE AWAY,Y,Y,"OVER $1,500",04/15/2021 05:15:00 PM,FAILING TO YIELD RIGHT-OF-WAY,UNABLE TO DETERMINE,2329,W,ADDISON ST,1921.0,2,NO INDICATION OF INJURY,0.0,0.0,0.0,0.0,0.0,2.0,0.0,17,5,4,41.946641711,-87.686977933,POINT (-87.686977932583 41.94664171058),2021,1020
O1209126,DRIVER,41618f9dcf0d7bdd112be43d923b1068a57339af041ba787e44a168bec215e54e127fea2466285c81ea83b10bc9cbe745afef707060d91ba3f93505267edc075,JE416156,1147240.0,10/20/2021 06:45:00 AM,RIVERDALE,IL,60827,F,63.0,SAFETY BELT USED,NOT APPLICABLE,NONE,NO INDICATION OF INJURY,UNKNOWN,UNKNOWN,UNKNOWN,TEST NOT OFFERED,2021,JE416156,10/20/2021 06:45:00 AM,35,STOP SIGN/FLASHER,FUNCTIONING IMPROPERLY,CLEAR,DAYLIGHT,TURNING,T-INTERSECTION,STRAIGHT AND LEVEL,DRY,NO DEFECTS,NOT ON SCENE (DESK REPORT),NO INJURY / DRIVE AWAY,Y,Y,"$501 - $1,500",10/20/2021 11:00:00 AM,UNABLE TO DETERMINE,UNABLE TO DETERMINE,601,E,130TH ST,533.0,2,NO INDICATION OF INJURY,0.0,0.0,0.0,0.0,0.0,2.0,0.0,6,4,10,41.659035617,-87.607411766,POINT (-87.607411765592 41.659035617082),2021,405
O1235876,DRIVER,f00e1257afa4fcc5fa89571ff07b04cab2fc396c0ef26397d05c588c6a31be6198ff02030260c392ad2b57bc3e2a47004cae4c265eb73c117ee113dfc7de76b6,JE458724,1172945.0,11/27/2021 08:40:00 PM,CHICAGO,IL,60642,F,44.0,SAFETY BELT USED,"DEPLOYED, FRONT",NONE,NONINCAPACITATING INJURY,NONE,NOT OBSCURED,NORMAL,TEST NOT OFFERED,2021,JE458724,11/27/2021 08:40:00 PM,35,TRAFFIC SIGNAL,FUNCTIONING PROPERLY,CLEAR,"DARKNESS, LIGHTED ROAD",TURNING,FOUR WAY,STRAIGHT AND LEVEL,DRY,NO DEFECTS,ON SCENE,INJURY AND / OR TOW DUE TO CRASH,Y,Y,"OVER $1,500",11/27/2021 08:46:00 PM,IMPROPER TURNING/NO SIGNAL,FAILING TO YIELD RIGHT-OF-WAY,6000,W,IRVING PARK RD,1624.0,2,NONINCAPACITATING INJURY,1.0,0.0,0.0,1.0,0.0,1.0,0.0,20,7,11,41.953163771999996,-87.776842593,POINT (-87.776842592847 41.953163771852),2021,1240