PERSON_ID,PERSON_TYPE,CRASH_RECORD_ID,RD_NO_x,VEHICLE_ID,CRASH_DATE_x,CITY,STATE,ZIPCODE,SEX,AGE,SAFETY_EQUIPMENT,AIRBAG_DEPLOYED,EJECTION,INJURY_CLASSIFICATION,DRIVER_ACTION,DRIVER_VISION,PHYSICAL_CONDITION,BAC_RESULT,CRASH_YEAR_x,RD_NO_y,CRASH_DATE_y,POSTED_SPEED_LIMIT,TRAFFIC_CONTROL_DEVICE,DEVICE_CONDITION,WEATHER_CONDITION,LIGHTING_CONDITION,FIRST_CRASH_TYPE,TRAFFICWAY_TYPE,ALIGNMENT,ROADWAY_SURFACE_COND,ROAD_DEFECT,REPORT_TYPE,CRASH_TYPE,INTERSECTION_RELATED_I,HIT_AND_RUN_I,DAMAGE,DATE_POLICE_NOTIFIED,PRIM_CONTRIBUTORY_CAUSE,SEC_CONTRIBUTORY_CAUSE,STREET_NO,STREET_DIRECTION,STREET_NAME,BEAT_OF_OCCURRENCE,NUM_UNITS,MOST_SEVERE_INJURY,INJURIES_TOTAL,INJURIES_FATAL,INJURIES_INCAPACITATING,INJURIES_NON_INCAPACITATING,INJURIES_REPORTED_NOT_EVIDENT,INJURIES_NO_INDICATION,INJURIES_UNKNOWN,CRASH_HOUR,CRASH_DAY_OF_WEEK,CRASH_MONTH,LATITUDE,LONGITUDE,LOCATION,CRASH_YEAR_y,TIME
O1041626,DRIVER,ac302538a3fa505d1024932218dbd62a58d33fce38595affb2b85914e5f71edfe1995fc075feab87498b79db9ae80f29ee4fc38159da96ed00d46eaeda7c17bf,JE139740,990956.0,02/12/2021 12:15:00 PM,CHICAGO,IL,60628,M,49.0,SAFETY BELT USED,DID NOT DEPLOY,NONE,NO INDICATION OF INJURY,NONE,NOT OBSCURED,NORMAL,TEST NOT OFFERED,2021,JE139740,02/12/2021 12:15:00 PM,30,TRAFFIC SIGNAL,FUNCTIONING PROPERLY,SNOW,DAYLIGHT,REAR END,DIVIDED - W/MEDIAN (NOT RAISED),STRAIGHT AND LEVEL,DRY,NO DEFECTS,NOT ON SCENE (DESK REPORT),INJURY AND / OR TOW DUE TO CRASH,Y,Y,"OVER $1,500",02/12/2021 12:38:00 PM,FOLLOWING TOO CLOSELY,UNABLE TO DETERMINE,100,E,PERSHING RD,212.0,3,NONINCAPACITATING INJURY,1.0,0.0,0.0,1.0,0.0,2.0,0.0,12,6,2,41.823866548000005,-87.62307196100001,POINT (-87.623071961221 41.82386654843),2021,735
O1225719,DRIVER,d08a1aa671c96139479cc1a682caac081f47600cfb70d48b51d979b791efb8e8601190f501ebfca0ce034802d8a7b57b1f500591c694c8217103274fcac77f4e,JE443027,1163185.0,11/12/2021 05:37:00 PM,CHICAGO,IL,60616,F,41.0,USAGE UNKNOWN,DID NOT DEPLOY,NONE,NO INDICATION OF INJURY,OTHER,MOVING VEHICLES,NORMAL,TEST NOT OFFERED,2021,JE443027,11/12/2021 05:37:00 PM,30,TRAFFIC SIGNAL,FUNCTIONING PROPERLY,CLEAR,"DARKNESS, LIGHTED ROAD",TURNING,FOUR WAY,STRAIGHT AND LEVEL,WET,NO DEFECTS,ON SCENE,NO INJURY / DRIVE AWAY,Y,N,"OVER $1,500",11/12/2021 05:37:00 PM,FAILING TO REDUCE SPEED TO AVOID CRASH,UNABLE TO DETERMINE,3500,S,HALSTED ST,915.0,3,NO INDICATION OF INJURY,0.0,0.0,0.0,0.0,0.0,3.0,0.0,17,6,11,41.830695335,-87.646250916,POINT (-87.646250915767 41.830695335202),2021,1057
O1056433,DRIVER,e0a4645621a12d459873d2155bfab5983334318535316d303468044f59f7bbb370807a72295018964a2485fb4d1277a0dd427d3b6f94c2978a1cd5ab080779e0,JE164891,1001755.0,03/10/2021 11:58:00 AM,CHICAGO,IL,60827,F,34.0,SAFETY BELT USED,DID NOT DEPLOY,NONE,NO INDICATION OF INJURY,NONE,NOT OBSCURED,NORMAL,TEST NOT OFFERED,2021,JE164891,03/10/2021 11:58:00 AM,30,TRAFFIC SIGNAL,FUNCTIONING PROPERLY,CLEAR,DAYLIGHT,TURNING,ONE-WAY,STRAIGHT AND LEVEL,DRY,NO DEFECTS,NOT ON SCENE (DESK REPORT),NO INJURY / DRIVE AWAY,Y,Y,"$501 - $1,500",03/10/2021 01:40:00 PM,IMPROPER OVERTAKING/PASSING,IMPROPER OVERTAKING/PASSING,258,E,ERIE ST,1834.0,2,NO INDICATION OF INJURY,0.0,0.0,0.0,0.0,0.0,2.0,0.0,11,4,3,41.894304363,-87.62042508299999,POINT (-87.620425082757 41.894304362611),2021,718
O1213583,DRIVER,bec5f2cdafee58db61589381b33e61ab14fb4fbc39ad93efbbf9418c4c7f3eac6199cfb26a8a7e62e522a44207cf7c3f05e7c10e3609022a6b9e8463ddbbf93d,JE423174,1151552.0,10/26/2021 03:00:00 PM,CHICAGO,IL,60620,M,56.0,USAGE UNKNOWN,DID NOT DEPLOY,NONE,NONINCAPACITATING INJURY,NONE,UNKNOWN,NORMAL,TEST NOT OFFERED,2021,JE423174,10/26/2021 03:00:00 PM,30,NO CONTROLS,NO CONTROLS,CLEAR,DAYLIGHT,ANGLE,NOT DIVIDED,STRAIGHT AND LEVEL,DRY,NO DEFECTS,ON SCENE,INJURY AND / OR TOW DUE TO CRASH,Y,Y,"OVER $1,500",10/26/2021 03:05:00 PM,DRIVING ON WRONG SIDE/WRONG WAY,NOT APPLICABLE,1200,W,68TH ST,724.0,4,NONINCAPACITATING INJURY,2.0,0.0,0.0,2.0,0.0,1.0,0.0,15,3,10,41.770623128000004,-87.654325236,POINT (-87.65432523605 41.770623128139),2021,900
O1037422,DRIVER,a85a1f329813997bf4010767941915e5ad72d7af21a80ef0c8526085fc935d3e4b8b57368c747b8819f5353d46a9c1841ffbab11306363eb862a2d8c5bb44d79,JE134672,983347.0,02/06/2021 09:15:00 PM,CHICAGO,IL,60623,M,38.0,SAFETY BELT USED,NOT APPLICABLE,NONE,NO INDICATION OF INJURY,NONE,NOT OBSCURED,NORMAL,TEST NOT OFFERED,2021,JE134672,02/06/2021 09:15:00 PM,30,TRAFFIC SIGNAL,FUNCTIONING PROPERLY,SNOW,DARKNESS,TURNING,DIVIDED - W/MEDIAN (NOT RAISED),STRAIGHT AND LEVEL,SNOW OR SLUSH,NO DEFECTS,ON SCENE,NO INJURY / DRIVE AWAY,Y,Y,$500 OR LESS,02/06/2021 09:20:00 PM,IMPROPER TURNING/NO SIGNAL,NOT APPLICABLE,3200,W,31ST ST,1032.0,2,NO INDICATION OF INJURY,0.0,0.0,0.0,0.0,0.0,2.0,0.0,21,7,2,41.8373395,-87.704950558,POINT (-87.704950558004 41.837339500296),2021,1275
O1231812,DRIVER,ec2d79881800840aaa882b9770fe2daa70f4a123b92228c9e7c3297ef03c1527fe31da8219ec216fb88d0ccef1c4c51d6d455840c68eef339df4315ef5769f84,JE452967,1169019.0,11/21/2021 07:30:00 PM,FRANKLIN PARK,IL,60131,F,42.0,SAFETY BELT USED,DID NOT DEPLOY,NONE,NO INDICATION OF INJURY,NONE,UNKNOWN,NORMAL,TEST NOT OFFERED,2021,JE452967,11/21/2021 07:30:00 PM,30,STOP SIGN/FLASHER,FUNCTIONING PROPERLY,UNKNOWN,"DARKNESS, LIGHTED ROAD",TURNING,FOUR WAY,STRAIGHT AND LEVEL,UNKNOWN,UNKNOWN,NOT ON SCENE (DESK REPORT),NO INJURY / DRIVE AWAY,Y,Y,"OVER $1,500",11/21/2021 09:15:00 PM,FAILING TO YIELD RIGHT-OF-WAY,NOT APPLICABLE,5900,W,ALTGELD ST,2515.0,2,NO INDICATION OF INJURY,0.0,0.0,0.0,0.0,0.0,3.0,0.0,19,1,11,41.925802351,-87.773411861,POINT (-87.773411861179 41.925802351168),2021,1170
O1176257,DRIVER,ce568031f6b4d94c4f049ad6e6e461d5fd161d1e110125e470c77468556cbe62427368b83991fab2ceb653ceb11e05626260d9f1daf7d45d6000c3a6be5c4ed2,JE360810,1115857.0,09/03/2021 09:27:00 PM,CHICAGO,IL,60639,M,62.0,SAFETY BELT USED,"DEPLOYED, COMBINATION",NONE,NO INDICATION OF INJURY,NONE,UNKNOWN,NORMAL,TEST NOT OFFERED,2021,JE360810,09/03/2021 09:27:00 PM,30,STOP SIGN/FLASHER,FUNCTIONING PROPERLY,CLEAR,"DARKNESS, LIGHTED ROAD",ANGLE,FOUR WAY,STRAIGHT AND LEVEL,DRY,NO DEFECTS,ON SCENE,INJURY AND / OR TOW DUE TO CRASH,Y,Y,"OVER $1,500",09/03/2021 09:28:00 PM,DISREGARDING STOP SIGN,FAILING TO YIELD RIGHT-OF-WAY,300,N,DAMEN AVE,1223.0,2,NO INDICATION OF INJURY,0.0,0.0,0.0,0.0,0.0,3.0,0.0,21,6,9,41.886814613,-87.676939939,POINT (-87.676939939027 41.886814612521),2021,1287
O1117266,DRIVER,aeb9df8e433f0f71999e9e67f7451d546cc57d52d2eaa46dc3ec32c42c8894e0fe203ab6cf52eab66dc9867c546a5bf92edd6fcedb5bfac5600f488bacda2ec4,JE264752,1059780.0,06/13/2021 06:10:00 PM,EAST CHICAGO,IN,46312,F,25.0,SAFETY BELT USED,DID NOT DEPLOY,NONE,NO INDICATION OF INJURY,NONE,NOT OBSCURED,NORMAL,TEST NOT OFFERED,2021,JE264752,06/13/2021 06:10:00 PM,35,STOP SIGN/FLASHER,FUNCTIONING PROPERLY,CLEAR,DAYLIGHT,SIDESWIPE SAME DIRECTION,DIVIDED - W/MEDIAN (NOT RAISED),STRAIGHT AND LEVEL,DRY,NO DEFECTS,ON SCENE,NO INJURY / DRIVE AWAY,Y,Y,"OVER $1,500",06/13/2021 06:25:00 PM,IMPROPER TURNING/NO SIGNAL,UNABLE TO DETERMINE,506,E,51ST ST,223.0,2,NO INDICATION OF INJURY,0.0,0.0,0.0,0.0,0.0,5.0,0.0,18,1,6,41.802242094,-87.613760614,POINT (-87.613760614218 41.802242093905),2021,1090
O1176246,DRIVER,08ac7ea5a8929dceed4502d16e3f222bb81eba2646e2aca80783221d9ec6def1c8ad965e25dfba53683065382d759f8c9ddfb914464150c64d43eba7c2f3c5fe,JE360813,1115847.0,09/03/2021 10:12:00 PM,OAK PARK,IL,60302,F,38.0,SAFETY BELT USED,DID NOT DEPLOY,NONE,NO INDICATION OF INJURY,NONE,NOT OBSCURED,NORMAL,TEST NOT OFFERED,2021,JE360813,09/03/2021 10:12:00 PM,35,TRAFFIC SIGNAL,FUNCTIONING PROPERLY,CLEAR,"DARKNESS, LIGHTED ROAD",TURNING,NOT DIVIDED,STRAIGHT AND LEVEL,DRY,NO DEFECTS,NOT ON SCENE (DESK REPORT),NO INJURY / DRIVE AWAY,Y,Y,"OVER $1,500",09/03/2021 11:00:00 PM,UNABLE TO DETERMINE,UNABLE TO DETERMINE,300,E,JACKSON DR,114.0,2,NO INDICATION OF INJURY,0.0,0.0,0.0,0.0,0.0,2.0,0.0,22,6,9,41.87844405,-87.620517958,POINT (-87.620517957578 41.878444050454),2021,1332
O1084288,DRIVER,b40296a378a3851e0bee9d8e133ee157f1eb3c3dcb865576476862a38a6018dd40a2dd9c905c7c285ffb1bf9f711cd60b5a9d6b07085393b66cc10516c59cec2,JE212408,1028358.0,04/27/2021 11:54:00 PM,CHICAGO,IL,60638,M,25.0,USAGE UNKNOWN,"DEPLOYED, FRONT",NONE,NO INDICATION OF INJURY,UNKNOWN,UNKNOWN,NORMAL,TEST NOT OFFERED,2021,JE212408,04/27/2021 11:54:00 PM,35,STOP SIGN/FLASHER,FUNCTIONING PROPERLY,CLEAR,DARKNESS,ANGLE,NOT DIVIDED,STRAIGHT AND LEVEL,DRY,UNKNOWN,NOT ON SCENE (DESK REPORT),INJURY AND / OR TOW DUE TO CRASH,Y,Y,"OVER $1,500",04/28/2021 12:01:00 AM,UNABLE TO DETERMINE,UNABLE TO DETERMINE,4899,W,WASHINGTON BLVD,1533.0,3,NO INDICATION OF INJURY,0.0,0.0,0.0,0.0,0.0,6.0,0.0,23,3,4,41.881675833,-87.7476494,POINT (-87.747649400341 41.881675833417),2021,1434
O1200961,DRIVER,0d1576126736d84200682c715c3143e8011472b8e33e37370a0816a1d8a85a95a35edace6a14face9e15c5c713cc9807868c08c3c1cbf8ac46eaea9ff2d4d944,JE402650,1139527.0,10/07/2021 09:00:00 AM,CHICAGO,IL,60647,F,30.0,USAGE UNKNOWN,DID NOT DEPLOY,NONE,NO INDICATION OF INJURY,NONE,NOT OBSCURED,NORMAL,TEST NOT OFFERED,2021,JE402650,10/07/2021 09:00:00 AM,30,STOP SIGN/FLASHER,FUNCTIONING PROPERLY,RAIN,DAYLIGHT,TURNING,FOUR WAY,STRAIGHT AND LEVEL,WET,NO DEFECTS,NOT ON SCENE (DESK REPORT),NO INJURY / DRIVE AWAY,Y,Y,"OVER $1,500",10/08/2021 01:20:00 PM,IMPROPER TURNING/NO SIGNAL,FAILING TO YIELD RIGHT-OF-WAY,1900,N,KEDZIE AVE,1421.0,2,NO INDICATION OF INJURY,0.0,0.0,0.0,0.0,0.0,2.0,0.0,9,5,10,41.915622412,-87.707063935,POINT (-87.707063935234 41.915622412231),2021,540
O1200728,DRIVER,eeb03a4d245f0571a34a97766a230ae6088c9cd7dfc0b8852c611f95f13f1f8ade836e0f93fad5208987b32403bdaae6fdd1548888f5042931142fd610c634ba,JE402178,1139293.0,10/08/2021 03:46:00 AM,CHICAGO,IL,60640,M,30.0,USAGE UNKNOWN,"DEPLOYED, SIDE",NONE,NONINCAPACITATING INJURY,NONE,NOT OBSCURED,NORMAL,TEST NOT OFFERED,2021,JE402178,10/08/2021 03:46:00 AM,30,TRAFFIC SIGNAL,FUNCTIONING PROPERLY,CLEAR,"DARKNESS, LIGHTED ROAD",ANGLE,FOUR WAY,STRAIGHT AND LEVEL,WET,NO DEFECTS,ON SCENE,INJURY AND / OR TOW DUE TO CRASH,Y,Y,"OVER $1,500",10/08/2021 03:46:00 AM,DISREGARDING TRAFFIC SIGNALS,NOT APPLICABLE,1791,W,HOWARD ST,2422.0,3,NONINCAPACITATING INJURY,1.0,0.0,0.0,1.0,0.0,1.0,0.0,3,6,10,42.019286731,-87.676109675,POINT (-87.676109674529 42.019286730531),2021,226
O1152216,DRIVER,19a8b868eaa73dd4fc7e517d08f46ad098d1ee5400381fa982b7ecc91dad322468c73e08fbd086b0d56962d82c5663d4d08934e4f47c80b950992ec928887330,JE321566,1092959.0,07/31/2021 09:40:00 PM,PALATINE,IL,60074,M,43.0,SAFETY BELT USED,NOT APPLICABLE,NONE,NO INDICATION OF INJURY,NONE,NOT OBSCURED,UNKNOWN,TEST NOT OFFERED,2021,JE321566,07/31/2021 09:40:00 PM,30,TRAFFIC SIGNAL,FUNCTIONING PROPERLY,UNKNOWN,"DARKNESS, LIGHTED ROAD",REAR END,ONE-WAY,STRAIGHT AND LEVEL,UNKNOWN,UNKNOWN,NOT ON SCENE (DESK REPORT),NO INJURY / DRIVE AWAY,Y,Y,"$501 - $1,500",07/31/2021 11:14:00 PM,FOLLOWING TOO CLOSELY,FOLLOWING TOO CLOSELY,1568,W,CONGRESS PKWY,1231.0,2,NO INDICATION OF INJURY,0.0,0.0,0.0,0.0,0.0,3.0,0.0,21,7,7,41.875287506999996,-87.666602735,POINT (-87.666602734801 41.875287507022),2021,1300
O1117027,DRIVER,f251842ddc9784c8e5b71a0799cbd2963b857c470a8cddfaf54249f687a6b5819149db5b0e0af5dcea281e5a2e0d6fea195b31a1f17777107cec4f61ec598e56,JE264454,1059551.0,06/13/2021 05:00:00 AM,CHICAGO,IL,60632,M,36.0,USAGE UNKNOWN,"DEPLOYED, FRONT",NONE,NO INDICATION OF INJURY,UNKNOWN,UNKNOWN,UNKNOWN,TEST NOT OFFERED,2021,JE264454,06/13/2021 05:00:00 AM,30,TRAFFIC SIGNAL,FUNCTIONING PROPERLY,CLEAR,DAWN,REAR END,NOT DIVIDED,STRAIGHT AND LEVEL,DRY,UNKNOWN,NOT ON SCENE (DESK REPORT),NO INJURY / DRIVE AWAY,Y,Y,"OVER $1,500",06/13/2021 01:51:00 PM,UNABLE TO DETERMINE,UNABLE TO DETERMINE,7100,S,WENTWORTH AVE,731.0,2,NO INDICATION OF INJURY,0.0,0.0,0.0,0.0,0.0,2.0,0.0,5,1,6,41.765341358,-87.629914575,POINT (-87.629914574932 41.7653413584),2021,300
O1140143,DRIVER,08e3da53fbe306008b23d6952497e72f0bfc2f608d8177eb75246a4677355cdec9f2f5500d5a6d8c2ae1f501476041aa86239ae3f1cc6b8ffe15119674cbf5ee,JE302114,1081475.0,07/15/2021 09:05:00 AM,CHICAGO,IL,60632,F,38.0,SAFETY BELT USED,"DEPLOYED, FRONT",NONE,NO INDICATION OF INJURY,NONE,NOT OBSCURED,NORMAL,TEST NOT OFFERED,2021,JE302114,07/15/2021 09:05:00 AM,30,STOP SIGN/FLASHER,FUNCTIONING PROPERLY,CLEAR,DAYLIGHT,HEAD ON,DIVIDED - W/MEDIAN (NOT RAISED),STRAIGHT AND LEVEL,DRY,NO DEFECTS,NOT ON SCENE (DESK REPORT),INJURY AND / OR TOW DUE TO CRASH,Y,Y,"$501 - $1,500",07/15/2021 11:03:00 AM,UNABLE TO DETERMINE,UNABLE TO DETERMINE,1500,W,49TH ST,933.0,2,NO INDICATION OF INJURY,0.0,0.0,0.0,0.0,0.0,2.0,0.0,9,5,7,41.805104038,-87.66250617,POINT (-87.662506169865 41.805104037891),2021,545
O1087908,DRIVER,320983af9b78a5c48774bf042d8d5c1934dbfc9bfe58f5d08fb0d6b044399cbab86efd2e9d07d9c329cd03aee472e2a1196329110fc5d8e80a9f8a320af51209,JE217905,1031830.0,05/03/2021 07:12:00 AM,CHICAGO,IL,60656,M,39.0,SAFETY BELT USED,"DEPLOYED, SIDE",NONE,NONINCAPACITATING INJURY,NONE,UNKNOWN,NORMAL,TEST NOT OFFERED,2021,JE217905,05/03/2021 07:12:00 AM,30,TRAFFIC SIGNAL,FUNCTIONING PROPERLY,CLOUDY/OVERCAST,DAYLIGHT,ANGLE,UNKNOWN INTERSECTION TYPE,STRAIGHT AND LEVEL,DRY,NO DEFECTS,ON SCENE,INJURY AND / OR TOW DUE TO CRASH,Y,Y,"OVER $1,500",05/03/2021 07:38:00 AM,DISREGARDING TRAFFIC SIGNALS,UNABLE TO DETERMINE,2676,N,CLYBOURN AVE,1931.0,2,NONINCAPACITATING INJURY,1.0,0.0,0.0,1.0,0.0,1.0,0.0,7,2,5,41.929882641999995,-87.675556809,POINT (-87.675556809474 41.929882642285),2021,432
O1127244,DRIVER,9a208655a82c28e0ec895aa2a988b2ceb3e38ddfc22d1a9f3a73a348da5810a84856950746bc0f4c37f3099d66c89856f6d6f3a0d8f4ca02a72e5452dac909ea,JE280758,1069260.0,06/27/2021 12:24:00 AM,CHICAGO,IL,60632,F,20.0,SAFETY BELT USED,DID NOT DEPLOY,NONE,NO INDICATION OF INJURY,NONE,NOT OBSCURED,NORMAL,TEST NOT OFFERED,2021,JE280758,06/27/2021 12:24:00 AM,30,TRAFFIC SIGNAL,FUNCTIONING PROPERLY,CLEAR,"DARKNESS, LIGHTED ROAD",REAR END,NOT DIVIDED,STRAIGHT AND LEVEL,DRY,NO DEFECTS,ON SCENE,INJURY AND / OR TOW DUE TO CRASH,Y,Y,"OVER $1,500",06/27/2021 12:25:00 AM,"OPERATING VEHICLE IN ERRATIC, RECKLESS, CARELESS, NEGLIGENT OR AGGRESSIVE MANNER",UNABLE TO DETERMINE,3359,N,KEDZIE AVE,1733.0,3,NO INDICATION OF INJURY,0.0,0.0,0.0,0.0,0.0,4.0,0.0,0,1,6,41.942650593,-87.70756674799999,POINT (-87.707566747663 41.942650593273),2021,24
O1067260,DRIVER,b89eefd3328a6b40dad9c24a0e0716c145073b0eaa3187a1e192f3af8c63cc02a165413d7020926f9d800d28e60b38a73c5c77546782b77d43710eb7477c129b,JE183883,1012184.0,03/30/2021 07:10:00 AM,CHICAGO,IL,60631,M,55.0,SAFETY BELT USED,"DEPLOYED, COMBINATION",NONE,NO INDICATION OF INJURY,UNKNOWN,UNKNOWN,NORMAL,TEST NOT OFFERED,2021,JE183883,03/30/2021 07:10:00 AM,30,TRAFFIC SIGNAL,FUNCTIONING PROPERLY,CLEAR,DAYLIGHT,ANGLE,NOT DIVIDED,STRAIGHT AND LEVEL,DRY,NO DEFECTS,ON SCENE,INJURY AND / OR TOW DUE TO CRASH,Y,Y,"OVER $1,500",03/30/2021 07:12:00 AM,DISREGARDING TRAFFIC SIGNALS,UNABLE TO DETERMINE,3001,W,ROOSEVELT RD,1022.0,2,NO INDICATION OF INJURY,0.0,0.0,0.0,0.0,0.0,2.0,0.0,7,3,3,41.866345219,-87.70084693700001,POINT (-87.700846936556 41.866345218876),2021,430
O1160597,DRIVER,ff4bf116a0a91c207d95094e46658d2031b8c015d571443349ddad84a17914f7a1506972f43c22fa3ba8379fd3226e16d4266160d422ec6bbd867a79a20c0c67,JE335501,1100945.0,08/12/2021 09:44:00 PM,CHICAGO,IL,60638,M,27.0,USAGE UNKNOWN,DID NOT DEPLOY,NONE,NO INDICATION OF INJURY,OTHER,NOT OBSCURED,NORMAL,TEST NOT OFFERED,2021,JE335501,08/12/2021 09:44:00 PM,45,NO CONTROLS,NO CONTROLS,CLEAR,DAWN,REAR END,DIVIDED - W/MEDIAN BARRIER,STRAIGHT AND LEVEL,DRY,NO DEFECTS,ON SCENE,NO INJURY / DRIVE AWAY,Y,Y,"OVER $1,500",08/12/2021 10:03:00 PM,UNABLE TO DETERMINE,UNABLE TO DETERMINE,2300,S,LAKE SHORE DR E,132.0,3,NO INDICATION OF INJURY,0.0,0.0,0.0,0.0,0.0,4.0,0.0,21,5,8,41.851058626,-87.61315289299999,POINT (-87.613152893438 41.851058626095),2021,1304
O1188203,DRIVER,197ae97afb8cd1d2aa4bd1de4ec22bc4779dbc87629c9ccdac06ee07268de5b39de78bacef7ae7a42030321b2eba96550eb8acd479c985df029cd9b513fad69c,JE380932,1127293.0,09/20/2021 12:15:00 PM,CHICAGO,IL,60612,F,30.0,SAFETY BELT USED,DID NOT DEPLOY,NONE,NONINCAPACITATING INJURY,OTHER,UNKNOWN,NORMAL,TEST NOT OFFERED,2021,JE380932,09/20/2021 12:15:00 PM,30,STOP SIGN/FLASHER,FUNCTIONING PROPERLY,CLOUDY/OVERCAST,DAYLIGHT,REAR END,NOT DIVIDED,STRAIGHT AND LEVEL,DRY,NO DEFECTS,ON SCENE,INJURY AND / OR TOW DUE TO CRASH,Y,Y,"OVER $1,500",09/20/2021 01:58:00 PM,FOLLOWING TOO CLOSELY,UNABLE TO DETERMINE,400,N,PULASKI RD,1111.0,2,NONINCAPACITATING INJURY,4.0,0.0,0.0,4.0,0.0,1.0,0.0,12,2,9,41.887784774,-87.726015595,POINT (-87.726015594503 41.88778477417),2021,735
O1034040,DRIVER,300d182ab59be4d9a4b563563d675e715e26390fb65571b1e6610b0aff3ee0abd506d0046a9905814888eae0ab072a9dee2c0fe62ce59298d734dd960e039fff,JE129617,980107.0,01/28/2021 07:00:00 PM,CHICAGO,IL,60652,F,54.0,SAFETY BELT USED,DID NOT DEPLOY,NONE,NO INDICATION OF INJURY,NONE,NOT OBSCURED,NORMAL,TEST NOT OFFERED,2021,JE129617,01/28/2021 07:00:00 PM,30,TRAFFIC SIGNAL,FUNCTIONING PROPERLY,CLEAR,"DARKNESS, LIGHTED ROAD",REAR END,NOT DIVIDED,STRAIGHT ON GRADE,DRY,NO DEFECTS,NOT ON SCENE (DESK REPORT),NO INJURY / DRIVE AWAY,Y,Y,"OVER $1,500",02/01/2021 07:15:00 PM,FAILING TO REDUCE SPEED TO AVOID CRASH,NOT APPLICABLE,454,W,83RD ST,622.0,2,NO INDICATION OF INJURY,0.0,0.0,0.0,0.0,0.0,2.0,0.0,19,5,1,41.744224347,-87.63578719899999,POINT (-87.635787198948 41.744224346704),2021,1140
O1113861,DRIVER,549f0f8bebb182292abc7df433d6e74cb724416c0e6cee79271307ed69bb41e8ad1ccb32141d40ddd1e643aaf0368c7886b76c0beddb496e942304b064c28ec4,JE259686,1056638.0,06/09/2021 12:35:00 PM,TINLEY PARK,IL,60487,M,31.0,SAFETY BELT USED,NOT APPLICABLE,NONE,NO INDICATION OF INJURY,UNKNOWN,NOT OBSCURED,NORMAL,TEST NOT OFFERED,2021,JE259686,06/09/2021 12:35:00 PM,30,UNKNOWN,UNKNOWN,CLEAR,DAYLIGHT,REAR END,UNKNOWN,STRAIGHT AND LEVEL,OTHER,UNKNOWN,NOT ON SCENE (DESK REPORT),NO INJURY / DRIVE AWAY,Y,Y,"OVER $1,500",06/09/2021 03:15:00 PM,UNABLE TO DETERMINE,UNABLE TO DETERMINE,329,E,GARFIELD BLVD,231.0,2,NO INDICATION OF INJURY,0.0,0.0,0.0,0.0,0.0,2.0,0.0,12,4,6,41.794333043,-87.618062056,POINT (-87.618062055627 41.794333043232),2021,755
O1105531,DRIVER,38aa5df66468d820431aac400a52fbf95a051610966bf34ea0ba2ddf841172ee36a1649e8aadcd3175e7122cd64f46e65a1997cc02d36ebb59329001d37b7f10,JE246486,1048707.0,05/29/2021 04:12:00 AM,CHICAGO,IL,60637,M,32.0,USAGE UNKNOWN,DID NOT DEPLOY,NONE,NO INDICATION OF INJURY,UNKNOWN,UNKNOWN,UNKNOWN,TEST NOT OFFERED,2021,JE246486,05/29/2021 04:12:00 AM,30,TRAFFIC SIGNAL,UNKNOWN,CLEAR,DARKNESS,REAR TO FRONT,DIVIDED - W/MEDIAN (NOT RAISED),STRAIGHT AND LEVEL,DRY,NO DEFECTS,ON SCENE,NO INJURY / DRIVE AWAY,Y,Y,"OVER $1,500",05/29/2021 04:33:00 AM,UNABLE TO DETERMINE,UNABLE TO DETERMINE,7900,S,SOUTH SHORE DR,422.0,2,NO INDICATION OF INJURY,0.0,0.0,0.0,0.0,0.0,2.0,0.0,4,7,5,41.751855602,-87.54825033700001,POINT (-87.548250337339 41.751855602467),2021,252
O1027483,DRIVER,560c1ab400c7f67ff0c7b0ba0245b0ed2f93ec580d470e76bcb2bfaea4cdfe892e0406ccb0b34fe04c92ec1315a2eb8e178a5e50906d0b44bee2d3233e8f9622,JE118147,973847.0,01/19/2021 10:15:00 PM,CHICAGO,IL,60637,M,60.0,SAFETY BELT USED,DID NOT DEPLOY,NONE,NO INDICATION OF INJURY,NONE,NOT OBSCURED,NORMAL,TEST NOT OFFERED,2021,JE118147,01/19/2021 10:15:00 PM,35,TRAFFIC SIGNAL,NO CONTROLS,SNOW,DARKNESS,ANGLE,FOUR WAY,STRAIGHT AND LEVEL,SNOW OR SLUSH,NO DEFECTS,NOT ON SCENE (DESK REPORT),NO INJURY / DRIVE AWAY,Y,Y,"$501 - $1,500",01/20/2021 04:00:00 PM,DISREGARDING TRAFFIC SIGNALS,UNABLE TO DETERMINE,7100,S,DR MARTIN LUTHER KING JR DR,323.0,2,NO INDICATION OF INJURY,0.0,0.0,0.0,0.0,0.0,2.0,0.0,22,3,1,41.765618818,-87.615407248,POINT (-87.615407248037 41.765618817754),2021,1335
O1173459,DRIVER,ea818db6a044cb091f499bebf3df8ba2f2a86ec22111805f4773439363fb2463c94e579be33341c36751a22ca6f6e01010358d9e16ac7b12f0e17773ac275e26,JE356322,1113183.0,08/31/2021 08:44:00 AM,CHICAGO,IL,60617,F,33.0,SAFETY BELT USED,DID NOT DEPLOY,NONE,NO INDICATION OF INJURY,UNKNOWN,NOT OBSCURED,NORMAL,TEST NOT OFFERED,2021,JE356322,08/31/2021 08:44:00 AM,30,NO CONTROLS,NO CONTROLS,CLEAR,DAYLIGHT,SIDESWIPE SAME DIRECTION,FOUR WAY,STRAIGHT AND LEVEL,DRY,UNKNOWN,NOT ON SCENE (DESK REPORT),NO INJURY / DRIVE AWAY,Y,Y,"OVER $1,500",08/31/2021 10:35:00 AM,IMPROPER OVERTAKING/PASSING,NOT APPLICABLE,8001,S,DR MARTIN LUTHER KING JR DR,631.0,2,NO INDICATION OF INJURY,0.0,0.0,0.0,0.0,0.0,2.0,0.0,8,3,8,41.749201546,-87.61477142700001,POINT (-87.614771426867 41.749201546083),2021,524