PERSON_ID,PERSON_TYPE,CRASH_RECORD_ID,RD_NO_x,VEHICLE_ID,CRASH_DATE_x,CITY,STATE,ZIPCODE,SEX,AGE,SAFETY_EQUIPMENT,AIRBAG_DEPLOYED,EJECTION,INJURY_CLASSIFICATION,DRIVER_ACTION,DRIVER_VISION,PHYSICAL_CONDITION,BAC_RESULT,CRASH_YEAR_x,RD_NO_y,CRASH_DATE_y,POSTED_SPEED_LIMIT,TRAFFIC_CONTROL_DEVICE,DEVICE_CONDITION,WEATHER_CONDITION,LIGHTING_CONDITION,FIRST_CRASH_TYPE,TRAFFICWAY_TYPE,ALIGNMENT,ROADWAY_SURFACE_COND,ROAD_DEFECT,REPORT_TYPE,CRASH_TYPE,INTERSECTION_RELATED_I,HIT_AND_RUN_I,DAMAGE,DATE_POLICE_NOTIFIED,PRIM_CONTRIBUTORY_CAUSE,SEC_CONTRIBUTORY_CAUSE,STREET_NO,STREET_DIRECTION,STREET_NAME,BEAT_OF_OCCURRENCE,NUM_UNITS,MOST_SEVERE_INJURY,INJURIES_TOTAL,INJURIES_FATAL,INJURIES_INCAPACITATING,INJURIES_NON_INCAPACITATING,INJURIES_REPORTED_NOT_EVIDENT,INJURIES_NO_INDICATION,INJURIES_UNKNOWN,CRASH_HOUR,CRASH_DAY_OF_WEEK,CRASH_MONTH,LATITUDE,LONGITUDE,LOCATION,CRASH_YEAR_y,TIME
O1019282,DRIVER,64a3b5db99d858a3f5ace54add8139cdfa299864912cad732b04039d798852ef792b7d5ff71abbfe2714d0f47f73860fdf6df4f62a284e3da426adf3188ef933,JE102663,966090.0,01/04/2021 06:46:00 AM,DOLTON,IL,60419,F,24.0,SAFETY BELT USED,DID NOT DEPLOY,NONE,NO INDICATION OF INJURY,NONE,NOT OBSCURED,NORMAL,TEST NOT OFFERED,2021,JE102663,01/04/2021 06:46:00 AM,30,TRAFFIC SIGNAL,FUNCTIONING PROPERLY,FREEZING RAIN/DRIZZLE,"DARKNESS, LIGHTED ROAD",TURNING,T-INTERSECTION,STRAIGHT AND LEVEL,WET,NO DEFECTS,ON SCENE,NO INJURY / DRIVE AWAY,Y,Y,"OVER $1,500",01/04/2021 06:47:00 AM,UNABLE TO DETERMINE,DRIVING SKILLS/KNOWLEDGE/EXPERIENCE,3401,S,CALIFORNIA AVE,911.0,2,NO INDICATION OF INJURY,0.0,0.0,0.0,0.0,0.0,2.0,0.0,6,2,1,41.832133803000005,-87.694728059,POINT (-87.694728059276 41.83213380291),2021,406
O1240916,DRIVER,4644fa43a17d03cade38b4af6f7e3f75d5a31f0073becf2a0de26e9c4a0f5d3944f3a4cd4c4d72973cbfeb7db393a297c9dc60aa140be9efa686365048119fb3,JE468313,1177772.0,12/06/2021 06:17:00 PM,CHICAGO HEIGHTS,IL,60411,M,58.0,SAFETY BELT USED,NOT APPLICABLE,NONE,NO INDICATION OF INJURY,NONE,NOT OBSCURED,NORMAL,"TEST PERFORMED, RESULTS UNKNOWN",2021,JE468313,12/06/2021 06:17:00 PM,30,STOP SIGN/FLASHER,NO CONTROLS,CLEAR,"DARKNESS, LIGHTED ROAD",REAR END,NOT DIVIDED,STRAIGHT AND LEVEL,DRY,NO DEFECTS,ON SCENE,NO INJURY / DRIVE AWAY,Y,Y,"OVER $1,500",12/06/2021 06:17:00 PM,UNABLE TO DETERMINE,NOT APPLICABLE,402,E,79TH ST,624.0,2,NO INDICATION OF INJURY,0.0,0.0,0.0,0.0,0.0,3.0,0.0,18,2,12,41.751224467,-87.614810729,POINT (-87.614810729318 41.751224467234),2021,1097
O1060402,DRIVER,bde6e3d433b35afa7c04e9dca0ac3c5c13719216f4b02792b2fc7bd3b75c7a8849deed15073b08ed5be486e7aec0a3c6b683df2c099b1b2a117cab34275a2a07,JE172288,1005605.0,03/17/2021 03:45:00 PM,NORRIDGE,IL,60706,M,36.0,SAFETY BELT USED,DID NOT DEPLOY,NONE,NO INDICATION OF INJURY,NONE,NOT OBSCURED,NORMAL,TEST NOT OFFERED,2021,JE172288,03/17/2021 03:45:00 PM,30,STOP SIGN/FLASHER,FUNCTIONING PROPERLY,RAIN,DAYLIGHT,ANGLE,DIVIDED - W/MEDIAN (NOT RAISED),STRAIGHT AND LEVEL,WET,NO DEFECTS,NOT ON SCENE (DESK REPORT),NO INJURY / DRIVE AWAY,Y,Y,"OVER $1,500",03/18/2021 11:00:00 AM,DISREGARDING STOP SIGN,FAILING TO REDUCE SPEED TO AVOID CRASH,529,E,71ST ST,323.0,2,NO INDICATION OF INJURY,0.0,0.0,0.0,0.0,0.0,2.0,0.0,15,4,3,41.765662176,-87.611692785,POINT (-87.611692785411 41.765662175805),2021,945
O1135821,DRIVER,d5c12781ef44894230947fb88c9d6be3a10e65afd87b08b52f7b249510d6373d5b452fc74f93ae51f2a8846ca05f49d3daea6da4ccbd3688eeb6346837789472,JE294872,1077366.0,07/04/2021 08:35:00 PM,CHICAGO,IL,60608,M,43.0,SAFETY BELT USED,DID NOT DEPLOY,NONE,NO INDICATION OF INJURY,NONE,NOT OBSCURED,NORMAL,TEST NOT OFFERED,2021,JE294872,07/04/2021 08:35:00 PM,30,TRAFFIC SIGNAL,FUNCTIONING PROPERLY,CLEAR,DAYLIGHT,REAR END,NOT DIVIDED,STRAIGHT AND LEVEL,DRY,NO DEFECTS,NOT ON SCENE (DESK REPORT),NO INJURY / DRIVE AWAY,Y,Y,"$501 - $1,500",07/08/2021 05:15:00 PM,FOLLOWING TOO CLOSELY,FOLLOWING TOO CLOSELY,348,E,31ST ST,133.0,2,NO INDICATION OF INJURY,0.0,0.0,0.0,0.0,0.0,2.0,0.0,20,1,7,41.838517121,-87.618400375,POINT (-87.618400374531 41.838517120526),2021,1235
O1171048,DRIVER,25ae6b92f7a9f5ea3f0ad655bf96b66e3547f95a500100bc0998906302293725198035dee3b27a1730561deb99fff5a5047e1405fac479768521cc3d8caf2e7d,JE352599,1110884.0,08/28/2021 12:45:00 AM,MELROSE PARK,IL,60160,F,40.0,USAGE UNKNOWN,DID NOT DEPLOY,UNKNOWN,NO INDICATION OF INJURY,UNKNOWN,UNKNOWN,UNKNOWN,TEST NOT OFFERED,2021,JE352599,08/28/2021 12:45:00 AM,30,NO CONTROLS,NO CONTROLS,CLEAR,"DARKNESS, LIGHTED ROAD",ANGLE,DIVIDED - W/MEDIAN (NOT RAISED),STRAIGHT AND LEVEL,UNKNOWN,UNKNOWN,NOT ON SCENE (DESK REPORT),NO INJURY / DRIVE AWAY,Y,Y,"OVER $1,500",08/28/2021 01:00:00 AM,UNABLE TO DETERMINE,NOT APPLICABLE,6700,S,COTTAGE GROVE AVE,321.0,2,NO INDICATION OF INJURY,0.0,0.0,0.0,0.0,0.0,2.0,0.0,0,7,8,41.773047821999995,-87.605913053,POINT (-87.605913052872 41.773047821886),2021,45
O1222033,DRIVER,3cdb4867a7769c4331afb00175dd5ed432a13dceea6a2bfed3294a2881a149f55df2fed3d76fd23caa119592494c81e4710c65317cefe58ce4041e0c9dbf665a,JE436384,1159628.0,11/06/2021 06:53:00 PM,BRIDGEVIEW,IL,60455,M,36.0,SAFETY BELT USED,"DEPLOYED, SIDE",NONE,NONINCAPACITATING INJURY,NONE,NOT OBSCURED,NORMAL,TEST NOT OFFERED,2021,JE436384,11/06/2021 06:53:00 PM,30,TRAFFIC SIGNAL,FUNCTIONING PROPERLY,CLEAR,"DARKNESS, LIGHTED ROAD",ANGLE,NOT DIVIDED,STRAIGHT AND LEVEL,DRY,NO DEFECTS,ON SCENE,INJURY AND / OR TOW DUE TO CRASH,Y,Y,"OVER $1,500",11/06/2021 06:53:00 PM,DISREGARDING TRAFFIC SIGNALS,NOT APPLICABLE,1000,W,MARQUETTE RD,724.0,2,NONINCAPACITATING INJURY,1.0,0.0,0.0,1.0,0.0,1.0,0.0,18,7,11,41.7725135,-87.649518232,POINT (-87.649518231593 41.772513500467),2021,1133
O1110332,DRIVER,ad8b8152685770799254cedd9fb32b8c02461cdaed67b9fd4b500c8cce9c0f214c81e9e739727bfd1ef379e63efc115b75d537cee6c3251d1f1bb8dc87c3b9c2,JE254160,1053284.0,06/04/2021 11:30:00 PM,CHICAGO,IL,60624,F,32.0,USAGE UNKNOWN,DEPLOYMENT UNKNOWN,NONE,NO INDICATION OF INJURY,OTHER,UNKNOWN,UNKNOWN,TEST NOT OFFERED,2021,JE254160,06/04/2021 11:30:00 PM,30,STOP SIGN/FLASHER,FUNCTIONING PROPERLY,CLEAR,"DARKNESS, LIGHTED ROAD",TURNING,T-INTERSECTION,STRAIGHT AND LEVEL,DRY,NO DEFECTS,ON SCENE,NO INJURY / DRIVE AWAY,N,Y,"$501 - $1,500",06/04/2021 11:50:00 PM,"OPERATING VEHICLE IN ERRATIC, RECKLESS, CARELESS, NEGLIGENT OR AGGRESSIVE MANNER",FAILING TO REDUCE SPEED TO AVOID CRASH,4001,W,WEST END AVE,1114.0,2,NO INDICATION OF INJURY,0.0,0.0,0.0,0.0,0.0,2.0,0.0,23,6,6,41.883251230999996,-87.725804618,POINT (-87.725804618134 41.883251231131),2021,1410
O1046096,DRIVER,ea5ef5c99d4737e5addfdd3c45aed0c6f898c7ed7fc1d455238b6f43402a5f00171d76f2dbc7e1f07795466bf5dfe31eee7080b04c520e4220299e3bb8a369b6,JE146607,991758.0,02/20/2021 03:51:00 AM,CHICAGO,IL,60609,M,41.0,USAGE UNKNOWN,NOT APPLICABLE,NONE,NO INDICATION OF INJURY,UNKNOWN,UNKNOWN,NORMAL,TEST NOT OFFERED,2021,JE146607,02/20/2021 03:51:00 AM,30,STOP SIGN/FLASHER,NO CONTROLS,CLEAR,"DARKNESS, LIGHTED ROAD",ANGLE,FOUR WAY,STRAIGHT AND LEVEL,DRY,UNKNOWN,ON SCENE,NO INJURY / DRIVE AWAY,Y,Y,"OVER $1,500",02/20/2021 03:53:00 AM,UNABLE TO DETERMINE,UNABLE TO DETERMINE,5800,S,CALIFORNIA AVE,824.0,3,NO INDICATION OF INJURY,0.0,0.0,0.0,0.0,0.0,2.0,0.0,3,7,2,41.788135993000004,-87.69379146,POINT (-87.693791459685 41.7881359927),2021,231
O1077263,DRIVER,bf4bbc258146bfbefac126fad7205c838fd9c54bf8c112169c394a9b0b440804f0e733439613c1fb74f2a119cbf6685ecd28d8d86d3995fda3972c5ea6b67255,JE200729,1021631.0,04/16/2021 01:25:00 AM,CHICAGO,IL,60634,M,54.0,SAFETY BELT USED,DID NOT DEPLOY,NONE,NO INDICATION OF INJURY,NONE,NOT OBSCURED,NORMAL,TEST NOT OFFERED,2021,JE200729,04/16/2021 01:25:00 AM,30,TRAFFIC SIGNAL,FUNCTIONING PROPERLY,CLEAR,"DARKNESS, LIGHTED ROAD",REAR END,DIVIDED - W/MEDIAN (NOT RAISED),STRAIGHT AND LEVEL,DRY,NO DEFECTS,ON SCENE,NO INJURY / DRIVE AWAY,Y,Y,"OVER $1,500",04/16/2021 01:57:00 AM,UNABLE TO DETERMINE,UNABLE TO DETERMINE,6198,W,IRVING PARK RD,1624.0,2,NO INDICATION OF INJURY,0.0,0.0,0.0,0.0,0.0,2.0,0.0,1,6,4,41.953091431,-87.78160033799999,POINT (-87.781600337723 41.953091431334),2021,85
O1221866,DRIVER,a8b4777c81cc1fc8bed9f1fd391d4d63db6118a5eea3343d1e752ac421c072af1a25f0b8921af121764389eb40ea66fd2434be745ebc2be43a8eb0e439f9271b,JE436120,1159464.0,11/06/2021 01:55:00 PM,LINCOLNWOOD,IL,60712,M,58.0,SAFETY BELT USED,NOT APPLICABLE,NONE,NO INDICATION OF INJURY,NONE,NOT OBSCURED,NORMAL,TEST NOT OFFERED,2021,JE436120,11/06/2021 01:55:00 PM,30,TRAFFIC SIGNAL,FUNCTIONING PROPERLY,CLEAR,DAYLIGHT,TURNING,NOT DIVIDED,STRAIGHT AND LEVEL,DRY,NO DEFECTS,NOT ON SCENE (DESK REPORT),NO INJURY / DRIVE AWAY,Y,Y,$500 OR LESS,11/06/2021 03:00:00 PM,DISREGARDING TRAFFIC SIGNALS,UNABLE TO DETERMINE,811,S,KOSTNER AVE,1131.0,2,NO INDICATION OF INJURY,0.0,0.0,0.0,0.0,0.0,2.0,0.0,13,7,11,41.870321553000004,-87.73496532,POINT (-87.734965319919 41.870321553402),2021,835
O1018247,DRIVER,e114f3678f710d0936438dea6e94c0c765245f5da8d2106510a246305d1a4784d13d350c011992d15e8a9f589073a4b386089fde3c8240f4257baafa77468b04,JE100655,965093.0,01/01/2021 03:00:00 AM,HILLSIDE,IL,60162,F,25.0,USAGE UNKNOWN,DID NOT DEPLOY,NONE,NO INDICATION OF INJURY,NONE,NOT OBSCURED,NORMAL,TEST NOT OFFERED,2021,JE100655,01/01/2021 03:00:00 AM,30,TRAFFIC SIGNAL,FUNCTIONING PROPERLY,SNOW,DUSK,REAR END,NOT DIVIDED,STRAIGHT AND LEVEL,SNOW OR SLUSH,NO DEFECTS,ON SCENE,NO INJURY / DRIVE AWAY,Y,Y,"$501 - $1,500",01/01/2021 03:56:00 PM,UNABLE TO DETERMINE,UNABLE TO DETERMINE,400,N,CENTRAL AVE,1512.0,2,NO INDICATION OF INJURY,0.0,0.0,0.0,0.0,0.0,2.0,0.0,3,6,1,41.887804621,-87.765268498,POINT (-87.765268498104 41.887804620535),2021,180
O1077953,DRIVER,24e9d106eeda88b5046909bcdbb7a8d8cab30f3e986c0b3ef060a6a81313c8ed0234e850e1148b81946f4ee1a33b7d22cce8469b94793facaff09a61fcf26b6c,JE201848,1022294.0,04/17/2021 07:43:00 AM,CHICAGO,IL,60659,M,64.0,USAGE UNKNOWN,DID NOT DEPLOY,NONE,"REPORTED, NOT EVIDENT",NONE,NOT OBSCURED,NORMAL,TEST NOT OFFERED,2021,JE201848,04/17/2021 07:43:00 AM,30,TRAFFIC SIGNAL,FUNCTIONING PROPERLY,CLEAR,DAYLIGHT,ANGLE,FOUR WAY,STRAIGHT AND LEVEL,WET,NO DEFECTS,ON SCENE,INJURY AND / OR TOW DUE TO CRASH,Y,Y,"OVER $1,500",04/17/2021 08:04:00 AM,UNABLE TO DETERMINE,NOT APPLICABLE,2000,E,79TH ST,414.0,2,"REPORTED, NOT EVIDENT",1.0,0.0,0.0,0.0,1.0,1.0,0.0,7,7,4,41.751716559,-87.575923074,POINT (-87.575923074465 41.751716559268),2021,463
O1089931,DRIVER,11e696573daf7cf430380dc55261e8868b98f89e027d2401e262fbe1480c34420e3d7a7bf7c8ec56223bc9c86f67a0a0ef2f4db625c625b94a141fde8a004906,JE221575,1033748.0,05/05/2021 09:00:00 PM,CHICAGO,IL,60623,M,21.0,USAGE UNKNOWN,DEPLOYMENT UNKNOWN,NONE,NO INDICATION OF INJURY,NONE,UNKNOWN,UNKNOWN,TEST NOT OFFERED,2021,JE221575,05/05/2021 09:00:00 PM,30,TRAFFIC SIGNAL,UNKNOWN,UNKNOWN,"DARKNESS, LIGHTED ROAD",ANGLE,OTHER,STRAIGHT AND LEVEL,UNKNOWN,UNKNOWN,NOT ON SCENE (DESK REPORT),INJURY AND / OR TOW DUE TO CRASH,Y,Y,"OVER $1,500",05/06/2021 01:30:00 PM,UNABLE TO DETERMINE,NOT APPLICABLE,6699,S,LAFAYETTE AVE,722.0,2,NO INDICATION OF INJURY,0.0,0.0,0.0,0.0,0.0,4.0,0.0,21,4,5,41.772784391,-87.62661875399999,POINT (-87.626618754367 41.77278439081),2021,1260
O1067934,DRIVER,d52c2cc50bf85b42bcd19fcf1962443d80b21aa2d1f9093228bfc77cc383edb5f718311c37e031a7b5ec2e7dd19b532d1443c46411931b70d35f22709d6a2e99,JE185081,1012790.0,03/31/2021 09:00:00 AM,CHICAGO,IL,60620,F,65.0,SAFETY BELT USED,DID NOT DEPLOY,NONE,NO INDICATION OF INJURY,NONE,NOT OBSCURED,NORMAL,TEST NOT OFFERED,2021,JE185081,03/31/2021 09:00:00 AM,30,TRAFFIC SIGNAL,FUNCTIONING PROPERLY,CLEAR,DAYLIGHT,REAR END,FOUR WAY,STRAIGHT AND LEVEL,DRY,NO DEFECTS,NOT ON SCENE (DESK REPORT),NO INJURY / DRIVE AWAY,Y,Y,$500 OR LESS,03/31/2021 10:00:00 AM,FOLLOWING TOO CLOSELY,NOT APPLICABLE,5501,S,DAMEN AVE,715.0,3,NO INDICATION OF INJURY,0.0,0.0,0.0,0.0,0.0,3.0,0.0,9,4,3,41.793486351999995,-87.674133052,POINT (-87.674133052497 41.793486351629),2021,540
O1067187,DRIVER,b3b2c60dce8af65d5bdcde32b06327dc30f9a7de0a32e3bc34f2a7ecfb02de2e38ae9c64785ca34844995784c84fee3ed77bf22bfef9937472ffe280db5b1ca2,JE183584,1012101.0,03/29/2021 07:20:00 PM,CICERO,IL,60804,M,30.0,SAFETY BELT USED,DID NOT DEPLOY,NONE,NO INDICATION OF INJURY,UNKNOWN,NOT OBSCURED,NORMAL,TEST NOT OFFERED,2021,JE183584,03/29/2021 07:20:00 PM,30,TRAFFIC SIGNAL,FUNCTIONING PROPERLY,CLEAR,DAYLIGHT,TURNING,NOT DIVIDED,STRAIGHT AND LEVEL,DRY,NO DEFECTS,ON SCENE,INJURY AND / OR TOW DUE TO CRASH,Y,Y,"$501 - $1,500",03/29/2021 07:30:00 PM,UNABLE TO DETERMINE,UNABLE TO DETERMINE,3158,W,FRANKLIN BLVD,1221.0,3,NO INDICATION OF INJURY,0.0,0.0,0.0,0.0,0.0,2.0,0.0,19,2,3,41.890181522,-87.706269366,POINT (-87.706269365896 41.89018152202),2021,1160
O1026146,DRIVER,b66c71c9e2b1247e8b64a01f1dfdba8a789d6be9368b2b76ddfdc5f81b16aa628680e5d58b361a85066e3e1ae8ee54cfe3d10a42d8e12f428bdb79b66202e07c,JE115479,972562.0,01/17/2021 01:25:00 PM,CHICAGO,IL,60655,F,22.0,SAFETY BELT USED,DID NOT DEPLOY,NONE,NO INDICATION OF INJURY,NONE,NOT OBSCURED,NORMAL,TEST NOT OFFERED,2021,JE115479,01/17/2021 01:25:00 PM,30,TRAFFIC SIGNAL,FUNCTIONING PROPERLY,CLEAR,DAYLIGHT,ANGLE,NOT DIVIDED,STRAIGHT AND LEVEL,DRY,NO DEFECTS,NOT ON SCENE (DESK REPORT),NO INJURY / DRIVE AWAY,Y,Y,"$501 - $1,500",01/17/2021 01:45:00 PM,DISREGARDING TRAFFIC SIGNALS,UNABLE TO DETERMINE,11200,S,VINCENNES AVE,2212.0,2,NO INDICATION OF INJURY,0.0,0.0,0.0,0.0,0.0,2.0,0.0,13,1,1,41.69008169,-87.664817282,POINT (-87.664817281655 41.690081689849),2021,805
O1239736,DRIVER,d2afbe2bd935827adb63fc79eeec6faf19f97ffd5fca5e1aae799e9da5ecc14e186668813c2c42a281470bcc62e0c64321ef4f2efd5e7e4b70f816e2534efba4,JE466487,1176634.0,12/05/2021 01:15:00 AM,CHICAGO,IL,60642,M,26.0,SAFETY BELT USED,DID NOT DEPLOY,NONE,NO INDICATION OF INJURY,OTHER,NOT OBSCURED,NORMAL,TEST NOT OFFERED,2021,JE466487,12/05/2021 01:15:00 AM,30,TRAFFIC SIGNAL,FUNCTIONING PROPERLY,CLEAR,"DARKNESS, LIGHTED ROAD",REAR END,DIVIDED - W/MEDIAN (NOT RAISED),STRAIGHT AND LEVEL,DRY,NO DEFECTS,NOT ON SCENE (DESK REPORT),NO INJURY / DRIVE AWAY,Y,Y,"$501 - $1,500",12/05/2021 01:30:00 AM,FOLLOWING TOO CLOSELY,FAILING TO REDUCE SPEED TO AVOID CRASH,5458,S,KEDZIE AVE,822.0,2,NO INDICATION OF INJURY,0.0,0.0,0.0,0.0,0.0,2.0,0.0,1,1,12,41.793556676,-87.70370232100001,POINT (-87.703702321281 41.793556675586),2021,75
O1117186,DRIVER,dc14d0db5204d458fec7a2d4f520af9a805357084ef611914eca3f9c9d51f4953261f1078849868f4e48afc775177d621531b25a4601d2e74b78fde4df98cb6b,JE264625,1059698.0,06/06/2021 02:45:00 AM,CHICAGO,IL,60620,F,31.0,USAGE UNKNOWN,NOT APPLICABLE,NONE,NO INDICATION OF INJURY,NONE,NOT OBSCURED,NORMAL,TEST NOT OFFERED,2021,JE264625,06/06/2021 02:45:00 AM,30,NO CONTROLS,NO CONTROLS,CLEAR,DAYLIGHT,SIDESWIPE SAME DIRECTION,FOUR WAY,STRAIGHT AND LEVEL,DRY,NO DEFECTS,NOT ON SCENE (DESK REPORT),NO INJURY / DRIVE AWAY,Y,Y,"OVER $1,500",06/13/2021 05:20:00 PM,UNABLE TO DETERMINE,NOT APPLICABLE,6500,S,COTTAGE GROVE AVE,321.0,2,NO INDICATION OF INJURY,0.0,0.0,0.0,0.0,0.0,2.0,0.0,2,1,6,41.776684615,-87.605993579,POINT (-87.60599357891 41.776684614718),2021,165
O1059340,DRIVER,dfd0e49b35d632f02df8f386ed72d2b310067ce7f4a658b4015051842cf198786ec3539ec57c83eaa3d26fe0d367833750b79203acce87332a20407c5543e0a1,JE170214,1004582.0,03/16/2021 08:11:00 AM,CHICAGO,IL,60649,M,44.0,USAGE UNKNOWN,NOT APPLICABLE,NONE,NO INDICATION OF INJURY,NONE,UNKNOWN,NORMAL,TEST NOT OFFERED,2021,JE170214,03/16/2021 08:11:00 AM,35,STOP SIGN/FLASHER,NO CONTROLS,CLEAR,DAYLIGHT,ANGLE,DIVIDED - W/MEDIAN (NOT RAISED),STRAIGHT AND LEVEL,DRY,NO DEFECTS,ON SCENE,INJURY AND / OR TOW DUE TO CRASH,Y,Y,"OVER $1,500",03/16/2021 08:13:00 AM,UNABLE TO DETERMINE,UNABLE TO DETERMINE,5562,N,LINCOLN AVE,2011.0,3,NO INDICATION OF INJURY,0.0,0.0,0.0,0.0,0.0,4.0,0.0,8,3,3,41.982608969,-87.69447541299999,POINT (-87.694475412623 41.982608968774),2021,491
O1127681,DRIVER,b3d60be3aefab1555ce1e0cc7f3ddf7b957c345f283ae4b3abafd95fd9ab525f473e8f040e7e350d6c4df7291f7986950d07e6f40af5940cb9f42d624c59d533,JE281443,1069687.0,06/27/2021 04:13:00 PM,CLEVELAND HTS,OH,44121,F,49.0,SAFETY BELT USED,NOT APPLICABLE,NONE,NO INDICATION OF INJURY,NONE,NOT OBSCURED,NORMAL,TEST NOT OFFERED,2021,JE281443,06/27/2021 04:13:00 PM,30,TRAFFIC SIGNAL,FUNCTIONING PROPERLY,CLEAR,DAYLIGHT,SIDESWIPE SAME DIRECTION,FOUR WAY,STRAIGHT AND LEVEL,DRY,NO DEFECTS,ON SCENE,NO INJURY / DRIVE AWAY,Y,Y,"OVER $1,500",06/27/2021 04:14:00 PM,"OPERATING VEHICLE IN ERRATIC, RECKLESS, CARELESS, NEGLIGENT OR AGGRESSIVE MANNER",IMPROPER BACKING,31,N,HOMAN BLVD,1123.0,4,NO INDICATION OF INJURY,0.0,0.0,0.0,0.0,0.0,7.0,0.0,16,1,6,41.881772814,-87.710884728,POINT (-87.710884727706 41.881772814324),2021,973
O1102657,DRIVER,17dcea40cbf8c9b0ba6af95b772af2e30326a9797ec9d13f703d72f1547718d7d409749c4b499eb29bdf5f961c5eddff586fa96237db4da37314881ea3d76b8d,JE242136,1045951.0,05/25/2021 10:03:00 AM,EVERGREEN PARK,IL,60805,F,56.0,SAFETY BELT USED,DID NOT DEPLOY,NONE,NONINCAPACITATING INJURY,NONE,NOT OBSCURED,NORMAL,TEST NOT OFFERED,2021,JE242136,05/25/2021 10:03:00 AM,30,TRAFFIC SIGNAL,FUNCTIONING PROPERLY,CLEAR,DAYLIGHT,HEAD ON,FOUR WAY,STRAIGHT ON GRADE,DRY,UNKNOWN,ON SCENE,INJURY AND / OR TOW DUE TO CRASH,Y,Y,"OVER $1,500",05/25/2021 10:07:00 AM,DRIVING ON WRONG SIDE/WRONG WAY,IMPROPER LANE USAGE,10301,S,WESTERN AVE,2212.0,2,NONINCAPACITATING INJURY,1.0,0.0,0.0,1.0,0.0,1.0,0.0,10,3,5,41.706288117,-87.68147073,POINT (-87.681470730043 41.706288116534),2021,603
O1038423,DRIVER,eabb406dba9565d19078ba3ff81da16b773030151799066449ef7b097983c9c9c98d38b7e3702eb6fb4d89a10bd4965acdda437b6bc805b6dbead336ac12cad7,JE135863,984314.0,02/08/2021 11:05:00 AM,CHICAGO,IL,60628,M,77.0,SAFETY BELT USED,NOT APPLICABLE,NONE,NO INDICATION OF INJURY,NONE,UNKNOWN,NORMAL,TEST NOT OFFERED,2021,JE135863,02/08/2021 11:05:00 AM,30,TRAFFIC SIGNAL,FUNCTIONING PROPERLY,SNOW,DAYLIGHT,REAR END,DIVIDED - W/MEDIAN (NOT RAISED),STRAIGHT AND LEVEL,ICE,UNKNOWN,ON SCENE,NO INJURY / DRIVE AWAY,Y,Y,"OVER $1,500",02/08/2021 11:15:00 AM,UNABLE TO DETERMINE,UNABLE TO DETERMINE,1552,W,119TH ST,524.0,3,NO INDICATION OF INJURY,0.0,0.0,0.0,0.0,0.0,3.0,0.0,11,2,2,41.677660603,-87.661062475,POINT (-87.661062474566 41.677660602656),2021,665
O1099452,DRIVER,e64d383d6a3b541009a88277195d626734a23df0c3e6de530b2dfd380eb9acebe27b3c56f405e30cb7b9efdd9f4a1ea3003c83bc4745512905567f3896de137e,JE237005,1042868.0,05/20/2021 11:30:00 PM,CHICAGO,IL,60617,M,22.0,USAGE UNKNOWN,DID NOT DEPLOY,NONE,NO INDICATION OF INJURY,NONE,NOT OBSCURED,NORMAL,TEST NOT OFFERED,2021,JE237005,05/20/2021 11:30:00 PM,30,TRAFFIC SIGNAL,FUNCTIONING PROPERLY,CLEAR,"DARKNESS, LIGHTED ROAD",TURNING,DIVIDED - W/MEDIAN (NOT RAISED),STRAIGHT AND LEVEL,DRY,NO DEFECTS,ON SCENE,NO INJURY / DRIVE AWAY,Y,Y,"OVER $1,500",05/21/2021 12:07:00 AM,IMPROPER OVERTAKING/PASSING,DRIVING ON WRONG SIDE/WRONG WAY,500,W,63RD ST,711.0,2,NO INDICATION OF INJURY,0.0,0.0,0.0,0.0,0.0,3.0,0.0,23,5,5,41.779976879,-87.63756775600001,POINT (-87.637567755839 41.77997687947),2021,1410
O1032426,DRIVER,43ddb1d21a36eaeebd517dfbe1b9a16963e628518d98761dd665c88fde622018f0bad76649e9ee718b2cc7d4238c2591cb902fa29edf87bb0fc55694f071cc28,JE127012,978588.0,01/29/2021 08:08:00 PM,CHICAGO,IL,60644,M,27.0,USAGE UNKNOWN,NOT APPLICABLE,NONE,NO INDICATION OF INJURY,EVADING POLICE VEHICLE,UNKNOWN,UNKNOWN,TEST NOT OFFERED,2021,JE127012,01/29/2021 08:08:00 PM,30,UNKNOWN,UNKNOWN,SNOW,"DARKNESS, LIGHTED ROAD",PEDESTRIAN,NOT DIVIDED,STRAIGHT AND LEVEL,WET,NO DEFECTS,ON SCENE,INJURY AND / OR TOW DUE TO CRASH,Y,N,$500 OR LESS,01/29/2021 08:08:00 PM,"OPERATING VEHICLE IN ERRATIC, RECKLESS, CARELESS, NEGLIGENT OR AGGRESSIVE MANNER",FAILING TO REDUCE SPEED TO AVOID CRASH,4010,W,FIFTH AVE,1132.0,2,NONINCAPACITATING INJURY,1.0,0.0,0.0,1.0,0.0,4.0,0.0,20,6,1,41.872964455,-87.725930545,POINT (-87.725930545266 41.87296445528),2021,1208
O1081227,DRIVER,86292b7a6b60c0008b9c3809fa89cbabc4085dbe0106ca3b5b7f4d1e66c576691f4e325dfe79beae7f74f33b0ef82a03ec1cbdd9285a9934e4e505253dff6867,JE207361,1025442.0,04/23/2021 02:30:00 AM,DOLTON,IL,60419,M,33.0,USAGE UNKNOWN,"DEPLOYED, COMBINATION",NONE,NONINCAPACITATING INJURY,UNKNOWN,UNKNOWN,UNKNOWN,TEST NOT OFFERED,2021,JE207361,04/23/2021 02:30:00 AM,30,TRAFFIC SIGNAL,UNKNOWN,CLEAR,"DARKNESS, LIGHTED ROAD",REAR END,DIVIDED - W/MEDIAN (NOT RAISED),STRAIGHT AND LEVEL,DRY,UNKNOWN,ON SCENE,INJURY AND / OR TOW DUE TO CRASH,Y,Y,"OVER $1,500",04/23/2021 02:30:00 AM,UNABLE TO DETERMINE,NOT APPLICABLE,1400,E,75TH ST,324.0,2,NONINCAPACITATING INJURY,1.0,0.0,0.0,1.0,0.0,1.0,0.0,2,6,4,41.758834131,-87.590740863,POINT (-87.590740862609 41.758834131343),2021,150