PERSON_ID,PERSON_TYPE,CRASH_RECORD_ID,RD_NO_x,VEHICLE_ID,CRASH_DATE_x,CITY,STATE,ZIPCODE,SEX,AGE,SAFETY_EQUIPMENT,AIRBAG_DEPLOYED,EJECTION,INJURY_CLASSIFICATION,DRIVER_ACTION,DRIVER_VISION,PHYSICAL_CONDITION,BAC_RESULT,CRASH_YEAR_x,RD_NO_y,CRASH_DATE_y,POSTED_SPEED_LIMIT,TRAFFIC_CONTROL_DEVICE,DEVICE_CONDITION,WEATHER_CONDITION,LIGHTING_CONDITION,FIRST_CRASH_TYPE,TRAFFICWAY_TYPE,ALIGNMENT,ROADWAY_SURFACE_COND,ROAD_DEFECT,REPORT_TYPE,CRASH_TYPE,INTERSECTION_RELATED_I,HIT_AND_RUN_I,DAMAGE,DATE_POLICE_NOTIFIED,PRIM_CONTRIBUTORY_CAUSE,SEC_CONTRIBUTORY_CAUSE,STREET_NO,STREET_DIRECTION,STREET_NAME,BEAT_OF_OCCURRENCE,NUM_UNITS,MOST_SEVERE_INJURY,INJURIES_TOTAL,INJURIES_FATAL,INJURIES_INCAPACITATING,INJURIES_NON_INCAPACITATING,INJURIES_REPORTED_NOT_EVIDENT,INJURIES_NO_INDICATION,INJURIES_UNKNOWN,CRASH_HOUR,CRASH_DAY_OF_WEEK,CRASH_MONTH,LATITUDE,LONGITUDE,LOCATION,CRASH_YEAR_y,TIME
O1138648,DRIVER,ff6f88571358eeddf81b6322a212a611d53cb5c4efa06e4cc2d55c7aeab1fafb0d144e93fafc2369e07b4c5fd1fa89e9a1c957d6944ab0f5859e7101d2723701,JE299299,1080035.0,07/12/2021 06:35:00 PM,CALUMET CITY,IL,60409,M,33.0,SAFETY BELT USED,DID NOT DEPLOY,NONE,NO INDICATION OF INJURY,NONE,NOT OBSCURED,NORMAL,TEST NOT OFFERED,2021,JE299299,07/12/2021 06:35:00 PM,30,STOP SIGN/FLASHER,FUNCTIONING PROPERLY,CLEAR,DAYLIGHT,ANGLE,NOT DIVIDED,STRAIGHT AND LEVEL,DRY,NO DEFECTS,ON SCENE,NO INJURY / DRIVE AWAY,Y,Y,"OVER $1,500",07/12/2021 06:36:00 PM,UNABLE TO DETERMINE,UNABLE TO DETERMINE,5222,S,ARCHER AVE,815.0,2,NO INDICATION OF INJURY,0.0,0.0,0.0,0.0,0.0,2.0,0.0,18,2,7,41.79993993,-87.735568326,POINT (-87.735568325585 41.799939929807),2021,1115
O1252992,DRIVER,5acc41b089f640297afc4cce8eafd0faa1e168b068ec8a035e2248bbe91113d988137c77a57bba425b5f2c964d51d74c856d5db6703d859679041fb431d3e88c,JE489591,1189355.0,12/26/2021 08:20:00 PM,CHICAGO,IL,60632,M,42.0,USAGE UNKNOWN,DID NOT DEPLOY,NONE,NO INDICATION OF INJURY,NONE,UNKNOWN,NORMAL,TEST NOT OFFERED,2021,JE489591,12/26/2021 08:20:00 PM,30,STOP SIGN/FLASHER,FUNCTIONING PROPERLY,UNKNOWN,"DARKNESS, LIGHTED ROAD",TURNING,FOUR WAY,STRAIGHT AND LEVEL,UNKNOWN,NO DEFECTS,ON SCENE,NO INJURY / DRIVE AWAY,Y,Y,"OVER $1,500",12/26/2021 08:56:00 PM,FAILING TO YIELD RIGHT-OF-WAY,NOT APPLICABLE,5100,N,KEDZIE AVE,1713.0,2,NO INDICATION OF INJURY,0.0,0.0,0.0,0.0,0.0,3.0,0.0,20,1,12,41.97395309,-87.708777398,POINT (-87.708777397769 41.97395309023),2021,1220
O1131356,DRIVER,7a5d11cbb9d6dfa0645650fa183cd67aee6f16c640b47fc0ffb19466a11a5a6aae61b3d742410ba56980793e9416bef9c9427455bde3d8639460fce5351dc579,JE287585,1073177.0,07/02/2021 03:58:00 PM,CHICAGO,IL,60629,F,25.0,USAGE UNKNOWN,NOT APPLICABLE,NONE,NO INDICATION OF INJURY,NONE,UNKNOWN,UNKNOWN,TEST NOT OFFERED,2021,JE287585,07/02/2021 03:58:00 PM,30,STOP SIGN/FLASHER,UNKNOWN,CLEAR,DAYLIGHT,ANGLE,UNKNOWN,STRAIGHT AND LEVEL,DRY,UNKNOWN,NOT ON SCENE (DESK REPORT),NO INJURY / DRIVE AWAY,Y,Y,"OVER $1,500",07/02/2021 05:25:00 PM,DISREGARDING STOP SIGN,NOT APPLICABLE,3400,W,ARTHINGTON ST,1133.0,2,NO INDICATION OF INJURY,0.0,0.0,0.0,0.0,0.0,3.0,0.0,15,6,7,41.870112458,-87.71078393100001,POINT (-87.710783931026 41.870112457894),2021,958
O1242019,DRIVER,c33059b758fa9ce5124f0a31bdc8772f4482af3e548b8fd920bd0034534131d4e4477dd356d40dc14556be2001b39851a18019ea28666828cd44de98b27ff8c2,JE470527,1178850.0,12/08/2021 03:55:00 PM,CHICAGO,IL,60631,F,43.0,SAFETY BELT USED,DID NOT DEPLOY,NONE,NO INDICATION OF INJURY,NONE,WINDSHIELD (WATER/ICE),NORMAL,TEST NOT OFFERED,2021,JE470527,12/08/2021 03:55:00 PM,30,TRAFFIC SIGNAL,FUNCTIONING PROPERLY,CLEAR,DUSK,REAR END,NOT DIVIDED,STRAIGHT AND LEVEL,DRY,NO DEFECTS,ON SCENE,NO INJURY / DRIVE AWAY,N,Y,"$501 - $1,500",12/08/2021 04:01:00 PM,FOLLOWING TOO CLOSELY,UNABLE TO DETERMINE,3358,W,IRVING PARK RD,1724.0,2,NO INDICATION OF INJURY,0.0,0.0,0.0,0.0,0.0,3.0,0.0,15,4,12,41.953967445,-87.712846613,POINT (-87.712846612704 41.953967444654),2021,955
O1094293,DRIVER,62f9de06dc0093448751866dbcbcae2a1007275d2b9d591b95ab327a0816b456d17cc52a122f8fc069b15144fd93665ca26ad8bc691a6445e3b48a6bd563b17d,JE228193,1037925.0,05/12/2021 08:15:00 PM,CHICAGO,IL,60628,F,60.0,USAGE UNKNOWN,DID NOT DEPLOY,NONE,NO INDICATION OF INJURY,UNKNOWN,UNKNOWN,NORMAL,TEST NOT OFFERED,2021,JE228193,05/12/2021 08:15:00 PM,30,NO CONTROLS,NO CONTROLS,CLEAR,DARKNESS,REAR TO SIDE,FOUR WAY,STRAIGHT AND LEVEL,DRY,UNKNOWN,NOT ON SCENE (DESK REPORT),NO INJURY / DRIVE AWAY,Y,Y,"OVER $1,500",05/12/2021 08:35:00 PM,IMPROPER BACKING,IMPROPER BACKING,9000,S,HALSTED ST,2223.0,2,NO INDICATION OF INJURY,0.0,0.0,0.0,0.0,0.0,2.0,0.0,20,4,5,41.730741396,-87.64361227799999,POINT (-87.643612277572 41.730741396308),2021,1215
O1197892,DRIVER,1f05bfac7ee455806ac301622fc796778fb2b6c81a45e51290f3569be9e2c1b2c557dd9404e9d17ee2821f90deaab9481f8d3e0a885aceaa2d4edf0032daaa42,JE396951,1136579.0,10/03/2021 07:30:00 PM,CHICAGO,IL,60629,F,56.0,SAFETY BELT USED,"DEPLOYED, FRONT",NONE,NO INDICATION OF INJURY,NONE,NOT OBSCURED,NORMAL,TEST NOT OFFERED,2021,JE396951,10/03/2021 07:30:00 PM,30,STOP SIGN/FLASHER,FUNCTIONING PROPERLY,RAIN,"DARKNESS, LIGHTED ROAD",SIDESWIPE SAME DIRECTION,NOT DIVIDED,STRAIGHT AND LEVEL,WET,NO DEFECTS,ON SCENE,INJURY AND / OR TOW DUE TO CRASH,Y,Y,"OVER $1,500",10/03/2021 08:07:00 PM,UNABLE TO DETERMINE,NOT APPLICABLE,3600,S,KEDZIE AVE,911.0,2,NO INDICATION OF INJURY,0.0,0.0,0.0,0.0,0.0,4.0,0.0,19,1,10,41.828035141,-87.70469773200001,POINT (-87.704697731614 41.828035141054),2021,1170
O1052233,DRIVER,9840b67e945ed88942740799c2a30baa57a930e5e72c7e34914cdfcc5a522701730068b40c1f4577e4cb1631e587f96d3b1417740184f8ad52d543ee224acad2,JE156765,997705.0,03/02/2021 11:04:00 AM,KENT,OH,44240,M,65.0,SAFETY BELT USED,NOT APPLICABLE,NONE,NO INDICATION OF INJURY,NONE,NOT OBSCURED,NORMAL,TEST NOT OFFERED,2021,JE156765,03/02/2021 11:04:00 AM,30,TRAFFIC SIGNAL,FUNCTIONING PROPERLY,CLEAR,DAYLIGHT,TURNING,FOUR WAY,STRAIGHT AND LEVEL,DRY,NO DEFECTS,ON SCENE,NO INJURY / DRIVE AWAY,Y,Y,"OVER $1,500",03/02/2021 11:05:00 AM,FAILING TO YIELD RIGHT-OF-WAY,FAILING TO YIELD RIGHT-OF-WAY,4400,W,ROOSEVELT RD,1131.0,2,NO INDICATION OF INJURY,0.0,0.0,0.0,0.0,0.0,2.0,0.0,11,3,3,41.866140868,-87.73508956,POINT (-87.735089560082 41.866140867642),2021,664
O1041428,DRIVER,d4cbca7c406dae48132fdbd5201832ff3debb7d0f146dae7167bb6735442d199c8886135c0239cb84c1080529783ca77a9dfffe4a3c2c9e3e71544dfb8b15dd5,JE140313,987236.0,02/12/2021 11:20:00 PM,CHICAGO,IL,60630,M,55.0,SAFETY BELT USED,NOT APPLICABLE,NONE,NO INDICATION OF INJURY,NONE,UNKNOWN,NORMAL,TEST NOT OFFERED,2021,JE140313,02/12/2021 11:20:00 PM,30,TRAFFIC SIGNAL,FUNCTIONING PROPERLY,SNOW,"DARKNESS, LIGHTED ROAD",TURNING,ONE-WAY,STRAIGHT AND LEVEL,WET,NO DEFECTS,ON SCENE,NO INJURY / DRIVE AWAY,Y,Y,"OVER $1,500",02/12/2021 11:46:00 PM,UNABLE TO DETERMINE,UNABLE TO DETERMINE,164,E,GRAND AVE,1834.0,2,NO INDICATION OF INJURY,0.0,0.0,0.0,0.0,0.0,2.0,0.0,23,6,2,41.89186947,-87.62274858399999,POINT (-87.622748583999 41.891869470026),2021,1400
O1100604,DRIVER,40c22875df528edd746507363aea59f5d958cbb361fd10222f759cab4bc667dad97601ecc4d4b74c600927d0baf567720f984f5ba5d1dd00e8ded81c7f8902d7,JE238785,1043963.0,05/22/2021 02:13:00 PM,DOLTON,IL,60419,M,22.0,USAGE UNKNOWN,DEPLOYMENT UNKNOWN,NONE,NO INDICATION OF INJURY,DISREGARDED CONTROL DEVICES,UNKNOWN,UNKNOWN,TEST NOT OFFERED,2021,JE238785,05/22/2021 02:13:00 PM,30,STOP SIGN/FLASHER,FUNCTIONING PROPERLY,CLEAR,DAYLIGHT,TURNING,FOUR WAY,STRAIGHT ON GRADE,DRY,NO DEFECTS,ON SCENE,NO INJURY / DRIVE AWAY,Y,Y,"OVER $1,500",05/22/2021 02:14:00 PM,DISREGARDING STOP SIGN,FAILING TO YIELD RIGHT-OF-WAY,433,W,115TH ST,522.0,2,NO INDICATION OF INJURY,0.0,0.0,0.0,0.0,0.0,3.0,0.0,14,7,5,41.685079353,-87.633745083,POINT (-87.633745083442 41.685079353451),2021,853
O1060142,DRIVER,bab291867b88438f85e7f5d120df909637110dba6bbe32a8c6deff4403cd10e863aaaa18d2f2ed29891ca32efbc2390251c9c400bc430a60d080682a2656899a,JE171785,1005344.0,03/17/2021 04:45:00 PM,WHEELING,IL,60090,M,20.0,SAFETY BELT USED,DID NOT DEPLOY,NONE,NO INDICATION OF INJURY,NONE,NOT OBSCURED,NORMAL,TEST NOT OFFERED,2021,JE171785,03/17/2021 04:45:00 PM,30,TRAFFIC SIGNAL,FUNCTIONING PROPERLY,RAIN,DAWN,TURNING,NOT DIVIDED,STRAIGHT AND LEVEL,WET,NO DEFECTS,ON SCENE,NO INJURY / DRIVE AWAY,Y,Y,"OVER $1,500",03/17/2021 05:00:00 PM,UNABLE TO DETERMINE,FAILING TO REDUCE SPEED TO AVOID CRASH,2354,S,BLUE ISLAND AVE,1034.0,2,NO INDICATION OF INJURY,0.0,0.0,0.0,0.0,0.0,2.0,0.0,16,4,3,41.849533101999995,-87.673482245,POINT (-87.673482244628 41.849533101563),2021,1005
O1065895,DRIVER,ae8c25ad4bc3df5cf6c1d3c1e69e408f8d6e7d032a8721f9ba3842fc7de5adb15c241778b388fb696300399b7ca201c8f65718abea3e72a19bb1e0c34ec18dab,JE181568,1010845.0,03/26/2021 04:30:00 PM,CHICAGO,IL,60617,F,23.0,SAFETY BELT USED,NOT APPLICABLE,NONE,NO INDICATION OF INJURY,NONE,NOT OBSCURED,NORMAL,TEST NOT OFFERED,2021,JE181568,03/26/2021 04:30:00 PM,30,NO CONTROLS,NO CONTROLS,CLEAR,DAYLIGHT,ANGLE,NOT DIVIDED,STRAIGHT AND LEVEL,DRY,NO DEFECTS,NOT ON SCENE (DESK REPORT),NO INJURY / DRIVE AWAY,N,Y,"OVER $1,500",03/27/2021 04:45:00 PM,IMPROPER OVERTAKING/PASSING,IMPROPER OVERTAKING/PASSING,9326,S,COTTAGE GROVE AVE,633.0,2,NO INDICATION OF INJURY,0.0,0.0,0.0,0.0,0.0,2.0,0.0,16,6,3,41.724864065,-87.604690331,POINT (-87.604690331485 41.724864065009),2021,990
O1034570,DRIVER,0e78e97327d712887082ac8d6a8bf9237606ccaccac3856d4101aa8c09d5e97f9134f767906b438ba3f64f78c666b066c61a11ddf968c4a33482fbcd4480f9cc,JE130554,980605.0,02/02/2021 04:40:00 PM,CHICAGO,IL,60616,F,69.0,SAFETY BELT USED,NOT APPLICABLE,NONE,NO INDICATION OF INJURY,NONE,NOT OBSCURED,NORMAL,TEST NOT OFFERED,2021,JE130554,02/02/2021 04:40:00 PM,25,STOP SIGN/FLASHER,FUNCTIONING PROPERLY,CLEAR,DUSK,TURNING,DIVIDED - W/MEDIAN (NOT RAISED),STRAIGHT AND LEVEL,WET,NO DEFECTS,ON SCENE,NO INJURY / DRIVE AWAY,Y,Y,"$501 - $1,500",02/02/2021 04:50:00 PM,UNABLE TO DETERMINE,UNABLE TO DETERMINE,3051,S,ARCHER AVE,913.0,2,NO INDICATION OF INJURY,0.0,0.0,0.0,0.0,0.0,2.0,0.0,16,3,2,41.839134768,-87.662894376,POINT (-87.662894375851 41.839134768022),2021,1000
O1121429,DRIVER,8a6a5a8b01d36f7637304cbcb478d02a4bbd63e02f4f57ecb9a75622410b1055dfcd070c13145de7e623214e42a5f292e9f7682677f7d203ad1950bf2a68016f,JE271499,1063699.0,06/19/2021 06:10:00 AM,CHICAGO,IL,60628,M,35.0,SAFETY BELT USED,DID NOT DEPLOY,NONE,NO INDICATION OF INJURY,UNKNOWN,NOT OBSCURED,NORMAL,TEST NOT OFFERED,2021,JE271499,06/19/2021 06:10:00 AM,30,STOP SIGN/FLASHER,FUNCTIONING PROPERLY,CLEAR,DAYLIGHT,ANGLE,NOT DIVIDED,STRAIGHT AND LEVEL,DRY,NO DEFECTS,NOT ON SCENE (DESK REPORT),NO INJURY / DRIVE AWAY,Y,Y,"$501 - $1,500",06/19/2021 06:55:00 AM,UNABLE TO DETERMINE,UNABLE TO DETERMINE,9403,S,DR MARTIN LUTHER KING JR DR,633.0,2,NO INDICATION OF INJURY,0.0,0.0,0.0,0.0,0.0,2.0,0.0,6,7,6,41.72357194,-87.614040529,POINT (-87.614040529441 41.723571940045),2021,370
O1077454,DRIVER,028789d39c7f205ee81dd3b495265192f22bb70f44a1beee8c98bf70243d1d81308cfde24a16ece23f94c6f12d39bd388141a2e970e4576a961d60e5d5f56b78,JE201100,1021841.0,04/16/2021 11:15:00 AM,PARK RIDGE,IL,60068,M,30.0,SAFETY BELT USED,DID NOT DEPLOY,NONE,NO INDICATION OF INJURY,NONE,NOT OBSCURED,NORMAL,TEST NOT OFFERED,2021,JE201100,04/16/2021 11:15:00 AM,30,TRAFFIC SIGNAL,FUNCTIONING PROPERLY,CLEAR,DAYLIGHT,SIDESWIPE SAME DIRECTION,ONE-WAY,STRAIGHT AND LEVEL,DRY,NO DEFECTS,NOT ON SCENE (DESK REPORT),NO INJURY / DRIVE AWAY,N,Y,"OVER $1,500",04/16/2021 12:00:00 PM,FAILING TO YIELD RIGHT-OF-WAY,UNABLE TO DETERMINE,121,W,MONROE ST,122.0,2,NO INDICATION OF INJURY,0.0,0.0,0.0,0.0,0.0,3.0,0.0,11,6,4,41.880578755,-87.63147765299999,POINT (-87.631477652601 41.880578755175),2021,675
O1163517,DRIVER,4e05b7c1654f7ba88278684e316a740e2141ff52cd1497baf76fafc07a67f8438b84697d67a71411f6a499c32a71a576898c0910ce1ec4e12b9835a82591592d,JE339997,1103694.0,08/16/2021 10:15:00 PM,CHICAGO,IL,60624,F,29.0,SAFETY BELT USED,NOT APPLICABLE,NONE,NO INDICATION OF INJURY,NONE,NOT OBSCURED,NORMAL,TEST NOT OFFERED,2021,JE339997,08/16/2021 10:15:00 PM,30,TRAFFIC SIGNAL,FUNCTIONING PROPERLY,CLEAR,"DARKNESS, LIGHTED ROAD",REAR END,NOT DIVIDED,STRAIGHT AND LEVEL,DRY,NO DEFECTS,ON SCENE,NO INJURY / DRIVE AWAY,N,Y,"OVER $1,500",08/17/2021 01:13:00 AM,FOLLOWING TOO CLOSELY,DRIVING SKILLS/KNOWLEDGE/EXPERIENCE,3600,W,FIFTH AVE,1133.0,2,NO INDICATION OF INJURY,0.0,0.0,0.0,0.0,0.0,2.0,0.0,22,2,8,41.875761906,-87.715845725,POINT (-87.715845725402 41.875761905688),2021,1335
O1194997,DRIVER,c5170807277e9248108dd8738c38a301bf8bef6e3f4f5fa61c4093235bc6dfacf70f361e070864aa070727235040cf1c56787f3d034338de565a2a08c7cbf1e9,JE392465,1133828.0,09/30/2021 07:03:00 AM,CHICAGO,IL,60646,F,63.0,SAFETY BELT USED,DID NOT DEPLOY,NONE,NO INDICATION OF INJURY,OTHER,NOT OBSCURED,NORMAL,TEST NOT OFFERED,2021,JE392465,09/30/2021 07:03:00 AM,30,STOP SIGN/FLASHER,FUNCTIONING PROPERLY,CLEAR,DAYLIGHT,ANGLE,T-INTERSECTION,STRAIGHT AND LEVEL,DRY,NO DEFECTS,ON SCENE,NO INJURY / DRIVE AWAY,Y,Y,"$501 - $1,500",09/30/2021 07:05:00 AM,DISREGARDING STOP SIGN,DISREGARDING STOP SIGN,5850,N,CENTRAL AVE,1622.0,2,NO INDICATION OF INJURY,0.0,0.0,0.0,0.0,0.0,2.0,0.0,7,5,9,41.987469546,-87.768242642,POINT (-87.768242642483 41.987469546496),2021,423
O1105399,DRIVER,05476c50107a1fc4a3c36a79e0ac5e23af7e63839c730e3cddafcfcda29b8477338d3542a27af7cd2a12ce21f845f0df3054b11bfc13c4d955b947ed0914f1e1,JE246289,1048578.0,05/28/2021 09:21:00 PM,CHICAGO,IL,60651,M,31.0,SAFETY BELT USED,"DEPLOYED, SIDE",NONE,NO INDICATION OF INJURY,DISREGARDED CONTROL DEVICES,NOT OBSCURED,NORMAL,TEST NOT OFFERED,2021,JE246289,05/28/2021 09:21:00 PM,30,TRAFFIC SIGNAL,FUNCTIONING PROPERLY,RAIN,"DARKNESS, LIGHTED ROAD",TURNING,NOT DIVIDED,STRAIGHT AND LEVEL,WET,NO DEFECTS,ON SCENE,NO INJURY / DRIVE AWAY,Y,Y,"OVER $1,500",05/28/2021 09:25:00 PM,IMPROPER OVERTAKING/PASSING,FAILING TO YIELD RIGHT-OF-WAY,400,S,SACRAMENTO BLVD,1134.0,2,NO INDICATION OF INJURY,0.0,0.0,0.0,0.0,0.0,2.0,0.0,21,6,5,41.875893941,-87.701224965,POINT (-87.701224964612 41.875893940871),2021,1281
O1232972,DRIVER,48e7e86753e01b9ef65dfe26a4cb48d2fea91bbae9c42632391bacf24261e401f3829bfbdbdc19c6d1dedd126513cdb333313d7b55d892c26d19c8ec94b03be1,JE454792,1170145.0,11/23/2021 01:20:00 PM,CHICAGO,IL,60610,F,60.0,SAFETY BELT USED,DID NOT DEPLOY,NONE,NONINCAPACITATING INJURY,NONE,NOT OBSCURED,NORMAL,TEST NOT OFFERED,2021,JE454792,11/23/2021 01:20:00 PM,30,TRAFFIC SIGNAL,FUNCTIONING PROPERLY,CLEAR,DAYLIGHT,ANGLE,FOUR WAY,STRAIGHT AND LEVEL,DRY,NO DEFECTS,ON SCENE,INJURY AND / OR TOW DUE TO CRASH,Y,Y,"OVER $1,500",11/23/2021 03:11:00 PM,DISREGARDING TRAFFIC SIGNALS,FAILING TO REDUCE SPEED TO AVOID CRASH,1200,S,HOMAN AVE,1021.0,2,NONINCAPACITATING INJURY,1.0,0.0,0.0,1.0,0.0,2.0,0.0,13,3,11,41.866288995,-87.710687846,POINT (-87.710687845775 41.866288994581),2021,800
O1110628,DRIVER,5399794e9c5c1bcf75e6648d96b52d4c99d75476cb689a52e084215b6889983c02d0db5764f8385ba0155f7e17c7daa370311a9ac842272d2fe993eb711367df,JE254598,1053566.0,06/05/2021 11:38:00 AM,CHICAGO,IL,60609,M,24.0,SAFETY BELT USED,"DEPLOYED, FRONT",NONE,NO INDICATION OF INJURY,UNKNOWN,UNKNOWN,NORMAL,TEST NOT OFFERED,2021,JE254598,06/05/2021 11:38:00 AM,30,TRAFFIC SIGNAL,FUNCTIONING PROPERLY,CLEAR,DAYLIGHT,TURNING,DIVIDED - W/MEDIAN (NOT RAISED),STRAIGHT AND LEVEL,DRY,NO DEFECTS,ON SCENE,INJURY AND / OR TOW DUE TO CRASH,Y,Y,"OVER $1,500",06/05/2021 11:45:00 AM,UNABLE TO DETERMINE,UNABLE TO DETERMINE,2399,W,69TH ST,832.0,2,"REPORTED, NOT EVIDENT",1.0,0.0,0.0,0.0,1.0,2.0,0.0,11,7,6,41.768223243,-87.683274605,POINT (-87.68327460508 41.768223243027),2021,698
O1138763,DRIVER,109d546658b9338343b309389b0b09f88d4369b284d90c719a586890f4399620003934027ecfdd6b007864bcbae712cd7db7a0d755a0226223aec264957e36eb,JE299497,1080143.0,07/12/2021 10:05:00 PM,BELLWOOD,IL,60104,M,28.0,USAGE UNKNOWN,DID NOT DEPLOY,NONE,NO INDICATION OF INJURY,NONE,UNKNOWN,NORMAL,TEST NOT OFFERED,2021,JE299497,07/12/2021 10:05:00 PM,30,STOP SIGN/FLASHER,FUNCTIONING PROPERLY,CLEAR,DAWN,SIDESWIPE SAME DIRECTION,NOT DIVIDED,STRAIGHT AND LEVEL,DRY,NO DEFECTS,NOT ON SCENE (DESK REPORT),NO INJURY / DRIVE AWAY,N,Y,"OVER $1,500",07/12/2021 10:31:00 PM,IMPROPER OVERTAKING/PASSING,FOLLOWING TOO CLOSELY,1600,S,KARLOV AVE,1012.0,2,NO INDICATION OF INJURY,0.0,0.0,0.0,0.0,0.0,4.0,0.0,22,2,7,41.858742147,-87.72754208200001,POINT (-87.727542081751 41.858742147117),2021,1325
O1217113,DRIVER,3126f6851fc96d81bfe0a35399367bca16fc3eda12ecd0621983b4cfc954f6d5baf2455518727030ac93a09bb539cc0bb8d9e8c94ac8da544fced5df2e109633,JE428297,1154900.0,10/30/2021 07:39:00 PM,GLENWOOD,IL,60425,F,55.0,USAGE UNKNOWN,"DEPLOYED, COMBINATION",NONE,"REPORTED, NOT EVIDENT",NONE,UNKNOWN,NORMAL,TEST NOT OFFERED,2021,JE428297,10/30/2021 07:39:00 PM,30,TRAFFIC SIGNAL,FUNCTIONING PROPERLY,CLEAR,DARKNESS,ANGLE,TRAFFIC ROUTE,STRAIGHT AND LEVEL,DRY,UNKNOWN,ON SCENE,INJURY AND / OR TOW DUE TO CRASH,Y,Y,"OVER $1,500",10/30/2021 07:47:00 PM,UNABLE TO DETERMINE,UNABLE TO DETERMINE,6498,S,STONY ISLAND AVE,314.0,3,"REPORTED, NOT EVIDENT",2.0,0.0,0.0,0.0,2.0,3.0,0.0,19,7,10,41.777065227,-87.586480916,POINT (-87.586480915912 41.77706522668),2021,1179
O1099834,DRIVER,d1ddc814c566c3dffbf14c772a22a4fa8ce38b17ba8a7884da10cc3d51cebae740e8f19169663614f875c61f169142bf292094b23f8c58cf99a2822145652ef1,JE237694,1043224.0,05/21/2021 10:45:00 AM,CHICAGO,IL,60620,M,58.0,SAFETY BELT USED,DID NOT DEPLOY,NONE,NO INDICATION OF INJURY,NONE,NOT OBSCURED,NORMAL,TEST NOT OFFERED,2021,JE237694,05/21/2021 10:45:00 AM,30,TRAFFIC SIGNAL,FUNCTIONING PROPERLY,CLEAR,DAYLIGHT,SIDESWIPE SAME DIRECTION,FOUR WAY,STRAIGHT AND LEVEL,DRY,NO DEFECTS,NOT ON SCENE (DESK REPORT),NO INJURY / DRIVE AWAY,Y,Y,"$501 - $1,500",05/21/2021 03:47:00 PM,IMPROPER LANE USAGE,IMPROPER OVERTAKING/PASSING,8300,S,KEDZIE AVE,834.0,2,NO INDICATION OF INJURY,0.0,0.0,0.0,0.0,0.0,2.0,0.0,10,6,5,41.742471438,-87.702344383,POINT (-87.702344382642 41.742471437585),2021,645
O1237897,DRIVER,3ff6fc6b87e3884ce3cd233562c8c97d5474f15809b8f47a6427d44809d2ba2a3b17869a573f0351d785e50b144aa2803777f00f211405e620976575acedf11f,JE463399,1174888.0,12/02/2021 10:50:00 AM,CHICAGO,IL,60637,M,20.0,USAGE UNKNOWN,NOT APPLICABLE,NONE,NO INDICATION OF INJURY,FAILED TO YIELD,NOT OBSCURED,NORMAL,TEST NOT OFFERED,2021,JE463399,12/02/2021 10:50:00 AM,30,STOP SIGN/FLASHER,NO CONTROLS,CLEAR,DAYLIGHT,ANGLE,ONE-WAY,STRAIGHT AND LEVEL,DRY,NO DEFECTS,ON SCENE,INJURY AND / OR TOW DUE TO CRASH,Y,Y,"$501 - $1,500",12/02/2021 10:58:00 AM,FAILING TO YIELD RIGHT-OF-WAY,FAILING TO REDUCE SPEED TO AVOID CRASH,6199,S,EVANS AVE,313.0,2,NO INDICATION OF INJURY,0.0,0.0,0.0,0.0,0.0,3.0,0.0,10,5,12,41.782303057,-87.60708238,POINT (-87.607082379997 41.782303057452),2021,650
O1082961,DRIVER,a3aec9f3243e792314435ae3f46a71d534e643c475481cd1db38311c0bd61b9a2a63924faaa438ed1585a58e856c2ede09c8b02747fe0b0cd9c6553338f3a8f0,JE210385,1027103.0,04/26/2021 10:33:00 AM,CHICAGO,IL,60617,F,81.0,USAGE UNKNOWN,DID NOT DEPLOY,NONE,NO INDICATION OF INJURY,NONE,NOT OBSCURED,NORMAL,TEST NOT OFFERED,2021,JE210385,04/26/2021 10:33:00 AM,30,STOP SIGN/FLASHER,FUNCTIONING PROPERLY,CLEAR,DAYLIGHT,ANGLE,ONE-WAY,STRAIGHT AND LEVEL,DRY,NO DEFECTS,ON SCENE,NO INJURY / DRIVE AWAY,Y,Y,"$501 - $1,500",04/26/2021 10:34:00 AM,DRIVING ON WRONG SIDE/WRONG WAY,NOT APPLICABLE,10600,S,BENSLEY AVE,434.0,2,NO INDICATION OF INJURY,0.0,0.0,0.0,0.0,0.0,2.0,0.0,10,2,4,41.702674104,-87.563374775,POINT (-87.563374775337 41.702674104179),2021,633
O1248248,DRIVER,47cc05cc76b0637deb93c1d990f0a9400e012804a65cb8c30031fbee17ba4f78b589c14be572249f9b011c44601c7d4304851d890089db7ac051982803595b2d,JE481234,1184760.0,12/17/2021 09:30:00 PM,CHICAGO,IL,60628,M,72.0,SAFETY BELT USED,DEPLOYMENT UNKNOWN,NONE,NO INDICATION OF INJURY,NONE,NOT OBSCURED,NORMAL,TEST NOT OFFERED,2021,JE481234,12/17/2021 09:30:00 PM,30,STOP SIGN/FLASHER,FUNCTIONING PROPERLY,CLEAR,"DARKNESS, LIGHTED ROAD",ANGLE,FOUR WAY,STRAIGHT AND LEVEL,DRY,NO DEFECTS,NOT ON SCENE (DESK REPORT),NO INJURY / DRIVE AWAY,Y,Y,"OVER $1,500",12/17/2021 11:50:00 PM,DISREGARDING STOP SIGN,NOT APPLICABLE,1700,S,ASHLAND AVE,1234.0,2,NO INDICATION OF INJURY,0.0,0.0,0.0,0.0,0.0,2.0,0.0,21,6,12,41.858651261999995,-87.66632375299999,POINT (-87.666323753176 41.858651261832),2021,1290