PERSON_ID,PERSON_TYPE,CRASH_RECORD_ID,RD_NO_x,VEHICLE_ID,CRASH_DATE_x,CITY,STATE,ZIPCODE,SEX,AGE,SAFETY_EQUIPMENT,AIRBAG_DEPLOYED,EJECTION,INJURY_CLASSIFICATION,DRIVER_ACTION,DRIVER_VISION,PHYSICAL_CONDITION,BAC_RESULT,CRASH_YEAR_x,RD_NO_y,CRASH_DATE_y,POSTED_SPEED_LIMIT,TRAFFIC_CONTROL_DEVICE,DEVICE_CONDITION,WEATHER_CONDITION,LIGHTING_CONDITION,FIRST_CRASH_TYPE,TRAFFICWAY_TYPE,ALIGNMENT,ROADWAY_SURFACE_COND,ROAD_DEFECT,REPORT_TYPE,CRASH_TYPE,INTERSECTION_RELATED_I,HIT_AND_RUN_I,DAMAGE,DATE_POLICE_NOTIFIED,PRIM_CONTRIBUTORY_CAUSE,SEC_CONTRIBUTORY_CAUSE,STREET_NO,STREET_DIRECTION,STREET_NAME,BEAT_OF_OCCURRENCE,NUM_UNITS,MOST_SEVERE_INJURY,INJURIES_TOTAL,INJURIES_FATAL,INJURIES_INCAPACITATING,INJURIES_NON_INCAPACITATING,INJURIES_REPORTED_NOT_EVIDENT,INJURIES_NO_INDICATION,INJURIES_UNKNOWN,CRASH_HOUR,CRASH_DAY_OF_WEEK,CRASH_MONTH,LATITUDE,LONGITUDE,LOCATION,CRASH_YEAR_y,TIME
O1170964,DRIVER,1ab09750761d468bfcc697ba92d36c4a7613eb25173deb19247e924cdd15a89a8d0f740014f8e171c2890480ed124453caf6c1af90a246eb309239fdc831ae8a,JE352425,1110792.0,08/27/2021 08:00:00 PM,LINCOLN,NB,68526,M,44.0,USAGE UNKNOWN,DEPLOYMENT UNKNOWN,NONE,NO INDICATION OF INJURY,OTHER,UNKNOWN,UNKNOWN,TEST NOT OFFERED,2021,JE352425,08/27/2021 08:00:00 PM,30,UNKNOWN,UNKNOWN,UNKNOWN,UNKNOWN,SIDESWIPE SAME DIRECTION,UNKNOWN,STRAIGHT AND LEVEL,UNKNOWN,UNKNOWN,ON SCENE,NO INJURY / DRIVE AWAY,Y,Y,"OVER $1,500",08/27/2021 09:00:00 PM,IMPROPER LANE USAGE,DRIVING SKILLS/KNOWLEDGE/EXPERIENCE,201,E,ROOSEVELT RD,132.0,2,NO INDICATION OF INJURY,0.0,0.0,0.0,0.0,0.0,6.0,0.0,20,6,8,41.867375116,-87.62249323200001,POINT (-87.622493232196 41.867375115595),2021,1200
O1023483,DRIVER,26a9cb7e34705482e9252b7fac8fe18a5134998a7ea22630c75e0debb1e07d367bad912937b5ed5beb7a64acaa61e652b9f11c5ade9581212ae304848122aec3,JE110974,970057.0,01/12/2021 05:30:00 PM,CHICAGO,IL,60626,M,18.0,SAFETY BELT USED,NOT APPLICABLE,NONE,NO INDICATION OF INJURY,NONE,NOT OBSCURED,NORMAL,TEST NOT OFFERED,2021,JE110974,01/12/2021 05:30:00 PM,25,TRAFFIC SIGNAL,FUNCTIONING PROPERLY,CLEAR,"DARKNESS, LIGHTED ROAD",REAR END,NOT DIVIDED,STRAIGHT AND LEVEL,DRY,NO DEFECTS,NOT ON SCENE (DESK REPORT),NO INJURY / DRIVE AWAY,Y,Y,"$501 - $1,500",01/12/2021 06:00:00 PM,UNABLE TO DETERMINE,UNABLE TO DETERMINE,2800,W,TOUHY AVE,2411.0,2,NO INDICATION OF INJURY,0.0,0.0,0.0,0.0,0.0,2.0,0.0,17,3,1,42.012173178000005,-87.69984397799999,POINT (-87.699843978265 42.012173177712),2021,1050
O1050065,DRIVER,289301ce1d45f137266870ad8e1596f5050e21efa697c3784d2dc748cc77748b53689a6b82f7e68759c71d9e674d035fdf38c6d262d3ea662f1154a19fb8929d,JE153123,995629.0,02/26/2021 03:00:00 PM,WOODRIDGE,IL,60517,M,28.0,SAFETY BELT USED,DID NOT DEPLOY,NONE,NO INDICATION OF INJURY,NONE,NOT OBSCURED,NORMAL,TEST NOT OFFERED,2021,JE153123,02/26/2021 03:00:00 PM,30,NO CONTROLS,NO CONTROLS,CLEAR,DAYLIGHT,ANGLE,DIVIDED - W/MEDIAN (NOT RAISED),STRAIGHT AND LEVEL,DRY,NO DEFECTS,NOT ON SCENE (DESK REPORT),NO INJURY / DRIVE AWAY,N,Y,"OVER $1,500",02/26/2021 04:00:00 PM,FAILING TO YIELD RIGHT-OF-WAY,DRIVING SKILLS/KNOWLEDGE/EXPERIENCE,7900,S,PULASKI RD,834.0,2,NO INDICATION OF INJURY,0.0,0.0,0.0,0.0,0.0,2.0,0.0,15,6,2,41.749339,-87.72205209100001,POINT (-87.722052090915 41.749339000082),2021,900
O1163142,DRIVER,5e2a0b0f51a0993a2bdd52a5c9db2f41d415958f0571c1ec097b20012e06eebed520a7f7fef0d75c75f87acf69c8e4af84bd58f830c914bea4a2595d902cddf6,JE339447,1103340.0,08/08/2021 03:00:00 PM,FREEPORT,IL,61032,M,44.0,USAGE UNKNOWN,NOT APPLICABLE,NONE,NO INDICATION OF INJURY,NONE,NOT OBSCURED,NORMAL,TEST NOT OFFERED,2021,JE339447,08/08/2021 03:00:00 PM,30,STOP SIGN/FLASHER,NO CONTROLS,CLEAR,DAYLIGHT,SIDESWIPE SAME DIRECTION,T-INTERSECTION,STRAIGHT AND LEVEL,DRY,NO DEFECTS,NOT ON SCENE (DESK REPORT),NO INJURY / DRIVE AWAY,Y,Y,"OVER $1,500",08/16/2021 03:00:00 PM,UNABLE TO DETERMINE,NOT APPLICABLE,2400,N,KILDARE AVE,2524.0,2,NO INDICATION OF INJURY,0.0,0.0,0.0,0.0,0.0,2.0,0.0,15,1,8,41.924484755,-87.73426821700001,POINT (-87.734268216555 41.924484755494),2021,900
O1249966,DRIVER,79595cc74e08379e97df6d6ae70d9bd04e91492b6f9c74d83603f6dad9110b2c63f78ef072fbf075caee098a9856b65a57c2dda8ee79f79d4ad42ba47a852d0c,JE484167,1186439.0,12/20/2021 05:45:00 PM,CHICAGO,IL,60643,F,33.0,SAFETY BELT USED,DID NOT DEPLOY,NONE,NO INDICATION OF INJURY,NONE,NOT OBSCURED,NORMAL,TEST NOT OFFERED,2021,JE484167,12/20/2021 05:45:00 PM,30,NO CONTROLS,NO CONTROLS,CLEAR,"DARKNESS, LIGHTED ROAD",ANGLE,NOT DIVIDED,STRAIGHT AND LEVEL,DRY,NO DEFECTS,NOT ON SCENE (DESK REPORT),NO INJURY / DRIVE AWAY,Y,Y,"OVER $1,500",12/20/2021 07:15:00 PM,FAILING TO YIELD RIGHT-OF-WAY,UNABLE TO DETERMINE,8600,S,DR MARTIN LUTHER KING JR DR,632.0,2,NO INDICATION OF INJURY,0.0,0.0,0.0,0.0,0.0,2.0,0.0,17,2,12,41.73823713,-87.614719741,POINT (-87.614719741289 41.738237130412),2021,1065
O1152306,DRIVER,d207ce72f4348fa06dddcd98628d0dec81d4f195cb8d8b936f79f3b1f91a52ec6439a613b58fa0f74d8903e0282449f2f14ed55d0ee45d52d38de5ce2e898640,JE321739,1093047.0,08/01/2021 02:41:00 AM,CHICAGO,IL,60651,F,25.0,USAGE UNKNOWN,DID NOT DEPLOY,NONE,NONINCAPACITATING INJURY,NONE,NOT OBSCURED,NORMAL,TEST NOT OFFERED,2021,JE321739,08/01/2021 02:41:00 AM,35,TRAFFIC SIGNAL,FUNCTIONING PROPERLY,CLEAR,"DARKNESS, LIGHTED ROAD",ANGLE,FOUR WAY,STRAIGHT AND LEVEL,DRY,NO DEFECTS,NOT ON SCENE (DESK REPORT),INJURY AND / OR TOW DUE TO CRASH,Y,Y,"$501 - $1,500",08/01/2021 03:25:00 AM,DISREGARDING TRAFFIC SIGNALS,NOT APPLICABLE,99,N,CENTRAL AVE,1522.0,2,NONINCAPACITATING INJURY,1.0,0.0,0.0,1.0,0.0,3.0,0.0,2,1,8,41.882148694,-87.764773775,POINT (-87.764773774654 41.882148693671),2021,161
O1027181,DRIVER,45ab847e3c9fde8caa834eebb440dbae47a9dba7f080116b3cca083ef34cdbf2ed22c5f46a075e4e57993f5b16962e9a445efbb7c9a74b2acbea3d8b02dd29d3,JE117547,973588.0,01/19/2021 08:41:00 PM,CHICAGO,IL,60615,F,40.0,SAFETY BELT USED,DID NOT DEPLOY,NONE,NO INDICATION OF INJURY,NONE,NOT OBSCURED,NORMAL,TEST NOT OFFERED,2021,JE117547,01/19/2021 08:41:00 PM,30,TRAFFIC SIGNAL,FUNCTIONING PROPERLY,SNOW,"DARKNESS, LIGHTED ROAD",SIDESWIPE SAME DIRECTION,NOT DIVIDED,STRAIGHT AND LEVEL,SNOW OR SLUSH,UNKNOWN,NOT ON SCENE (DESK REPORT),NO INJURY / DRIVE AWAY,Y,Y,"$501 - $1,500",01/19/2021 08:42:00 PM,IMPROPER OVERTAKING/PASSING,FAILING TO REDUCE SPEED TO AVOID CRASH,1100,E,87TH ST,412.0,3,NO INDICATION OF INJURY,0.0,0.0,0.0,0.0,0.0,4.0,0.0,20,3,1,41.736861592,-87.597445103,POINT (-87.597445103106 41.736861592332),2021,1241
O1027665,DRIVER,9a7d873a6510e052226e4ac53bff2798e78961dd6b9b47c21b0c8a75f7544d83592ed31d1799beef5b4cbfe96f10a40c38f7c5352b9388b9fdd19b0645ebf773,JE118386,974019.0,01/20/2021 06:00:00 PM,CHICAGO,IL,60649,F,30.0,SAFETY BELT USED,DID NOT DEPLOY,NONE,NO INDICATION OF INJURY,FOLLOWED TOO CLOSELY,NOT OBSCURED,NORMAL,TEST NOT OFFERED,2021,JE118386,01/20/2021 06:00:00 PM,30,TRAFFIC SIGNAL,FUNCTIONING PROPERLY,CLEAR,DAWN,REAR END,DIVIDED - W/MEDIAN (NOT RAISED),STRAIGHT AND LEVEL,DRY,NO DEFECTS,ON SCENE,NO INJURY / DRIVE AWAY,Y,Y,"$501 - $1,500",01/20/2021 06:30:00 PM,"OPERATING VEHICLE IN ERRATIC, RECKLESS, CARELESS, NEGLIGENT OR AGGRESSIVE MANNER","OPERATING VEHICLE IN ERRATIC, RECKLESS, CARELESS, NEGLIGENT OR AGGRESSIVE MANNER",2000,S,STATE ST,131.0,4,NO INDICATION OF INJURY,0.0,0.0,0.0,0.0,0.0,5.0,0.0,18,4,1,41.8553848,-87.627291545,POINT (-87.627291544963 41.85538479956),2021,1080
O1160577,DRIVER,32ae03e0980c89c2a9fc42f1a5a7460db4230d832faff72595ebe5e0007ac905af68e242379bb192bf8941d5edba015d58ad633227c79899ee361d02d80a15f2,JE335492,1100926.0,08/12/2021 09:55:00 PM,DES PLAINES,IL,60018,M,25.0,USAGE UNKNOWN,NOT APPLICABLE,NONE,NO INDICATION OF INJURY,NONE,NOT OBSCURED,NORMAL,TEST NOT OFFERED,2021,JE335492,08/12/2021 09:55:00 PM,30,NO CONTROLS,NO CONTROLS,CLEAR,"DARKNESS, LIGHTED ROAD",SIDESWIPE SAME DIRECTION,NOT DIVIDED,STRAIGHT AND LEVEL,DRY,UNKNOWN,ON SCENE,INJURY AND / OR TOW DUE TO CRASH,N,Y,"OVER $1,500",08/12/2021 09:58:00 PM,IMPROPER OVERTAKING/PASSING,NOT APPLICABLE,4720,W,ADDISON ST,1731.0,2,NO INDICATION OF INJURY,0.0,0.0,0.0,0.0,0.0,3.0,0.0,21,5,8,41.946259428000005,-87.74536129200001,POINT (-87.745361292139 41.946259427545),2021,1315
O1065465,DRIVER,f48b940d0dc1fecb817dc4b1a8c0d7a7c46a7d2f610f967c18de1117a5ec4c5f27591705568ea41c497b92b1f0bf941070a33a5349535d11774776dfb87aecb7,JE180869,1010435.0,03/26/2021 09:58:00 PM,CHICAGO,IL,60653,M,17.0,SAFETY BELT USED,DID NOT DEPLOY,NONE,"REPORTED, NOT EVIDENT",UNKNOWN,NOT OBSCURED,NORMAL,TEST NOT OFFERED,2021,JE180869,03/26/2021 09:58:00 PM,35,TRAFFIC SIGNAL,FUNCTIONING PROPERLY,CLEAR,"DARKNESS, LIGHTED ROAD",REAR END,FOUR WAY,STRAIGHT AND LEVEL,DRY,NO DEFECTS,NOT ON SCENE (DESK REPORT),INJURY AND / OR TOW DUE TO CRASH,Y,Y,"OVER $1,500",03/26/2021 11:15:00 PM,UNABLE TO DETERMINE,NOT APPLICABLE,6701,S,STATE ST,322.0,2,"REPORTED, NOT EVIDENT",2.0,0.0,0.0,0.0,2.0,1.0,0.0,21,6,3,41.772638717,-87.624978935,POINT (-87.624978934869 41.772638716509),2021,1318
O1213513,DRIVER,6fb9e72a26ed9eb55a6fc13b7dc47e506e66d396706bf818e7d03b26f53b87dad0b284f280a097970566beab2ae4c0d1e40a737183e34befd2140136b49ab599,JE423091,1151490.0,10/25/2021 07:00:00 PM,PALOS PARK,IL,60464,F,43.0,SAFETY BELT USED,NOT APPLICABLE,NONE,NO INDICATION OF INJURY,NONE,NOT OBSCURED,NORMAL,TEST NOT OFFERED,2021,JE423091,10/25/2021 07:00:00 PM,30,TRAFFIC SIGNAL,FUNCTIONING PROPERLY,RAIN,"DARKNESS, LIGHTED ROAD",SIDESWIPE SAME DIRECTION,NOT DIVIDED,STRAIGHT AND LEVEL,WET,NO DEFECTS,NOT ON SCENE (DESK REPORT),INJURY AND / OR TOW DUE TO CRASH,Y,Y,"OVER $1,500",10/25/2021 07:15:00 PM,"OPERATING VEHICLE IN ERRATIC, RECKLESS, CARELESS, NEGLIGENT OR AGGRESSIVE MANNER",IMPROPER OVERTAKING/PASSING,1401,W,59TH ST,713.0,2,NO INDICATION OF INJURY,0.0,0.0,0.0,0.0,0.0,2.0,0.0,19,2,10,41.786706392,-87.659600774,POINT (-87.659600774266 41.786706391571),2021,1140
O1122993,DRIVER,794220a552dca5cdeabb9e15ec4904c68ad02b6c6ce8e05a06933519f03d23362b4d65935791501560f18c179d1ae4bf447c72f63b5a35790750655d3921574b,JE273826,1065174.0,06/21/2021 01:45:00 AM,CHICAGO,IL,60628,M,25.0,SAFETY BELT USED,DEPLOYMENT UNKNOWN,NONE,NO INDICATION OF INJURY,NONE,NOT OBSCURED,NORMAL,TEST NOT OFFERED,2021,JE273826,06/21/2021 01:45:00 AM,30,STOP SIGN/FLASHER,FUNCTIONING PROPERLY,RAIN,"DARKNESS, LIGHTED ROAD",REAR END,UNKNOWN INTERSECTION TYPE,STRAIGHT AND LEVEL,WET,NO DEFECTS,ON SCENE,INJURY AND / OR TOW DUE TO CRASH,Y,Y,"OVER $1,500",06/21/2021 01:49:00 AM,UNABLE TO DETERMINE,UNABLE TO DETERMINE,316,W,119TH ST,522.0,2,NO INDICATION OF INJURY,0.0,0.0,0.0,0.0,0.0,2.0,0.0,1,2,6,41.678047824000004,-87.630650915,POINT (-87.630650914726 41.678047823672),2021,105
O1206227,DRIVER,e34a503a29bbbde5bf86064ac4452561f9814ca18610a666e3922b39fad5c74f11f3ddc9410bf8c32b8f4a8dd028f88199101452a52eaa37ce247049d6ffb2ef,JE411238,1144528.0,10/16/2021 12:10:00 AM,CHICAGO,IL,60651,M,28.0,SAFETY BELT USED,"DEPLOYED, FRONT",NONE,NONINCAPACITATING INJURY,NONE,NOT OBSCURED,NORMAL,TEST NOT OFFERED,2021,JE411238,10/16/2021 12:10:00 AM,30,TRAFFIC SIGNAL,FUNCTIONING PROPERLY,CLEAR,"DARKNESS, LIGHTED ROAD",ANGLE,FOUR WAY,STRAIGHT AND LEVEL,DRY,NO DEFECTS,ON SCENE,INJURY AND / OR TOW DUE TO CRASH,Y,Y,"OVER $1,500",10/16/2021 12:11:00 AM,DISREGARDING TRAFFIC SIGNALS,FAILING TO YIELD RIGHT-OF-WAY,732,S,CICERO AVE,1533.0,3,INCAPACITATING INJURY,4.0,0.0,1.0,3.0,0.0,2.0,0.0,0,7,10,41.871196327,-87.74507246600001,POINT (-87.745072465564 41.871196327219),2021,10
O1071483,DRIVER,67d3f35f40a5fade7b413e9eb49c92daec6689787b4486833f7651c730d096ffa0885ab4e56e17f9718be0b0056b83791c6230fb1454c4bf4dd800d1854cbff0,JE190629,1016125.0,04/05/2021 09:14:00 PM,CHICAGO,IL,60651,F,20.0,USAGE UNKNOWN,DID NOT DEPLOY,NONE,NO INDICATION OF INJURY,NONE,NOT OBSCURED,NORMAL,TEST NOT OFFERED,2021,JE190629,04/05/2021 09:14:00 PM,30,NO CONTROLS,NO CONTROLS,CLEAR,"DARKNESS, LIGHTED ROAD",SIDESWIPE SAME DIRECTION,ONE-WAY,STRAIGHT AND LEVEL,DRY,UNKNOWN,ON SCENE,INJURY AND / OR TOW DUE TO CRASH,Y,Y,"OVER $1,500",04/05/2021 09:30:00 PM,IMPROPER OVERTAKING/PASSING,FAILING TO REDUCE SPEED TO AVOID CRASH,1301,S,SAWYER AVE,1022.0,2,NONINCAPACITATING INJURY,1.0,0.0,0.0,1.0,0.0,4.0,0.0,21,2,4,41.86447973,-87.706684639,POINT (-87.706684639161 41.864479730396),2021,1274
O1142634,DRIVER,9f48f04e830f16b6c37bc5e883f171ce46ed27b88945a612d682e53cb4ae5d823e6412bf201edf6e367f20dc436180291689bdd16b12973b40c131f9c59f2b5d,JE306012,1083851.0,07/18/2021 09:00:00 PM,CICERO,IL,60804,M,56.0,USAGE UNKNOWN,DEPLOYMENT UNKNOWN,UNKNOWN,NO INDICATION OF INJURY,FOLLOWED TOO CLOSELY,NOT OBSCURED,NORMAL,TEST NOT OFFERED,2021,JE306012,07/18/2021 09:00:00 PM,35,TRAFFIC SIGNAL,FUNCTIONING PROPERLY,CLEAR,"DARKNESS, LIGHTED ROAD",REAR END,DIVIDED - W/MEDIAN (NOT RAISED),STRAIGHT AND LEVEL,DRY,NO DEFECTS,NOT ON SCENE (DESK REPORT),NO INJURY / DRIVE AWAY,Y,N,"OVER $1,500",07/18/2021 09:50:00 PM,FOLLOWING TOO CLOSELY,FAILING TO REDUCE SPEED TO AVOID CRASH,7900,S,HALSTED ST,621.0,2,NO INDICATION OF INJURY,0.0,0.0,0.0,0.0,0.0,6.0,0.0,21,1,7,41.750549559,-87.64418836799999,POINT (-87.644188367841 41.750549559439),2021,1260
O1189287,DRIVER,3cda25e748f5f1513239ecee680dabc941430bffbca638961ea7396f8ca657952c9490a4bb71b1cf57b7178d8d475a6d6f171cecf59165579f8b55e81c795014,JE382731,1128348.0,09/22/2021 12:28:00 AM,CHICAGO,IL,60620,M,34.0,USAGE UNKNOWN,DID NOT DEPLOY,NONE,NO INDICATION OF INJURY,UNKNOWN,NOT OBSCURED,NORMAL,TEST NOT OFFERED,2021,JE382731,09/22/2021 12:28:00 AM,25,TRAFFIC SIGNAL,FUNCTIONING PROPERLY,RAIN,"DARKNESS, LIGHTED ROAD",REAR END,FOUR WAY,STRAIGHT AND LEVEL,WET,UNKNOWN,ON SCENE,INJURY AND / OR TOW DUE TO CRASH,Y,N,"OVER $1,500",09/22/2021 12:30:00 AM,UNABLE TO DETERMINE,UNABLE TO DETERMINE,6458,S,COTTAGE GROVE AVE,312.0,2,NONINCAPACITATING INJURY,1.0,0.0,0.0,1.0,0.0,5.0,0.0,0,4,9,41.776866322,-87.60599824799999,POINT (-87.605998248145 41.776866321838),2021,28
O1098166,DRIVER,2d79f92560f9f0cf9fbabe2943ad8ce5aff624e1fdc2df2ce6ac6b154124c23d476a951cfda46ce7692401f72c0f9e22345c92bf2f10434dce6a56fee3697b54,JE234675,1041633.0,05/18/2021 09:16:00 PM,CHICAGO,IL,60629,M,34.0,USAGE UNKNOWN,DID NOT DEPLOY,NONE,NO INDICATION OF INJURY,TOO FAST FOR CONDITIONS,NOT OBSCURED,IMPAIRED - DRUGS,TEST REFUSED,2021,JE234675,05/18/2021 09:16:00 PM,30,TRAFFIC SIGNAL,FUNCTIONING PROPERLY,RAIN,"DARKNESS, LIGHTED ROAD",SIDESWIPE SAME DIRECTION,NOT DIVIDED,STRAIGHT AND LEVEL,WET,NO DEFECTS,ON SCENE,INJURY AND / OR TOW DUE TO CRASH,Y,Y,"OVER $1,500",05/18/2021 09:18:00 PM,UNDER THE INFLUENCE OF ALCOHOL/DRUGS (USE WHEN ARREST IS EFFECTED),IMPROPER OVERTAKING/PASSING,3900,W,63RD ST,823.0,2,NO INDICATION OF INJURY,0.0,0.0,0.0,0.0,0.0,2.0,0.0,21,3,5,41.778803528000005,-87.720432985,POINT (-87.720432984625 41.778803528412),2021,1276
O1093613,DRIVER,54056cfdf8299af8ea5d15d599ba081a8527c54df707971c37b46af929bec761aba6e1c98f8e176a56e83708dd25b2c02f28bd3ce51ec402291f06c14adaa5e1,JE227174,1037269.0,05/06/2021 08:30:00 PM,CHICAGO,IL,60639,M,46.0,SAFETY BELT USED,DID NOT DEPLOY,NONE,NO INDICATION OF INJURY,UNKNOWN,NOT OBSCURED,NORMAL,TEST NOT OFFERED,2021,JE227174,05/06/2021 08:30:00 PM,30,TRAFFIC SIGNAL,FUNCTIONING PROPERLY,CLEAR,"DARKNESS, LIGHTED ROAD",REAR END,NOT DIVIDED,STRAIGHT AND LEVEL,DRY,NO DEFECTS,NOT ON SCENE (DESK REPORT),NO INJURY / DRIVE AWAY,Y,N,"OVER $1,500",05/11/2021 09:20:00 PM,UNABLE TO DETERMINE,NOT APPLICABLE,3500,S,PULASKI RD,1031.0,2,NO INDICATION OF INJURY,0.0,0.0,0.0,0.0,0.0,2.0,0.0,20,5,5,41.830223541,-87.724351954,POINT (-87.724351954456 41.830223541014),2021,1230
O1211952,DRIVER,8786d8373843e64b53a909753dff5d1901cc07ee240a927699b7696f0105d504b9e00dfd96f004708f3b44d9d94ac6aece4c7e014aec07e60f2f73d8ea0293f0,JE420826,1149978.0,10/24/2021 12:45:00 PM,CHICAGO,IL,60641,F,44.0,SAFETY BELT USED,NOT APPLICABLE,NONE,NO INDICATION OF INJURY,FAILED TO YIELD,UNKNOWN,NORMAL,TEST NOT OFFERED,2021,JE420826,10/24/2021 12:45:00 PM,30,STOP SIGN/FLASHER,NO CONTROLS,RAIN,DAYLIGHT,ANGLE,NOT DIVIDED,STRAIGHT AND LEVEL,WET,NO DEFECTS,ON SCENE,NO INJURY / DRIVE AWAY,Y,Y,"OVER $1,500",10/24/2021 01:55:00 PM,FAILING TO YIELD RIGHT-OF-WAY,NOT APPLICABLE,2000,W,MORSE AVE,2411.0,2,NO INDICATION OF INJURY,0.0,0.0,0.0,0.0,0.0,2.0,0.0,12,1,10,42.007457939,-87.68120885399999,POINT (-87.681208853675 42.007457938643),2021,765
O1254452,DRIVER,f5dad5206169af68f1e09beb404d88a0c504e3cdb55f75367dfc629245a198d6432d3dc2654da6cb2f9c0974b635119cd9c5ceffc2ffcea93e9f9a2108a6f7bf,JE492128,1190770.0,12/29/2021 01:12:00 PM,DIXMOOR,IL,60426,F,31.0,USAGE UNKNOWN,DID NOT DEPLOY,NONE,"REPORTED, NOT EVIDENT",NONE,UNKNOWN,NORMAL,TEST NOT OFFERED,2021,JE492128,12/29/2021 01:12:00 PM,30,TRAFFIC SIGNAL,FUNCTIONING PROPERLY,CLEAR,DAYLIGHT,TURNING,"FIVE POINT, OR MORE",STRAIGHT AND LEVEL,DRY,NO DEFECTS,ON SCENE,INJURY AND / OR TOW DUE TO CRASH,Y,Y,"OVER $1,500",12/29/2021 03:39:00 PM,UNABLE TO DETERMINE,FAILING TO REDUCE SPEED TO AVOID CRASH,2850,E,92ND ST,423.0,2,"REPORTED, NOT EVIDENT",1.0,0.0,0.0,0.0,1.0,1.0,0.0,13,4,12,41.728321490999996,-87.554691099,POINT (-87.554691099041 41.728321490694),2021,792
O1060696,DRIVER,745a3e94b6b4953b103286ba8464dee07ebe606d0e56a9e3978235b1b956ca753b9c0ad6b431b6dede373cca92da4a0f04826b0833d68f7c839f683b6bccb6e2,JE172758,1005878.0,03/18/2021 06:58:00 PM,CHICAGO,IL,60621,F,34.0,SAFETY BELT USED,NOT APPLICABLE,NONE,NO INDICATION OF INJURY,UNKNOWN,UNKNOWN,NORMAL,TEST NOT OFFERED,2021,JE172758,03/18/2021 06:58:00 PM,30,TRAFFIC SIGNAL,FUNCTIONING PROPERLY,CLEAR,DUSK,REAR END,NOT DIVIDED,STRAIGHT AND LEVEL,DRY,NO DEFECTS,NOT ON SCENE (DESK REPORT),NO INJURY / DRIVE AWAY,Y,Y,"$501 - $1,500",03/18/2021 07:00:00 PM,NOT APPLICABLE,NOT APPLICABLE,2401,E,79TH ST,422.0,2,NO INDICATION OF INJURY,0.0,0.0,0.0,0.0,0.0,2.0,0.0,18,5,3,41.751618987,-87.566169289,POINT (-87.566169289163 41.751618986868),2021,1138
O1243521,DRIVER,d197a485d47c471fae4332f7a55bb9be31f962889b83209ef6b6d5c751b4ea954f094d2304d438bcb971cf05c532d0740742d340af65a5eeacc502b721f7931e,JE472966,1180218.0,12/10/2021 03:15:00 PM,CHICAGO,IL,60644,M,67.0,SAFETY BELT USED,DID NOT DEPLOY,NONE,NO INDICATION OF INJURY,UNKNOWN,UNKNOWN,NORMAL,TEST NOT OFFERED,2021,JE472966,12/10/2021 03:15:00 PM,30,STOP SIGN/FLASHER,NO CONTROLS,RAIN,DAYLIGHT,TURNING,FOUR WAY,STRAIGHT AND LEVEL,WET,UNKNOWN,ON SCENE,NO INJURY / DRIVE AWAY,Y,Y,"$501 - $1,500",12/10/2021 05:38:00 PM,UNABLE TO DETERMINE,UNABLE TO DETERMINE,5000,W,HARRISON ST,1533.0,2,NO INDICATION OF INJURY,0.0,0.0,0.0,0.0,0.0,2.0,0.0,15,6,12,41.873128475,-87.749359717,POINT (-87.749359716635 41.87312847476),2021,915
O1240321,DRIVER,26ccb8feeb5abf2721082b96292a2bd21885b98b2608a6496e29e1cacf13b423d7cb3eebe4b77184ad4e3c6566b49aef4bbbda365149d396f71952cb2d18d760,JE467292,1177203.0,12/05/2021 07:49:00 PM,CHICAGO,IL,60653,F,29.0,NONE PRESENT,DID NOT DEPLOY,NONE,NO INDICATION OF INJURY,NONE,NOT OBSCURED,NORMAL,TEST NOT OFFERED,2021,JE467292,12/05/2021 07:49:00 PM,30,STOP SIGN/FLASHER,FUNCTIONING PROPERLY,RAIN,"DARKNESS, LIGHTED ROAD",ANGLE,NOT DIVIDED,STRAIGHT AND LEVEL,WET,NO DEFECTS,ON SCENE,NO INJURY / DRIVE AWAY,Y,Y,"OVER $1,500",12/05/2021 07:49:00 PM,FAILING TO YIELD RIGHT-OF-WAY,NOT APPLICABLE,699,E,OAKWOOD BLVD,214.0,2,NO INDICATION OF INJURY,0.0,0.0,0.0,0.0,0.0,2.0,0.0,19,1,12,41.822599404,-87.609896241,POINT (-87.609896240945 41.822599403833),2021,1189