PERSON_ID,PERSON_TYPE,CRASH_RECORD_ID,RD_NO_x,VEHICLE_ID,CRASH_DATE_x,CITY,STATE,ZIPCODE,SEX,AGE,SAFETY_EQUIPMENT,AIRBAG_DEPLOYED,EJECTION,INJURY_CLASSIFICATION,DRIVER_ACTION,DRIVER_VISION,PHYSICAL_CONDITION,BAC_RESULT,CRASH_YEAR_x,RD_NO_y,CRASH_DATE_y,POSTED_SPEED_LIMIT,TRAFFIC_CONTROL_DEVICE,DEVICE_CONDITION,WEATHER_CONDITION,LIGHTING_CONDITION,FIRST_CRASH_TYPE,TRAFFICWAY_TYPE,ALIGNMENT,ROADWAY_SURFACE_COND,ROAD_DEFECT,REPORT_TYPE,CRASH_TYPE,INTERSECTION_RELATED_I,HIT_AND_RUN_I,DAMAGE,DATE_POLICE_NOTIFIED,PRIM_CONTRIBUTORY_CAUSE,SEC_CONTRIBUTORY_CAUSE,STREET_NO,STREET_DIRECTION,STREET_NAME,BEAT_OF_OCCURRENCE,NUM_UNITS,MOST_SEVERE_INJURY,INJURIES_TOTAL,INJURIES_FATAL,INJURIES_INCAPACITATING,INJURIES_NON_INCAPACITATING,INJURIES_REPORTED_NOT_EVIDENT,INJURIES_NO_INDICATION,INJURIES_UNKNOWN,CRASH_HOUR,CRASH_DAY_OF_WEEK,CRASH_MONTH,LATITUDE,LONGITUDE,LOCATION,CRASH_YEAR_y,TIME
O1081650,DRIVER,4a344ecfd8cabbcb2340bed850b9e19e95840af0c6c0f75cd1d5b715f6951c5a9bb67ff8324f77f2c0b72aa8c562f159514504c9abe97cad808f267430134744,JE208026,1025837.0,04/23/2021 04:52:00 PM,CHICAGO,IL,60609,M,48.0,USAGE UNKNOWN,DID NOT DEPLOY,NONE,NONINCAPACITATING INJURY,NONE,NOT OBSCURED,NORMAL,TEST NOT OFFERED,2021,JE208026,04/23/2021 04:52:00 PM,30,STOP SIGN/FLASHER,FUNCTIONING PROPERLY,CLEAR,DAYLIGHT,REAR END,FOUR WAY,STRAIGHT AND LEVEL,DRY,NO DEFECTS,ON SCENE,INJURY AND / OR TOW DUE TO CRASH,Y,Y,"OVER $1,500",04/23/2021 05:04:00 PM,FAILING TO REDUCE SPEED TO AVOID CRASH,UNABLE TO DETERMINE,2858,W,MADISON ST,1222.0,2,NONINCAPACITATING INJURY,1.0,0.0,0.0,1.0,0.0,1.0,0.0,16,6,4,41.881161878,-87.69867774299999,POINT (-87.69867774325 41.881161878292),2021,1012
O1100109,DRIVER,816fbed9ce96a516f07f1442ad2bdb0fd58fe5e6beec0fdfb114d1b6e0268b559a3df7fd2e6f671f87a0a6338f9944f27619f94b98fd16b00e913e47d1ef186f,JE237913,1043494.0,05/21/2021 06:00:00 PM,LYNWOOD,IL,60411,F,25.0,SAFETY BELT USED,"DEPLOYED, SIDE",NONE,NO INDICATION OF INJURY,FAILED TO YIELD,NOT OBSCURED,NORMAL,TEST NOT OFFERED,2021,JE237913,05/21/2021 06:00:00 PM,35,STOP SIGN/FLASHER,NO CONTROLS,CLEAR,DAYLIGHT,ANGLE,UNKNOWN INTERSECTION TYPE,STRAIGHT AND LEVEL,DRY,NO DEFECTS,ON SCENE,INJURY AND / OR TOW DUE TO CRASH,Y,Y,"OVER $1,500",05/21/2021 07:00:00 PM,FAILING TO YIELD RIGHT-OF-WAY,NOT APPLICABLE,299,E,GARFIELD BLVD,231.0,2,NONINCAPACITATING INJURY,3.0,0.0,0.0,3.0,0.0,4.0,0.0,18,6,5,41.79431063,-87.619293894,POINT (-87.619293893942 41.794310629735),2021,1080
O1137995,DRIVER,a9368729f9bb4dc79630e3a3d8a552b53a3edeece20cee826f06173b689d2a21b677ff0d735c76a5cbb2c4e325caf14cccb08a948c9c8e3ed17836f22d5f4b91,JE298207,1079414.0,07/11/2021 07:00:00 PM,CHICAGO,IL,60610,M,35.0,SAFETY BELT USED,NOT APPLICABLE,NONE,NO INDICATION OF INJURY,NONE,NOT OBSCURED,NORMAL,TEST NOT OFFERED,2021,JE298207,07/11/2021 07:00:00 PM,30,NO CONTROLS,NO CONTROLS,CLEAR,DAYLIGHT,TURNING,FOUR WAY,STRAIGHT AND LEVEL,DRY,NO DEFECTS,NOT ON SCENE (DESK REPORT),NO INJURY / DRIVE AWAY,Y,Y,"$501 - $1,500",07/11/2021 07:20:00 PM,FAILING TO YIELD RIGHT-OF-WAY,NOT APPLICABLE,3734,W,CHICAGO AVE,1112.0,2,NO INDICATION OF INJURY,0.0,0.0,0.0,0.0,0.0,2.0,0.0,19,1,7,41.89553534,-87.72012046100001,POINT (-87.720120461124 41.895535340428),2021,1140
O1038422,DRIVER,eabb406dba9565d19078ba3ff81da16b773030151799066449ef7b097983c9c9c98d38b7e3702eb6fb4d89a10bd4965acdda437b6bc805b6dbead336ac12cad7,JE135863,984308.0,02/08/2021 11:05:00 AM,OAK LAWN,IL,60453,M,59.0,SAFETY BELT USED,NOT APPLICABLE,NONE,NO INDICATION OF INJURY,UNKNOWN,UNKNOWN,NORMAL,TEST NOT OFFERED,2021,JE135863,02/08/2021 11:05:00 AM,30,TRAFFIC SIGNAL,FUNCTIONING PROPERLY,SNOW,DAYLIGHT,REAR END,DIVIDED - W/MEDIAN (NOT RAISED),STRAIGHT AND LEVEL,ICE,UNKNOWN,ON SCENE,NO INJURY / DRIVE AWAY,Y,Y,"OVER $1,500",02/08/2021 11:15:00 AM,UNABLE TO DETERMINE,UNABLE TO DETERMINE,1552,W,119TH ST,524.0,3,NO INDICATION OF INJURY,0.0,0.0,0.0,0.0,0.0,3.0,0.0,11,2,2,41.677660603,-87.661062475,POINT (-87.661062474566 41.677660602656),2021,665
O1051226,DRIVER,7cae5d6114bc09721b53b5c0eb76f0b97df1235490d1851a5c1a047978758d91453462e708306dc509220e1899860da7c8a65276a9bbee77228bd45171e167ac,JE154929,996768.0,02/28/2021 11:05:00 AM,RIVERDALE,IL,60827,M,38.0,USAGE UNKNOWN,"DEPLOYED, FRONT",NONE,NONINCAPACITATING INJURY,DISREGARDED CONTROL DEVICES,NOT OBSCURED,UNKNOWN,TEST NOT OFFERED,2021,JE154929,02/28/2021 11:05:00 AM,30,TRAFFIC SIGNAL,FUNCTIONING PROPERLY,CLOUDY/OVERCAST,DAYLIGHT,ANGLE,NOT DIVIDED,STRAIGHT AND LEVEL,WET,NO DEFECTS,ON SCENE,INJURY AND / OR TOW DUE TO CRASH,Y,Y,"OVER $1,500",02/28/2021 11:09:00 AM,DISREGARDING TRAFFIC SIGNALS,NOT APPLICABLE,800,W,79TH ST,621.0,3,NONINCAPACITATING INJURY,2.0,0.0,0.0,2.0,0.0,2.0,0.0,11,1,2,41.750751156999996,-87.64410779299999,POINT (-87.644107793009 41.750751157473),2021,665
O1112341,DRIVER,1bf9d916d5ba8061ee389d5afb25b8a3f08ef4daadf656db28acfe0bbdc8482d1c78f74e204b4e215d98065d2810a679e27f9d6e85847152808e343f7f85b677,JE257265,1055192.0,06/07/2021 03:30:00 PM,CHICAGO,IL,60827,F,24.0,USAGE UNKNOWN,DEPLOYMENT UNKNOWN,NONE,NO INDICATION OF INJURY,OTHER,UNKNOWN,UNKNOWN,TEST NOT OFFERED,2021,JE257265,06/07/2021 03:30:00 PM,30,STOP SIGN/FLASHER,FUNCTIONING PROPERLY,RAIN,DAYLIGHT,ANGLE,T-INTERSECTION,STRAIGHT AND LEVEL,WET,NO DEFECTS,ON SCENE,INJURY AND / OR TOW DUE TO CRASH,Y,N,"OVER $1,500",06/07/2021 03:35:00 PM,DISREGARDING STOP SIGN,WEATHER,532,W,111TH ST,2233.0,2,NO INDICATION OF INJURY,0.0,0.0,0.0,0.0,0.0,3.0,0.0,15,2,6,41.692537251,-87.636398587,POINT (-87.636398587075 41.692537250763),2021,930
O1162754,DRIVER,2b702b592ce905a3081fa773f7bd75061fb674d0db79c4fe651b7b4663b9afd1fe2168728e464d76d89b02a29b3872413da098dd1e9833f10b4b966b930bd2cb,JE338693,1102975.0,08/15/2021 09:30:00 PM,CHICAGO,IL,60609,M,19.0,DOT COMPLIANT MOTORCYCLE HELMET,NOT APPLICABLE,UNKNOWN,NONINCAPACITATING INJURY,OTHER,UNKNOWN,NORMAL,TEST NOT OFFERED,2021,JE338693,08/15/2021 09:30:00 PM,30,TRAFFIC SIGNAL,FUNCTIONING PROPERLY,CLEAR,"DARKNESS, LIGHTED ROAD",ANGLE,FOUR WAY,STRAIGHT AND LEVEL,DRY,NO DEFECTS,ON SCENE,INJURY AND / OR TOW DUE TO CRASH,Y,N,"OVER $1,500",08/15/2021 09:54:00 PM,UNABLE TO DETERMINE,NOT APPLICABLE,5112,S,ASHLAND AVE,932.0,2,NONINCAPACITATING INJURY,1.0,0.0,0.0,1.0,0.0,1.0,0.0,21,1,8,41.800886004,-87.66491205,POINT (-87.664912049954 41.800886004313),2021,1290
O1161559,DRIVER,f734156458f9eaff434cc274ee55c49f80a8af68bb7134e2315422d42178e3061f1f1c7273f03b2a4bd17a593ed87b6200e3ff7d0101dd8fbb03dccd2b01af11,JE000000,1101838.0,08/14/2021 08:20:00 AM,CICERO,IL,60804,F,53.0,SAFETY BELT USED,NOT APPLICABLE,NONE,NO INDICATION OF INJURY,NONE,NOT OBSCURED,NORMAL,TEST NOT OFFERED,2021,JE000000,08/14/2021 08:20:00 AM,30,TRAFFIC SIGNAL,FUNCTIONING PROPERLY,CLEAR,DAYLIGHT,ANGLE,FOUR WAY,STRAIGHT AND LEVEL,DRY,NO DEFECTS,NOT ON SCENE (DESK REPORT),NO INJURY / DRIVE AWAY,Y,Y,"OVER $1,500",08/14/2021 10:30:00 AM,DISREGARDING TRAFFIC SIGNALS,NOT APPLICABLE,801,E,59TH ST,235.0,2,NO INDICATION OF INJURY,0.0,0.0,0.0,0.0,0.0,2.0,0.0,8,7,8,41.787586446,-87.606018354,POINT (-87.606018353882 41.787586445809),2021,500
O1039608,DRIVER,c15def9e8d6a942d65f7775c4e36b26ffefc9905e532b56df461dace5fa807cad393789cce4d33002b427b71ebca531fdd20e9f98332c0dc19b22724cd4533e0,JE137573,985461.0,02/10/2021 06:45:00 AM,PHOENIX,AZ,85015,M,26.0,USAGE UNKNOWN,NOT APPLICABLE,NONE,NO INDICATION OF INJURY,UNKNOWN,UNKNOWN,UNKNOWN,TEST NOT OFFERED,2021,JE137573,02/10/2021 06:45:00 AM,30,TRAFFIC SIGNAL,FUNCTIONING PROPERLY,CLEAR,DAYLIGHT,TURNING,NOT DIVIDED,STRAIGHT AND LEVEL,ICE,NO DEFECTS,ON SCENE,INJURY AND / OR TOW DUE TO CRASH,Y,N,"OVER $1,500",02/10/2021 06:54:00 AM,UNABLE TO DETERMINE,UNABLE TO DETERMINE,358,E,75TH ST,323.0,2,NONINCAPACITATING INJURY,1.0,0.0,0.0,1.0,0.0,1.0,0.0,6,4,2,41.758502925,-87.615995309,POINT (-87.615995309083 41.758502924967),2021,405
O1077012,DRIVER,7b8186d717c0aa0685012d253c5b3871ea7b8ddaf51fa69a3358ff6e4424c584eaf4f82d92d5eb44735e5f0645a7addeb057bcb77ab3601258cc77192453b734,JE200282,1021401.0,04/15/2021 03:50:00 PM,MOUNT PROSPECT,IL,60056,F,77.0,USAGE UNKNOWN,DID NOT DEPLOY,NONE,NO INDICATION OF INJURY,NONE,NOT OBSCURED,NORMAL,TEST NOT OFFERED,2021,JE200282,04/15/2021 03:50:00 PM,30,TRAFFIC SIGNAL,FUNCTIONING PROPERLY,CLEAR,DAYLIGHT,ANGLE,FOUR WAY,STRAIGHT AND LEVEL,DRY,NO DEFECTS,ON SCENE,NO INJURY / DRIVE AWAY,Y,Y,"OVER $1,500",04/15/2021 04:00:00 PM,UNABLE TO DETERMINE,NOT APPLICABLE,1314,W,GRAND AVE,1215.0,2,NO INDICATION OF INJURY,0.0,0.0,0.0,0.0,0.0,2.0,0.0,15,5,4,41.891163058000004,-87.659631269,POINT (-87.659631269349 41.891163057794),2021,950
O1146681,DRIVER,a186fb2d093cb59130652181a3ac6aad5bf43831f3b9cde616b15ef7584cbe424b1de8c632e286001e023750042f9bc5c397740725de9585f56bf681ab57f0ac,JE312686,1087697.0,07/24/2021 03:24:00 PM,CHICAGO,IL,60619,M,34.0,HELMET NOT USED,NOT APPLICABLE,TOTALLY EJECTED,INCAPACITATING INJURY,NONE,NOT OBSCURED,EMOTIONAL,TEST NOT OFFERED,2021,JE312686,07/24/2021 03:24:00 PM,30,STOP SIGN/FLASHER,FUNCTIONING PROPERLY,CLEAR,DAYLIGHT,ANGLE,ONE-WAY,STRAIGHT AND LEVEL,DRY,NO DEFECTS,NOT ON SCENE (DESK REPORT),INJURY AND / OR TOW DUE TO CRASH,Y,Y,"OVER $1,500",07/24/2021 03:30:00 PM,DISREGARDING STOP SIGN,FAILING TO REDUCE SPEED TO AVOID CRASH,7328,S,ADA ST,734.0,2,INCAPACITATING INJURY,1.0,0.0,1.0,0.0,0.0,1.0,0.0,15,7,7,41.760504589,-87.65738158100001,POINT (-87.657381580913 41.760504589214),2021,924
O1022239,DRIVER,97876557859a38f08ebd4918d8c10a81ff94caaa977c2ec8510921d00085618a6ee11c2b350694afd00e1eb0b43467dde0a4bd9ab657ee1c8bb3369275c6de3e,JE108312,968900.0,01/09/2021 07:45:00 PM,CHICAGO,IL,60640,M,23.0,SAFETY BELT USED,DID NOT DEPLOY,NONE,NO INDICATION OF INJURY,OTHER,NOT OBSCURED,NORMAL,TEST NOT OFFERED,2021,JE108312,01/09/2021 07:45:00 PM,30,TRAFFIC SIGNAL,FUNCTIONING PROPERLY,CLEAR,"DARKNESS, LIGHTED ROAD",REAR END,DIVIDED - W/MEDIAN (NOT RAISED),STRAIGHT AND LEVEL,DRY,UNKNOWN,NOT ON SCENE (DESK REPORT),NO INJURY / DRIVE AWAY,Y,Y,$500 OR LESS,01/09/2021 09:00:00 PM,UNABLE TO DETERMINE,UNABLE TO DETERMINE,1,W,CHICAGO AVE,1832.0,3,NO INDICATION OF INJURY,0.0,0.0,0.0,0.0,0.0,3.0,0.0,19,7,1,41.896566557,-87.628275435,POINT (-87.628275434685 41.896566557146),2021,1185
O1168947,DRIVER,042bf5f98945e8cf79b5ceeb926900735da58f1114a70d400fe236b32e6ca4b60fb4d7e5b666e4dcc8327d69050787b7722b2c1e9e272a232a5b2ee7c2cb3ab8,JE349126,1108885.0,08/25/2021 06:15:00 AM,MAPLE PARK,IL,60151,F,32.0,SAFETY BELT USED,DID NOT DEPLOY,NONE,NO INDICATION OF INJURY,NONE,NOT OBSCURED,NORMAL,TEST NOT OFFERED,2021,JE349126,08/25/2021 06:15:00 AM,30,TRAFFIC SIGNAL,FUNCTIONING PROPERLY,CLEAR,DAYLIGHT,REAR END,ONE-WAY,STRAIGHT AND LEVEL,DRY,NO DEFECTS,NOT ON SCENE (DESK REPORT),NO INJURY / DRIVE AWAY,Y,Y,"OVER $1,500",08/25/2021 07:00:00 AM,UNABLE TO DETERMINE,UNABLE TO DETERMINE,3858,S,WENTWORTH AVE,915.0,2,NO INDICATION OF INJURY,0.0,0.0,0.0,0.0,0.0,3.0,0.0,6,4,8,41.824050595,-87.63146170799999,POINT (-87.631461708478 41.824050595087),2021,375
O1048387,DRIVER,80a5cd69d80ff94eb6bba4c9e73c1177e9fd9b7da58ce8cc580954219a5c47c2d0c27d93128df4b587b22848012a77f5ec2e672047ef91f02498116c430a5a72,JE149994,993993.0,02/23/2021 12:57:00 PM,OAK BROOK,IL,60523,F,36.0,SAFETY BELT USED,DID NOT DEPLOY,NONE,NO INDICATION OF INJURY,UNKNOWN,NOT OBSCURED,NORMAL,TEST NOT OFFERED,2021,JE149994,02/23/2021 12:57:00 PM,30,TRAFFIC SIGNAL,FUNCTIONING PROPERLY,CLEAR,DAYLIGHT,TURNING,FOUR WAY,STRAIGHT AND LEVEL,DRY,NO DEFECTS,NOT ON SCENE (DESK REPORT),NO INJURY / DRIVE AWAY,Y,Y,"OVER $1,500",02/23/2021 02:50:00 PM,UNABLE TO DETERMINE,NOT APPLICABLE,3000,W,WASHINGTON BLVD,1222.0,2,NO INDICATION OF INJURY,0.0,0.0,0.0,0.0,0.0,2.0,0.0,12,3,2,41.882955709,-87.701378353,POINT (-87.701378352513 41.882955709444),2021,777
O1123505,DRIVER,94c8e9c6a699a581cd452b21851d834156aa30fc7892ca196928f8cb5d32dd9f72e86eaf925f3947a5c076a1f9965bc9663b09cb31aa4d67ee5cd60700aeba3a,JE274680,1065669.0,06/20/2021 09:30:00 PM,CHICAGO,IL,60619,F,55.0,SAFETY BELT USED,DID NOT DEPLOY,NONE,NO INDICATION OF INJURY,NONE,NOT OBSCURED,NORMAL,TEST NOT OFFERED,2021,JE274680,06/20/2021 09:30:00 PM,30,TRAFFIC SIGNAL,FUNCTIONING PROPERLY,CLOUDY/OVERCAST,"DARKNESS, LIGHTED ROAD",REAR END,DIVIDED - W/MEDIAN (NOT RAISED),STRAIGHT AND LEVEL,DRY,NO DEFECTS,NOT ON SCENE (DESK REPORT),NO INJURY / DRIVE AWAY,Y,Y,"$501 - $1,500",06/21/2021 06:20:00 PM,FAILING TO REDUCE SPEED TO AVOID CRASH,UNABLE TO DETERMINE,400,E,47TH ST,221.0,2,NO INDICATION OF INJURY,0.0,0.0,0.0,0.0,0.0,3.0,0.0,21,1,6,41.809500465,-87.61620639899999,POINT (-87.616206399384 41.809500465169),2021,1290
O1124077,DRIVER,8ce85aaa49241633752d395f7ed0f22cc36dc8f23031ab71aa4ebf74a4e38d22035b3849732c62243d0571280ec3b483530cfea914731a0d8f7209d90efad52b,JE275652,1066235.0,06/22/2021 01:58:00 PM,CHICAGO,IL,60632,M,18.0,SAFETY BELT USED,NOT APPLICABLE,NONE,NO INDICATION OF INJURY,NONE,NOT OBSCURED,NORMAL,TEST NOT OFFERED,2021,JE275652,06/22/2021 01:58:00 PM,30,TRAFFIC SIGNAL,FUNCTIONING PROPERLY,CLEAR,DAYLIGHT,REAR END,NOT DIVIDED,STRAIGHT AND LEVEL,DRY,NO DEFECTS,NOT ON SCENE (DESK REPORT),NO INJURY / DRIVE AWAY,Y,Y,"$501 - $1,500",06/22/2021 02:40:00 PM,FAILING TO YIELD RIGHT-OF-WAY,NOT APPLICABLE,2200,S,ALBANY AVE,1033.0,4,NO INDICATION OF INJURY,0.0,0.0,0.0,0.0,0.0,3.0,0.0,13,3,6,41.851701404,-87.702951091,POINT (-87.702951091047 41.85170140422),2021,838
O1202740,DRIVER,30c00aefbf9a3952d0b29f88da04824028a840d47210d615b5ba6a9883cdbd28fe066900c2248a8fb528f8494c3381e27338e7b135f394542f6ff456c8355281,JE405371,1141196.0,10/10/2021 08:25:00 PM,CHICAGO,IL,60656,M,61.0,SAFETY BELT USED,DID NOT DEPLOY,NONE,NO INDICATION OF INJURY,NONE,NOT OBSCURED,NORMAL,TEST NOT OFFERED,2021,JE405371,10/10/2021 08:25:00 PM,35,STOP SIGN/FLASHER,FUNCTIONING PROPERLY,CLEAR,DARKNESS,ANGLE,NOT DIVIDED,STRAIGHT AND LEVEL,DRY,NO DEFECTS,NOT ON SCENE (DESK REPORT),NO INJURY / DRIVE AWAY,Y,Y,"OVER $1,500",10/10/2021 09:40:00 PM,FAILING TO YIELD RIGHT-OF-WAY,FAILING TO YIELD RIGHT-OF-WAY,199,E,21ST ST,132.0,2,NO INDICATION OF INJURY,0.0,0.0,0.0,0.0,0.0,2.0,0.0,20,1,10,41.854198824,-87.622292515,POINT (-87.622292515464 41.85419882351),2021,1225
O1176316,DRIVER,92160d36937bc2dbc1bc6ae1b1f0cb6153e465d34ad96a7158a5c44d7bdf6c3be20270b9da4d421cc6e37d8e335f499168f10c5c562ee0d031ea1bb22be24a23,JE360938,1115907.0,09/04/2021 02:15:00 AM,CHICAGO,IL,60659,M,39.0,SAFETY BELT USED,DID NOT DEPLOY,NONE,NO INDICATION OF INJURY,OTHER,NOT OBSCURED,NORMAL,TEST NOT OFFERED,2021,JE360938,09/04/2021 02:15:00 AM,30,STOP SIGN/FLASHER,FUNCTIONING PROPERLY,CLEAR,"DARKNESS, LIGHTED ROAD",REAR END,NOT DIVIDED,STRAIGHT ON GRADE,DRY,NO DEFECTS,ON SCENE,NO INJURY / DRIVE AWAY,Y,Y,"OVER $1,500",09/04/2021 02:23:00 AM,UNABLE TO DETERMINE,UNABLE TO DETERMINE,540,W,GRAND AVE,1214.0,2,NO INDICATION OF INJURY,0.0,0.0,0.0,0.0,0.0,2.0,0.0,2,7,9,41.891437794,-87.642122975,POINT (-87.642122974902 41.891437793813),2021,135
O1182913,DRIVER,bd8674a4f73de6d8f5cd5be757b7af5a0b223d0105d0967168647c9b74c5adf97d319ded7cf82efddeb3a6ad19cb188a507925dcb213ce82907b4c43077ed1ff,JE372242,1122249.0,09/13/2021 04:40:00 PM,CHICAGO,IL,60619,F,35.0,SAFETY BELT USED,DID NOT DEPLOY,NONE,NO INDICATION OF INJURY,NONE,NOT OBSCURED,NORMAL,TEST NOT OFFERED,2021,JE372242,09/13/2021 04:40:00 PM,30,NO CONTROLS,NO CONTROLS,CLEAR,DAYLIGHT,REAR END,DIVIDED - W/MEDIAN (NOT RAISED),STRAIGHT AND LEVEL,DRY,NO DEFECTS,NOT ON SCENE (DESK REPORT),NO INJURY / DRIVE AWAY,Y,Y,"$501 - $1,500",09/13/2021 04:50:00 PM,UNABLE TO DETERMINE,UNABLE TO DETERMINE,7700,S,HALSTED ST,621.0,3,NO INDICATION OF INJURY,0.0,0.0,0.0,0.0,0.0,5.0,0.0,16,2,9,41.754179348,-87.64428069600001,POINT (-87.644280696154 41.754179348229),2021,1000
O1192003,DRIVER,953687400960aac810593e665055052c81a21aa151b8f348b7259bb22ac99abdd3d6d83916e4a1ad9500ec421c80711274091b00efac5f7e9788caf8faf2af68,JE387284,1130937.0,09/25/2021 07:56:00 PM,HARVARD,IL,60033,F,58.0,SAFETY BELT USED,DID NOT DEPLOY,NONE,NO INDICATION OF INJURY,NONE,NOT OBSCURED,NORMAL,TEST NOT OFFERED,2021,JE387284,09/25/2021 07:56:00 PM,30,TRAFFIC SIGNAL,FUNCTIONING PROPERLY,CLEAR,"DARKNESS, LIGHTED ROAD",HEAD ON,NOT DIVIDED,STRAIGHT AND LEVEL,DRY,NO DEFECTS,NOT ON SCENE (DESK REPORT),NO INJURY / DRIVE AWAY,Y,Y,"OVER $1,500",09/25/2021 08:05:00 PM,UNABLE TO DETERMINE,NOT APPLICABLE,2398,N,SACRAMENTO AVE,1414.0,2,NO INDICATION OF INJURY,0.0,0.0,0.0,0.0,0.0,3.0,0.0,19,7,9,41.924712307,-87.702463944,POINT (-87.702463944001 41.924712306832),2021,1196
O1087374,DRIVER,bd83a5841d19762d1cd11ad60ba71103982b657c718794bd8b8f5f1f557c97c7a6f28120a03225cda8e1578acdbcfd866cd9f3651dc03e94f2a517f65d6ed6f6,JE217360,1031299.0,05/02/2021 04:55:00 PM,CHICAGO,IL,60653,F,28.0,SAFETY BELT USED,NOT APPLICABLE,NONE,NO INDICATION OF INJURY,NONE,NOT OBSCURED,NORMAL,TEST NOT OFFERED,2021,JE217360,05/02/2021 04:55:00 PM,30,TRAFFIC SIGNAL,FUNCTIONING PROPERLY,CLEAR,DAYLIGHT,REAR END,NOT DIVIDED,STRAIGHT AND LEVEL,DRY,NO DEFECTS,ON SCENE,NO INJURY / DRIVE AWAY,Y,Y,"OVER $1,500",05/02/2021 04:55:00 PM,TEXTING,FOLLOWING TOO CLOSELY,459,W,31ST ST,915.0,2,NO INDICATION OF INJURY,0.0,0.0,0.0,0.0,0.0,3.0,0.0,16,1,5,41.838037182,-87.638403861,POINT (-87.638403860781 41.838037181937),2021,1015
O1191683,DRIVER,dad5ee04d928f6cf6838a3b6525cd167cc1efa8387c1000fa4f9fc6812e2f92e2b081448127d25c3fb097ff464dca435e7af852eae74fd847cdec1250b277afa,JE386796,1131158.0,09/25/2021 11:55:00 AM,CHICAGO,IL,60630,M,66.0,SAFETY BELT USED,DID NOT DEPLOY,NONE,NO INDICATION OF INJURY,NONE,NOT OBSCURED,NORMAL,TEST NOT OFFERED,2021,JE386796,09/25/2021 11:55:00 AM,30,TRAFFIC SIGNAL,FUNCTIONING PROPERLY,CLEAR,DAYLIGHT,REAR END,NOT DIVIDED,STRAIGHT AND LEVEL,DRY,NO DEFECTS,NOT ON SCENE (DESK REPORT),NO INJURY / DRIVE AWAY,Y,Y,"OVER $1,500",09/25/2021 12:40:00 PM,UNABLE TO DETERMINE,NOT APPLICABLE,5557,N,CENTRAL AVE,1623.0,3,NO INDICATION OF INJURY,0.0,0.0,0.0,0.0,0.0,4.0,0.0,11,7,9,41.982790840999996,-87.76819985899999,POINT (-87.768199858571 41.982790841159),2021,715
O1225728,DRIVER,3e6c9163183480bbab05213824bb1ffc4dc96a1b793ce6404c692486f56bc388709856a90a056b5310d1a61773dced36fc60831bb5ef0c01017518dd929b4c0d,JE443009,1163180.0,11/12/2021 05:20:00 PM,CHICAGO,IL,60618,F,23.0,SAFETY BELT USED,"DEPLOYED OTHER (KNEE, AIR, BELT, ETC.)",NONE,NO INDICATION OF INJURY,NONE,NOT OBSCURED,NORMAL,TEST NOT OFFERED,2021,JE443009,11/12/2021 05:20:00 PM,25,STOP SIGN/FLASHER,FUNCTIONING PROPERLY,RAIN,"DARKNESS, LIGHTED ROAD",ANGLE,FOUR WAY,STRAIGHT AND LEVEL,WET,UNKNOWN,ON SCENE,INJURY AND / OR TOW DUE TO CRASH,Y,Y,"OVER $1,500",11/12/2021 05:22:00 PM,DISREGARDING STOP SIGN,DISREGARDING TRAFFIC SIGNALS,3500,N,SPRINGFIELD AVE,1732.0,3,NO INDICATION OF INJURY,0.0,0.0,0.0,0.0,0.0,2.0,0.0,17,6,11,41.944628660999996,-87.725048073,POINT (-87.725048073445 41.944628660658),2021,1040
O1208562,DRIVER,9a94a89d7119d8e3fafaf428e1c16267d51bba718a3a54cc7ed153dbf21c49a0c2127d5b3c2ad7b1a1788beb1e556cfc2b4fbd6e6783539e5a9bbd2e6dc4df09,JE415216,1146720.0,10/18/2021 04:00:00 PM,CHICAGO,IL,60612,M,38.0,USAGE UNKNOWN,DID NOT DEPLOY,NONE,NO INDICATION OF INJURY,NONE,UNKNOWN,UNKNOWN,TEST NOT OFFERED,2021,JE415216,10/18/2021 04:00:00 PM,30,TRAFFIC SIGNAL,UNKNOWN,UNKNOWN,UNKNOWN,TURNING,NOT DIVIDED,STRAIGHT AND LEVEL,UNKNOWN,UNKNOWN,NOT ON SCENE (DESK REPORT),NO INJURY / DRIVE AWAY,Y,Y,"OVER $1,500",10/18/2021 04:00:00 PM,UNABLE TO DETERMINE,UNABLE TO DETERMINE,400,W,NORTH AVE,1813.0,2,NO INDICATION OF INJURY,0.0,0.0,0.0,0.0,0.0,2.0,0.0,16,2,10,41.91122338,-87.63865603200001,POINT (-87.638656031792 41.911223379944),2021,960
O1114831,DRIVER,0aebca31c5e6c1c79b2454422f9858cc5a34ca2a7798893b2ce5feb628a805441fd08b3b991adadd1558a375294100f0461bac6d0635676e9a6a4986baa848ea,JE261097,1057469.0,06/10/2021 04:36:00 PM,EAST CHICAGO,IN,46312,F,25.0,USAGE UNKNOWN,NOT APPLICABLE,NONE,NO INDICATION OF INJURY,NONE,NOT OBSCURED,NORMAL,TEST NOT OFFERED,2021,JE261097,06/10/2021 04:36:00 PM,30,TRAFFIC SIGNAL,FUNCTIONING PROPERLY,CLEAR,DAYLIGHT,ANGLE,OTHER,STRAIGHT AND LEVEL,DRY,NO DEFECTS,ON SCENE,NO INJURY / DRIVE AWAY,Y,Y,"$501 - $1,500",06/10/2021 04:42:00 PM,DISREGARDING TRAFFIC SIGNALS,UNABLE TO DETERMINE,3258,W,GRAND AVE,1121.0,2,NO INDICATION OF INJURY,0.0,0.0,0.0,0.0,0.0,3.0,0.0,16,5,6,41.899304891999996,-87.70883723899999,POINT (-87.708837239227 41.899304891915),2021,996