PERSON_ID,PERSON_TYPE,CRASH_RECORD_ID,RD_NO_x,VEHICLE_ID,CRASH_DATE_x,CITY,STATE,ZIPCODE,SEX,AGE,SAFETY_EQUIPMENT,AIRBAG_DEPLOYED,EJECTION,INJURY_CLASSIFICATION,DRIVER_ACTION,DRIVER_VISION,PHYSICAL_CONDITION,BAC_RESULT,CRASH_YEAR_x,RD_NO_y,CRASH_DATE_y,POSTED_SPEED_LIMIT,TRAFFIC_CONTROL_DEVICE,DEVICE_CONDITION,WEATHER_CONDITION,LIGHTING_CONDITION,FIRST_CRASH_TYPE,TRAFFICWAY_TYPE,ALIGNMENT,ROADWAY_SURFACE_COND,ROAD_DEFECT,REPORT_TYPE,CRASH_TYPE,INTERSECTION_RELATED_I,HIT_AND_RUN_I,DAMAGE,DATE_POLICE_NOTIFIED,PRIM_CONTRIBUTORY_CAUSE,SEC_CONTRIBUTORY_CAUSE,STREET_NO,STREET_DIRECTION,STREET_NAME,BEAT_OF_OCCURRENCE,NUM_UNITS,MOST_SEVERE_INJURY,INJURIES_TOTAL,INJURIES_FATAL,INJURIES_INCAPACITATING,INJURIES_NON_INCAPACITATING,INJURIES_REPORTED_NOT_EVIDENT,INJURIES_NO_INDICATION,INJURIES_UNKNOWN,CRASH_HOUR,CRASH_DAY_OF_WEEK,CRASH_MONTH,LATITUDE,LONGITUDE,LOCATION,CRASH_YEAR_y,TIME
O1059494,DRIVER,4b36e4f0b7bc9fc2119f1e2474eb3c7f7e4abf95af3355436e829258031df38674ff0710e0673933d7615b12e781298f1294934f84167d1181bd8d1420d7031e,JE170526,1004728.0,03/16/2021 01:08:00 PM,CHICAGO,IL,60612,M,57.0,SAFETY BELT USED,DID NOT DEPLOY,NONE,NO INDICATION OF INJURY,NONE,NOT OBSCURED,NORMAL,TEST NOT OFFERED,2021,JE170526,03/16/2021 01:08:00 PM,30,TRAFFIC SIGNAL,FUNCTIONING PROPERLY,CLOUDY/OVERCAST,DAYLIGHT,SIDESWIPE SAME DIRECTION,NOT DIVIDED,STRAIGHT AND LEVEL,DRY,NO DEFECTS,ON SCENE,NO INJURY / DRIVE AWAY,Y,Y,"$501 - $1,500",03/16/2021 01:13:00 PM,IMPROPER LANE USAGE,DRIVING SKILLS/KNOWLEDGE/EXPERIENCE,6700,S,JEFFERY BLVD,332.0,2,NO INDICATION OF INJURY,0.0,0.0,0.0,0.0,0.0,2.0,0.0,13,3,3,41.773368409,-87.576638552,POINT (-87.576638552177 41.773368408547),2021,788
O1235670,DRIVER,5463decd1cc0eb2afaf97b358b308b664b4b0339f2563c143ed2246ec11805b9283291cb3aefffc0752d367da994d1caa75b20338a649a7a6af88e172e737241,JE459219,1172745.0,11/26/2021 09:05:00 AM,CHICAGO,IL,60622,F,41.0,SAFETY BELT USED,DID NOT DEPLOY,NONE,NO INDICATION OF INJURY,NONE,NOT OBSCURED,NORMAL,TEST NOT OFFERED,2021,JE459219,11/26/2021 09:05:00 AM,30,TRAFFIC SIGNAL,FUNCTIONING PROPERLY,CLEAR,DAYLIGHT,REAR END,NOT DIVIDED,STRAIGHT AND LEVEL,DRY,NO DEFECTS,NOT ON SCENE (DESK REPORT),NO INJURY / DRIVE AWAY,Y,Y,"OVER $1,500",11/28/2021 12:15:00 PM,UNABLE TO DETERMINE,UNABLE TO DETERMINE,958,N,DAMEN AVE,1212.0,2,NO INDICATION OF INJURY,0.0,0.0,0.0,0.0,0.0,2.0,0.0,9,6,11,41.899503896,-87.677301195,POINT (-87.677301194857 41.899503895922),2021,545
O1026751,DRIVER,eba358a15659c8d8622ca725a00c66b3098b72597a477a0539658bc0195b36d03e1cae05274c2169573dbcbaf261266e8aee0ad14b8f2d7921e3a019a114ec6a,JE116725,973156.0,01/19/2021 12:15:00 AM,CHICAGO,IL,60652,M,51.0,SAFETY BELT USED,NOT APPLICABLE,NONE,NO INDICATION OF INJURY,NONE,NOT OBSCURED,NORMAL,TEST NOT OFFERED,2021,JE116725,01/19/2021 12:15:00 AM,30,NO CONTROLS,NO CONTROLS,CLEAR,"DARKNESS, LIGHTED ROAD",SIDESWIPE SAME DIRECTION,NOT DIVIDED,STRAIGHT AND LEVEL,DRY,NO DEFECTS,ON SCENE,INJURY AND / OR TOW DUE TO CRASH,Y,Y,"OVER $1,500",01/19/2021 12:20:00 AM,UNABLE TO DETERMINE,NOT APPLICABLE,4726,S,HALSTED ST,933.0,2,NO INDICATION OF INJURY,0.0,0.0,0.0,0.0,0.0,2.0,0.0,0,3,1,41.807993178000004,-87.64565489700001,POINT (-87.645654896882 41.807993178272),2021,15
O1251200,DRIVER,5efe113ad97adaafd0dd21931c92b94ae9d4b881af4b00d896496694225f22898844e620cb73c121047eef67e370ef7d8a67e25cdca2032252f04141a0268ef3,JE486412,1187619.0,12/22/2021 10:24:00 PM,CHICAGO,IL,60601,F,54.0,USAGE UNKNOWN,NOT APPLICABLE,NONE,NO INDICATION OF INJURY,NONE,NOT OBSCURED,NORMAL,TEST NOT OFFERED,2021,JE486412,12/22/2021 10:24:00 PM,30,TRAFFIC SIGNAL,FUNCTIONING PROPERLY,CLEAR,"DARKNESS, LIGHTED ROAD",REAR END,NOT DIVIDED,STRAIGHT AND LEVEL,DRY,NO DEFECTS,NOT ON SCENE (DESK REPORT),NO INJURY / DRIVE AWAY,Y,Y,"OVER $1,500",12/22/2021 10:25:00 PM,FAILING TO REDUCE SPEED TO AVOID CRASH,UNABLE TO DETERMINE,3500,S,DR MARTIN LUTHER KING JR DR,212.0,2,NO INDICATION OF INJURY,0.0,0.0,0.0,0.0,0.0,3.0,0.0,22,4,12,41.831086574000004,-87.617460542,POINT (-87.617460541867 41.831086574167),2021,1344
O1151037,DRIVER,9e6ef8bf299101aad71e809860b01fcfd9cbbc06b9a1d05438260b12b788866ba181344e90a28475423ff975bd4d07e1d6b5fa692089fa00ecafe21be8a6ffef,JE319794,1091836.0,07/30/2021 12:40:00 PM,CHICAO,IL,60608,M,45.0,USAGE UNKNOWN,NOT APPLICABLE,NONE,"REPORTED, NOT EVIDENT",NONE,NOT OBSCURED,NORMAL,TEST NOT OFFERED,2021,JE319794,07/30/2021 12:40:00 PM,30,TRAFFIC SIGNAL,FUNCTIONING PROPERLY,CLEAR,DAYLIGHT,REAR END,NOT DIVIDED,STRAIGHT AND LEVEL,DRY,NO DEFECTS,ON SCENE,INJURY AND / OR TOW DUE TO CRASH,Y,Y,"OVER $1,500",07/30/2021 12:47:00 PM,PHYSICAL CONDITION OF DRIVER,DRIVING SKILLS/KNOWLEDGE/EXPERIENCE,4351,N,CLARENDON AVE,1915.0,3,"REPORTED, NOT EVIDENT",1.0,0.0,0.0,0.0,1.0,2.0,0.0,12,6,7,41.961799935,-87.649764157,POINT (-87.649764157286 41.961799935391),2021,760
O1241817,DRIVER,5fb89a0061cd7ababa7bfce316b115f94fc019063330ef6d46f53a70b7c49413ad55f5629cdac3bf10bc6a8d50845dd2452055804288090ee75eea47acfa720d,JE469953,1178661.0,12/08/2021 07:20:00 AM,CHICAGO,IL,60617,F,60.0,SAFETY BELT USED,DEPLOYMENT UNKNOWN,NONE,NO INDICATION OF INJURY,NONE,NOT OBSCURED,NORMAL,TEST NOT OFFERED,2021,JE469953,12/08/2021 07:20:00 AM,30,NO CONTROLS,NO CONTROLS,CLEAR,DAYLIGHT,ANGLE,FOUR WAY,STRAIGHT AND LEVEL,UNKNOWN,UNKNOWN,NOT ON SCENE (DESK REPORT),NO INJURY / DRIVE AWAY,Y,Y,"OVER $1,500",12/08/2021 08:40:00 AM,FAILING TO YIELD RIGHT-OF-WAY,UNABLE TO DETERMINE,3532,E,100TH ST,432.0,2,NO INDICATION OF INJURY,0.0,0.0,0.0,0.0,0.0,2.0,0.0,7,4,12,41.713980163,-87.537632815,POINT (-87.537632815422 41.713980162751),2021,440
O1251780,DRIVER,b26cf01e6abcd3b0a1ce42cde6b02a621c84190084dfc13f3ceb04ae8609b3b62a899a4f6984bf36d91ac9cf8384b0b45b54a84fc418d12f584bb0047d7533e3,JE487467,1188174.0,12/17/2021 02:53:00 AM,CICERO,IL,60804,M,30.0,SAFETY BELT USED,DID NOT DEPLOY,NONE,NO INDICATION OF INJURY,NONE,NOT OBSCURED,NORMAL,TEST NOT OFFERED,2021,JE487467,12/17/2021 02:53:00 AM,30,TRAFFIC SIGNAL,FUNCTIONING PROPERLY,FOG/SMOKE/HAZE,"DARKNESS, LIGHTED ROAD",SIDESWIPE SAME DIRECTION,TRAFFIC ROUTE,STRAIGHT AND LEVEL,DRY,NO DEFECTS,ON SCENE,NO INJURY / DRIVE AWAY,Y,Y,"OVER $1,500",12/24/2021 03:03:00 AM,IMPROPER OVERTAKING/PASSING,IMPROPER OVERTAKING/PASSING,2400,S,PULASKI RD,1013.0,2,NO INDICATION OF INJURY,0.0,0.0,0.0,0.0,0.0,2.0,0.0,2,6,12,41.847857649,-87.724795305,POINT (-87.724795305234 41.847857648831),2021,173
O1163269,DRIVER,09af6a1f660e8788fbd1af823528b3bae14576b135a453b6276c2096454636976fd9412c3e65e7a4b021767fe6036f7df80194db6dfd67ac87d3b9770f4ff0b4,JE339559,1103473.0,08/16/2021 04:45:00 PM,MARKHAM,IL,60428,F,56.0,SAFETY BELT USED,"DEPLOYED, COMBINATION",NONE,NO INDICATION OF INJURY,OTHER,NOT OBSCURED,NORMAL,TEST NOT OFFERED,2021,JE339559,08/16/2021 04:45:00 PM,35,TRAFFIC SIGNAL,FUNCTIONING PROPERLY,CLEAR,DAYLIGHT,TURNING,CENTER TURN LANE,STRAIGHT AND LEVEL,UNKNOWN,UNKNOWN,ON SCENE,INJURY AND / OR TOW DUE TO CRASH,Y,Y,"OVER $1,500",08/16/2021 04:57:00 PM,DISREGARDING TRAFFIC SIGNALS,FAILING TO REDUCE SPEED TO AVOID CRASH,757,W,87TH ST,2223.0,2,NO INDICATION OF INJURY,0.0,0.0,0.0,0.0,0.0,2.0,0.0,16,2,8,41.735894271999996,-87.643416046,POINT (-87.643416045724 41.735894272016),2021,1005
O1024762,DRIVER,83b94c0702d8d8d7e95abd564de3c4d1a4a621c577240e4d097ca5af6b414ce2dfb18f760ca4ce191035878d6069411d2a74b0f7bc5b46012563f39c64a43966,JE113203,971238.0,01/15/2021 07:15:00 AM,ORLAND PARK,IL,60462,M,33.0,SAFETY BELT USED,DID NOT DEPLOY,NONE,NO INDICATION OF INJURY,NONE,NOT OBSCURED,NORMAL,TEST NOT OFFERED,2021,JE113203,01/15/2021 07:15:00 AM,30,TRAFFIC SIGNAL,FUNCTIONING PROPERLY,SNOW,DUSK,REAR END,FOUR WAY,STRAIGHT AND LEVEL,WET,NO DEFECTS,ON SCENE,NO INJURY / DRIVE AWAY,Y,Y,"OVER $1,500",01/15/2021 07:16:00 AM,FAILING TO REDUCE SPEED TO AVOID CRASH,UNABLE TO DETERMINE,801,W,107TH ST,2233.0,2,NO INDICATION OF INJURY,0.0,0.0,0.0,0.0,0.0,2.0,0.0,7,6,1,41.699531405,-87.64266958799999,POINT (-87.642669588001 41.699531404766),2021,435
O1146861,DRIVER,587bbfc42e24df0986249c0527a313d45445e9ad3d9adadcecae4d87ed30bfc1ffe1af10dbbed21621461e6b984ba7c8f978efc9590c561051df1514b9008850,JE312904,1087877.0,07/24/2021 07:13:00 PM,CHICAGO,IL,60632,F,26.0,SAFETY BELT USED,NOT APPLICABLE,NONE,NO INDICATION OF INJURY,NONE,NOT OBSCURED,NORMAL,TEST NOT OFFERED,2021,JE312904,07/24/2021 07:13:00 PM,30,STOP SIGN/FLASHER,FUNCTIONING PROPERLY,RAIN,DAYLIGHT,TURNING,NOT DIVIDED,STRAIGHT AND LEVEL,WET,NO DEFECTS,ON SCENE,NO INJURY / DRIVE AWAY,Y,Y,"$501 - $1,500",07/24/2021 07:33:00 PM,FAILING TO YIELD RIGHT-OF-WAY,NOT APPLICABLE,2628,W,47TH ST,922.0,2,NO INDICATION OF INJURY,0.0,0.0,0.0,0.0,0.0,3.0,0.0,19,7,7,41.8084523,-87.69041408700001,POINT (-87.690414087387 41.808452299608),2021,1153
O1196242,DRIVER,925730d64c4968c9a27b0ea102f35f5518904cffb0517d06a3ab52a6ec6f72cb046f8c24f5bb03458b1e50afdf6b1f935472accb0872373d7e34a6d84e903122,JE394405,1135011.0,10/01/2021 04:39:00 PM,ARLINGTON HEIGHTS,IL,60005,M,37.0,SAFETY BELT USED,DID NOT DEPLOY,NONE,NO INDICATION OF INJURY,NONE,NOT OBSCURED,NORMAL,TEST NOT OFFERED,2021,JE394405,10/01/2021 04:39:00 PM,30,TRAFFIC SIGNAL,FUNCTIONING PROPERLY,CLEAR,DAYLIGHT,REAR END,NOT DIVIDED,STRAIGHT AND LEVEL,DRY,NO DEFECTS,NOT ON SCENE (DESK REPORT),NO INJURY / DRIVE AWAY,Y,Y,"$501 - $1,500",10/01/2021 05:30:00 PM,FOLLOWING TOO CLOSELY,FOLLOWING TOO CLOSELY,500,S,CANAL ST,124.0,2,NO INDICATION OF INJURY,0.0,0.0,0.0,0.0,0.0,2.0,0.0,16,6,10,41.875457063,-87.63977121200001,POINT (-87.639771212373 41.875457063208),2021,999
O1058759,DRIVER,4cb1a2679de4ac3d2e3e7128ca3b1571715fd54813d60b5409a6d419bcd84ed771dded83861e17fe4c06fb742e6227e841925fb2b12ec97d31c2286b8193cb22,JE169055,1004004.0,03/14/2021 07:30:00 PM,CHICAGO,IL,60625,M,46.0,SAFETY BELT USED,NOT APPLICABLE,NONE,NO INDICATION OF INJURY,NONE,NOT OBSCURED,NORMAL,TEST NOT OFFERED,2021,JE169055,03/14/2021 07:30:00 PM,25,STOP SIGN/FLASHER,FUNCTIONING PROPERLY,CLEAR,"DARKNESS, LIGHTED ROAD",REAR TO FRONT,T-INTERSECTION,STRAIGHT AND LEVEL,DRY,UNKNOWN,ON SCENE,NO INJURY / DRIVE AWAY,Y,Y,"OVER $1,500",03/14/2021 07:31:00 PM,"OPERATING VEHICLE IN ERRATIC, RECKLESS, CARELESS, NEGLIGENT OR AGGRESSIVE MANNER","OPERATING VEHICLE IN ERRATIC, RECKLESS, CARELESS, NEGLIGENT OR AGGRESSIVE MANNER",1300,W,BARRY AVE,1933.0,2,NO INDICATION OF INJURY,0.0,0.0,0.0,0.0,0.0,4.0,0.0,19,1,3,41.938088586999996,-87.661419795,POINT (-87.661419794769 41.938088586504),2021,1170
O1200298,DRIVER,6f8a384ee33c980e68211fd4265c9c3ddf8834a2a9971d477841c1b2fdab772677d22581bbc53ab79b6629a5a0d156eab69cee88897604bf8bfe638b399011f1,JE401521,1138872.0,10/07/2021 09:30:00 AM,CHICAGO,IL,60657,F,70.0,SAFETY BELT USED,DID NOT DEPLOY,NONE,NO INDICATION OF INJURY,OTHER,NOT OBSCURED,NORMAL,TEST NOT OFFERED,2021,JE401521,10/07/2021 09:30:00 AM,30,TRAFFIC SIGNAL,FUNCTIONING PROPERLY,CLEAR,DAYLIGHT,TURNING,FOUR WAY,STRAIGHT AND LEVEL,WET,NO DEFECTS,NOT ON SCENE (DESK REPORT),NO INJURY / DRIVE AWAY,Y,Y,"$501 - $1,500",10/07/2021 02:30:00 PM,IMPROPER TURNING/NO SIGNAL,FAILING TO YIELD RIGHT-OF-WAY,3998,W,IRVING PARK RD,1723.0,2,NO INDICATION OF INJURY,0.0,0.0,0.0,0.0,0.0,2.0,0.0,9,5,10,41.953758427,-87.72755892100001,POINT (-87.72755892105 41.953758426627),2021,570
O1206036,DRIVER,253cc1b1dfc52b4cd9e819b6e5d186d3a44774b10c29e74e8a43857c91140db310a83534cfee3e873ad0ee64abe327c0a72f3f32bdc1eabdf7e07e2c3147cfaa,JE410990,1144359.0,10/15/2021 04:18:00 PM,CHICAGO,IL,60636,F,26.0,SAFETY BELT USED,DID NOT DEPLOY,NONE,NO INDICATION OF INJURY,NONE,NOT OBSCURED,NORMAL,TEST NOT OFFERED,2021,JE410990,10/15/2021 04:18:00 PM,30,STOP SIGN/FLASHER,FUNCTIONING PROPERLY,CLEAR,DAYLIGHT,TURNING,ONE-WAY,STRAIGHT AND LEVEL,UNKNOWN,UNKNOWN,NOT ON SCENE (DESK REPORT),NO INJURY / DRIVE AWAY,Y,Y,"OVER $1,500",10/15/2021 07:00:00 PM,IMPROPER TURNING/NO SIGNAL,IMPROPER LANE USAGE,3400,W,CERMAK RD,1024.0,2,NO INDICATION OF INJURY,0.0,0.0,0.0,0.0,0.0,2.0,0.0,16,6,10,41.851815991,-87.710167258,POINT (-87.710167258415 41.85181599099),2021,978
O1204923,DRIVER,e33bdb702b41d95b82569d5f788cc13c67e00529c4d83231cc541f2a845dc1fbdce8c6c9aefc01ccd1458b2f2c0ca7475a50c7906ab2a9604cdbe54e5b171f5c,JE409144,1143279.0,10/14/2021 07:50:00 AM,NORRIDGE,IL,60706,M,31.0,USAGE UNKNOWN,DEPLOYMENT UNKNOWN,NONE,NO INDICATION OF INJURY,UNKNOWN,UNKNOWN,UNKNOWN,TEST NOT OFFERED,2021,JE409144,10/14/2021 07:50:00 AM,30,NO CONTROLS,NO CONTROLS,UNKNOWN,DAYLIGHT,SIDESWIPE SAME DIRECTION,NOT DIVIDED,STRAIGHT AND LEVEL,WET,NO DEFECTS,ON SCENE,NO INJURY / DRIVE AWAY,N,Y,"$501 - $1,500",10/14/2021 07:54:00 AM,UNABLE TO DETERMINE,UNABLE TO DETERMINE,4501,W,AUGUSTA BLVD,1111.0,2,NO INDICATION OF INJURY,0.0,0.0,0.0,0.0,0.0,3.0,0.0,7,5,10,41.898708903,-87.73856727200001,POINT (-87.738567271721 41.898708903297),2021,470
O1095299,DRIVER,26e60881faa79cb983b1b362b12633783613ebcbf068925740879132a40ec73f1ad51f603d3321f406be8c3b27a7b30e13515d7b2dea2f745e5d079f97f17cf6,JE229903,1038891.0,05/14/2021 01:05:00 PM,BLUE ISLAND,IL,60406,F,33.0,USAGE UNKNOWN,DID NOT DEPLOY,NONE,NO INDICATION OF INJURY,NONE,UNKNOWN,NORMAL,TEST NOT OFFERED,2021,JE229903,05/14/2021 01:05:00 PM,30,TRAFFIC SIGNAL,UNKNOWN,CLEAR,DAYLIGHT,REAR END,NOT DIVIDED,STRAIGHT AND LEVEL,UNKNOWN,UNKNOWN,ON SCENE,NO INJURY / DRIVE AWAY,Y,Y,$500 OR LESS,05/14/2021 01:38:00 PM,UNABLE TO DETERMINE,NOT APPLICABLE,1240,S,WESTERN AVE,1023.0,2,NO INDICATION OF INJURY,0.0,0.0,0.0,0.0,0.0,4.0,0.0,13,6,5,41.865473011999995,-87.68615698,POINT (-87.686156979777 41.865473012267),2021,785
O1199755,DRIVER,37ddc6089252c67f89c610ab1cdf9412cc780d0e07ac4fffddeb500d527cc1e10e5efe63c18ff5370eb3c8e863fba70d7a2e9351786e344667fb40f589e367ad,JE400642,1138354.0,10/06/2021 05:00:00 PM,CHARLESTON,IL,61920,F,29.0,SAFETY BELT USED,DID NOT DEPLOY,NONE,NO INDICATION OF INJURY,UNKNOWN,NOT OBSCURED,UNKNOWN,TEST NOT OFFERED,2021,JE400642,10/06/2021 05:00:00 PM,30,TRAFFIC SIGNAL,FUNCTIONING PROPERLY,CLEAR,DAYLIGHT,SIDESWIPE SAME DIRECTION,DIVIDED - W/MEDIAN (NOT RAISED),STRAIGHT AND LEVEL,DRY,NO DEFECTS,NOT ON SCENE (DESK REPORT),NO INJURY / DRIVE AWAY,Y,Y,$500 OR LESS,10/06/2021 07:20:00 PM,UNABLE TO DETERMINE,NOT APPLICABLE,1311,S,WESTERN AVE,1233.0,2,NO INDICATION OF INJURY,0.0,0.0,0.0,0.0,0.0,2.0,0.0,17,4,10,41.864466501,-87.685831748,POINT (-87.685831747966 41.864466501279),2021,1020
O1129853,DRIVER,8b9ee074cbe7d0bec63c970697ed7dd9c9ecadadfbb3af18d6123cb613aa848d531fd3baba211a9bcd9268d72dc716e8e3079d50bec890762bd6e3eceef51b8a,JE285026,1071753.0,06/30/2021 04:00:00 PM,CHICAGO,IL,60655,F,18.0,SAFETY BELT USED,NOT APPLICABLE,NONE,NO INDICATION OF INJURY,UNKNOWN,UNKNOWN,NORMAL,TEST NOT OFFERED,2021,JE285026,06/30/2021 04:00:00 PM,30,TRAFFIC SIGNAL,FUNCTIONING PROPERLY,CLEAR,DAYLIGHT,TURNING,T-INTERSECTION,STRAIGHT AND LEVEL,DRY,NO DEFECTS,ON SCENE,INJURY AND / OR TOW DUE TO CRASH,Y,Y,"OVER $1,500",06/30/2021 04:27:00 PM,IMPROPER TURNING/NO SIGNAL,UNABLE TO DETERMINE,3718,S,ARCHER AVE,911.0,2,NO INDICATION OF INJURY,0.0,0.0,0.0,0.0,0.0,3.0,0.0,16,4,6,41.825984089,-87.685059002,POINT (-87.685059001534 41.825984088844),2021,960
O1199630,DRIVER,e23011987f4662841820937658dd66aa6a64c4206ab9ade37dc6b84a07293b066ba004c3a3b49a9af46f988c8799ab15285998c8b84dfce01a6abe5ee072afed,JE400462,1138247.0,10/06/2021 04:45:00 PM,CHICAGO,IL,60628,M,65.0,SAFETY BELT USED,DID NOT DEPLOY,NONE,NO INDICATION OF INJURY,NONE,NOT OBSCURED,NORMAL,TEST NOT OFFERED,2021,JE400462,10/06/2021 04:45:00 PM,30,NO CONTROLS,NO CONTROLS,CLOUDY/OVERCAST,DAYLIGHT,TURNING,NOT DIVIDED,STRAIGHT AND LEVEL,DRY,NO DEFECTS,NOT ON SCENE (DESK REPORT),NO INJURY / DRIVE AWAY,Y,Y,"$501 - $1,500",10/06/2021 05:11:00 PM,IMPROPER TURNING/NO SIGNAL,UNABLE TO DETERMINE,8700,S,PARNELL AVE,2223.0,2,NO INDICATION OF INJURY,0.0,0.0,0.0,0.0,0.0,4.0,0.0,16,4,10,41.735821883,-87.637676183,POINT (-87.637676183482 41.735821883134),2021,1005
O1028391,DRIVER,05f37d6b18ff72f823abb337cd5379000b36c3bae22dfd3bf91a726f7af4fc747b1042d239f0b9a2de323e454dd3f2b24c87ecd30832c7ea4b1e82935b100194,JE118678,974689.0,01/20/2021 11:00:00 PM,CHICAGO,IL,60617,M,63.0,SAFETY BELT USED,NOT APPLICABLE,NONE,NO INDICATION OF INJURY,NONE,NOT OBSCURED,NORMAL,TEST NOT OFFERED,2021,JE118678,01/20/2021 11:00:00 PM,35,TRAFFIC SIGNAL,FUNCTIONING PROPERLY,CLEAR,"DARKNESS, LIGHTED ROAD",TURNING,ONE-WAY,STRAIGHT AND LEVEL,DRY,NO DEFECTS,NOT ON SCENE (DESK REPORT),NO INJURY / DRIVE AWAY,Y,Y,"OVER $1,500",01/21/2021 03:49:00 AM,IMPROPER LANE USAGE,IMPROPER OVERTAKING/PASSING,619,S,KOSTNER AVE,1131.0,2,NO INDICATION OF INJURY,0.0,0.0,0.0,0.0,0.0,2.0,0.0,23,4,1,41.872975026999995,-87.73506469700001,POINT (-87.735064696914 41.872975026562),2021,1380
O1179308,DRIVER,70c215601da1d1b6831919cfae038f5b5941a836aee1714cde919c9e3f9eb6f5d86ceb0edfc159058a8877503aed3565ff505d7f3154864ee6b54eb9b2e11a1e,JE366128,1118820.0,09/08/2021 01:50:00 PM,CHICAGO,IL,60644,M,28.0,USAGE UNKNOWN,NOT APPLICABLE,NONE,NO INDICATION OF INJURY,NONE,NOT OBSCURED,NORMAL,TEST NOT OFFERED,2021,JE366128,09/08/2021 01:50:00 PM,30,TRAFFIC SIGNAL,FUNCTIONING PROPERLY,CLEAR,DAYLIGHT,ANGLE,DIVIDED - W/MEDIAN (NOT RAISED),STRAIGHT AND LEVEL,DRY,NO DEFECTS,ON SCENE,NO INJURY / DRIVE AWAY,Y,Y,"OVER $1,500",09/08/2021 01:54:00 PM,UNABLE TO DETERMINE,UNABLE TO DETERMINE,600,S,LARAMIE AVE,1522.0,2,NO INDICATION OF INJURY,0.0,0.0,0.0,0.0,0.0,2.0,0.0,13,4,9,41.872895537,-87.754952034,POINT (-87.754952034216 41.872895536655),2021,830
O1105825,DRIVER,42a14b7b73e2bb4262450ae70c4ac4ecb472651ea7e388256e32d4d7bdb5586956eb1a54a10ff27d70283021be6cd00cf53099bfa1fbfa9361599ff5e63bb1eb,JE246941,1048997.0,05/29/2021 02:58:00 PM,BURBANK,IL,60459,M,38.0,USAGE UNKNOWN,NOT APPLICABLE,NONE,NO INDICATION OF INJURY,NONE,NOT OBSCURED,NORMAL,TEST NOT OFFERED,2021,JE246941,05/29/2021 02:58:00 PM,30,TRAFFIC SIGNAL,FUNCTIONING PROPERLY,CLEAR,DAYLIGHT,REAR END,NOT DIVIDED,STRAIGHT AND LEVEL,DRY,NO DEFECTS,NOT ON SCENE (DESK REPORT),NO INJURY / DRIVE AWAY,Y,Y,"OVER $1,500",05/29/2021 03:30:00 PM,UNABLE TO DETERMINE,UNABLE TO DETERMINE,152,W,51ST ST,224.0,3,NO INDICATION OF INJURY,0.0,0.0,0.0,0.0,0.0,3.0,0.0,14,7,5,41.801964795,-87.629996333,POINT (-87.629996332824 41.801964794546),2021,898
O1162492,DRIVER,d10e66bffc6ebf32602869e505f33629dd95f2b5c203f00f457fd41ffc6fe0b56d157d49cd6cd64d1aaab80e26a6c7403c5410415f9194403dc58520717a10b7,JE338292,1102721.0,08/15/2021 01:30:00 PM,CHICAGO,IL,60636,M,60.0,SAFETY BELT USED,NOT APPLICABLE,NONE,NO INDICATION OF INJURY,NONE,NOT OBSCURED,NORMAL,TEST NOT OFFERED,2021,JE338292,08/15/2021 01:30:00 PM,30,TRAFFIC SIGNAL,FUNCTIONING PROPERLY,CLEAR,DAYLIGHT,REAR END,CENTER TURN LANE,STRAIGHT AND LEVEL,DRY,NO DEFECTS,NOT ON SCENE (DESK REPORT),NO INJURY / DRIVE AWAY,N,Y,"OVER $1,500",08/15/2021 02:40:00 PM,FAILING TO REDUCE SPEED TO AVOID CRASH,UNABLE TO DETERMINE,6658,S,WESTERN AVE,832.0,2,NO INDICATION OF INJURY,0.0,0.0,0.0,0.0,0.0,2.0,0.0,13,1,8,41.772065709,-87.683593245,POINT (-87.683593244591 41.772065709189),2021,810
O1072550,DRIVER,086ada409b66c92a88c1f98431d4921d3831c73a243acaed028e734eeafcc3fdd6938b52eeca58d8c6dd0da3ec105d9c6121960fa1b9425c4b682637d0d83174,JE192683,1017160.0,04/07/2021 05:11:00 PM,CHICAGO,IL,60639,F,28.0,SAFETY BELT USED,NOT APPLICABLE,NONE,NO INDICATION OF INJURY,NONE,NOT OBSCURED,NORMAL,TEST NOT OFFERED,2021,JE192683,04/07/2021 05:11:00 PM,30,NO CONTROLS,NO CONTROLS,CLEAR,DAYLIGHT,REAR END,DIVIDED - W/MEDIAN (NOT RAISED),STRAIGHT AND LEVEL,DRY,NO DEFECTS,NOT ON SCENE (DESK REPORT),NO INJURY / DRIVE AWAY,Y,Y,"$501 - $1,500",04/07/2021 06:25:00 PM,FOLLOWING TOO CLOSELY,NOT APPLICABLE,3850,W,NORTH AVE,2535.0,2,NO INDICATION OF INJURY,0.0,0.0,0.0,0.0,0.0,2.0,0.0,17,4,4,41.910028193,-87.723513704,POINT (-87.723513703642 41.910028192695),2021,1031
O1124681,DRIVER,7f488f4447ff19df6894f4c3f0b941775b4c5d529c652866877347326012b8980bd0fc1987ed013ef94fb6660e6805292b807e60506c4670ef8fb4f55ef3edd3,JE276771,1066812.0,06/23/2021 12:15:00 PM,CHICAGO,IL,60612,M,54.0,SAFETY BELT USED,NOT APPLICABLE,NONE,NO INDICATION OF INJURY,NONE,NOT OBSCURED,NORMAL,TEST NOT OFFERED,2021,JE276771,06/23/2021 12:15:00 PM,30,TRAFFIC SIGNAL,FUNCTIONING PROPERLY,CLEAR,DAYLIGHT,TURNING,FOUR WAY,STRAIGHT AND LEVEL,DRY,NO DEFECTS,ON SCENE,NO INJURY / DRIVE AWAY,Y,Y,"OVER $1,500",06/23/2021 12:23:00 PM,DRIVING ON WRONG SIDE/WRONG WAY,UNABLE TO DETERMINE,4201,W,LAKE ST,1114.0,2,NO INDICATION OF INJURY,0.0,0.0,0.0,0.0,0.0,3.0,0.0,12,4,6,41.885639561,-87.730860364,POINT (-87.730860364249 41.885639560928),2021,735