PERSON_ID,PERSON_TYPE,CRASH_RECORD_ID,RD_NO_x,VEHICLE_ID,CRASH_DATE_x,CITY,STATE,ZIPCODE,SEX,AGE,SAFETY_EQUIPMENT,AIRBAG_DEPLOYED,EJECTION,INJURY_CLASSIFICATION,DRIVER_ACTION,DRIVER_VISION,PHYSICAL_CONDITION,BAC_RESULT,CRASH_YEAR_x,RD_NO_y,CRASH_DATE_y,POSTED_SPEED_LIMIT,TRAFFIC_CONTROL_DEVICE,DEVICE_CONDITION,WEATHER_CONDITION,LIGHTING_CONDITION,FIRST_CRASH_TYPE,TRAFFICWAY_TYPE,ALIGNMENT,ROADWAY_SURFACE_COND,ROAD_DEFECT,REPORT_TYPE,CRASH_TYPE,INTERSECTION_RELATED_I,HIT_AND_RUN_I,DAMAGE,DATE_POLICE_NOTIFIED,PRIM_CONTRIBUTORY_CAUSE,SEC_CONTRIBUTORY_CAUSE,STREET_NO,STREET_DIRECTION,STREET_NAME,BEAT_OF_OCCURRENCE,NUM_UNITS,MOST_SEVERE_INJURY,INJURIES_TOTAL,INJURIES_FATAL,INJURIES_INCAPACITATING,INJURIES_NON_INCAPACITATING,INJURIES_REPORTED_NOT_EVIDENT,INJURIES_NO_INDICATION,INJURIES_UNKNOWN,CRASH_HOUR,CRASH_DAY_OF_WEEK,CRASH_MONTH,LATITUDE,LONGITUDE,LOCATION,CRASH_YEAR_y,TIME
O1134712,DRIVER,dc6d47e1634544e86b58fe9652dfb1945b10edaafd8fa78e5feffa3ce1d51619d07d8756445a1a4c2a66792e03541f5b7a81354759174f131a6a2b768c0201c3,JE293000,1076310.0,07/07/2021 06:53:00 AM,ORLAND PARK,IL,60462,M,68.0,SAFETY BELT USED,DID NOT DEPLOY,NONE,NO INDICATION OF INJURY,OTHER,NOT OBSCURED,NORMAL,TEST NOT OFFERED,2021,JE293000,07/07/2021 06:53:00 AM,30,TRAFFIC SIGNAL,FUNCTIONING PROPERLY,CLEAR,DAYLIGHT,TURNING,FOUR WAY,STRAIGHT AND LEVEL,DRY,NO DEFECTS,ON SCENE,INJURY AND / OR TOW DUE TO CRASH,N,Y,"OVER $1,500",07/07/2021 07:26:00 AM,FAILING TO YIELD RIGHT-OF-WAY,UNABLE TO DETERMINE,9500,S,STONY ISLAND AVE,511.0,2,NO INDICATION OF INJURY,0.0,0.0,0.0,0.0,0.0,2.0,0.0,6,4,7,41.722257273000004,-87.585275565,POINT (-87.585275565077 41.722257273006),2021,413
O1067336,DRIVER,9c37e54caa2e4b0e845375db06dc0efb162cbb6b0e9217676dd210704ba336ecced20727fba70042b5cd745ca4bc4c90f047561538bc985b93617d8a124f80bc,JE184027,1012245.0,03/30/2021 10:30:00 AM,CHICAGO,IL,60651,F,19.0,SAFETY BELT USED,NOT APPLICABLE,NONE,NO INDICATION OF INJURY,UNKNOWN,NOT OBSCURED,NORMAL,TEST NOT OFFERED,2021,JE184027,03/30/2021 10:30:00 AM,30,TRAFFIC SIGNAL,FUNCTIONING PROPERLY,CLEAR,DAYLIGHT,TURNING,FOUR WAY,STRAIGHT AND LEVEL,DRY,NO DEFECTS,ON SCENE,NO INJURY / DRIVE AWAY,Y,Y,"OVER $1,500",03/30/2021 10:34:00 AM,IMPROPER LANE USAGE,IMPROPER TURNING/NO SIGNAL,800,N,HOMAN AVE,1121.0,2,NO INDICATION OF INJURY,0.0,0.0,0.0,0.0,0.0,3.0,0.0,10,3,3,41.895550156,-87.71158416200001,POINT (-87.711584161892 41.895550155913),2021,630
O1216490,DRIVER,e08186dc18faedf79bd8df875031ec3bb83155700f64c25856614c2ff32d45275fb2bc29c2a302f4bda389e56ef8cea96c05246ef7970a1868115183e57e7a83,JE427447,1154299.0,10/30/2021 02:45:00 AM,CHICAGO,IL,60620,M,26.0,SAFETY BELT USED,NOT APPLICABLE,NONE,NO INDICATION OF INJURY,OTHER,NOT OBSCURED,NORMAL,TEST NOT OFFERED,2021,JE427447,10/30/2021 02:45:00 AM,30,TRAFFIC SIGNAL,FUNCTIONING PROPERLY,RAIN,"DARKNESS, LIGHTED ROAD",SIDESWIPE SAME DIRECTION,FOUR WAY,STRAIGHT AND LEVEL,WET,NO DEFECTS,ON SCENE,NO INJURY / DRIVE AWAY,Y,Y,"OVER $1,500",10/30/2021 02:47:00 AM,UNABLE TO DETERMINE,UNABLE TO DETERMINE,6700,S,STATE ST,322.0,2,NO INDICATION OF INJURY,0.0,0.0,0.0,0.0,0.0,3.0,0.0,2,7,10,41.772634626,-87.62527215,POINT (-87.62527215003 41.77263462564),2021,165
O1115967,DRIVER,3eaeaabe2ea7ed29ca769047533357f86bb5f906f03ae9878adc995430dc5586fc5b8ee9db25509a8f6fd24625aa29c23715a39fee589293ddf5d72ab1c9240a,JE262952,1058567.0,06/12/2021 05:50:00 AM,CHICAGO,IL,60634,F,0.0,NONE PRESENT,"DEPLOYED, FRONT",NONE,NO INDICATION OF INJURY,NONE,NOT OBSCURED,NORMAL,TEST NOT OFFERED,2021,JE262952,06/12/2021 05:50:00 AM,30,STOP SIGN/FLASHER,NO CONTROLS,CLEAR,DAYLIGHT,OTHER OBJECT,NOT DIVIDED,STRAIGHT AND LEVEL,DRY,NO DEFECTS,ON SCENE,INJURY AND / OR TOW DUE TO CRASH,N,N,"OVER $1,500",06/12/2021 05:55:00 AM,UNABLE TO DETERMINE,UNABLE TO DETERMINE,6850,W,ADDISON ST,1632.0,1,NO INDICATION OF INJURY,0.0,0.0,0.0,0.0,0.0,1.0,0.0,5,7,6,41.945546035,-87.79804504399999,POINT (-87.798045044454 41.94554603458),2021,350
O1207499,DRIVER,ae78a78be2499840149059ff3dd0441b45249554562d3db334a81b0f4133794ee3f07e2a28b942b5cda5dc9a2dd7d86d1cbbcd0af5aabf3a21524ce0c9f60dc9,JE413423,1145751.0,10/18/2021 07:25:00 AM,CHICAGO,IL,60646,M,43.0,SAFETY BELT USED,DID NOT DEPLOY,NONE,NO INDICATION OF INJURY,NONE,NOT OBSCURED,NORMAL,TEST NOT OFFERED,2021,JE413423,10/18/2021 07:25:00 AM,30,TRAFFIC SIGNAL,FUNCTIONING PROPERLY,CLEAR,DAYLIGHT,REAR END,DIVIDED - W/MEDIAN BARRIER,STRAIGHT AND LEVEL,DRY,NO DEFECTS,NOT ON SCENE (DESK REPORT),NO INJURY / DRIVE AWAY,Y,Y,"OVER $1,500",10/18/2021 07:50:00 AM,FOLLOWING TOO CLOSELY,FAILING TO REDUCE SPEED TO AVOID CRASH,6133,N,MILWAUKEE AVE,1611.0,2,NO INDICATION OF INJURY,0.0,0.0,0.0,0.0,0.0,2.0,0.0,7,2,10,41.993083922,-87.783696104,POINT (-87.783696104048 41.993083922436),2021,445
O1091619,DRIVER,204a1ea9d412620e2046d10281dda5bac0aabc2919f945e0152e7acee52569615e2ce31de2e71bdb91a02384f7511fa4a4ab49946c2888acedf1310dda7fcbd5,JE224065,1035370.0,05/08/2021 08:46:00 PM,CHICAGO,IL,60649,M,40.0,SAFETY BELT USED,NOT APPLICABLE,NONE,NO INDICATION OF INJURY,NONE,NOT OBSCURED,NORMAL,TEST NOT OFFERED,2021,JE224065,05/08/2021 08:46:00 PM,30,NO CONTROLS,FUNCTIONING PROPERLY,CLEAR,"DARKNESS, LIGHTED ROAD",REAR END,NOT DIVIDED,STRAIGHT AND LEVEL,DRY,NO DEFECTS,NOT ON SCENE (DESK REPORT),NO INJURY / DRIVE AWAY,Y,Y,"OVER $1,500",05/08/2021 08:47:00 PM,FOLLOWING TOO CLOSELY,NOT APPLICABLE,7100,S,INDIANA AVE,323.0,2,NO INDICATION OF INJURY,0.0,0.0,0.0,0.0,0.0,2.0,0.0,20,7,5,41.765519044,-87.620227855,POINT (-87.620227855065 41.765519043532),2021,1246
O1179780,DRIVER,410dde46f8bc35f342e3333cbe50ce7667ba014dc3d1ff359bfc70b89c01bf4f498f93df340844363dc3b97826459478ffa8d045cf591b527c233b14e3238f9f,JE366970,1119286.0,09/09/2021 08:40:00 AM,CHICAGO,IL,60625,F,54.0,SAFETY BELT USED,DID NOT DEPLOY,NONE,NO INDICATION OF INJURY,OTHER,NOT OBSCURED,NORMAL,TEST NOT OFFERED,2021,JE366970,09/09/2021 08:40:00 AM,25,STOP SIGN/FLASHER,FUNCTIONING PROPERLY,CLEAR,DAYLIGHT,ANGLE,FOUR WAY,STRAIGHT AND LEVEL,UNKNOWN,UNKNOWN,NOT ON SCENE (DESK REPORT),NO INJURY / DRIVE AWAY,Y,N,"OVER $1,500",09/09/2021 09:45:00 AM,UNABLE TO DETERMINE,UNABLE TO DETERMINE,3400,W,AINSLIE ST,1712.0,2,NO INDICATION OF INJURY,0.0,0.0,0.0,0.0,0.0,2.0,0.0,8,5,9,41.97033238,-87.71344596700001,POINT (-87.713445967264 41.970332379744),2021,520
O1023287,DRIVER,4532a0010af771740efb5ad55a6a5cb27f283a01f6cf444d273205cf9299842356543b45675a672085d1ed12483147758db85b37bc853cbdc84eb2b943664577,JE110655,969857.0,01/12/2021 12:55:00 PM,CHICAGO,IL,60629,M,67.0,SAFETY BELT USED,DID NOT DEPLOY,NONE,NO INDICATION OF INJURY,UNKNOWN,NOT OBSCURED,NORMAL,TEST NOT OFFERED,2021,JE110655,01/12/2021 12:55:00 PM,30,STOP SIGN/FLASHER,FUNCTIONING PROPERLY,CLEAR,DAYLIGHT,SIDESWIPE SAME DIRECTION,DIVIDED - W/MEDIAN (NOT RAISED),STRAIGHT AND LEVEL,DRY,NO DEFECTS,NOT ON SCENE (DESK REPORT),NO INJURY / DRIVE AWAY,N,Y,$500 OR LESS,01/12/2021 01:15:00 PM,UNABLE TO DETERMINE,NOT APPLICABLE,399,S,CENTRAL AVE,1522.0,2,NO INDICATION OF INJURY,0.0,0.0,0.0,0.0,0.0,2.0,0.0,12,3,1,41.874777001999995,-87.76451398100001,POINT (-87.764513981215 41.874777002034),2021,775
O1250714,DRIVER,130cacae6c12b53cae415b949f06f402b79ba0b2b43a3482fdfde597436becf6fcdf77b975e140bef9cdb63adab3bc5fdd342df23a82c1ef3515da2d0e9bb34e,JE485678,1187165.0,12/22/2021 09:35:00 AM,CHICAGO,IL,60626,M,60.0,SAFETY BELT USED,DID NOT DEPLOY,NONE,NO INDICATION OF INJURY,NONE,NOT OBSCURED,NORMAL,TEST NOT OFFERED,2021,JE485678,12/22/2021 09:35:00 AM,30,TRAFFIC SIGNAL,FUNCTIONING PROPERLY,CLEAR,DAYLIGHT,REAR END,DIVIDED - W/MEDIAN BARRIER,STRAIGHT AND LEVEL,DRY,NO DEFECTS,NOT ON SCENE (DESK REPORT),NO INJURY / DRIVE AWAY,Y,Y,"OVER $1,500",12/22/2021 10:20:00 AM,FOLLOWING TOO CLOSELY,FOLLOWING TOO CLOSELY,700,N,MICHIGAN AVE,1834.0,2,NO INDICATION OF INJURY,0.0,0.0,0.0,0.0,0.0,2.0,0.0,9,4,12,41.894979511,-87.62439997,POINT (-87.624399970455 41.8949795111),2021,575
O1251736,DRIVER,39ee205265d5b6cf63e97ddb2072d84c129e226ae062575cec24ec63d6275e0ad67343714e9dac031e503fd9700750574f8d864a6f0ac64eafa7167c562db222,JE487365,1188132.0,12/23/2021 10:45:00 PM,EVERGREEN,IL,60805,M,25.0,SAFETY BELT USED,DID NOT DEPLOY,NONE,NO INDICATION OF INJURY,NONE,UNKNOWN,NORMAL,TEST NOT OFFERED,2021,JE487365,12/23/2021 10:45:00 PM,30,TRAFFIC SIGNAL,FUNCTIONING PROPERLY,CLEAR,"DARKNESS, LIGHTED ROAD",ANGLE,DIVIDED - W/MEDIAN BARRIER,STRAIGHT AND LEVEL,DRY,NO DEFECTS,ON SCENE,INJURY AND / OR TOW DUE TO CRASH,Y,Y,"OVER $1,500",12/23/2021 11:23:00 PM,DISREGARDING TRAFFIC SIGNALS,NOT APPLICABLE,601,W,95TH ST,2223.0,2,NO INDICATION OF INJURY,0.0,0.0,0.0,0.0,0.0,2.0,0.0,22,5,12,41.721413804,-87.63841863,POINT (-87.638418630475 41.721413803524),2021,1365
O1216032,DRIVER,84f3bb1642e97b272e86670bc53fb92f4e530f6d1de3a8d54d20e2811c8b80872c58d153f57df07b552ee188b9fbb26eddd3a7937bc5ef6bddab8bf04f29af36,JE426925,1153858.0,10/29/2021 04:33:00 PM,CHICAGO,IL,60707,F,44.0,SAFETY BELT USED,"DEPLOYED, SIDE",NONE,NO INDICATION OF INJURY,UNKNOWN,UNKNOWN,UNKNOWN,TEST NOT OFFERED,2021,JE426925,10/29/2021 04:33:00 PM,30,TRAFFIC SIGNAL,FUNCTIONING PROPERLY,RAIN,DUSK,ANGLE,FOUR WAY,STRAIGHT AND LEVEL,WET,NO DEFECTS,ON SCENE,NO INJURY / DRIVE AWAY,Y,Y,"OVER $1,500",10/29/2021 04:33:00 PM,UNABLE TO DETERMINE,UNABLE TO DETERMINE,4800,W,WASHINGTON BLVD,1532.0,2,NO INDICATION OF INJURY,0.0,0.0,0.0,0.0,0.0,2.0,0.0,16,6,10,41.881925986999995,-87.74546236100001,POINT (-87.745462361128 41.881925987309),2021,993
O1221872,DRIVER,a0341e4d980a655dde2d7d30e0ee408a602f363ced78930e93f919928ef4fa75eb5c0e51817742c9f7c308ae4e3671ba3a411199821b82f64a2b586bcf7ce79c,JE436114,1159481.0,11/04/2021 02:30:00 PM,CHICAGO,IL,60643,M,73.0,SAFETY BELT USED,NOT APPLICABLE,NONE,NO INDICATION OF INJURY,NONE,NOT OBSCURED,NORMAL,TEST NOT OFFERED,2021,JE436114,11/04/2021 02:30:00 PM,30,TRAFFIC SIGNAL,NO CONTROLS,CLEAR,DAYLIGHT,REAR END,FOUR WAY,STRAIGHT AND LEVEL,DRY,NO DEFECTS,NOT ON SCENE (DESK REPORT),NO INJURY / DRIVE AWAY,Y,Y,$500 OR LESS,11/06/2021 03:00:00 PM,FAILING TO REDUCE SPEED TO AVOID CRASH,NOT APPLICABLE,11100,S,KEDZIE AVE,2211.0,2,NO INDICATION OF INJURY,0.0,0.0,0.0,0.0,0.0,3.0,0.0,14,5,11,41.691473472,-87.700970645,POINT (-87.700970645109 41.691473471692),2021,870
O1074055,DRIVER,c792eefc4e3f15ebe90cbb8d7fd0acb4e886ffc6cf6b9c6e3235422f60994234a6c5ab28994b6fb295bc9d8a74d1ea8a08b87f289628c1687277b904fc565ff3,JE195388,1018621.0,04/10/2021 01:18:00 PM,CHICAGO,IL,60632,M,22.0,SAFETY BELT USED,DID NOT DEPLOY,NONE,NO INDICATION OF INJURY,NONE,NOT OBSCURED,NORMAL,TEST NOT OFFERED,2021,JE195388,04/10/2021 01:18:00 PM,30,TRAFFIC SIGNAL,FUNCTIONING PROPERLY,RAIN,DAYLIGHT,REAR END,DIVIDED - W/MEDIAN (NOT RAISED),STRAIGHT AND LEVEL,WET,NO DEFECTS,NOT ON SCENE (DESK REPORT),NO INJURY / DRIVE AWAY,Y,N,"OVER $1,500",04/10/2021 01:45:00 PM,FOLLOWING TOO CLOSELY,UNABLE TO DETERMINE,3501,W,55TH ST,822.0,2,NO INDICATION OF INJURY,0.0,0.0,0.0,0.0,0.0,2.0,0.0,13,7,4,41.793293674000005,-87.71100903799999,POINT (-87.711009038291 41.793293674301),2021,798
O1140269,DRIVER,361d11d0576fb619fc783dc74bba65c22c1dcde0a4f32a06bc89423be70479ba54a68fe370a1e3dc9d7d1d0468e9462a2aa061b0c0e71a2362f58518b0bc15b9,JE302314,1081599.0,07/15/2021 01:25:00 PM,CHICAGO,IL,60619,M,57.0,USAGE UNKNOWN,NOT APPLICABLE,NONE,NO INDICATION OF INJURY,TOO FAST FOR CONDITIONS,NOT OBSCURED,NORMAL,TEST NOT OFFERED,2021,JE302314,07/15/2021 01:25:00 PM,35,TRAFFIC SIGNAL,UNKNOWN,CLEAR,DAYLIGHT,SIDESWIPE SAME DIRECTION,T-INTERSECTION,STRAIGHT AND LEVEL,WET,NO DEFECTS,NOT ON SCENE (DESK REPORT),NO INJURY / DRIVE AWAY,Y,Y,"OVER $1,500",07/15/2021 01:30:00 PM,IMPROPER OVERTAKING/PASSING,IMPROPER OVERTAKING/PASSING,10300,S,TORRENCE AVE,434.0,2,NO INDICATION OF INJURY,0.0,0.0,0.0,0.0,0.0,2.0,0.0,13,5,7,41.708077429,-87.559806871,POINT (-87.559806871332 41.708077429042),2021,805
O1028470,DRIVER,0ac5eb202c3485cd3fe6c21c70a4acacccbec84d8b99fdd8e196e772a9bd448d6a58fe5505b370e8a1efd37de40d11a9bcc0b271ead1985a7b62d11d27363e17,JE119800,974779.0,01/22/2021 09:00:00 AM,CHICAGO,IL,60660,F,76.0,SAFETY BELT USED,DID NOT DEPLOY,NONE,NO INDICATION OF INJURY,NONE,NOT OBSCURED,NORMAL,TEST NOT OFFERED,2021,JE119800,01/22/2021 09:00:00 AM,40,TRAFFIC SIGNAL,FUNCTIONING PROPERLY,CLEAR,DAYLIGHT,TURNING,T-INTERSECTION,STRAIGHT AND LEVEL,DRY,NO DEFECTS,ON SCENE,NO INJURY / DRIVE AWAY,Y,Y,"OVER $1,500",01/22/2021 09:03:00 AM,DISREGARDING TRAFFIC SIGNALS,TURNING RIGHT ON RED,700,S,LAKE SHORE DR W,114.0,2,NO INDICATION OF INJURY,0.0,0.0,0.0,0.0,0.0,2.0,0.0,9,6,1,41.873190589000004,-87.61745814,POINT (-87.617458140248 41.873190589037),2021,540
O1077788,DRIVER,97613b14da4ea1c6fc7b03ef673e42a9ec1c72aba3a8001b9f128b1743469cb46dadd57a11a05adf6485bfe66e532313ec913cdc92baf01b8e973835ecc23cb8,JE201528,1022136.0,04/16/2021 07:00:00 PM,CHARLESTON,IL,61920,M,23.0,USAGE UNKNOWN,"DEPLOYED, COMBINATION",NONE,NONINCAPACITATING INJURY,NONE,NOT OBSCURED,NORMAL,TEST NOT OFFERED,2021,JE201528,04/16/2021 07:00:00 PM,30,NO CONTROLS,NO CONTROLS,CLEAR,"DARKNESS, LIGHTED ROAD",ANGLE,DIVIDED - W/MEDIAN BARRIER,STRAIGHT AND LEVEL,DRY,NO DEFECTS,ON SCENE,INJURY AND / OR TOW DUE TO CRASH,Y,Y,"OVER $1,500",04/16/2021 07:06:00 PM,FAILING TO YIELD RIGHT-OF-WAY,NOT APPLICABLE,7341,S,STONY ISLAND AVE,324.0,2,NONINCAPACITATING INJURY,1.0,0.0,0.0,1.0,0.0,1.0,0.0,19,6,4,41.761170555999996,-87.585649366,POINT (-87.585649366317 41.761170556201),2021,1140
O1152616,DRIVER,75c032e5a03d10e1ff2db8c98ad3c597d3857dc6c43673a6252c7c4cf7df2d943fbebc625c83980d9b67aaf977202e00bc3f9b7e83be4176429cd0ccc8e2403f,JE322227,1093338.0,08/01/2021 01:40:00 PM,CHICAGO,IL,60617,M,28.0,SAFETY BELT USED,NOT APPLICABLE,NONE,NO INDICATION OF INJURY,NONE,NOT OBSCURED,NORMAL,TEST NOT OFFERED,2021,JE322227,08/01/2021 01:40:00 PM,30,TRAFFIC SIGNAL,FUNCTIONING PROPERLY,CLEAR,DAYLIGHT,TURNING,FOUR WAY,STRAIGHT AND LEVEL,DRY,NO DEFECTS,NOT ON SCENE (DESK REPORT),NO INJURY / DRIVE AWAY,Y,Y,"OVER $1,500",08/01/2021 02:10:00 PM,FAILING TO YIELD RIGHT-OF-WAY,NOT APPLICABLE,7500,S,SOUTH CHICAGO AVE,624.0,2,NO INDICATION OF INJURY,0.0,0.0,0.0,0.0,0.0,3.0,0.0,13,1,8,41.758609006,-87.595721361,POINT (-87.595721360538 41.758609006103),2021,820
O1195883,DRIVER,80c8157cabdbf6267dac47e5fdb771ad42c481dcda5bf86631f5d2ea35434071a5bf3e995265ee5515ff992923a04c9adf37678fdb117429ef3cb0012a1c9211,JE393922,1134650.0,09/30/2021 03:20:00 PM,CHICAGO,IL,60621,M,49.0,SAFETY BELT USED,DID NOT DEPLOY,NONE,NO INDICATION OF INJURY,NONE,NOT OBSCURED,NORMAL,TEST NOT OFFERED,2021,JE393922,09/30/2021 03:20:00 PM,30,STOP SIGN/FLASHER,FUNCTIONING PROPERLY,CLEAR,DAYLIGHT,ANGLE,NOT DIVIDED,STRAIGHT AND LEVEL,DRY,NO DEFECTS,NOT ON SCENE (DESK REPORT),NO INJURY / DRIVE AWAY,Y,Y,"OVER $1,500",10/01/2021 11:13:00 AM,DISREGARDING STOP SIGN,NOT APPLICABLE,199,S,SACRAMENTO BLVD,1124.0,2,NO INDICATION OF INJURY,0.0,0.0,0.0,0.0,0.0,3.0,0.0,15,5,9,41.878333811,-87.700986218,POINT (-87.700986218226 41.878333811284),2021,920
O1025756,DRIVER,573666c760fc8c9b68a04cf220e42812396e4a4859617974b7a478a94bcefbdc10c0bbf94c2b64711c3b4f2fdc0fef8af9caf80ac5866104bbaca0081102e0ee,JE114843,972196.0,01/16/2021 05:30:00 PM,VERNON HILLS,IL,60061,M,76.0,USAGE UNKNOWN,DID NOT DEPLOY,NONE,NO INDICATION OF INJURY,NONE,NOT OBSCURED,NORMAL,TEST NOT OFFERED,2021,JE114843,01/16/2021 05:30:00 PM,30,TRAFFIC SIGNAL,FUNCTIONING PROPERLY,CLEAR,"DARKNESS, LIGHTED ROAD",REAR END,DIVIDED - W/MEDIAN (NOT RAISED),STRAIGHT AND LEVEL,DRY,NO DEFECTS,NOT ON SCENE (DESK REPORT),NO INJURY / DRIVE AWAY,Y,Y,"OVER $1,500",01/16/2021 06:50:00 PM,FOLLOWING TOO CLOSELY,NOT APPLICABLE,4455,W,LAWRENCE AVE,1722.0,3,NO INDICATION OF INJURY,0.0,0.0,0.0,0.0,0.0,6.0,0.0,17,7,1,41.967998404,-87.740111793,POINT (-87.740111793258 41.967998404461),2021,1050
O1132503,DRIVER,b2e18ca331c9a29a9ccc97ce0bc35e5a7765cc29607f52c10c4d727ff5442151a51a7ccad2778c5696723ba2317251a5d7be2ed4fc69ca43abdd9ee4a8109ce8,JE289260,1074248.0,07/04/2021 01:44:00 AM,CHARLOTTE,NC,78212,M,37.0,USAGE UNKNOWN,DEPLOYMENT UNKNOWN,NONE,NO INDICATION OF INJURY,UNKNOWN,UNKNOWN,NORMAL,TEST NOT OFFERED,2021,JE289260,07/04/2021 01:44:00 AM,30,TRAFFIC SIGNAL,FUNCTIONING PROPERLY,CLEAR,"DARKNESS, LIGHTED ROAD",ANGLE,FOUR WAY,STRAIGHT AND LEVEL,DRY,NO DEFECTS,ON SCENE,INJURY AND / OR TOW DUE TO CRASH,Y,Y,"OVER $1,500",07/04/2021 01:44:00 AM,DISREGARDING TRAFFIC SIGNALS,NOT APPLICABLE,3608,W,47TH ST,821.0,2,NONINCAPACITATING INJURY,2.0,0.0,0.0,2.0,0.0,4.0,0.0,1,1,7,41.808097771999996,-87.71429135700001,POINT (-87.714291357145 41.808097772378),2021,104
O1149885,DRIVER,7db9991d4084e8d69edbdfe4311950fff87ce01fc97457b1c468e1ca2310665f8fa571ba921d830b52af56dcace1315dd17b4abbddadc38fd3e9bf36e6b814fb,JE317967,1090741.0,07/29/2021 12:29:00 AM,CHICAGO,IL,60629,M,51.0,USAGE UNKNOWN,DID NOT DEPLOY,NONE,NO INDICATION OF INJURY,NONE,NOT OBSCURED,NORMAL,TEST NOT OFFERED,2021,JE317967,07/29/2021 12:29:00 AM,30,TRAFFIC SIGNAL,FUNCTIONING PROPERLY,CLEAR,"DARKNESS, LIGHTED ROAD",TURNING,FOUR WAY,STRAIGHT AND LEVEL,DRY,NO DEFECTS,ON SCENE,NO INJURY / DRIVE AWAY,Y,Y,"OVER $1,500",07/29/2021 12:30:00 AM,"OPERATING VEHICLE IN ERRATIC, RECKLESS, CARELESS, NEGLIGENT OR AGGRESSIVE MANNER",DRIVING SKILLS/KNOWLEDGE/EXPERIENCE,1559,W,MARQUETTE RD,725.0,2,NO INDICATION OF INJURY,0.0,0.0,0.0,0.0,0.0,2.0,0.0,0,5,7,41.772083269,-87.663956857,POINT (-87.663956857364 41.772083268831),2021,29
O1252267,DRIVER,3c3b6498e0bd94ca8c186a39b4f36ba6f5b13a398c6b1b99647c41c239b4964a8b31ee48974abbcd7da11b1a0f21e946531fe9b062f18ea84dbdddfe4f8cba95,JE488109,1188648.0,12/24/2021 07:34:00 PM,CALUMET PARK,IL,60827,F,31.0,USAGE UNKNOWN,DID NOT DEPLOY,NONE,NO INDICATION OF INJURY,NONE,NOT OBSCURED,NORMAL,TEST NOT OFFERED,2021,JE488109,12/24/2021 07:34:00 PM,30,TRAFFIC SIGNAL,FUNCTIONING PROPERLY,CLEAR,"DARKNESS, LIGHTED ROAD",REAR END,FOUR WAY,STRAIGHT AND LEVEL,DRY,NO DEFECTS,ON SCENE,INJURY AND / OR TOW DUE TO CRASH,Y,Y,"OVER $1,500",12/24/2021 07:35:00 PM,IMPROPER OVERTAKING/PASSING,IMPROPER LANE USAGE,600,E,87TH ST,632.0,6,NO INDICATION OF INJURY,0.0,0.0,0.0,0.0,0.0,3.0,0.0,19,6,12,41.736690945,-87.609619094,POINT (-87.609619093839 41.736690945288),2021,1174
O1161272,DRIVER,5e4648a99f98496c92018a091ebc7dad1943fa10b7ae45fa619c99bcb6e06869e297a1e865a82fca0f793793fa008c00a2d239a94f04917f6adec346734c7c98,JE336581,1101572.0,08/13/2021 04:30:00 PM,BERWYN,IL,60402,F,50.0,SAFETY BELT USED,NOT APPLICABLE,NONE,NO INDICATION OF INJURY,NONE,UNKNOWN,NORMAL,TEST NOT OFFERED,2021,JE336581,08/13/2021 04:30:00 PM,30,TRAFFIC SIGNAL,FUNCTIONING PROPERLY,CLEAR,DAYLIGHT,TURNING,FOUR WAY,STRAIGHT AND LEVEL,DRY,NO DEFECTS,NOT ON SCENE (DESK REPORT),NO INJURY / DRIVE AWAY,Y,Y,"OVER $1,500",08/13/2021 09:45:00 PM,UNABLE TO DETERMINE,UNABLE TO DETERMINE,158,S,HOMAN AVE,1123.0,2,NO INDICATION OF INJURY,0.0,0.0,0.0,0.0,0.0,2.0,0.0,16,6,8,41.878389941,-87.711074626,POINT (-87.71107462554 41.878389940862),2021,990
O1043005,DRIVER,dbdf483033ba21ae472204be14e73395d3cc4121eb2c54874ef970c13c859d3dfd20817530159d17c659636c81ef6004cd76a1ae0e97996c4dcbe90ec313bcc4,JE142484,988779.0,02/15/2021 03:50:00 PM,CRETE,IL,60417,F,51.0,USAGE UNKNOWN,NOT APPLICABLE,NONE,NO INDICATION OF INJURY,OTHER,UNKNOWN,NORMAL,TEST NOT OFFERED,2021,JE142484,02/15/2021 03:50:00 PM,30,STOP SIGN/FLASHER,FUNCTIONING PROPERLY,SNOW,DUSK,ANGLE,FOUR WAY,STRAIGHT AND LEVEL,SNOW OR SLUSH,NO DEFECTS,ON SCENE,NO INJURY / DRIVE AWAY,Y,Y,"OVER $1,500",02/15/2021 03:55:00 PM,"OPERATING VEHICLE IN ERRATIC, RECKLESS, CARELESS, NEGLIGENT OR AGGRESSIVE MANNER",WEATHER,9300,S,DR MARTIN LUTHER KING JR DR,633.0,2,NO INDICATION OF INJURY,0.0,0.0,0.0,0.0,0.0,2.0,0.0,15,2,2,41.725449939,-87.614381221,POINT (-87.614381220771 41.725449939459),2021,950