PERSON_ID,PERSON_TYPE,CRASH_RECORD_ID,RD_NO_x,VEHICLE_ID,CRASH_DATE_x,CITY,STATE,ZIPCODE,SEX,AGE,SAFETY_EQUIPMENT,AIRBAG_DEPLOYED,EJECTION,INJURY_CLASSIFICATION,DRIVER_ACTION,DRIVER_VISION,PHYSICAL_CONDITION,BAC_RESULT,CRASH_YEAR_x,RD_NO_y,CRASH_DATE_y,POSTED_SPEED_LIMIT,TRAFFIC_CONTROL_DEVICE,DEVICE_CONDITION,WEATHER_CONDITION,LIGHTING_CONDITION,FIRST_CRASH_TYPE,TRAFFICWAY_TYPE,ALIGNMENT,ROADWAY_SURFACE_COND,ROAD_DEFECT,REPORT_TYPE,CRASH_TYPE,INTERSECTION_RELATED_I,HIT_AND_RUN_I,DAMAGE,DATE_POLICE_NOTIFIED,PRIM_CONTRIBUTORY_CAUSE,SEC_CONTRIBUTORY_CAUSE,STREET_NO,STREET_DIRECTION,STREET_NAME,BEAT_OF_OCCURRENCE,NUM_UNITS,MOST_SEVERE_INJURY,INJURIES_TOTAL,INJURIES_FATAL,INJURIES_INCAPACITATING,INJURIES_NON_INCAPACITATING,INJURIES_REPORTED_NOT_EVIDENT,INJURIES_NO_INDICATION,INJURIES_UNKNOWN,CRASH_HOUR,CRASH_DAY_OF_WEEK,CRASH_MONTH,LATITUDE,LONGITUDE,LOCATION,CRASH_YEAR_y,TIME
O1195225,DRIVER,56da4ef952d84fc94e9e24eeb1e5688af7842c5a786fc0db87004ff0d9905b44f27230a31f988fbccf03f3fb56001a2015f074fc35e8a5bd8a38bc9d303f77f0,JE392904,1134034.0,09/30/2021 01:14:00 PM,CHICAGO,IL,60649,F,29.0,SAFETY BELT USED,DID NOT DEPLOY,NONE,NO INDICATION OF INJURY,NONE,NOT OBSCURED,NORMAL,TEST NOT OFFERED,2021,JE392904,09/30/2021 01:14:00 PM,30,STOP SIGN/FLASHER,FUNCTIONING PROPERLY,CLEAR,DAYLIGHT,ANGLE,T-INTERSECTION,STRAIGHT AND LEVEL,DRY,NO DEFECTS,ON SCENE,NO INJURY / DRIVE AWAY,Y,Y,"OVER $1,500",09/30/2021 01:16:00 PM,FAILING TO YIELD RIGHT-OF-WAY,UNABLE TO DETERMINE,5131,W,MADISON ST,1533.0,2,NO INDICATION OF INJURY,0.0,0.0,0.0,0.0,0.0,2.0,0.0,13,5,9,41.880277419,-87.753882154,POINT (-87.753882153719 41.880277419472),2021,794
O1191950,DRIVER,74707ed3b3c6d12c4f11c3c6c16a6bcfe6353a88ce00e77c412bbe39b74359231bb4d6068863e661f1d71326c702eec0f9453e3082aeebb90034e42546fd0890,JE387169,1130884.0,09/25/2021 04:09:00 PM,CHICAGO,IL,60610,F,28.0,SAFETY BELT USED,NOT APPLICABLE,NONE,NO INDICATION OF INJURY,NONE,NOT OBSCURED,NORMAL,TEST NOT OFFERED,2021,JE387169,09/25/2021 04:09:00 PM,20,STOP SIGN/FLASHER,FUNCTIONING PROPERLY,CLEAR,DAYLIGHT,TURNING,NOT DIVIDED,STRAIGHT AND LEVEL,DRY,NO DEFECTS,NOT ON SCENE (DESK REPORT),NO INJURY / DRIVE AWAY,Y,Y,"$501 - $1,500",09/25/2021 06:18:00 PM,FOLLOWING TOO CLOSELY,NOT APPLICABLE,730,W,LAKE ST,1214.0,2,NO INDICATION OF INJURY,0.0,0.0,0.0,0.0,0.0,2.0,0.0,16,7,9,41.885782095,-87.64702151600001,POINT (-87.647021516303 41.885782094501),2021,969
O1069956,DRIVER,2d3b1aa24ffa9d50f54f390b19f45f40ee9e279efb889a3281b09b874afe7570cafd352328cfa9d0cd185fc2f3578268829059aeb77b055e5e73c3fec3bc0564,JE188312,1014665.0,04/01/2021 09:00:00 AM,CHICAGO,IL,60645,M,26.0,USAGE UNKNOWN,DEPLOYMENT UNKNOWN,NONE,NO INDICATION OF INJURY,UNKNOWN,UNKNOWN,UNKNOWN,TEST NOT OFFERED,2021,JE188312,04/01/2021 09:00:00 AM,30,TRAFFIC SIGNAL,FUNCTIONING PROPERLY,CLEAR,DAYLIGHT,SIDESWIPE SAME DIRECTION,FOUR WAY,STRAIGHT ON GRADE,DRY,UNKNOWN,NOT ON SCENE (DESK REPORT),NO INJURY / DRIVE AWAY,Y,Y,"$501 - $1,500",04/03/2021 03:15:00 PM,DRIVING SKILLS/KNOWLEDGE/EXPERIENCE,NOT APPLICABLE,2373,E,79TH ST,414.0,2,NO INDICATION OF INJURY,0.0,0.0,0.0,0.0,0.0,2.0,0.0,9,5,4,41.751617349,-87.56629086299999,POINT (-87.566290863083 41.751617349462),2021,540
O1111754,DRIVER,1fe0d2b3db39c4ca25bd447196b93cd1d28daf896d95246e865f4f00436c46c754c13f1b8677450b5cbab1e969d06dbc781db1f2b4054cc6a0b1b1d97a68b9f3,JE256233,1054630.0,06/06/2021 06:45:00 PM,CHICAGO,IL,60643,M,21.0,USAGE UNKNOWN,DID NOT DEPLOY,NONE,INCAPACITATING INJURY,DISREGARDED CONTROL DEVICES,NOT OBSCURED,UNKNOWN,TEST NOT OFFERED,2021,JE256233,06/06/2021 06:45:00 PM,30,TRAFFIC SIGNAL,FUNCTIONING PROPERLY,CLEAR,DAYLIGHT,ANGLE,NOT DIVIDED,STRAIGHT AND LEVEL,DRY,NO DEFECTS,ON SCENE,INJURY AND / OR TOW DUE TO CRASH,Y,N,"OVER $1,500",06/06/2021 06:48:00 PM,DISREGARDING TRAFFIC SIGNALS,FAILING TO YIELD RIGHT-OF-WAY,8900,S,STONY ISLAND AVE,413.0,2,INCAPACITATING INJURY,1.0,0.0,1.0,0.0,0.0,1.0,0.0,18,1,6,41.733187965999996,-87.585712698,POINT (-87.585712697936 41.733187965898),2021,1125
O1062905,DRIVER,769a48a41ae600525ad9c2f7fdc24c0a5b6f46163023f7810ffc5aecfee58d2465f3d7bea6e0a857f825be9a2a51a71f3796f418377658db6dc85b101b403d28,JE176294,1007969.0,03/22/2021 12:00:00 PM,CHICAGO,IL,60652,F,23.0,SAFETY BELT USED,DID NOT DEPLOY,NONE,NO INDICATION OF INJURY,NONE,NOT OBSCURED,NORMAL,TEST NOT OFFERED,2021,JE176294,03/22/2021 12:00:00 PM,30,TRAFFIC SIGNAL,FUNCTIONING PROPERLY,CLEAR,DAYLIGHT,REAR END,DIVIDED - W/MEDIAN (NOT RAISED),STRAIGHT ON GRADE,DRY,NO DEFECTS,NOT ON SCENE (DESK REPORT),NO INJURY / DRIVE AWAY,Y,Y,"OVER $1,500",03/22/2021 02:20:00 PM,DRIVING SKILLS/KNOWLEDGE/EXPERIENCE,FAILING TO REDUCE SPEED TO AVOID CRASH,8650,S,WESTERN AVE,835.0,2,NO INDICATION OF INJURY,0.0,0.0,0.0,0.0,0.0,2.0,0.0,12,2,3,41.735849293,-87.682670372,POINT (-87.682670372273 41.73584929338),2021,720
O1250164,DRIVER,8d7d0e40eb260703f807f078ce254744efcd5f82c4b87dab7c54d18491a95a4f6e6a9ca7cb0ea2f8245f8cfec0b86564402106b6c03ee599681b63776015254c,JE484590,1186672.0,12/21/2021 09:20:00 AM,CHICAGO,IL,60651,M,22.0,SAFETY BELT NOT USED,"DEPLOYED, FRONT",NONE,NO INDICATION OF INJURY,UNKNOWN,NOT OBSCURED,UNKNOWN,TEST NOT OFFERED,2021,JE484590,12/21/2021 09:20:00 AM,20,STOP SIGN/FLASHER,FUNCTIONING PROPERLY,CLEAR,DAYLIGHT,TURNING,NOT DIVIDED,STRAIGHT AND LEVEL,DRY,NO DEFECTS,ON SCENE,INJURY AND / OR TOW DUE TO CRASH,Y,Y,"OVER $1,500",12/21/2021 09:23:00 AM,DISREGARDING STOP SIGN,UNABLE TO DETERMINE,759,N,LAWNDALE AVE,1112.0,2,NO INDICATION OF INJURY,0.0,0.0,0.0,0.0,0.0,2.0,0.0,9,3,12,41.895348093,-87.71860465700001,POINT (-87.718604657258 41.895348093306),2021,560
O1100203,DRIVER,676549b5233152ff85ad24a1e827cb0a59a12a8e60fdfba83daf665676b736b7e27418c30dea78520e9d696a0f5735d77bda5098ada8afdef4acfc24bd14f9cd,JE238142,1043586.0,05/21/2021 10:24:00 PM,LEHIGH ACRES,FL,33971,M,42.0,USAGE UNKNOWN,DID NOT DEPLOY,NONE,NO INDICATION OF INJURY,NONE,UNKNOWN,UNKNOWN,TEST NOT OFFERED,2021,JE238142,05/21/2021 10:24:00 PM,30,STOP SIGN/FLASHER,UNKNOWN,CLEAR,DARKNESS,REAR TO FRONT,NOT DIVIDED,STRAIGHT AND LEVEL,DRY,UNKNOWN,ON SCENE,NO INJURY / DRIVE AWAY,N,Y,"OVER $1,500",05/21/2021 10:54:00 PM,UNABLE TO DETERMINE,NOT APPLICABLE,1198,W,ARMITAGE AVE,1811.0,2,NO INDICATION OF INJURY,0.0,0.0,0.0,0.0,0.0,2.0,0.0,22,6,5,41.918144808,-87.65816165700001,POINT (-87.658161657047 41.9181448079),2021,1344
O1107134,DRIVER,24783316c951670ab14204554ac77b7664d013406d5cf9cdef44b4ec356bc22726992a67d9f63ec4e9b6cfa6c3cea020578bf42079a89a919cf907567deadaea,JE249130,1050235.0,05/31/2021 05:30:00 PM,CHICAGO,IL,60620,F,40.0,SAFETY BELT USED,DID NOT DEPLOY,NONE,NO INDICATION OF INJURY,NONE,NOT OBSCURED,NORMAL,TEST NOT OFFERED,2021,JE249130,05/31/2021 05:30:00 PM,30,TRAFFIC SIGNAL,FUNCTIONING PROPERLY,CLEAR,DAYLIGHT,REAR END,ONE-WAY,STRAIGHT AND LEVEL,DRY,NO DEFECTS,NOT ON SCENE (DESK REPORT),NO INJURY / DRIVE AWAY,Y,Y,"OVER $1,500",05/31/2021 06:10:00 PM,FOLLOWING TOO CLOSELY,FOLLOWING TOO CLOSELY,7859,S,STATE ST,623.0,2,NO INDICATION OF INJURY,0.0,0.0,0.0,0.0,0.0,4.0,0.0,17,2,5,41.75100958,-87.624401416,POINT (-87.624401416141 41.75100958029),2021,1050
O1082066,DRIVER,692fa00dcd5349f01849f32ac0ca3c0e88d96fb708d6f1a00e55e8fd019e28a90089ad7644338e611fec82ac7cb0c0932a75aa56153aea69b920a9d0c6c93a58,JE208747,1026255.0,04/24/2021 01:30:00 PM,CHICAGO,IL,60645,M,48.0,USAGE UNKNOWN,DID NOT DEPLOY,NONE,NO INDICATION OF INJURY,NONE,NOT OBSCURED,NORMAL,TEST NOT OFFERED,2021,JE208747,04/24/2021 01:30:00 PM,30,NO CONTROLS,NO CONTROLS,CLEAR,DAYLIGHT,SIDESWIPE SAME DIRECTION,NOT DIVIDED,STRAIGHT AND LEVEL,DRY,NO DEFECTS,ON SCENE,INJURY AND / OR TOW DUE TO CRASH,Y,Y,"OVER $1,500",04/24/2021 01:30:00 PM,IMPROPER LANE USAGE,FAILING TO YIELD RIGHT-OF-WAY,6804,N,WESTERN AVE,2411.0,3,NO INDICATION OF INJURY,0.0,0.0,0.0,0.0,0.0,4.0,0.0,13,7,4,42.005210321999996,-87.690222269,POINT (-87.690222269494 42.005210322397),2021,810
O1022648,DRIVER,12702b19093c0546b2ee37e80634773f6318bfd313320c2f18a1ebb1fecedc9c49ff65316fe88882467b4a02f30aa04f66f71025141f398b7d392e3a912050b1,JE109233,969292.0,01/10/2021 11:05:00 PM,CHICAGO,IL,60651,M,31.0,USAGE UNKNOWN,"DEPLOYED, FRONT",NONE,NO INDICATION OF INJURY,UNKNOWN,UNKNOWN,NORMAL,TEST NOT OFFERED,2021,JE109233,01/10/2021 11:05:00 PM,30,STOP SIGN/FLASHER,UNKNOWN,CLEAR,"DARKNESS, LIGHTED ROAD",ANGLE,T-INTERSECTION,STRAIGHT AND LEVEL,DRY,NO DEFECTS,ON SCENE,INJURY AND / OR TOW DUE TO CRASH,N,Y,"OVER $1,500",01/10/2021 11:10:00 PM,FAILING TO YIELD RIGHT-OF-WAY,NOT APPLICABLE,5100,W,CHICAGO AVE,1531.0,2,NO INDICATION OF INJURY,0.0,0.0,0.0,0.0,0.0,2.0,0.0,23,1,1,41.89506772,-87.75320910299999,POINT (-87.753209103366 41.895067719769),2021,1385
O1150893,DRIVER,0ee819cfd8b40435e844f8792e0a6b3ca6ac45263113f05560225fb02e387d24726d4ee615fc3c350c75663d8c4d1eae87fa668c51c8c3fa4af791f3356d0d00,JE319555,1091699.0,07/30/2021 09:18:00 AM,MORTON GROVE,IL,60053,M,20.0,USAGE UNKNOWN,DID NOT DEPLOY,NONE,NO INDICATION OF INJURY,NONE,NOT OBSCURED,NORMAL,TEST NOT OFFERED,2021,JE319555,07/30/2021 09:18:00 AM,30,TRAFFIC SIGNAL,FUNCTIONING PROPERLY,CLEAR,DAYLIGHT,REAR END,DIVIDED - W/MEDIAN (NOT RAISED),STRAIGHT AND LEVEL,UNKNOWN,UNKNOWN,ON SCENE,NO INJURY / DRIVE AWAY,Y,Y,"OVER $1,500",07/30/2021 09:21:00 AM,FAILING TO REDUCE SPEED TO AVOID CRASH,FOLLOWING TOO CLOSELY,2235,W,TOUHY AVE,2411.0,2,NO INDICATION OF INJURY,0.0,0.0,0.0,0.0,0.0,2.0,0.0,9,6,7,42.012142138,-87.687492123,POINT (-87.687492122764 42.012142137602),2021,558
O1221747,DRIVER,42595ff298baa09f79a6175b6ad812403f25ef0cab7a24f9d5e9be2d2626d5d20db31362abc2d6596b5c11206b6a6d800f8a49c16c2ea71b987548bde7d2abe4,JE435887,1159356.0,11/06/2021 11:20:00 AM,CLUMET CITY,IL,60409,F,50.0,SAFETY BELT USED,"DEPLOYED, FRONT",NONE,"REPORTED, NOT EVIDENT",NONE,NOT OBSCURED,NORMAL,TEST NOT OFFERED,2021,JE435887,11/06/2021 11:20:00 AM,30,TRAFFIC SIGNAL,FUNCTIONING PROPERLY,CLEAR,DAYLIGHT,ANGLE,FOUR WAY,STRAIGHT AND LEVEL,DRY,NO DEFECTS,ON SCENE,INJURY AND / OR TOW DUE TO CRASH,Y,Y,"OVER $1,500",11/06/2021 11:20:00 AM,FAILING TO YIELD RIGHT-OF-WAY,NOT APPLICABLE,5300,S,WOODLAWN AVE,233.0,2,"REPORTED, NOT EVIDENT",1.0,0.0,0.0,0.0,1.0,1.0,0.0,11,7,11,41.799382105999996,-87.59678685899999,POINT (-87.596786858994 41.799382105863),2021,680
O1091088,DRIVER,9e194464a4a66ffd2db3a66b8528b08ed6307276bbe9881e315f2b6a355c45fc9bbd58740596aa000a97c4f196b0641e91cd709d02e24a84c0c6b095e9bba261,JE223098,1034856.0,05/07/2021 08:30:00 PM,CHICAGO,IL,60621,M,41.0,SAFETY BELT USED,DID NOT DEPLOY,NONE,NO INDICATION OF INJURY,NONE,UNKNOWN,NORMAL,TEST NOT OFFERED,2021,JE223098,05/07/2021 08:30:00 PM,30,STOP SIGN/FLASHER,FUNCTIONING PROPERLY,CLEAR,"DARKNESS, LIGHTED ROAD",REAR END,NOT DIVIDED,STRAIGHT AND LEVEL,DRY,UNKNOWN,NOT ON SCENE (DESK REPORT),NO INJURY / DRIVE AWAY,Y,Y,"OVER $1,500",05/07/2021 10:11:00 PM,FOLLOWING TOO CLOSELY,FAILING TO REDUCE SPEED TO AVOID CRASH,401,W,69TH ST,732.0,2,NO INDICATION OF INJURY,0.0,0.0,0.0,0.0,0.0,3.0,0.0,20,6,5,41.768885257,-87.63482261799999,POINT (-87.634822617818 41.768885256862),2021,1230
O1126509,DRIVER,0493218f10dfc660acef64f6c0935a2d490af2d40184f1741af28a7039637ed8eb90dc4d77dd8142591ac5570995f81e4170e740c606724c423220eaaad974c3,JE279753,1068554.0,06/26/2021 02:05:00 AM,CHICAGO,IL,60609,M,23.0,USAGE UNKNOWN,NOT APPLICABLE,NONE,NO INDICATION OF INJURY,NONE,NOT OBSCURED,NORMAL,TEST NOT OFFERED,2021,JE279753,06/26/2021 02:05:00 AM,30,TRAFFIC SIGNAL,FUNCTIONING PROPERLY,RAIN,"DARKNESS, LIGHTED ROAD",TURNING,FOUR WAY,STRAIGHT AND LEVEL,WET,NO DEFECTS,ON SCENE,NO INJURY / DRIVE AWAY,Y,Y,"$501 - $1,500",06/26/2021 02:09:00 AM,IMPROPER TURNING/NO SIGNAL,UNABLE TO DETERMINE,5500,S,HALSTED ST,712.0,2,NO INDICATION OF INJURY,0.0,0.0,0.0,0.0,0.0,4.0,0.0,2,7,6,41.793869011999995,-87.645294902,POINT (-87.645294901547 41.793869012306),2021,125
O1121264,DRIVER,e7ebe162f03f45c6f79f4f8bbe2c6b677c2e5402e6c73f46e2d2ad93f31c2835cfe34f28593065df6bd1297dd9871194446d884d6f45110af78e60fb3fcd083a,JE271233,1063550.0,06/18/2021 10:58:00 PM,CHICAGO,IL,60624,F,24.0,USAGE UNKNOWN,DEPLOYMENT UNKNOWN,NONE,NO INDICATION OF INJURY,NONE,NOT OBSCURED,NORMAL,TEST NOT OFFERED,2021,JE271233,06/18/2021 10:58:00 PM,30,TRAFFIC SIGNAL,FUNCTIONING PROPERLY,CLEAR,"DARKNESS, LIGHTED ROAD",TURNING,NOT DIVIDED,STRAIGHT AND LEVEL,DRY,NO DEFECTS,ON SCENE,INJURY AND / OR TOW DUE TO CRASH,Y,Y,"OVER $1,500",06/18/2021 11:10:00 PM,IMPROPER OVERTAKING/PASSING,IMPROPER LANE USAGE,300,N,CICERO AVE,1532.0,2,NO INDICATION OF INJURY,0.0,0.0,0.0,0.0,0.0,2.0,0.0,22,6,6,41.88574887,-87.74561597700001,POINT (-87.745615977086 41.885748869928),2021,1378
O1087464,DRIVER,e7ed05afbec9c2c13ed86ce3b3e50f19dfd1f6908aad5aa29f3567e383433e10a8c1de72cc578f2cf9903ea0b5779e288ec31005e487faf58d923c20f69cfc7e,JE217511,1031390.0,05/01/2021 01:00:00 AM,CHICAGO,IL,60637,F,24.0,SAFETY BELT USED,NOT APPLICABLE,NONE,NO INDICATION OF INJURY,NONE,NOT OBSCURED,NORMAL,TEST NOT OFFERED,2021,JE217511,05/01/2021 01:00:00 AM,0,STOP SIGN/FLASHER,FUNCTIONING PROPERLY,CLEAR,DAYLIGHT,TURNING,T-INTERSECTION,STRAIGHT AND LEVEL,DRY,NO DEFECTS,NOT ON SCENE (DESK REPORT),NO INJURY / DRIVE AWAY,Y,Y,"OVER $1,500",05/02/2021 08:08:00 PM,DRIVING SKILLS/KNOWLEDGE/EXPERIENCE,UNABLE TO DETERMINE,6100,S,CHAMPLAIN AVE,313.0,2,NO INDICATION OF INJURY,0.0,0.0,0.0,0.0,0.0,2.0,0.0,1,7,5,41.783899892,-87.609803226,POINT (-87.609803225755 41.783899892276),2021,60
O1037181,DRIVER,1940df7a42bf33fabb4d7410196a1ddcbea8bd038c2bb0039b8e566e14a69fb6479e2ae1f70c6c72bd1bbe298a69d9b27982876370ad6a843536ebdea7d53995,JE134400,983133.0,02/06/2021 02:58:00 PM,CHICAGO,IL,60651,M,59.0,USAGE UNKNOWN,NOT APPLICABLE,NONE,NO INDICATION OF INJURY,NONE,NOT OBSCURED,NORMAL,TEST NOT OFFERED,2021,JE134400,02/06/2021 02:58:00 PM,30,TRAFFIC SIGNAL,FUNCTIONING PROPERLY,CLEAR,DAYLIGHT,ANGLE,FOUR WAY,STRAIGHT AND LEVEL,DRY,NO DEFECTS,ON SCENE,INJURY AND / OR TOW DUE TO CRASH,Y,Y,"OVER $1,500",02/06/2021 03:04:00 PM,DISREGARDING TRAFFIC SIGNALS,NOT APPLICABLE,5201,W,AUGUSTA BLVD,1524.0,3,NO INDICATION OF INJURY,0.0,0.0,0.0,0.0,0.0,2.0,0.0,14,7,2,41.898473333000005,-87.75575199299999,POINT (-87.755751993172 41.898473333078),2021,898
O1094936,DRIVER,f1b452df3cc841319f9d5436915e9e5b54bfe5e2c016915be14c0a81fd216fe641bc99c0eac07fe1d0c3b7e526abd9647e02b8b118e857d1fca9048f19708e00,JE229262,1038545.0,05/13/2021 07:59:00 PM,CHICAGO,IL,60651,M,24.0,USAGE UNKNOWN,DEPLOYMENT UNKNOWN,NONE,NO INDICATION OF INJURY,FOLLOWED TOO CLOSELY,UNKNOWN,UNKNOWN,TEST NOT OFFERED,2021,JE229262,05/13/2021 07:59:00 PM,30,TRAFFIC SIGNAL,FUNCTIONING PROPERLY,CLEAR,"DARKNESS, LIGHTED ROAD",REAR END,FOUR WAY,STRAIGHT AND LEVEL,DRY,NO DEFECTS,ON SCENE,NO INJURY / DRIVE AWAY,Y,Y,"OVER $1,500",05/13/2021 08:30:00 PM,FOLLOWING TOO CLOSELY,DRIVING SKILLS/KNOWLEDGE/EXPERIENCE,1200,S,WABASH AVE,131.0,2,NO INDICATION OF INJURY,0.0,0.0,0.0,0.0,0.0,2.0,0.0,19,5,5,41.867346418000004,-87.62597476399999,POINT (-87.625974764137 41.86734641752),2021,1199
O1130854,DRIVER,7539bf5776c6afea45425d538293efc3d180dbfadd0bb26813883a07f6ac6697b80f412827c9997aa4fb8aae15c3abb499d8f8daf81ee8c7654bfe764eebffb1,JE286743,1072716.0,07/02/2021 12:30:00 AM,CHICAGO,IL,60617,M,17.0,USAGE UNKNOWN,NOT APPLICABLE,NONE,"REPORTED, NOT EVIDENT",NONE,NOT OBSCURED,NORMAL,TEST NOT OFFERED,2021,JE286743,07/02/2021 12:30:00 AM,30,TRAFFIC SIGNAL,FUNCTIONING PROPERLY,CLEAR,"DARKNESS, LIGHTED ROAD",ANGLE,NOT DIVIDED,STRAIGHT AND LEVEL,DRY,NO DEFECTS,ON SCENE,INJURY AND / OR TOW DUE TO CRASH,Y,Y,"$501 - $1,500",07/02/2021 12:45:00 AM,FAILING TO YIELD RIGHT-OF-WAY,FAILING TO YIELD RIGHT-OF-WAY,1000,N,LARAMIE AVE,1524.0,2,"REPORTED, NOT EVIDENT",3.0,0.0,0.0,0.0,3.0,1.0,0.0,0,6,7,41.898673166,-87.755838149,POINT (-87.755838149412 41.89867316563),2021,30
O1095742,DRIVER,d74b5355394974b41f06f0aa7112926bd555c3fe2a17b8c9bb028f582ecaf68cbf6e6002aed4030eef366cbdf502a7b1f21fe5b3a617430c9c4dd3edd6933e73,JE230546,1039319.0,05/15/2021 12:45:00 AM,CHICAGO,IL,60638,F,58.0,SAFETY BELT USED,DID NOT DEPLOY,NONE,NO INDICATION OF INJURY,UNKNOWN,UNKNOWN,NORMAL,TEST NOT OFFERED,2021,JE230546,05/15/2021 12:45:00 AM,35,TRAFFIC SIGNAL,FUNCTIONING PROPERLY,CLEAR,"DARKNESS, LIGHTED ROAD",ANGLE,FOUR WAY,STRAIGHT AND LEVEL,DRY,NO DEFECTS,ON SCENE,INJURY AND / OR TOW DUE TO CRASH,Y,Y,"OVER $1,500",05/15/2021 12:47:00 AM,DISREGARDING TRAFFIC SIGNALS,DISREGARDING TRAFFIC SIGNALS,299,E,MONROE DR,114.0,4,NO INDICATION OF INJURY,0.0,0.0,0.0,0.0,0.0,8.0,0.0,0,7,5,41.880762423,-87.62088387,POINT (-87.620883870254 41.880762422701),2021,45
O1121841,DRIVER,7efb2906ab72aa6a834d105aa5da3331bfe478282688ba9f4375f2f08b369e4a715f79e7d448f6811df754d7babf26fe7e06dd50dc419ffa382a6d8c27005002,JE272072,1064089.0,06/19/2021 03:29:00 PM,CHICAGO,IL,60653,F,69.0,SAFETY BELT USED,DID NOT DEPLOY,NONE,NO INDICATION OF INJURY,OTHER,NOT OBSCURED,NORMAL,TEST NOT OFFERED,2021,JE272072,06/19/2021 03:29:00 PM,30,NO CONTROLS,NO CONTROLS,CLEAR,DAYLIGHT,ANGLE,NOT DIVIDED,STRAIGHT AND LEVEL,DRY,NO DEFECTS,ON SCENE,INJURY AND / OR TOW DUE TO CRASH,Y,Y,"OVER $1,500",06/19/2021 03:30:00 PM,DISREGARDING STOP SIGN,UNABLE TO DETERMINE,4400,S,WABASH AVE,215.0,2,NO INDICATION OF INJURY,0.0,0.0,0.0,0.0,0.0,2.0,0.0,15,7,6,41.814620790999996,-87.624753401,POINT (-87.624753400923 41.814620791267),2021,929
O1140575,DRIVER,43e6797db1eadead6410ba22418d48d757d346f640843dbd21b8af2f5da7e0cb3a3ecae6837a8537f955d509ead5531a749b16786579cbd348b4be4970251cbe,JE302811,1081901.0,07/15/2021 08:35:00 PM,CHICAGO,IL,60659,M,24.0,USAGE UNKNOWN,DID NOT DEPLOY,NONE,NO INDICATION OF INJURY,UNKNOWN,NOT OBSCURED,NORMAL,TEST REFUSED,2021,JE302811,07/15/2021 08:35:00 PM,30,TRAFFIC SIGNAL,FUNCTIONING PROPERLY,CLEAR,"DARKNESS, LIGHTED ROAD",SIDESWIPE SAME DIRECTION,FOUR WAY,STRAIGHT AND LEVEL,DRY,NO DEFECTS,ON SCENE,NO INJURY / DRIVE AWAY,Y,Y,"OVER $1,500",07/15/2021 08:35:00 PM,UNABLE TO DETERMINE,UNABLE TO DETERMINE,2357,W,IRVING PARK RD,1921.0,2,NO INDICATION OF INJURY,0.0,0.0,0.0,0.0,0.0,2.0,0.0,20,5,7,41.953905152,-87.68831830100001,POINT (-87.688318300862 41.953905151774),2021,1235
O1245806,DRIVER,eb2f51fc671c431cdaf1d6699e869ce45710a6ab56c59504d3d720513bfb62e8dcc52cb2e1ad582b5376df8cb19bf91c84cba36374e847f2659f0acfabce15fd,JE476682,1182442.0,12/14/2021 12:58:00 AM,CHICAGO,IL,60608,M,33.0,USAGE UNKNOWN,"DEPLOYED, FRONT",NONE,NONINCAPACITATING INJURY,NONE,UNKNOWN,UNKNOWN,TEST NOT OFFERED,2021,JE476682,12/14/2021 12:58:00 AM,30,TRAFFIC SIGNAL,FUNCTIONING PROPERLY,CLEAR,"DARKNESS, LIGHTED ROAD",ANGLE,NOT REPORTED,STRAIGHT AND LEVEL,DRY,UNKNOWN,ON SCENE,INJURY AND / OR TOW DUE TO CRASH,Y,Y,"OVER $1,500",12/14/2021 12:58:00 AM,DISREGARDING TRAFFIC SIGNALS,NOT APPLICABLE,3698,W,OGDEN AVE,1014.0,3,NONINCAPACITATING INJURY,1.0,0.0,0.0,1.0,0.0,1.0,0.0,0,3,12,41.853798241,-87.71753255600001,POINT (-87.717532556314 41.85379824069),2021,58
O1067693,DRIVER,bbc724b6ab09bad00dd29169d65ec51ba99a60c694053db698e0c3d6e00e76cf4ee78ac9c83a541fec459b55ca65e7d1acf7fd92703ee7563d3a467016569188,JE184679,1012588.0,03/30/2021 07:10:00 PM,CHICAGO,IL,60621,F,0.0,USAGE UNKNOWN,NOT APPLICABLE,NONE,NO INDICATION OF INJURY,NONE,UNKNOWN,UNKNOWN,TEST NOT OFFERED,2021,JE184679,03/30/2021 07:10:00 PM,30,TRAFFIC SIGNAL,FUNCTIONING PROPERLY,CLEAR,"DARKNESS, LIGHTED ROAD",REAR END,NOT DIVIDED,STRAIGHT AND LEVEL,DRY,NO DEFECTS,ON SCENE,NO INJURY / DRIVE AWAY,Y,Y,"OVER $1,500",03/30/2021 07:27:00 PM,FOLLOWING TOO CLOSELY,NOT APPLICABLE,6900,S,HALSTED ST,733.0,2,NO INDICATION OF INJURY,0.0,0.0,0.0,0.0,0.0,2.0,0.0,19,3,3,41.768744341,-87.64465137799999,POINT (-87.644651378169 41.768744340933),2021,1150
O1101486,DRIVER,1a245b94cf36aeb3d506c47593f65d7b3f25772b7af5b448e6ca8bc472e2b1eaf348f09e5c1db25ec284f0b498d91707909d0ab2cc9839e127fd5340b6d08de6,JE240192,1044843.0,05/23/2021 03:06:00 PM,BLOOMINGDALE,IL,61704,M,35.0,NONE PRESENT,NOT APPLICABLE,NONE,NO INDICATION OF INJURY,OTHER,UNKNOWN,NORMAL,TEST NOT OFFERED,2021,JE240192,05/23/2021 03:06:00 PM,30,NO CONTROLS,NO CONTROLS,CLEAR,DAYLIGHT,ANGLE,ONE-WAY,STRAIGHT AND LEVEL,DRY,NO DEFECTS,ON SCENE,INJURY AND / OR TOW DUE TO CRASH,N,Y,$500 OR LESS,05/23/2021 03:06:00 PM,NOT APPLICABLE,NOT APPLICABLE,800,N,SPRINGFIELD AVE,1112.0,2,NO INDICATION OF INJURY,0.0,0.0,0.0,0.0,0.0,5.0,0.0,15,1,5,41.895480176999996,-87.723785687,POINT (-87.723785686526 41.895480176597),2021,906