PERSON_ID,PERSON_TYPE,CRASH_RECORD_ID,RD_NO_x,VEHICLE_ID,CRASH_DATE_x,CITY,STATE,ZIPCODE,SEX,AGE,SAFETY_EQUIPMENT,AIRBAG_DEPLOYED,EJECTION,INJURY_CLASSIFICATION,DRIVER_ACTION,DRIVER_VISION,PHYSICAL_CONDITION,BAC_RESULT,CRASH_YEAR_x,RD_NO_y,CRASH_DATE_y,POSTED_SPEED_LIMIT,TRAFFIC_CONTROL_DEVICE,DEVICE_CONDITION,WEATHER_CONDITION,LIGHTING_CONDITION,FIRST_CRASH_TYPE,TRAFFICWAY_TYPE,ALIGNMENT,ROADWAY_SURFACE_COND,ROAD_DEFECT,REPORT_TYPE,CRASH_TYPE,INTERSECTION_RELATED_I,HIT_AND_RUN_I,DAMAGE,DATE_POLICE_NOTIFIED,PRIM_CONTRIBUTORY_CAUSE,SEC_CONTRIBUTORY_CAUSE,STREET_NO,STREET_DIRECTION,STREET_NAME,BEAT_OF_OCCURRENCE,NUM_UNITS,MOST_SEVERE_INJURY,INJURIES_TOTAL,INJURIES_FATAL,INJURIES_INCAPACITATING,INJURIES_NON_INCAPACITATING,INJURIES_REPORTED_NOT_EVIDENT,INJURIES_NO_INDICATION,INJURIES_UNKNOWN,CRASH_HOUR,CRASH_DAY_OF_WEEK,CRASH_MONTH,LATITUDE,LONGITUDE,LOCATION,CRASH_YEAR_y,TIME
O1216475,DRIVER,16c2de139724069acf8a8b475ded17ccd1b74325d203ddc0f32f8d208c2c30b2e3542eb00af9c75dcd890e4dc9456b1fca274ac994edb15ee96d197f08c228df,JE427397,1154294.0,10/30/2021 12:58:00 AM,NAPERVILLE,IL,60540,M,40.0,SAFETY BELT USED,DID NOT DEPLOY,NONE,NO INDICATION OF INJURY,UNKNOWN,UNKNOWN,NORMAL,TEST NOT OFFERED,2021,JE427397,10/30/2021 12:58:00 AM,30,UNKNOWN,UNKNOWN,RAIN,DUSK,REAR END,NOT DIVIDED,STRAIGHT AND LEVEL,WET,UNKNOWN,NOT ON SCENE (DESK REPORT),NO INJURY / DRIVE AWAY,Y,Y,"$501 - $1,500",10/30/2021 01:00:00 AM,UNABLE TO DETERMINE,NOT APPLICABLE,958,W,TAYLOR ST,1232.0,2,NO INDICATION OF INJURY,0.0,0.0,0.0,0.0,0.0,3.0,0.0,0,7,10,41.869623758,-87.651043609,POINT (-87.651043609215 41.869623758005),2021,58
O1213511,DRIVER,027839b9be46cc7dc5c826abe1d53967dc0f31641feb9d9e85be3c69c179560ca812d1d0fcfcc5a534bbec9471bfbc35059bd8a7161464658ad4e5ecb68b82c5,JE423198,1151486.0,10/26/2021 02:40:00 PM,CHICAGO,IL,60628,M,36.0,USAGE UNKNOWN,NOT APPLICABLE,NONE,NO INDICATION OF INJURY,NONE,NOT OBSCURED,NORMAL,TEST NOT OFFERED,2021,JE423198,10/26/2021 02:40:00 PM,30,TRAFFIC SIGNAL,NOT FUNCTIONING,CLEAR,DAYLIGHT,REAR END,FOUR WAY,STRAIGHT AND LEVEL,DRY,NO DEFECTS,ON SCENE,INJURY AND / OR TOW DUE TO CRASH,Y,N,"OVER $1,500",10/26/2021 02:49:00 PM,FOLLOWING TOO CLOSELY,UNABLE TO DETERMINE,9001,S,WESTERN AVE,2221.0,2,NONINCAPACITATING INJURY,1.0,0.0,0.0,1.0,0.0,3.0,0.0,14,3,10,41.729969477,-87.682196386,POINT (-87.682196385607 41.729969477098),2021,880
O1104794,DRIVER,1ca0b2d56098f6ebdebd273c130da84862166712af8573197a15cfff553c51bea6c625d3e42fa1260bb10c753e73a1c98d16e8558f27a806153312f09179b885,JE245436,1047992.0,05/28/2021 07:30:00 AM,CHICAGO,IL,60615,F,53.0,USAGE UNKNOWN,"DEPLOYED, FRONT",NONE,INCAPACITATING INJURY,NONE,UNKNOWN,NORMAL,TEST NOT OFFERED,2021,JE245436,05/28/2021 07:30:00 AM,30,TRAFFIC SIGNAL,FUNCTIONING PROPERLY,RAIN,DAYLIGHT,ANGLE,FOUR WAY,STRAIGHT AND LEVEL,WET,NO DEFECTS,ON SCENE,INJURY AND / OR TOW DUE TO CRASH,Y,Y,"OVER $1,500",05/28/2021 07:36:00 AM,UNABLE TO DETERMINE,UNABLE TO DETERMINE,4300,S,DREXEL BLVD,221.0,2,INCAPACITATING INJURY,1.0,0.0,1.0,0.0,0.0,1.0,0.0,7,6,5,41.816744765,-87.604679995,POINT (-87.60467999533 41.816744765102),2021,450
O1069644,DRIVER,637604fa7133d3ca41173002120e765ceecaed0978174a7e64e6c6e277bd62bc43104afe4cd98473cc8a82b398f465d31d4160318e54f12a509d38b57028a27d,JE187787,1014372.0,04/02/2021 10:00:00 PM,CHICAGO,IL,60629,F,25.0,USAGE UNKNOWN,DID NOT DEPLOY,NONE,NO INDICATION OF INJURY,NONE,UNKNOWN,NORMAL,TEST NOT OFFERED,2021,JE187787,04/02/2021 10:00:00 PM,30,NO CONTROLS,NO CONTROLS,CLEAR,"DARKNESS, LIGHTED ROAD",TURNING,FOUR WAY,STRAIGHT AND LEVEL,DRY,UNKNOWN,ON SCENE,NO INJURY / DRIVE AWAY,Y,Y,"OVER $1,500",04/02/2021 11:49:00 PM,FAILING TO YIELD RIGHT-OF-WAY,UNABLE TO DETERMINE,1300,W,ROOSEVELT RD,1231.0,2,NO INDICATION OF INJURY,0.0,0.0,0.0,0.0,0.0,5.0,0.0,22,6,4,41.86706467,-87.659249736,POINT (-87.659249736397 41.867064670267),2021,1320
O1153265,DRIVER,8b688a995981158d40313baba59f78e50d234522ae637b356acb93083138964e5bf64ebf488a9be739d05fdb547d38b7b05f919f20ebeeeb79589a309b7a7f75,JE323271,1093955.0,08/01/2021 10:30:00 PM,CHICAGO,IL,60654,M,55.0,SAFETY BELT USED,"DEPLOYED, SIDE",NONE,NONINCAPACITATING INJURY,NONE,NOT OBSCURED,NORMAL,TEST REFUSED,2021,JE323271,08/01/2021 10:30:00 PM,30,STOP SIGN/FLASHER,NO CONTROLS,CLEAR,"DARKNESS, LIGHTED ROAD",ANGLE,T-INTERSECTION,STRAIGHT AND LEVEL,DRY,NO DEFECTS,NOT ON SCENE (DESK REPORT),INJURY AND / OR TOW DUE TO CRASH,Y,Y,"OVER $1,500",08/02/2021 12:48:00 PM,UNABLE TO DETERMINE,NOT APPLICABLE,540,W,TILDEN ST,121.0,2,NONINCAPACITATING INJURY,2.0,0.0,0.0,2.0,0.0,1.0,0.0,22,1,8,41.875935795,-87.641073262,POINT (-87.641073262346 41.875935794961),2021,1350
O1238093,DRIVER,d82b374e1507897f5fd0955d54d24f4a64d326e2e3ff3541fa31134849cb2308f2fb5e5ea42c928a591812c41eff56db2cc4cf80a3a641abb18bdbd8e9ce9442,JE463784,1175081.0,12/02/2021 04:12:00 PM,EVERGREEN PARK,IL,60805,M,43.0,SAFETY BELT USED,NOT APPLICABLE,NONE,NO INDICATION OF INJURY,NONE,NOT OBSCURED,NORMAL,TEST NOT OFFERED,2021,JE463784,12/02/2021 04:12:00 PM,30,TRAFFIC SIGNAL,FUNCTIONING PROPERLY,CLEAR,DAYLIGHT,TURNING,FOUR WAY,STRAIGHT AND LEVEL,DRY,NO DEFECTS,ON SCENE,INJURY AND / OR TOW DUE TO CRASH,Y,Y,"OVER $1,500",12/02/2021 04:13:00 PM,UNABLE TO DETERMINE,UNABLE TO DETERMINE,3501,S,RACINE AVE,915.0,2,NO INDICATION OF INJURY,0.0,0.0,0.0,0.0,0.0,2.0,0.0,16,5,12,41.83052483,-87.655575927,POINT (-87.655575927157 41.830524829932),2021,972
O1156879,DRIVER,21c82d1cb90f24ee5bcf6b20ce577a38f9085b71925bf75d1ac3a2d2268392bcb59481fb121fe92f68f5fc4f2c77cbe7c9d9cff33e3c4bd0eeebc228bbb249f6,JE329477,1097406.0,08/07/2021 12:00:00 PM,CHICAGO,IL,60609,F,31.0,SAFETY BELT USED,DID NOT DEPLOY,NONE,NO INDICATION OF INJURY,NONE,NOT OBSCURED,NORMAL,TEST NOT OFFERED,2021,JE329477,08/07/2021 12:00:00 PM,30,TRAFFIC SIGNAL,FUNCTIONING PROPERLY,CLEAR,DAYLIGHT,ANGLE,NOT DIVIDED,STRAIGHT AND LEVEL,DRY,NO DEFECTS,NOT ON SCENE (DESK REPORT),NO INJURY / DRIVE AWAY,Y,Y,"OVER $1,500",08/07/2021 01:30:00 PM,UNABLE TO DETERMINE,UNABLE TO DETERMINE,4000,W,83RD ST,834.0,3,NO INDICATION OF INJURY,0.0,0.0,0.0,0.0,0.0,5.0,0.0,12,7,8,41.742287555,-87.721744016,POINT (-87.721744016459 41.742287555152),2021,720
O1246977,DRIVER,8e9dc3493c134778b98253dac19b1f66b06bffa48b8e07eeea8d27e1acab423af361dd6e25b32417dd164f60f918f260d365aecc9079695d64c3c15a61785d80,JE478777,1183563.0,12/15/2021 08:45:00 PM,CICERO,IL,60804,M,19.0,SAFETY BELT USED,"DEPLOYED, FRONT",NONE,NO INDICATION OF INJURY,FAILED TO YIELD,NOT OBSCURED,NORMAL,TEST NOT OFFERED,2021,JE478777,12/15/2021 08:45:00 PM,30,TRAFFIC SIGNAL,FUNCTIONING PROPERLY,CLEAR,DARKNESS,TURNING,DIVIDED - W/MEDIAN (NOT RAISED),STRAIGHT AND LEVEL,WET,NO DEFECTS,ON SCENE,INJURY AND / OR TOW DUE TO CRASH,Y,Y,"OVER $1,500",12/15/2021 08:50:00 PM,FAILING TO YIELD RIGHT-OF-WAY,NOT APPLICABLE,4790,W,47TH ST,815.0,3,NONINCAPACITATING INJURY,1.0,0.0,0.0,1.0,0.0,5.0,0.0,20,4,12,41.807737271,-87.74310760799999,POINT (-87.743107607634 41.807737271022),2021,1245
O1107788,DRIVER,db91b7426e34cc360cf756db742efccefb8e10ebb291bce7535d2d4c06c5405eb851282396e94402c5e2b0a5875c056f64a0a5e1f6209a0a024e71388b4dd502,JE250270,1050844.0,06/01/2021 05:20:00 PM,CHICAGO,IL,60626,M,29.0,SAFETY BELT USED,DID NOT DEPLOY,NONE,NO INDICATION OF INJURY,NONE,NOT OBSCURED,NORMAL,TEST NOT OFFERED,2021,JE250270,06/01/2021 05:20:00 PM,30,NO CONTROLS,NO CONTROLS,CLEAR,DAYLIGHT,REAR END,DIVIDED - W/MEDIAN (NOT RAISED),STRAIGHT AND LEVEL,DRY,NO DEFECTS,NOT ON SCENE (DESK REPORT),NO INJURY / DRIVE AWAY,Y,Y,"$501 - $1,500",06/01/2021 05:40:00 PM,UNABLE TO DETERMINE,UNABLE TO DETERMINE,3901,W,LAWRENCE AVE,1723.0,2,NO INDICATION OF INJURY,0.0,0.0,0.0,0.0,0.0,2.0,0.0,17,3,6,41.968156482,-87.725654155,POINT (-87.725654154551 41.96815648211),2021,1040
O1141406,DRIVER,4b76382773dc1a9b1669ded0a1e94237b9387b298fe5d74aff692bf3882f016ea93424fa859c382d10167f8237477584b7ae9f8ce33e8ed1477ac51cff749bb1,JE304143,1082694.0,07/17/2021 03:15:00 AM,BURBANK,IL,60459,M,32.0,USAGE UNKNOWN,DID NOT DEPLOY,NONE,NO INDICATION OF INJURY,NONE,NOT OBSCURED,NORMAL,TEST NOT OFFERED,2021,JE304143,07/17/2021 03:15:00 AM,30,NO CONTROLS,NO CONTROLS,CLEAR,"DARKNESS, LIGHTED ROAD",TURNING,DIVIDED - W/MEDIAN (NOT RAISED),STRAIGHT AND LEVEL,DRY,NO DEFECTS,ON SCENE,INJURY AND / OR TOW DUE TO CRASH,N,Y,"OVER $1,500",07/17/2021 03:15:00 AM,UNABLE TO DETERMINE,NOT APPLICABLE,5301,S,HARLEM AVE,811.0,2,NO INDICATION OF INJURY,0.0,0.0,0.0,0.0,0.0,2.0,0.0,3,7,7,41.795688053,-87.801459671,POINT (-87.801459670523 41.795688052768),2021,195
O1084476,DRIVER,b0e3edddb98f8559b546fdca6a398b7a15e91d3cbc19711505685ed32f19c7c9a73352392be4442b1658d7ff755260ad900adf06df004bcf66582e443bbb7ee2,JE212817,1028950.0,04/28/2021 11:25:00 AM,CHICAGO,IL,60629,F,54.0,SAFETY BELT USED,NOT APPLICABLE,NONE,NO INDICATION OF INJURY,NONE,NOT OBSCURED,NORMAL,TEST NOT OFFERED,2021,JE212817,04/28/2021 11:25:00 AM,30,NO CONTROLS,NO CONTROLS,CLOUDY/OVERCAST,DAYLIGHT,ANGLE,NOT DIVIDED,STRAIGHT AND LEVEL,DRY,NO DEFECTS,NOT ON SCENE (DESK REPORT),NO INJURY / DRIVE AWAY,Y,Y,"$501 - $1,500",04/28/2021 12:00:00 PM,FAILING TO YIELD RIGHT-OF-WAY,NOT APPLICABLE,7100,S,LAFLIN ST,734.0,2,NO INDICATION OF INJURY,0.0,0.0,0.0,0.0,0.0,2.0,0.0,11,4,4,41.764884007,-87.66234382100001,POINT (-87.662343820823 41.764884007414),2021,685
O1039732,DRIVER,37a5f53aea847ce34f0066f1eee4ba63de25659b96c0e27df8bc29c86f7098edaed0d74177946c5f5589e0d02db213ed1881a8f3aa7364d2cf8fdde56cd648c8,JE137709,985585.0,02/10/2021 10:06:00 AM,CHICAGO,IL,60616,M,52.0,SAFETY BELT USED,"DEPLOYED, COMBINATION",NONE,INCAPACITATING INJURY,NONE,NOT OBSCURED,NORMAL,TEST NOT OFFERED,2021,JE137709,02/10/2021 10:06:00 AM,30,TRAFFIC SIGNAL,FUNCTIONING PROPERLY,CLOUDY/OVERCAST,DAYLIGHT,ANGLE,UNKNOWN INTERSECTION TYPE,STRAIGHT AND LEVEL,DRY,NO DEFECTS,ON SCENE,INJURY AND / OR TOW DUE TO CRASH,Y,Y,"OVER $1,500",02/10/2021 10:07:00 AM,DISREGARDING TRAFFIC SIGNALS,DRIVING ON WRONG SIDE/WRONG WAY,2400,W,WARREN BLVD,1222.0,2,INCAPACITATING INJURY,1.0,0.0,1.0,0.0,0.0,1.0,0.0,10,4,2,41.882194854,-87.686560378,POINT (-87.686560378124 41.882194853778),2021,606
O1198862,DRIVER,3c505c285d51ca655a03e7a28421b22c47b7489a1485c1177921937043ed09aedddc96db3a9ad4959b99cd6ca6e163a1e1aa11a1a3fd4e0c6003662c5b9c65c8,JE398848,1137508.0,10/05/2021 12:20:00 PM,CHICAGO,IL,60651,M,34.0,USAGE UNKNOWN,"DEPLOYED, FRONT",NONE,NO INDICATION OF INJURY,UNKNOWN,UNKNOWN,NORMAL,TEST NOT OFFERED,2021,JE398848,10/05/2021 12:20:00 PM,30,STOP SIGN/FLASHER,FUNCTIONING PROPERLY,CLEAR,DAYLIGHT,ANGLE,FOUR WAY,STRAIGHT AND LEVEL,DRY,UNKNOWN,ON SCENE,INJURY AND / OR TOW DUE TO CRASH,Y,Y,"OVER $1,500",10/05/2021 12:29:00 PM,UNABLE TO DETERMINE,UNABLE TO DETERMINE,3506,W,NORTH AVE,1422.0,2,"REPORTED, NOT EVIDENT",1.0,0.0,0.0,0.0,1.0,1.0,0.0,12,3,10,41.910127572,-87.71458431299999,POINT (-87.714584313417 41.910127572172),2021,740
O1234937,DRIVER,4b8443c2a8a75a84bc925fb715d1cdb8159d65ff4bbaa7cf7f9d3bf6aa7c2e5f60d7aebf491d5607f3bc42c58ef7d659c3a6b0589d9e3da759dd1a0b53f8da8a,JE457930,1172031.0,11/26/2021 11:37:00 PM,CHICAGO,IL,60624,F,29.0,SAFETY BELT USED,NOT APPLICABLE,NONE,NONINCAPACITATING INJURY,UNKNOWN,UNKNOWN,UNKNOWN,TEST NOT OFFERED,2021,JE457930,11/26/2021 11:37:00 PM,30,STOP SIGN/FLASHER,FUNCTIONING PROPERLY,CLEAR,"DARKNESS, LIGHTED ROAD",ANGLE,FOUR WAY,STRAIGHT AND LEVEL,DRY,NO DEFECTS,ON SCENE,INJURY AND / OR TOW DUE TO CRASH,Y,Y,"OVER $1,500",11/26/2021 11:47:00 PM,UNABLE TO DETERMINE,UNABLE TO DETERMINE,239,N,KEELER AVE,1114.0,2,NONINCAPACITATING INJURY,3.0,0.0,0.0,3.0,0.0,1.0,0.0,23,6,11,41.884557783000005,-87.730543685,POINT (-87.730543684781 41.884557782692),2021,1417
O1205608,DRIVER,90fafb6f9ff714a0a7899a1fa2264236b89b057e501fb202bbd1eba0f7551e2ab097c8a8cafbd0d8526695cbd3ac7a0f21a15c77f52f0d5105d87a47e00caec5,JE410317,1143934.0,10/15/2021 08:18:00 AM,CHICAGO,IL,60619,F,72.0,SAFETY BELT USED,DID NOT DEPLOY,NONE,NO INDICATION OF INJURY,NONE,NOT OBSCURED,NORMAL,TEST NOT OFFERED,2021,JE410317,10/15/2021 08:18:00 AM,30,TRAFFIC SIGNAL,FUNCTIONING PROPERLY,CLOUDY/OVERCAST,DAYLIGHT,TURNING,FOUR WAY,STRAIGHT ON GRADE,DRY,NO DEFECTS,ON SCENE,NO INJURY / DRIVE AWAY,Y,Y,"OVER $1,500",10/15/2021 08:35:00 AM,FAILING TO YIELD RIGHT-OF-WAY,UNABLE TO DETERMINE,800,W,103RD ST,2232.0,2,NO INDICATION OF INJURY,0.0,0.0,0.0,0.0,0.0,3.0,0.0,8,6,10,41.70702632,-87.642896007,POINT (-87.642896007418 41.707026319812),2021,498
O1201639,DRIVER,f7f918ebb56e6d7783e1549cbf9588332170fb1b15d9a43fa518f8141ccaab6ae4138aafe1b5ceabd35f9e1b969cfd7b11a647fabec84f9dbab14c9c7206f941,JE403613,1140166.0,10/05/2021 03:30:00 PM,CHICAGO,IL,60641,M,58.0,SAFETY BELT USED,DID NOT DEPLOY,NONE,NO INDICATION OF INJURY,NONE,NOT OBSCURED,NORMAL,TEST NOT OFFERED,2021,JE403613,10/05/2021 03:30:00 PM,30,TRAFFIC SIGNAL,FUNCTIONING PROPERLY,CLEAR,DAYLIGHT,TURNING,FOUR WAY,STRAIGHT AND LEVEL,DRY,NO DEFECTS,NOT ON SCENE (DESK REPORT),NO INJURY / DRIVE AWAY,Y,Y,"$501 - $1,500",10/09/2021 08:45:00 AM,IMPROPER TURNING/NO SIGNAL,FAILING TO YIELD RIGHT-OF-WAY,4800,N,MILWAUKEE AVE,1623.0,2,NO INDICATION OF INJURY,0.0,0.0,0.0,0.0,0.0,2.0,0.0,15,3,10,41.967844399,-87.760897541,POINT (-87.760897541125 41.967844398521),2021,930
O1051819,DRIVER,28163c5b8df7ce3870081a9192b9360b01df86c4b50c23923ab1e5db2fe31a5219e8cdf1df60ca6ce7492b283ff2f2a2be657c4945e521af9c34eac2cd987f4e,JE156017,997303.0,03/01/2021 02:40:00 PM,CHICAGO,IL,60629,M,59.0,SAFETY BELT USED,DID NOT DEPLOY,NONE,NONINCAPACITATING INJURY,NONE,NOT OBSCURED,NORMAL,TEST NOT OFFERED,2021,JE156017,03/01/2021 02:40:00 PM,30,TRAFFIC SIGNAL,FUNCTIONING PROPERLY,CLEAR,DAYLIGHT,ANGLE,FOUR WAY,STRAIGHT AND LEVEL,DRY,NO DEFECTS,ON SCENE,INJURY AND / OR TOW DUE TO CRASH,Y,Y,"$501 - $1,500",03/01/2021 02:51:00 PM,DISREGARDING TRAFFIC SIGNALS,NOT APPLICABLE,5900,S,ST LOUIS AVE,822.0,2,NONINCAPACITATING INJURY,1.0,0.0,0.0,1.0,0.0,2.0,0.0,14,2,3,41.786067359,-87.710800151,POINT (-87.710800151368 41.786067358991),2021,880
O1142995,DRIVER,33032f56116b64689ce66e2b8a5a89194013959588943cd067782588360341db8442d218665aed8700df2585ad4346a64dfd3094e8135f5cebfca90e254282e3,JE306668,1084255.0,07/19/2021 12:15:00 PM,CHICAGO,IL,60609,M,73.0,SAFETY BELT USED,NOT APPLICABLE,NONE,NO INDICATION OF INJURY,NONE,NOT OBSCURED,NORMAL,TEST NOT OFFERED,2021,JE306668,07/19/2021 12:15:00 PM,30,TRAFFIC SIGNAL,FUNCTIONING PROPERLY,CLEAR,DAYLIGHT,REAR END,T-INTERSECTION,STRAIGHT AND LEVEL,DRY,UNKNOWN,NOT ON SCENE (DESK REPORT),NO INJURY / DRIVE AWAY,Y,Y,"OVER $1,500",07/19/2021 01:27:00 PM,UNABLE TO DETERMINE,UNABLE TO DETERMINE,5701,S,WENTWORTH AVE,232.0,2,NO INDICATION OF INJURY,0.0,0.0,0.0,0.0,0.0,2.0,0.0,12,2,7,41.790860406,-87.63025702799999,POINT (-87.630257028009 41.790860405552),2021,735
O1151621,DRIVER,cfc1d6d78a2bc9cfe60a65c368611b47632a77086ee7bc74d656be99241f65a905bcf8a73d941c6271bed54e5b622d0083adbb9555b0d03e157de5bd44b6da06,JE320669,1092400.0,07/31/2021 05:00:00 AM,CHICAGO,IL,60617,F,29.0,USAGE UNKNOWN,DID NOT DEPLOY,NONE,NO INDICATION OF INJURY,NONE,NOT OBSCURED,NORMAL,TEST NOT OFFERED,2021,JE320669,07/31/2021 05:00:00 AM,25,TRAFFIC SIGNAL,FUNCTIONING PROPERLY,CLEAR,"DARKNESS, LIGHTED ROAD",TURNING,NOT DIVIDED,STRAIGHT AND LEVEL,DRY,NO DEFECTS,ON SCENE,INJURY AND / OR TOW DUE TO CRASH,Y,Y,"OVER $1,500",07/31/2021 05:05:00 AM,DISREGARDING OTHER TRAFFIC SIGNS,FAILING TO REDUCE SPEED TO AVOID CRASH,801,W,87TH ST,2223.0,2,NO INDICATION OF INJURY,0.0,0.0,0.0,0.0,0.0,3.0,0.0,5,7,7,41.735963647,-87.64368172399999,POINT (-87.643681724352 41.735963647349),2021,300
O1178971,DRIVER,60ae5831f879ad8ca06bf0c9b5a62a2eb2e1a2404799d8039e63bb126a3e2535922095202f5624cfc88c4580466fcbd6655866253752a59c9d9bdc6096ce5c24,JE365704,1118490.0,09/08/2021 08:45:00 AM,BOLINGBROOK,IL,60440,F,34.0,SAFETY BELT USED,DID NOT DEPLOY,NONE,NO INDICATION OF INJURY,OTHER,NOT OBSCURED,NORMAL,TEST NOT OFFERED,2021,JE365704,09/08/2021 08:45:00 AM,30,NO CONTROLS,NO CONTROLS,CLEAR,DAYLIGHT,REAR END,FOUR WAY,STRAIGHT AND LEVEL,DRY,NO DEFECTS,ON SCENE,INJURY AND / OR TOW DUE TO CRASH,Y,Y,"OVER $1,500",09/08/2021 08:52:00 AM,UNABLE TO DETERMINE,UNABLE TO DETERMINE,5933,W,WASHINGTON BLVD,1513.0,2,NO INDICATION OF INJURY,0.0,0.0,0.0,0.0,0.0,2.0,0.0,8,4,9,41.882016631999996,-87.773214404,POINT (-87.773214404178 41.882016631961),2021,525
O1236305,DRIVER,bb7e375075a036546320275d2ffaf0a6fab51c6eff5788bc8299f99679c54c367822bda8e29e10ddfc8c7f38de0d04817e3b6e54878f03419e765fb6947f8706,JE460429,1173365.0,11/29/2021 03:45:00 PM,CHICAGO,IL,60614,M,25.0,SAFETY BELT USED,NOT APPLICABLE,NONE,NO INDICATION OF INJURY,NONE,UNKNOWN,NORMAL,TEST NOT OFFERED,2021,JE460429,11/29/2021 03:45:00 PM,30,TRAFFIC SIGNAL,UNKNOWN,CLEAR,DAYLIGHT,REAR END,DIVIDED - W/MEDIAN BARRIER,STRAIGHT AND LEVEL,UNKNOWN,UNKNOWN,NOT ON SCENE (DESK REPORT),NO INJURY / DRIVE AWAY,Y,Y,"OVER $1,500",11/29/2021 04:16:00 PM,FAILING TO REDUCE SPEED TO AVOID CRASH,FAILING TO REDUCE SPEED TO AVOID CRASH,1300,W,NORTH AVE,1433.0,2,NO INDICATION OF INJURY,0.0,0.0,0.0,0.0,0.0,2.0,0.0,15,2,11,41.910850362,-87.66044504,POINT (-87.66044504039 41.910850361976),2021,945
O1124717,DRIVER,328505ad7f07c37b6c6c3cfa599ec622a8be0eb64678ba49214abb9e1c175914b9bd8f125c47e1b55596a4f9ec5c814c2dc38ba26566c122581a3b46d34ea924,JE276796,1066852.0,06/23/2021 12:51:00 PM,CHICAGO,IL,60640,F,46.0,SAFETY BELT USED,DID NOT DEPLOY,NONE,"REPORTED, NOT EVIDENT",OTHER,UNKNOWN,NORMAL,TEST NOT OFFERED,2021,JE276796,06/23/2021 12:51:00 PM,30,TRAFFIC SIGNAL,FUNCTIONING PROPERLY,CLEAR,DAYLIGHT,TURNING,T-INTERSECTION,STRAIGHT AND LEVEL,DRY,NO DEFECTS,ON SCENE,INJURY AND / OR TOW DUE TO CRASH,Y,Y,"OVER $1,500",06/23/2021 01:03:00 PM,UNABLE TO DETERMINE,NOT APPLICABLE,139,W,FULLERTON DR,1814.0,2,"REPORTED, NOT EVIDENT",1.0,0.0,0.0,0.0,1.0,1.0,0.0,12,4,6,41.925779094,-87.632604289,POINT (-87.632604288784 41.92577909406),2021,771
O1142195,DRIVER,061fa25bb9db5ad3d2a3fdca8d60664b827aaeb3fc940c1b6cca7741c38a72f3beae9ad92442e4758183865e3197fcc21b99a03e8f14879d0e5fa3622500017d,JE305343,1083429.0,07/18/2021 07:00:00 AM,CHICAGO,IL,60619,F,59.0,SAFETY BELT USED,DID NOT DEPLOY,NONE,NO INDICATION OF INJURY,NONE,NOT OBSCURED,NORMAL,TEST NOT OFFERED,2021,JE305343,07/18/2021 07:00:00 AM,30,NO CONTROLS,NO CONTROLS,CLEAR,DAYLIGHT,TURNING,NOT DIVIDED,STRAIGHT AND LEVEL,DRY,NO DEFECTS,NOT ON SCENE (DESK REPORT),NO INJURY / DRIVE AWAY,Y,Y,"OVER $1,500",07/18/2021 07:00:00 AM,UNABLE TO DETERMINE,UNABLE TO DETERMINE,532,E,71ST ST,322.0,2,NO INDICATION OF INJURY,0.0,0.0,0.0,0.0,0.0,2.0,0.0,7,1,7,41.765884017,-87.611579676,POINT (-87.611579676468 41.765884016588),2021,420
O1095741,DRIVER,d74b5355394974b41f06f0aa7112926bd555c3fe2a17b8c9bb028f582ecaf68cbf6e6002aed4030eef366cbdf502a7b1f21fe5b3a617430c9c4dd3edd6933e73,JE230546,1039315.0,05/15/2021 12:45:00 AM,CHICAGO,IL,60632,F,59.0,SAFETY BELT USED,"DEPLOYED, COMBINATION",NONE,NO INDICATION OF INJURY,UNKNOWN,UNKNOWN,NORMAL,TEST NOT OFFERED,2021,JE230546,05/15/2021 12:45:00 AM,35,TRAFFIC SIGNAL,FUNCTIONING PROPERLY,CLEAR,"DARKNESS, LIGHTED ROAD",ANGLE,FOUR WAY,STRAIGHT AND LEVEL,DRY,NO DEFECTS,ON SCENE,INJURY AND / OR TOW DUE TO CRASH,Y,Y,"OVER $1,500",05/15/2021 12:47:00 AM,DISREGARDING TRAFFIC SIGNALS,DISREGARDING TRAFFIC SIGNALS,299,E,MONROE DR,114.0,4,NO INDICATION OF INJURY,0.0,0.0,0.0,0.0,0.0,8.0,0.0,0,7,5,41.880762423,-87.62088387,POINT (-87.620883870254 41.880762422701),2021,45