PERSON_ID,PERSON_TYPE,CRASH_RECORD_ID,RD_NO_x,VEHICLE_ID,CRASH_DATE_x,CITY,STATE,ZIPCODE,SEX,AGE,SAFETY_EQUIPMENT,AIRBAG_DEPLOYED,EJECTION,INJURY_CLASSIFICATION,DRIVER_ACTION,DRIVER_VISION,PHYSICAL_CONDITION,BAC_RESULT,CRASH_YEAR_x,RD_NO_y,CRASH_DATE_y,POSTED_SPEED_LIMIT,TRAFFIC_CONTROL_DEVICE,DEVICE_CONDITION,WEATHER_CONDITION,LIGHTING_CONDITION,FIRST_CRASH_TYPE,TRAFFICWAY_TYPE,ALIGNMENT,ROADWAY_SURFACE_COND,ROAD_DEFECT,REPORT_TYPE,CRASH_TYPE,INTERSECTION_RELATED_I,HIT_AND_RUN_I,DAMAGE,DATE_POLICE_NOTIFIED,PRIM_CONTRIBUTORY_CAUSE,SEC_CONTRIBUTORY_CAUSE,STREET_NO,STREET_DIRECTION,STREET_NAME,BEAT_OF_OCCURRENCE,NUM_UNITS,MOST_SEVERE_INJURY,INJURIES_TOTAL,INJURIES_FATAL,INJURIES_INCAPACITATING,INJURIES_NON_INCAPACITATING,INJURIES_REPORTED_NOT_EVIDENT,INJURIES_NO_INDICATION,INJURIES_UNKNOWN,CRASH_HOUR,CRASH_DAY_OF_WEEK,CRASH_MONTH,LATITUDE,LONGITUDE,LOCATION,CRASH_YEAR_y,TIME
O1165704,DRIVER,d9838dc77231a2ef882f22a37e0884656172616802087e2ea61310271b9b1b4fd648661a07bedda58aaf9a7bd23f02e42eb0b9e8b0364403ef401ce25328b3d1,JE343884,1105780.0,08/20/2021 02:47:00 PM,VALPARAISO,IN,46385,M,63.0,SAFETY BELT USED,DID NOT DEPLOY,NONE,NO INDICATION OF INJURY,NONE,NOT OBSCURED,NORMAL,TEST NOT OFFERED,2021,JE343884,08/20/2021 02:47:00 PM,45,TRAFFIC SIGNAL,FUNCTIONING PROPERLY,CLEAR,DAYLIGHT,REAR TO FRONT,DIVIDED - W/MEDIAN BARRIER,STRAIGHT AND LEVEL,DRY,NO DEFECTS,ON SCENE,NO INJURY / DRIVE AWAY,Y,Y,"$501 - $1,500",08/20/2021 02:54:00 PM,UNABLE TO DETERMINE,IMPROPER LANE USAGE,1158,S,LAKE SHORE DR E,114.0,2,NO INDICATION OF INJURY,0.0,0.0,0.0,0.0,0.0,3.0,0.0,14,6,8,41.867618701,-87.61875170100001,POINT (-87.618751700535 41.867618700961),2021,887
O1051076,DRIVER,4042b331e5ec268b0ebe8282c6bc7a94fd9217ace0e601175c3f9e683689d6643b2ce7ea55f72481ec31dc431e6bc1bcc6bcadba01ea9d1e7c3b83ec871e6d32,JE154687,996597.0,02/28/2021 02:26:00 AM,CHICAGO,IL,60629,M,24.0,USAGE UNKNOWN,"DEPLOYED, COMBINATION",NONE,NO INDICATION OF INJURY,NONE,NOT OBSCURED,NORMAL,TEST NOT OFFERED,2021,JE154687,02/28/2021 02:26:00 AM,30,NO CONTROLS,NO CONTROLS,CLEAR,"DARKNESS, LIGHTED ROAD",ANGLE,FOUR WAY,STRAIGHT AND LEVEL,DRY,NO DEFECTS,ON SCENE,INJURY AND / OR TOW DUE TO CRASH,Y,Y,"OVER $1,500",02/28/2021 02:40:00 AM,UNABLE TO DETERMINE,NOT APPLICABLE,4500,W,59TH ST,813.0,2,NO INDICATION OF INJURY,0.0,0.0,0.0,0.0,0.0,2.0,0.0,2,1,2,41.785919716,-87.735256111,POINT (-87.735256110764 41.785919716458),2021,146
O1191409,DRIVER,b4a0642d7af48f528d7f405cc14063c734b5d329d3d086ace8b6a3e81e44d588119661c02528594884f81a0819c95427ed32d94a1f7f202938d467e92c69fd77,JE386318,1130388.0,09/24/2021 11:50:00 PM,CHICAGO,IL,60619,F,34.0,USAGE UNKNOWN,"DEPLOYED, SIDE",NONE,NONINCAPACITATING INJURY,NONE,NOT OBSCURED,NORMAL,TEST NOT OFFERED,2021,JE386318,09/24/2021 11:50:00 PM,30,STOP SIGN/FLASHER,FUNCTIONING PROPERLY,CLEAR,"DARKNESS, LIGHTED ROAD",ANGLE,NOT DIVIDED,STRAIGHT AND LEVEL,UNKNOWN,NO DEFECTS,NOT ON SCENE (DESK REPORT),INJURY AND / OR TOW DUE TO CRASH,Y,Y,"OVER $1,500",09/25/2021 12:55:00 AM,FAILING TO YIELD RIGHT-OF-WAY,DISREGARDING STOP SIGN,8600,S,DR MARTIN LUTHER KING JR DR,632.0,2,NONINCAPACITATING INJURY,1.0,0.0,0.0,1.0,0.0,1.0,0.0,23,6,9,41.73823713,-87.614719741,POINT (-87.614719741289 41.738237130412),2021,1430
O1095743,DRIVER,d74b5355394974b41f06f0aa7112926bd555c3fe2a17b8c9bb028f582ecaf68cbf6e6002aed4030eef366cbdf502a7b1f21fe5b3a617430c9c4dd3edd6933e73,JE230546,1039323.0,05/15/2021 12:45:00 AM,CHICAGO,IL,60638,F,69.0,SAFETY BELT USED,DID NOT DEPLOY,NONE,NO INDICATION OF INJURY,UNKNOWN,UNKNOWN,NORMAL,TEST NOT OFFERED,2021,JE230546,05/15/2021 12:45:00 AM,35,TRAFFIC SIGNAL,FUNCTIONING PROPERLY,CLEAR,"DARKNESS, LIGHTED ROAD",ANGLE,FOUR WAY,STRAIGHT AND LEVEL,DRY,NO DEFECTS,ON SCENE,INJURY AND / OR TOW DUE TO CRASH,Y,Y,"OVER $1,500",05/15/2021 12:47:00 AM,DISREGARDING TRAFFIC SIGNALS,DISREGARDING TRAFFIC SIGNALS,299,E,MONROE DR,114.0,4,NO INDICATION OF INJURY,0.0,0.0,0.0,0.0,0.0,8.0,0.0,0,7,5,41.880762423,-87.62088387,POINT (-87.620883870254 41.880762422701),2021,45
O1120507,DRIVER,de2359c08d3a407b032acf04b5dbb254e6f388a0b5d9d4e6ce0341b184cbad9817e18a89e71c672fabed7030ab59f2c1a93caa1b4084b480d659ac5e798a5eba,JE270091,1062831.0,06/18/2021 01:57:00 AM,CHICAGO,IL,60643,F,40.0,SAFETY BELT USED,DID NOT DEPLOY,NONE,NO INDICATION OF INJURY,NONE,NOT OBSCURED,NORMAL,TEST NOT OFFERED,2021,JE270091,06/18/2021 01:57:00 AM,35,TRAFFIC SIGNAL,FUNCTIONING PROPERLY,CLEAR,"DARKNESS, LIGHTED ROAD",REAR END,FOUR WAY,STRAIGHT AND LEVEL,DRY,NO DEFECTS,ON SCENE,NO INJURY / DRIVE AWAY,Y,Y,"OVER $1,500",06/18/2021 01:58:00 AM,UNABLE TO DETERMINE,UNABLE TO DETERMINE,4358,W,ROOSEVELT RD,1131.0,2,NO INDICATION OF INJURY,0.0,0.0,0.0,0.0,0.0,2.0,0.0,1,6,6,41.866143539,-87.73490599799999,POINT (-87.734905998265 41.866143539318),2021,117
O1248925,DRIVER,7937d55c1020990fe985c37f52fd6d91124e13d50ebf4826f645fea6662f6fa03bb9c99a5fb605f62975b0696769ed48d2047bd89761a4a32c324d61f69305f8,JE482285,1185437.0,12/19/2021 12:55:00 AM,CHICAGO,IL,60621,M,45.0,SAFETY BELT USED,DID NOT DEPLOY,NONE,"REPORTED, NOT EVIDENT",NONE,NOT OBSCURED,NORMAL,TEST NOT OFFERED,2021,JE482285,12/19/2021 12:55:00 AM,30,TRAFFIC SIGNAL,FUNCTIONING PROPERLY,CLEAR,"DARKNESS, LIGHTED ROAD",REAR END,NOT DIVIDED,STRAIGHT AND LEVEL,DRY,NO DEFECTS,NOT ON SCENE (DESK REPORT),INJURY AND / OR TOW DUE TO CRASH,Y,Y,"OVER $1,500",12/19/2021 01:00:00 AM,UNABLE TO DETERMINE,UNABLE TO DETERMINE,4001,W,PETERSON AVE,1711.0,2,"REPORTED, NOT EVIDENT",1.0,0.0,0.0,0.0,1.0,1.0,0.0,0,1,12,41.990024694,-87.72870887100001,POINT (-87.728708871015 41.990024694008),2021,55
O1087303,DRIVER,585af28e925e6525e45c18fb4f78f08e957a12442f8c0ff3b1c8f08b8d7e885d32d0baf49977f79051104f930e8c3eb0973cd66b2630d71578367f8d0f1ef0c3,JE217304,1031245.0,05/02/2021 04:15:00 PM,DEARBORN,MI,48126,F,24.0,SAFETY BELT USED,DID NOT DEPLOY,NONE,NO INDICATION OF INJURY,NONE,NOT OBSCURED,NORMAL,TEST NOT OFFERED,2021,JE217304,05/02/2021 04:15:00 PM,25,TRAFFIC SIGNAL,FUNCTIONING PROPERLY,CLEAR,DAYLIGHT,REAR END,NOT DIVIDED,STRAIGHT AND LEVEL,DRY,NO DEFECTS,NOT ON SCENE (DESK REPORT),NO INJURY / DRIVE AWAY,Y,Y,"OVER $1,500",05/02/2021 04:32:00 PM,FOLLOWING TOO CLOSELY,UNABLE TO DETERMINE,1751,W,HOWARD ST,2422.0,3,NO INDICATION OF INJURY,0.0,0.0,0.0,0.0,0.0,4.0,0.0,16,1,5,42.01928648,-87.67461055,POINT (-87.67461054986 42.01928647962),2021,975
O1178674,DRIVER,411a450803b384d941ddac09457e4e56b4716a09f8348d78d788bd44488871cce13eb83bd4e55871dc9746829ebf0ee25026fa1f31d41798c3f95b8240a92ea5,JE365115,1118194.0,09/07/2021 05:40:00 PM,CHICAGO,IL,60639,F,42.0,USAGE UNKNOWN,"DEPLOYED, COMBINATION",NONE,"REPORTED, NOT EVIDENT",NONE,NOT OBSCURED,NORMAL,TEST NOT OFFERED,2021,JE365115,09/07/2021 05:40:00 PM,30,STOP SIGN/FLASHER,FUNCTIONING PROPERLY,CLEAR,DAYLIGHT,ANGLE,NOT DIVIDED,STRAIGHT AND LEVEL,WET,NO DEFECTS,ON SCENE,INJURY AND / OR TOW DUE TO CRASH,Y,Y,"OVER $1,500",09/07/2021 05:50:00 PM,FAILING TO YIELD RIGHT-OF-WAY,NOT APPLICABLE,7157,W,DIVERSEY AVE,2512.0,2,"REPORTED, NOT EVIDENT",1.0,0.0,0.0,0.0,1.0,1.0,0.0,17,3,9,41.930658806,-87.80512436299999,POINT (-87.805124362805 41.930658806061),2021,1060
O1159785,DRIVER,a55a5655faca2fc0639b9366df7e7e4bdea9d2d6455c484dfce334dfff7241f5392957a7c99c109f175d1b40801506715d86e5ac7fd9d4bbffcb1f4430202c4f,JE334185,1100152.0,08/11/2021 05:00:00 PM,CHICAGO,IL,60641,M,55.0,SAFETY BELT USED,NOT APPLICABLE,NONE,NO INDICATION OF INJURY,NONE,NOT OBSCURED,NORMAL,TEST NOT OFFERED,2021,JE334185,08/11/2021 05:00:00 PM,30,NO CONTROLS,NO CONTROLS,CLEAR,DAYLIGHT,REAR END,DIVIDED - W/MEDIAN (NOT RAISED),STRAIGHT AND LEVEL,DRY,NO DEFECTS,NOT ON SCENE (DESK REPORT),NO INJURY / DRIVE AWAY,Y,Y,"$501 - $1,500",08/11/2021 06:10:00 PM,FOLLOWING TOO CLOSELY,NOT APPLICABLE,7335,W,BELMONT AVE,2511.0,2,NO INDICATION OF INJURY,0.0,0.0,0.0,0.0,0.0,2.0,0.0,17,4,8,41.937879816999995,-87.810519475,POINT (-87.810519474777 41.937879816618),2021,1020
O1104595,DRIVER,60b724fa9ef2461837c6ac49d240b166e57eeda1e6a812ae2826eb8d490e3531b17407dc80d492ca912b8913023e35c9faf04b6c9db96dbeca4221887bfae4e8,JE245009,1047797.0,05/27/2021 02:50:00 PM,CHICAGO,IL,60644,F,41.0,SAFETY BELT USED,NOT APPLICABLE,NONE,NO INDICATION OF INJURY,NONE,NOT OBSCURED,NORMAL,TEST NOT OFFERED,2021,JE245009,05/27/2021 02:50:00 PM,30,STOP SIGN/FLASHER,OTHER,CLEAR,DAYLIGHT,ANGLE,OTHER,STRAIGHT AND LEVEL,DRY,UNKNOWN,ON SCENE,INJURY AND / OR TOW DUE TO CRASH,Y,Y,"OVER $1,500",05/27/2021 03:00:00 PM,DISREGARDING STOP SIGN,UNABLE TO DETERMINE,5301,W,KINZIE ST,1523.0,3,NO INDICATION OF INJURY,0.0,0.0,0.0,0.0,0.0,3.0,0.0,14,5,5,41.887664318,-87.75791026799999,POINT (-87.757910267589 41.887664318203),2021,890
O1239702,DRIVER,5232df786dcfaf1f619b72ed2e71117b31dc4b1c43a45a080ad6394d7425133a3931345befe9424760b6a1c1c0262fc2aa5c0f82d641f146d5337c119f7f1a95,JE466411,1176603.0,12/04/2021 10:57:00 PM,CHICAGO,IL,60609,M,51.0,USAGE UNKNOWN,NOT APPLICABLE,NONE,NO INDICATION OF INJURY,NONE,NOT OBSCURED,NORMAL,TEST NOT OFFERED,2021,JE466411,12/04/2021 10:57:00 PM,30,TRAFFIC SIGNAL,FUNCTIONING PROPERLY,CLEAR,"DARKNESS, LIGHTED ROAD",REAR END,DIVIDED - W/MEDIAN (NOT RAISED),STRAIGHT AND LEVEL,DRY,NO DEFECTS,NOT ON SCENE (DESK REPORT),NO INJURY / DRIVE AWAY,Y,Y,"OVER $1,500",12/04/2021 11:10:00 PM,UNABLE TO DETERMINE,NOT APPLICABLE,6100,S,CICERO AVE,813.0,2,NO INDICATION OF INJURY,0.0,0.0,0.0,0.0,0.0,4.0,0.0,22,7,12,41.781989656,-87.74255508200001,POINT (-87.742555081534 41.781989656337),2021,1377
O1038035,DRIVER,0e956568be0ea6054c95f6c42ccb1eeafabe5a0b406c658e28f74cd8f196ca0278def331a8415e469ac3146cbc869625ce60be070022e043644c3d4318e6ff7f,JE135421,983936.0,02/07/2021 02:30:00 PM,CHICAGO,IL,60643,F,23.0,SAFETY BELT USED,DID NOT DEPLOY,NONE,NONINCAPACITATING INJURY,NONE,NOT OBSCURED,NORMAL,TEST NOT OFFERED,2021,JE135421,02/07/2021 02:30:00 PM,25,STOP SIGN/FLASHER,FUNCTIONING PROPERLY,CLOUDY/OVERCAST,DAYLIGHT,REAR END,ONE-WAY,STRAIGHT AND LEVEL,SNOW OR SLUSH,UNKNOWN,ON SCENE,INJURY AND / OR TOW DUE TO CRASH,Y,Y,"OVER $1,500",02/07/2021 02:30:00 PM,FAILING TO REDUCE SPEED TO AVOID CRASH,UNABLE TO DETERMINE,1600,E,78TH ST,411.0,2,NONINCAPACITATING INJURY,2.0,0.0,0.0,2.0,0.0,3.0,0.0,14,1,2,41.753420276,-87.58543460799999,POINT (-87.585434607856 41.753420276247),2021,870
O1098126,DRIVER,27ff2110a03ce88331154532bea37a56c8d955906dd6ad9825eb5923748701576b8ceb26e8ca58d28dcd6d6a1c89d98d2b5e51f3d837afff2fcce1a0efd7a57d,JE234646,1041599.0,05/18/2021 08:28:00 PM,CHICAGO,IL,60641,M,27.0,USAGE UNKNOWN,DID NOT DEPLOY,NONE,NO INDICATION OF INJURY,UNKNOWN,UNKNOWN,NORMAL,TEST NOT OFFERED,2021,JE234646,05/18/2021 08:28:00 PM,30,TRAFFIC SIGNAL,FUNCTIONING PROPERLY,RAIN,DARKNESS,PEDALCYCLIST,FOUR WAY,STRAIGHT ON GRADE,WET,NO DEFECTS,ON SCENE,INJURY AND / OR TOW DUE TO CRASH,Y,Y,"OVER $1,500",05/18/2021 08:29:00 PM,NOT APPLICABLE,NOT APPLICABLE,2601,N,PULASKI RD,2524.0,2,NONINCAPACITATING INJURY,1.0,0.0,0.0,1.0,0.0,1.0,0.0,20,3,5,41.92822626,-87.72673102,POINT (-87.726731019804 41.928226259593),2021,1228
O1027239,DRIVER,4288e97463fe34b39f2eed97e26d3f3255d61cba4bff59483349fc1d9d17b0b0a84bcf9247c198ad053d83a2825cd7bc763b7c023df14df9a69bb60cc769a1e8,JE117589,973615.0,01/19/2021 08:40:00 PM,CHICAGO,IL,60620,M,50.0,SAFETY BELT USED,DID NOT DEPLOY,NONE,NO INDICATION OF INJURY,NONE,NOT OBSCURED,NORMAL,TEST NOT OFFERED,2021,JE117589,01/19/2021 08:40:00 PM,30,TRAFFIC SIGNAL,FUNCTIONING PROPERLY,SNOW,"DARKNESS, LIGHTED ROAD",REAR END,DIVIDED - W/MEDIAN BARRIER,STRAIGHT AND LEVEL,SNOW OR SLUSH,UNKNOWN,NOT ON SCENE (DESK REPORT),NO INJURY / DRIVE AWAY,Y,Y,"$501 - $1,500",01/19/2021 11:15:00 PM,DISTRACTION - FROM INSIDE VEHICLE,FAILING TO REDUCE SPEED TO AVOID CRASH,1,E,75TH ST,623.0,2,NO INDICATION OF INJURY,0.0,0.0,0.0,0.0,0.0,2.0,0.0,20,3,1,41.758074111,-87.624671658,POINT (-87.624671658352 41.758074110978),2021,1240
O1065641,DRIVER,2d1c8cc3344a4dac4b40da39cc7b16232d0b460caffbbb36349aa92182d0daca2514769e40a13e66da62a3c842dc46b61b825b41e9315e34763c8b13af232cc4,JE181150,1010612.0,03/27/2021 09:13:00 AM,CHICAGO,IL,60629,M,35.0,SAFETY BELT USED,DID NOT DEPLOY,NONE,NO INDICATION OF INJURY,NONE,NOT OBSCURED,NORMAL,TEST NOT OFFERED,2021,JE181150,03/27/2021 09:13:00 AM,30,NO CONTROLS,NO CONTROLS,CLEAR,DAYLIGHT,ANGLE,NOT DIVIDED,STRAIGHT AND LEVEL,DRY,NO DEFECTS,ON SCENE,NO INJURY / DRIVE AWAY,Y,Y,"OVER $1,500",03/27/2021 09:18:00 AM,IMPROPER BACKING,NOT APPLICABLE,1800,S,PULASKI RD,1012.0,2,NO INDICATION OF INJURY,0.0,0.0,0.0,0.0,0.0,5.0,0.0,9,7,3,41.856941455,-87.725054914,POINT (-87.725054914159 41.856941455397),2021,553
O1065404,DRIVER,afd4dc5d9642e3d2bfbfe038684f7c814a8d61eb8ddfcc078a99e91413ecb0f5d04b1ffcb5695e759b2d21e57f8ed3f1647ca226fbb63c96c3638c393d7a43e2,JE180746,1010382.0,03/26/2021 07:40:00 PM,CHICAGO,IL,60636,M,27.0,USAGE UNKNOWN,"DEPLOYED, SIDE",NONE,NO INDICATION OF INJURY,UNKNOWN,UNKNOWN,UNKNOWN,TEST NOT OFFERED,2021,JE180746,03/26/2021 07:40:00 PM,30,NO CONTROLS,NO CONTROLS,CLEAR,DUSK,REAR TO SIDE,FOUR WAY,STRAIGHT AND LEVEL,DRY,UNKNOWN,ON SCENE,INJURY AND / OR TOW DUE TO CRASH,Y,Y,"OVER $1,500",03/26/2021 07:40:00 PM,DISREGARDING STOP SIGN,FAILING TO YIELD RIGHT-OF-WAY,1499,W,MARQUETTE RD,725.0,2,NO INDICATION OF INJURY,0.0,0.0,0.0,0.0,0.0,2.0,0.0,19,6,3,41.772119523,-87.661524163,POINT (-87.661524163364 41.77211952251),2021,1180
O1199010,DRIVER,47a9879e7bb8de90c7f69666695f0cacf980b9cdd276759989332588c09f473424aeaff17c944366d3663080173096ca6d55589519b649c34924ed6a82ce6cb7,JE399137,1137652.0,10/05/2021 03:15:00 PM,CHICAGO,IL,60630,F,48.0,SAFETY BELT USED,DID NOT DEPLOY,NONE,NO INDICATION OF INJURY,OTHER,NOT OBSCURED,NORMAL,TEST NOT OFFERED,2021,JE399137,10/05/2021 03:15:00 PM,30,TRAFFIC SIGNAL,FUNCTIONING PROPERLY,CLOUDY/OVERCAST,DAYLIGHT,SIDESWIPE OPPOSITE DIRECTION,NOT DIVIDED,STRAIGHT AND LEVEL,DRY,NO DEFECTS,NOT ON SCENE (DESK REPORT),NO INJURY / DRIVE AWAY,Y,Y,"OVER $1,500",10/05/2021 04:15:00 PM,FAILING TO YIELD RIGHT-OF-WAY,NOT APPLICABLE,5331,W,LAWRENCE AVE,1623.0,2,NO INDICATION OF INJURY,0.0,0.0,0.0,0.0,0.0,3.0,0.0,15,3,10,41.967769816,-87.76070343,POINT (-87.760703429685 41.967769815741),2021,915
O1192682,DRIVER,7acfc3d051e01b2f48469b51e92f676ff6ecc3945d5cc224b015257e2e5b6976562d210173755dd0e1281527d2b076ddc71de6f4fc12a8f1b6f3b5838bb47cfe,JE388345,1131617.0,09/26/2021 08:11:00 PM,CHICAGO,IL,60639,M,37.0,USAGE UNKNOWN,DEPLOYMENT UNKNOWN,NONE,NO INDICATION OF INJURY,IMPROPER BACKING,UNKNOWN,UNKNOWN,TEST NOT OFFERED,2021,JE388345,09/26/2021 08:11:00 PM,30,STOP SIGN/FLASHER,FUNCTIONING PROPERLY,CLEAR,DUSK,PEDESTRIAN,ONE-WAY,STRAIGHT AND LEVEL,DRY,NO DEFECTS,ON SCENE,INJURY AND / OR TOW DUE TO CRASH,Y,Y,"$501 - $1,500",09/26/2021 08:11:00 PM,"OPERATING VEHICLE IN ERRATIC, RECKLESS, CARELESS, NEGLIGENT OR AGGRESSIVE MANNER",NOT APPLICABLE,2600,N,MARMORA AVE,2514.0,2,INCAPACITATING INJURY,1.0,0.0,1.0,0.0,0.0,1.0,0.0,20,1,9,41.927603639000004,-87.773560281,POINT (-87.773560280535 41.92760363941),2021,1211
O1175398,DRIVER,3ba072e92479ad69c9758e131d91e751fc2be26acb738284812ff95a7f82e0770357bff064f4998461e1c1042e33f4a500baeeba1abb9b03cd74352e10251d75,JE359467,1115048.0,09/02/2021 06:57:00 PM,CHICAGO,IL,60621,F,26.0,SAFETY BELT USED,NOT APPLICABLE,NONE,NONINCAPACITATING INJURY,OTHER,UNKNOWN,NORMAL,TEST NOT OFFERED,2021,JE359467,09/02/2021 06:57:00 PM,30,STOP SIGN/FLASHER,UNKNOWN,CLEAR,DUSK,ANGLE,FOUR WAY,STRAIGHT AND LEVEL,DRY,NO DEFECTS,ON SCENE,INJURY AND / OR TOW DUE TO CRASH,Y,Y,"OVER $1,500",09/02/2021 07:18:00 PM,FAILING TO YIELD RIGHT-OF-WAY,UNABLE TO DETERMINE,1700,N,OAK PARK AVE,2513.0,2,NONINCAPACITATING INJURY,1.0,0.0,0.0,1.0,0.0,1.0,0.0,18,5,9,41.910927918,-87.79499538600001,POINT (-87.79499538644 41.910927918485),2021,1137
O1025864,DRIVER,b46bc233e5ec308531f57e4031f08235bc133a28ba4c4959aee79452bae047d54c0e94a0b274b2409f2643a8eff8ba958c9345743f639923fed1a149eff7eb2f,JE115043,972297.0,01/17/2021 12:10:00 AM,CHICAGO,IL,60625,F,35.0,SAFETY BELT USED,NOT APPLICABLE,NONE,NO INDICATION OF INJURY,NONE,NOT OBSCURED,NORMAL,TEST NOT OFFERED,2021,JE115043,01/17/2021 12:10:00 AM,30,TRAFFIC SIGNAL,FUNCTIONING PROPERLY,RAIN,"DARKNESS, LIGHTED ROAD",REAR END,DIVIDED - W/MEDIAN (NOT RAISED),STRAIGHT AND LEVEL,WET,NO DEFECTS,ON SCENE,NO INJURY / DRIVE AWAY,Y,Y,"OVER $1,500",01/17/2021 12:17:00 AM,FOLLOWING TOO CLOSELY,WEATHER,4031,W,IRVING PARK RD,1732.0,2,NO INDICATION OF INJURY,0.0,0.0,0.0,0.0,0.0,3.0,0.0,0,1,1,41.953531094,-87.728437104,POINT (-87.728437103926 41.953531094043),2021,10
O1125052,DRIVER,85ea9fdd80a641acd9aaf2e00a696db302be355d304750e1c71e2a3481ed1cb94cb588e4d4479ade6c5a8e3a9774da2724312721823f8410570bafb72bb54a98,JE277338,1067169.0,06/23/2021 07:58:00 PM,ELMWOOD PARK,IL,60707,F,35.0,SAFETY BELT USED,DID NOT DEPLOY,NONE,NO INDICATION OF INJURY,NONE,NOT OBSCURED,NORMAL,TEST NOT OFFERED,2021,JE277338,06/23/2021 07:58:00 PM,30,NO CONTROLS,NO CONTROLS,CLEAR,"DARKNESS, LIGHTED ROAD",TURNING,NOT DIVIDED,STRAIGHT AND LEVEL,UNKNOWN,UNKNOWN,NOT ON SCENE (DESK REPORT),NO INJURY / DRIVE AWAY,N,Y,"$501 - $1,500",06/23/2021 09:00:00 PM,IMPROPER TURNING/NO SIGNAL,IMPROPER TURNING/NO SIGNAL,2759,N,HARLEM AVE,2512.0,2,NO INDICATION OF INJURY,0.0,0.0,0.0,0.0,0.0,2.0,0.0,19,4,6,41.930744417,-87.806345291,POINT (-87.80634529093 41.930744417308),2021,1198
O1023511,DRIVER,b6f058b3fdd721fad26873a4fda2abffaa04934589bbae9f59d141b9f0a40c882ac60534146504015d65394af76e040d6fc87efd1d729cfef87dd8b4a067386e,JE110985,970097.0,01/12/2021 06:05:00 PM,CHICAGO,IL,60660,M,78.0,USAGE UNKNOWN,NOT APPLICABLE,NONE,NO INDICATION OF INJURY,UNKNOWN,UNKNOWN,NORMAL,TEST NOT OFFERED,2021,JE110985,01/12/2021 06:05:00 PM,30,UNKNOWN,UNKNOWN,CLEAR,DARKNESS,SIDESWIPE SAME DIRECTION,NOT DIVIDED,STRAIGHT AND LEVEL,DRY,NO DEFECTS,ON SCENE,NO INJURY / DRIVE AWAY,N,Y,"OVER $1,500",01/12/2021 06:13:00 PM,UNABLE TO DETERMINE,UNABLE TO DETERMINE,3301,N,ASHLAND AVE,1922.0,2,NO INDICATION OF INJURY,0.0,0.0,0.0,0.0,0.0,2.0,0.0,18,3,1,41.941570686999995,-87.668566434,POINT (-87.668566433651 41.941570687405),2021,1085
O1142356,DRIVER,8c3ba8fc6aa881d074b908e0e947cb74c484ed28664b645b1e0e3a656edfa07e4e5565ec66e45e9c6f0de1d115f7425eff3488cb6e8f4a2651f83b908be7bcf6,JE305329,1085375.0,07/18/2021 04:36:00 AM,LYONS,IL,60534,M,24.0,USAGE UNKNOWN,"DEPLOYED, COMBINATION",NONE,NONINCAPACITATING INJURY,UNKNOWN,UNKNOWN,UNKNOWN,TEST NOT OFFERED,2021,JE305329,07/18/2021 04:36:00 AM,30,UNKNOWN,UNKNOWN,CLEAR,DAWN,ANGLE,FOUR WAY,STRAIGHT AND LEVEL,DRY,NO DEFECTS,NOT ON SCENE (DESK REPORT),INJURY AND / OR TOW DUE TO CRASH,Y,Y,"OVER $1,500",07/18/2021 06:05:00 AM,UNABLE TO DETERMINE,NOT APPLICABLE,7445,S,PHILLIPS AVE,334.0,2,NONINCAPACITATING INJURY,2.0,0.0,0.0,2.0,0.0,1.0,0.0,4,1,7,41.759543701,-87.564625984,POINT (-87.564625983803 41.759543700972),2021,276
O1048115,DRIVER,5cb80f425d9353faecf0f2617894cd454090f5a7c34fbc7bc13e3163b191983c26f991424a21025843b2d73187de5137a48fbfeefb7fff6054fd48415ff39ee2,JE149483,993734.0,02/23/2021 06:45:00 AM,CHICAGO,IL,60637,M,56.0,SAFETY BELT USED,NOT APPLICABLE,NONE,NO INDICATION OF INJURY,NONE,NOT OBSCURED,NORMAL,TEST NOT OFFERED,2021,JE149483,02/23/2021 06:45:00 AM,30,TRAFFIC SIGNAL,FUNCTIONING PROPERLY,SNOW,DAYLIGHT,ANGLE,FOUR WAY,CURVE ON HILLCREST,ICE,UNKNOWN,ON SCENE,NO INJURY / DRIVE AWAY,Y,Y,"$501 - $1,500",02/23/2021 06:50:00 AM,UNABLE TO DETERMINE,NOT APPLICABLE,35,N,DAMEN AVE,1223.0,2,NO INDICATION OF INJURY,0.0,0.0,0.0,0.0,0.0,2.0,0.0,6,3,2,41.88227999,-87.67651755700001,POINT (-87.676517556627 41.882279989662),2021,405
O1112537,DRIVER,90d37c9a293200de26cfc4c2607158bb65f2b43142572852acfbb2924a890cba13e2fc48772ace7fb6f9cbca61f556e3febbed835b9d1de4f5db9b81c4449c8a,JE257638,1055399.0,06/07/2021 08:25:00 PM,CHICAGO,IL,60617,F,35.0,USAGE UNKNOWN,DEPLOYMENT UNKNOWN,NONE,NO INDICATION OF INJURY,UNKNOWN,UNKNOWN,UNKNOWN,TEST NOT OFFERED,2021,JE257638,06/07/2021 08:25:00 PM,30,STOP SIGN/FLASHER,FUNCTIONING PROPERLY,CLEAR,"DARKNESS, LIGHTED ROAD",ANGLE,T-INTERSECTION,STRAIGHT AND LEVEL,DRY,NO DEFECTS,NOT ON SCENE (DESK REPORT),NO INJURY / DRIVE AWAY,Y,Y,"OVER $1,500",06/07/2021 09:30:00 PM,DISREGARDING STOP SIGN,FAILING TO YIELD RIGHT-OF-WAY,2058,E,83RD ST,414.0,2,NO INDICATION OF INJURY,0.0,0.0,0.0,0.0,0.0,2.0,0.0,20,2,6,41.74447434,-87.573486135,POINT (-87.573486134765 41.744474340236),2021,1225