PERSON_ID,PERSON_TYPE,CRASH_RECORD_ID,RD_NO_x,VEHICLE_ID,CRASH_DATE_x,CITY,STATE,ZIPCODE,SEX,AGE,SAFETY_EQUIPMENT,AIRBAG_DEPLOYED,EJECTION,INJURY_CLASSIFICATION,DRIVER_ACTION,DRIVER_VISION,PHYSICAL_CONDITION,BAC_RESULT,CRASH_YEAR_x,RD_NO_y,CRASH_DATE_y,POSTED_SPEED_LIMIT,TRAFFIC_CONTROL_DEVICE,DEVICE_CONDITION,WEATHER_CONDITION,LIGHTING_CONDITION,FIRST_CRASH_TYPE,TRAFFICWAY_TYPE,ALIGNMENT,ROADWAY_SURFACE_COND,ROAD_DEFECT,REPORT_TYPE,CRASH_TYPE,INTERSECTION_RELATED_I,HIT_AND_RUN_I,DAMAGE,DATE_POLICE_NOTIFIED,PRIM_CONTRIBUTORY_CAUSE,SEC_CONTRIBUTORY_CAUSE,STREET_NO,STREET_DIRECTION,STREET_NAME,BEAT_OF_OCCURRENCE,NUM_UNITS,MOST_SEVERE_INJURY,INJURIES_TOTAL,INJURIES_FATAL,INJURIES_INCAPACITATING,INJURIES_NON_INCAPACITATING,INJURIES_REPORTED_NOT_EVIDENT,INJURIES_NO_INDICATION,INJURIES_UNKNOWN,CRASH_HOUR,CRASH_DAY_OF_WEEK,CRASH_MONTH,LATITUDE,LONGITUDE,LOCATION,CRASH_YEAR_y,TIME
O1057916,DRIVER,f0174c46ec38863ac49029d3817b2c48f40577dd306da4d080d37cc92573a7c4f08400e30ec918f986ffce43b8fcbc5ee2c7f28050ac4bd8af3e1f6298854e2d,JE167750,1003168.0,03/13/2021 10:50:00 AM,CHICAGO,IL,60646,M,76.0,SAFETY BELT USED,NOT APPLICABLE,NONE,NO INDICATION OF INJURY,NONE,NOT OBSCURED,NORMAL,TEST NOT OFFERED,2021,JE167750,03/13/2021 10:50:00 AM,30,STOP SIGN/FLASHER,NO CONTROLS,CLEAR,DAYLIGHT,TURNING,DIVIDED - W/MEDIAN (NOT RAISED),STRAIGHT AND LEVEL,DRY,NO DEFECTS,NOT ON SCENE (DESK REPORT),NO INJURY / DRIVE AWAY,Y,Y,"$501 - $1,500",03/13/2021 11:00:00 AM,DISREGARDING STOP SIGN,NOT APPLICABLE,2700,S,KEDZIE AVE,1032.0,2,NO INDICATION OF INJURY,0.0,0.0,0.0,0.0,0.0,2.0,0.0,10,7,3,41.842602526,-87.705127811,POINT (-87.705127810739 41.842602526365),2021,650
O1251415,DRIVER,39d73abc6e93c88dd553d88db642277cfa73102750b531adb41b1feab5c4b645a15d04f2c17373a32ff6b1e3b03e04124da245115f8e3a0d99a7b96499e0e5a0,JE486874,1187831.0,12/23/2021 12:43:00 PM,CHICAGO,IL,60652,M,25.0,USAGE UNKNOWN,DID NOT DEPLOY,NONE,NO INDICATION OF INJURY,UNKNOWN,UNKNOWN,NORMAL,TEST NOT OFFERED,2021,JE486874,12/23/2021 12:43:00 PM,30,TRAFFIC SIGNAL,FUNCTIONING PROPERLY,CLEAR,DAYLIGHT,TURNING,NOT DIVIDED,STRAIGHT AND LEVEL,DRY,NO DEFECTS,ON SCENE,NO INJURY / DRIVE AWAY,Y,Y,"OVER $1,500",12/23/2021 01:19:00 PM,UNABLE TO DETERMINE,NOT APPLICABLE,2000,N,CICERO AVE,2522.0,2,NO INDICATION OF INJURY,0.0,0.0,0.0,0.0,0.0,4.0,0.0,12,5,12,41.916973325,-87.746260223,POINT (-87.746260222511 41.916973324511),2021,763
O1165928,DRIVER,b7c6720272f9d4ac82ee7a300f35672054d4db1a4b34272fe328d2436c8cf0699e0479e5b36f2c28fe418dfaf0b382bb623e23440e0889500f2df8acb2d5c83d,JE344156,1105996.0,08/20/2021 04:00:00 PM,CHICAGO,IL,60649,F,23.0,USAGE UNKNOWN,"DEPLOYED, COMBINATION",NONE,NO INDICATION OF INJURY,FAILED TO YIELD,NOT OBSCURED,NORMAL,TEST NOT OFFERED,2021,JE344156,08/20/2021 04:00:00 PM,30,TRAFFIC SIGNAL,FUNCTIONING PROPERLY,CLEAR,DAYLIGHT,TURNING,FOUR WAY,STRAIGHT AND LEVEL,DRY,NO DEFECTS,NOT ON SCENE (DESK REPORT),NO INJURY / DRIVE AWAY,Y,Y,"$501 - $1,500",08/20/2021 07:00:00 PM,TURNING RIGHT ON RED,DISREGARDING TRAFFIC SIGNALS,1700,E,57TH DR,331.0,2,NO INDICATION OF INJURY,0.0,0.0,0.0,0.0,0.0,2.0,0.0,16,6,8,41.792755533000005,-87.583804016,POINT (-87.583804015692 41.79275553348),2021,960
O1021755,DRIVER,6cec21087e1f0ef4d0675e03f89e1643fbf3d54a683cfeeba6b3c6e5829a35761c829842ad6b3b1188f2577297d30213035b33b26702e36b212c5e26217ebba3,JE107379,968446.0,01/08/2021 08:15:00 PM,CHICAGO,IL,60636,M,56.0,USAGE UNKNOWN,"DEPLOYED, SIDE",NONE,NO INDICATION OF INJURY,OTHER,NOT OBSCURED,NORMAL,TEST NOT OFFERED,2021,JE107379,01/08/2021 08:15:00 PM,35,TRAFFIC SIGNAL,FUNCTIONING IMPROPERLY,CLEAR,"DARKNESS, LIGHTED ROAD",ANGLE,FOUR WAY,STRAIGHT AND LEVEL,DRY,NO DEFECTS,ON SCENE,INJURY AND / OR TOW DUE TO CRASH,Y,Y,"OVER $1,500",01/08/2021 08:20:00 PM,DISREGARDING OTHER TRAFFIC SIGNS,NOT APPLICABLE,7900,S,DAMEN AVE,611.0,3,NO INDICATION OF INJURY,0.0,0.0,0.0,0.0,0.0,3.0,0.0,20,6,1,41.750182355,-87.67327885700001,POINT (-87.673278856776 41.750182355465),2021,1215
O1154412,DRIVER,58700bc0eda73add068dbd37070e791dc697d428ab9c402b7ddade903cf4b5f4d215628e129b382bde3687440ae1f2c77296134f521d253b3a85542093154e7c,JE325229,1095031.0,08/04/2021 12:39:00 AM,CHICAGO,IL,60617,M,47.0,USAGE UNKNOWN,"DEPLOYED, COMBINATION",UNKNOWN,NONINCAPACITATING INJURY,UNKNOWN,UNKNOWN,UNKNOWN,TEST NOT OFFERED,2021,JE325229,08/04/2021 12:39:00 AM,30,STOP SIGN/FLASHER,UNKNOWN,CLEAR,"DARKNESS, LIGHTED ROAD",ANGLE,"FIVE POINT, OR MORE",STRAIGHT AND LEVEL,DRY,UNKNOWN,ON SCENE,INJURY AND / OR TOW DUE TO CRASH,Y,N,"OVER $1,500",08/04/2021 12:39:00 AM,DISREGARDING TRAFFIC SIGNALS,UNABLE TO DETERMINE,7900,S,SOUTH CHICAGO AVE,411.0,2,NONINCAPACITATING INJURY,1.0,0.0,0.0,1.0,0.0,1.0,0.0,0,4,8,41.751339705,-87.585632266,POINT (-87.585632265652 41.751339704589),2021,39
O1115710,DRIVER,9d0b4d57a13b6c1a0d26b2b1213a37f89f810da35349ff25675df03fc24d5b5d681bb623d776f695b03ca61fbf981d57f1c3d77f6cc913536d476cd5615db723,JE262528,1058314.0,06/11/2021 06:19:00 PM,CHICAGO,IL,60659,M,24.0,USAGE UNKNOWN,DID NOT DEPLOY,NONE,NO INDICATION OF INJURY,NONE,NOT OBSCURED,NORMAL,TEST NOT OFFERED,2021,JE262528,06/11/2021 06:19:00 PM,30,NO CONTROLS,NO CONTROLS,CLEAR,DAYLIGHT,TURNING,DIVIDED - W/MEDIAN (NOT RAISED),STRAIGHT AND LEVEL,DRY,NO DEFECTS,ON SCENE,INJURY AND / OR TOW DUE TO CRASH,Y,Y,"OVER $1,500",06/11/2021 07:11:00 PM,FAILING TO YIELD RIGHT-OF-WAY,UNABLE TO DETERMINE,3633,N,CICERO AVE,1731.0,2,NO INDICATION OF INJURY,0.0,0.0,0.0,0.0,0.0,2.0,0.0,18,6,6,41.947137852,-87.746969624,POINT (-87.746969623733 41.947137851604),2021,1099
O1204091,DRIVER,fcf35f0022e481d524c57e08998a0ff7000c724fac8bc4af83c64fbf914822c95f898d7e9005078d7f7b652584b98b0bf80dbc0e291e34cc224f3b5de61edc72,JE407718,1142476.0,10/12/2021 09:15:00 PM,CHICAGO,IL,60623,M,21.0,USAGE UNKNOWN,DID NOT DEPLOY,NONE,NO INDICATION OF INJURY,NONE,UNKNOWN,NORMAL,TEST NOT OFFERED,2021,JE407718,10/12/2021 09:15:00 PM,30,STOP SIGN/FLASHER,FUNCTIONING PROPERLY,CLEAR,"DARKNESS, LIGHTED ROAD",ANGLE,FOUR WAY,STRAIGHT AND LEVEL,DRY,NO DEFECTS,ON SCENE,INJURY AND / OR TOW DUE TO CRASH,Y,Y,"OVER $1,500",10/12/2021 09:20:00 PM,DRIVING ON WRONG SIDE/WRONG WAY,NOT APPLICABLE,327,S,LOCKWOOD AVE,1522.0,2,NO INDICATION OF INJURY,0.0,0.0,0.0,0.0,0.0,2.0,0.0,21,3,10,41.875770485,-87.75737549200001,POINT (-87.757375492142 41.875770485394),2021,1275
O1109293,DRIVER,cfe7bd5d3e0f23f00339923aa762b1ccab683b1787ed952e4fde21762499c48e70f3725a8fae4c8be4073d7f96285507f412171eef7fe4ad9f132ac046615adb,JE252662,1052293.0,06/03/2021 06:10:00 PM,CHICAGO,IL,60626,M,29.0,SAFETY BELT USED,NOT APPLICABLE,NONE,NO INDICATION OF INJURY,OTHER,NOT OBSCURED,NORMAL,TEST NOT OFFERED,2021,JE252662,06/03/2021 06:10:00 PM,30,NO CONTROLS,NO CONTROLS,CLEAR,DAYLIGHT,TURNING,NOT DIVIDED,STRAIGHT AND LEVEL,DRY,NO DEFECTS,ON SCENE,INJURY AND / OR TOW DUE TO CRASH,Y,Y,"OVER $1,500",06/03/2021 06:20:00 PM,FAILING TO YIELD RIGHT-OF-WAY,NOT APPLICABLE,1722,W,PRATT BLVD,2424.0,2,NO INDICATION OF INJURY,0.0,0.0,0.0,0.0,0.0,2.0,0.0,18,5,6,42.005427867,-87.67408803,POINT (-87.674088030375 42.005427867439),2021,1090
O1223356,DRIVER,83167dfed104cecff3cbf1537f139c089646e42461caa0f84e86bf051ef7f79ce8eaa620ea98ed4c634ace673c29f1f020bbdc01c0fa9fe127ba22658a8ae37e,JE438755,1161177.0,11/08/2021 09:39:00 PM,CHICAGO,IL,60656,M,40.0,SAFETY BELT USED,"DEPLOYED, COMBINATION",NONE,INCAPACITATING INJURY,NONE,NOT OBSCURED,NORMAL,TEST NOT OFFERED,2021,JE438755,11/08/2021 09:39:00 PM,35,TRAFFIC SIGNAL,FUNCTIONING PROPERLY,CLEAR,"DARKNESS, LIGHTED ROAD",ANGLE,FOUR WAY,STRAIGHT AND LEVEL,DRY,NO DEFECTS,ON SCENE,INJURY AND / OR TOW DUE TO CRASH,Y,Y,"OVER $1,500",11/08/2021 09:41:00 PM,DISREGARDING TRAFFIC SIGNALS,NOT APPLICABLE,4800,N,EAST RIVER RD,1614.0,4,INCAPACITATING INJURY,1.0,0.0,1.0,0.0,0.0,3.0,0.0,21,2,11,41.967601639,-87.846693781,POINT (-87.846693781023 41.967601638829),2021,1299
O1076523,DRIVER,55506b8894c4d96cfc389ea120b01523b25ab144757ff82255ff4b67f6865a84165e2d20e14ed4380e66f9f4f1fd7be55b059b827f6c4bfc682bd36c6533ec63,JE199332,1020951.0,04/14/2021 02:30:00 PM,CHICAGO,IL,60612,M,26.0,SAFETY BELT USED,DID NOT DEPLOY,NONE,NONINCAPACITATING INJURY,UNKNOWN,NOT OBSCURED,UNKNOWN,TEST NOT OFFERED,2021,JE199332,04/14/2021 02:30:00 PM,30,TRAFFIC SIGNAL,FUNCTIONING PROPERLY,CLOUDY/OVERCAST,DAYLIGHT,REAR END,DIVIDED - W/MEDIAN BARRIER,STRAIGHT AND LEVEL,DRY,UNKNOWN,ON SCENE,INJURY AND / OR TOW DUE TO CRASH,Y,Y,"OVER $1,500",04/14/2021 02:55:00 PM,UNABLE TO DETERMINE,UNABLE TO DETERMINE,917,S,WESTERN AVE,1225.0,4,NONINCAPACITATING INJURY,2.0,0.0,0.0,2.0,0.0,3.0,0.0,14,4,4,41.869769484,-87.685979213,POINT (-87.685979212742 41.869769484252),2021,870
O1047010,DRIVER,8a71d5d329736304cdc6b90c5ae45b3eaa66920e62affc526d1968fd2aaaa2781f48d1618d0651e0c57d267ecce29fcd655a96e0c9e362e0fe978e506e0ddfd3,JE147851,992664.0,02/20/2021 11:05:00 PM,CHICAGO,IL,60617,F,42.0,SAFETY BELT USED,DID NOT DEPLOY,NONE,NO INDICATION OF INJURY,UNKNOWN,NOT OBSCURED,NORMAL,TEST NOT OFFERED,2021,JE147851,02/20/2021 11:05:00 PM,30,TRAFFIC SIGNAL,FUNCTIONING PROPERLY,CLEAR,"DARKNESS, LIGHTED ROAD",REAR END,CENTER TURN LANE,STRAIGHT AND LEVEL,SNOW OR SLUSH,NO DEFECTS,NOT ON SCENE (DESK REPORT),NO INJURY / DRIVE AWAY,Y,Y,"$501 - $1,500",02/21/2021 12:55:00 PM,UNABLE TO DETERMINE,UNABLE TO DETERMINE,1600,E,87TH ST,412.0,2,NO INDICATION OF INJURY,0.0,0.0,0.0,0.0,0.0,2.0,0.0,23,7,2,41.737030992,-87.58508645399999,POINT (-87.585086453532 41.737030992315),2021,1385
O1172628,DRIVER,b13e3ef6ad14be51d111162888e34294aedf4efd1e0ce61192b07c9a0964fdcde4acae16e6e6ac02bf428bfe57d18a2d8268c804cc52acbc351c44feeab51437,JE354995,1112385.0,08/30/2021 08:30:00 AM,BERWYN,IL,60402,F,40.0,SAFETY BELT USED,DID NOT DEPLOY,NONE,NO INDICATION OF INJURY,NONE,NOT OBSCURED,NORMAL,TEST NOT OFFERED,2021,JE354995,08/30/2021 08:30:00 AM,30,NO CONTROLS,NO CONTROLS,CLEAR,DAYLIGHT,ANGLE,NOT DIVIDED,STRAIGHT AND LEVEL,DRY,NO DEFECTS,ON SCENE,NO INJURY / DRIVE AWAY,Y,Y,"OVER $1,500",08/30/2021 08:45:00 AM,FAILING TO YIELD RIGHT-OF-WAY,UNABLE TO DETERMINE,3600,S,WESTERN BLVD,911.0,2,NO INDICATION OF INJURY,0.0,0.0,0.0,0.0,0.0,2.0,0.0,8,2,8,41.828403521999995,-87.684550585,POINT (-87.684550584737 41.828403522284),2021,510
O1060262,DRIVER,b4a7f4bc4b533eb752a6d9f9d729515e706d275d7875e180dd6d65652bd2ec765529c0ce9fa39bda4d166f99cb911d2e6dc4402518f398489480003bbc529d86,JE172006,1005468.0,03/17/2021 09:30:00 PM,BERWYN,IL,60402,F,39.0,SAFETY BELT USED,DID NOT DEPLOY,NONE,NO INDICATION OF INJURY,NONE,UNKNOWN,NORMAL,TEST NOT OFFERED,2021,JE172006,03/17/2021 09:30:00 PM,30,TRAFFIC SIGNAL,FUNCTIONING PROPERLY,RAIN,"DARKNESS, LIGHTED ROAD",REAR END,FOUR WAY,STRAIGHT AND LEVEL,WET,UNKNOWN,ON SCENE,INJURY AND / OR TOW DUE TO CRASH,Y,Y,"OVER $1,500",03/17/2021 10:50:00 PM,FAILING TO REDUCE SPEED TO AVOID CRASH,UNABLE TO DETERMINE,225,W,WASHINGTON ST,122.0,2,NO INDICATION OF INJURY,0.0,0.0,0.0,0.0,0.0,2.0,0.0,21,4,3,41.883099158,-87.63460036299999,POINT (-87.634600363173 41.883099157823),2021,1290
O1207886,DRIVER,31e1771faaaa2ed2ab98acb7430cfba5dbf1e5e84a9808de628088d080a70b62290aeb3df68858e19008926513d743d2afd71fdd666dfd95251a89ac08bc42b1,JE141150,1146110.0,10/18/2021 04:00:00 PM,CHGO,IL,60618,M,67.0,SAFETY BELT USED,DID NOT DEPLOY,NONE,NO INDICATION OF INJURY,NONE,NOT OBSCURED,NORMAL,TEST NOT OFFERED,2021,JE141150,10/18/2021 04:00:00 PM,30,TRAFFIC SIGNAL,FUNCTIONING PROPERLY,CLEAR,DAYLIGHT,ANGLE,FOUR WAY,STRAIGHT AND LEVEL,DRY,NO DEFECTS,NOT ON SCENE (DESK REPORT),NO INJURY / DRIVE AWAY,Y,Y,"OVER $1,500",10/18/2021 04:50:00 PM,UNABLE TO DETERMINE,UNABLE TO DETERMINE,301,S,CICERO AVE,1131.0,2,NO INDICATION OF INJURY,0.0,0.0,0.0,0.0,0.0,2.0,0.0,16,2,10,41.876764729,-87.744997971,POINT (-87.744997971441 41.876764729315),2021,960
O1215765,DRIVER,a020b8a2a4aac58fa166bdbaa9cdb82274eb20138d8d91b1683bd371ee1f40de95474ba6811063ad8197e04b37d9698eb4f0a9c83156b1d4eace8cb2479a7bde,JE426541,1153603.0,10/29/2021 11:30:00 AM,AURORA,IL,60502,M,62.0,USAGE UNKNOWN,NOT APPLICABLE,NONE,NO INDICATION OF INJURY,NONE,UNKNOWN,NORMAL,TEST NOT OFFERED,2021,JE426541,10/29/2021 11:30:00 AM,30,TRAFFIC SIGNAL,FUNCTIONING PROPERLY,RAIN,DAYLIGHT,SIDESWIPE SAME DIRECTION,FOUR WAY,STRAIGHT AND LEVEL,WET,UNKNOWN,ON SCENE,NO INJURY / DRIVE AWAY,Y,Y,$500 OR LESS,10/29/2021 11:43:00 AM,UNABLE TO DETERMINE,UNABLE TO DETERMINE,600,W,47TH ST,925.0,2,NO INDICATION OF INJURY,0.0,0.0,0.0,0.0,0.0,2.0,0.0,11,6,10,41.80905965,-87.64080415,POINT (-87.640804149647 41.809059650397),2021,690
O1168245,DRIVER,9ab09959edc0e46ab9691dd48157849b4f543dd16762b86a7c9e9abd643087f5c12407d5fe5deff58fab92a956b1c3d9876812c308545101c08c0af7720fc072,JE347153,1108211.0,08/23/2021 12:25:00 PM,CHICAGO,IL,60644,M,52.0,SAFETY BELT USED,NOT APPLICABLE,NONE,NO INDICATION OF INJURY,NONE,NOT OBSCURED,NORMAL,TEST NOT OFFERED,2021,JE347153,08/23/2021 12:25:00 PM,30,TRAFFIC SIGNAL,FUNCTIONING PROPERLY,CLEAR,DAYLIGHT,TURNING,NOT DIVIDED,STRAIGHT AND LEVEL,DRY,NO DEFECTS,ON SCENE,NO INJURY / DRIVE AWAY,Y,Y,"$501 - $1,500",08/23/2021 12:25:00 PM,FAILING TO REDUCE SPEED TO AVOID CRASH,DISTRACTION - FROM OUTSIDE VEHICLE,1549,W,WABANSIA AVE,1433.0,2,NO INDICATION OF INJURY,0.0,0.0,0.0,0.0,0.0,2.0,0.0,12,2,8,41.9123446,-87.66737815,POINT (-87.667378150302 41.912344599925),2021,745
O1099952,DRIVER,9d9fdffdd895a5d1d1c07b65edbf31db043284161bcb44d16b0aa7f5319c3d5757ed32da6fc6835f4675db5fbe404f436df3071c0d65c77c52cbbe472c4026ed,JE237827,1043342.0,05/21/2021 05:00:00 PM,CHICAGO,IL,60647,M,74.0,USAGE UNKNOWN,DID NOT DEPLOY,NONE,NO INDICATION OF INJURY,NONE,NOT OBSCURED,NORMAL,TEST NOT OFFERED,2021,JE237827,05/21/2021 05:00:00 PM,30,TRAFFIC SIGNAL,FUNCTIONING PROPERLY,CLEAR,DAYLIGHT,REAR END,FOUR WAY,STRAIGHT AND LEVEL,DRY,NO DEFECTS,NOT ON SCENE (DESK REPORT),NO INJURY / DRIVE AWAY,Y,Y,"OVER $1,500",05/21/2021 05:15:00 PM,FOLLOWING TOO CLOSELY,FAILING TO REDUCE SPEED TO AVOID CRASH,2759,W,ARMITAGE AVE,1421.0,2,NO INDICATION OF INJURY,0.0,0.0,0.0,0.0,0.0,2.0,0.0,17,6,5,41.917380207,-87.69713776100001,POINT (-87.69713776111 41.917380207363),2021,1020
O1099758,DRIVER,32b5e07e06a5142fda9f399d541c469732368988cd9afc5b10a4ec98f8fceb9b22c6fbb058ee721525cc0d17c7aef7bc6bb949beab41a1834b8213a28fd57bb8,JE237610,1043162.0,05/21/2021 01:40:00 PM,CHICAGO,IL,60629,F,34.0,SAFETY BELT USED,DID NOT DEPLOY,NONE,NO INDICATION OF INJURY,NONE,NOT OBSCURED,NORMAL,TEST NOT OFFERED,2021,JE237610,05/21/2021 01:40:00 PM,30,TRAFFIC SIGNAL,FUNCTIONING PROPERLY,CLEAR,DAYLIGHT,REAR END,DIVIDED - W/MEDIAN BARRIER,STRAIGHT AND LEVEL,DRY,NO DEFECTS,NOT ON SCENE (DESK REPORT),NO INJURY / DRIVE AWAY,Y,Y,"$501 - $1,500",05/21/2021 02:33:00 PM,FAILING TO REDUCE SPEED TO AVOID CRASH,UNABLE TO DETERMINE,8700,S,HALSTED ST,2223.0,3,NO INDICATION OF INJURY,0.0,0.0,0.0,0.0,0.0,7.0,0.0,13,6,5,41.735785266,-87.64375883,POINT (-87.643758829628 41.735785266472),2021,820
O1132773,DRIVER,89b8adc171e0d36403e3afdaaa52a66b07002cd866f32716f71fc825b26d586782126b22e7c916fb3028dfb50bce922a5f896076368622d9f1a1d7cdc909bc1a,JE289795,1074497.0,07/04/2021 03:00:00 PM,CICERO,IL,60804,F,44.0,USAGE UNKNOWN,DID NOT DEPLOY,NONE,NO INDICATION OF INJURY,UNKNOWN,UNKNOWN,NORMAL,TEST NOT OFFERED,2021,JE289795,07/04/2021 03:00:00 PM,30,TRAFFIC SIGNAL,FUNCTIONING PROPERLY,CLEAR,DAYLIGHT,REAR END,NOT DIVIDED,STRAIGHT AND LEVEL,DRY,UNKNOWN,NOT ON SCENE (DESK REPORT),NO INJURY / DRIVE AWAY,Y,Y,"$501 - $1,500",07/04/2021 03:20:00 PM,UNABLE TO DETERMINE,NOT APPLICABLE,600,S,PULASKI RD,1132.0,2,NO INDICATION OF INJURY,0.0,0.0,0.0,0.0,0.0,3.0,0.0,15,1,7,41.873418095,-87.72555861,POINT (-87.725558609636 41.873418095376),2021,900
O1092711,DRIVER,0843d85b699f570b623c83f4a35720f954772a5e80facea2124a5bd76b6aff7256c43bbea383b11d1491561758c23c0a4b13019aca2ff7639da06c347dedc664,JE225706,1036408.0,05/10/2021 01:24:00 AM,CHICAGO,IL,60626,M,26.0,SAFETY BELT USED,NOT APPLICABLE,NONE,NO INDICATION OF INJURY,NONE,NOT OBSCURED,NORMAL,TEST NOT OFFERED,2021,JE225706,05/10/2021 01:24:00 AM,30,NO CONTROLS,NO CONTROLS,CLEAR,"DARKNESS, LIGHTED ROAD",TURNING,NOT DIVIDED,STRAIGHT AND LEVEL,DRY,NO DEFECTS,NOT ON SCENE (DESK REPORT),NO INJURY / DRIVE AWAY,Y,Y,"OVER $1,500",05/10/2021 03:10:00 PM,IMPROPER TURNING/NO SIGNAL,NOT APPLICABLE,7400,N,SHERIDAN RD,2422.0,2,NO INDICATION OF INJURY,0.0,0.0,0.0,0.0,0.0,3.0,0.0,1,2,5,42.016129945,-87.66525319799999,POINT (-87.665253197542 42.016129944887),2021,84
O1242795,DRIVER,1cdad2c851a558b1b00f36adadd6efb3b97d581dbf2fbb5974a7d1f981c97c71a8c5403b499bc49cb581d6c1bedae9afc55b1ee61bf36a9cd62eb54f01fab309,JE471907,1179580.0,12/09/2021 03:20:00 PM,EVANSTON,IL,60201,F,54.0,USAGE UNKNOWN,DID NOT DEPLOY,NONE,NO INDICATION OF INJURY,UNKNOWN,UNKNOWN,UNKNOWN,TEST NOT OFFERED,2021,JE471907,12/09/2021 03:20:00 PM,30,TRAFFIC SIGNAL,UNKNOWN,UNKNOWN,UNKNOWN,SIDESWIPE SAME DIRECTION,DIVIDED - W/MEDIAN (NOT RAISED),STRAIGHT AND LEVEL,UNKNOWN,UNKNOWN,NOT ON SCENE (DESK REPORT),NO INJURY / DRIVE AWAY,N,Y,"$501 - $1,500",12/09/2021 08:00:00 PM,UNABLE TO DETERMINE,NOT APPLICABLE,6400,N,SHERIDAN RD,2432.0,3,NO INDICATION OF INJURY,0.0,0.0,0.0,0.0,0.0,3.0,0.0,15,5,12,41.998217921,-87.660695256,POINT (-87.660695255572 41.998217920532),2021,920
O1227595,DRIVER,8b83fbbc2d988df2730df4b2c4716c18a14aa7863c3d6f2dd45fbe4dcf13fc2160344aa7d14900ff178eed1fbc483a6611b79cf728c8715528c091a06d8bf5b3,JE446219,1164978.0,11/15/2021 02:15:00 PM,CHICAGO,IL,60639,M,31.0,USAGE UNKNOWN,NOT APPLICABLE,NONE,NO INDICATION OF INJURY,NONE,UNKNOWN,NORMAL,TEST NOT OFFERED,2021,JE446219,11/15/2021 02:15:00 PM,30,TRAFFIC SIGNAL,FUNCTIONING PROPERLY,RAIN,DAYLIGHT,TURNING,FOUR WAY,STRAIGHT AND LEVEL,UNKNOWN,UNKNOWN,NOT ON SCENE (DESK REPORT),NO INJURY / DRIVE AWAY,Y,Y,"OVER $1,500",11/15/2021 04:25:00 PM,UNABLE TO DETERMINE,NOT APPLICABLE,1100,W,VAN BUREN ST,1232.0,2,NO INDICATION OF INJURY,0.0,0.0,0.0,0.0,0.0,2.0,0.0,14,2,11,41.876671628000004,-87.654626239,POINT (-87.654626239294 41.876671627774),2021,855
O1162362,DRIVER,034c945269b62cd886fa09212a46cdda24107a016a7fa054b60266e833097fc91dea1020f2a085e5da288d736c799a5834edcedf3088ca2daa22ce0c8882ffcc,JE338086,1102595.0,08/14/2021 10:00:00 PM,CHICAGO,IL,60637,F,25.0,SAFETY BELT USED,DID NOT DEPLOY,NONE,NO INDICATION OF INJURY,NONE,NOT OBSCURED,NORMAL,TEST NOT OFFERED,2021,JE338086,08/14/2021 10:00:00 PM,30,TRAFFIC SIGNAL,FUNCTIONING PROPERLY,CLEAR,"DARKNESS, LIGHTED ROAD",TURNING,FOUR WAY,STRAIGHT AND LEVEL,DRY,NO DEFECTS,NOT ON SCENE (DESK REPORT),NO INJURY / DRIVE AWAY,N,Y,"OVER $1,500",08/15/2021 11:00:00 AM,UNABLE TO DETERMINE,NOT APPLICABLE,6900,S,DR MARTIN LUTHER KING JR DR,322.0,2,NO INDICATION OF INJURY,0.0,0.0,0.0,0.0,0.0,2.0,0.0,22,7,8,41.769246677,-87.61549896,POINT (-87.61549895992 41.769246676973),2021,1320
O1137592,DRIVER,bd9b83ee42646353c016cbed09599677678d83da519829da02590277bc136dacd2bb04c135862512f7b62d13adaf3df8d78cad377868455bedecee27e1344d35,JE297635,1079027.0,07/10/2021 07:00:00 PM,CHICAGO,IL,60620,F,45.0,SAFETY BELT USED,DID NOT DEPLOY,NONE,NO INDICATION OF INJURY,NONE,NOT OBSCURED,NORMAL,TEST NOT OFFERED,2021,JE297635,07/10/2021 07:00:00 PM,30,TRAFFIC SIGNAL,FUNCTIONING PROPERLY,CLEAR,DAYLIGHT,TURNING,NOT DIVIDED,STRAIGHT AND LEVEL,DRY,NO DEFECTS,NOT ON SCENE (DESK REPORT),NO INJURY / DRIVE AWAY,Y,Y,"OVER $1,500",07/11/2021 07:46:00 AM,IMPROPER TURNING/NO SIGNAL,NOT APPLICABLE,8699,S,LAFAYETTE AVE,622.0,2,NO INDICATION OF INJURY,0.0,0.0,0.0,0.0,0.0,2.0,0.0,19,7,7,41.736364533,-87.625299968,POINT (-87.625299968415 41.736364532966),2021,1140
O1081286,DRIVER,056f330ffdd08f36bc5b325cc695b435a76c36d963053c9d891122d12bc4b4f77dcca91de3de3eb0fe8047523d9266d56c7e6d552e5db8c3d6a4d86e8cd363d1,JE204454,1025501.0,04/23/2021 07:56:00 AM,CHICAGO,IL,60637,F,28.0,SAFETY BELT USED,DID NOT DEPLOY,NONE,NO INDICATION OF INJURY,NONE,NOT OBSCURED,NORMAL,TEST NOT OFFERED,2021,JE204454,04/23/2021 07:56:00 AM,30,TRAFFIC SIGNAL,FUNCTIONING PROPERLY,CLEAR,DAYLIGHT,TURNING,UNKNOWN INTERSECTION TYPE,STRAIGHT AND LEVEL,DRY,NO DEFECTS,ON SCENE,NO INJURY / DRIVE AWAY,Y,Y,"OVER $1,500",04/23/2021 07:56:00 AM,FAILING TO YIELD RIGHT-OF-WAY,IMPROPER TURNING/NO SIGNAL,7100,S,LAFAYETTE AVE,731.0,2,NO INDICATION OF INJURY,0.0,0.0,0.0,0.0,0.0,4.0,0.0,7,6,4,41.765398585999996,-87.626695501,POINT (-87.626695500681 41.765398585764),2021,476