PERSON_ID,PERSON_TYPE,CRASH_RECORD_ID,RD_NO_x,VEHICLE_ID,CRASH_DATE_x,CITY,STATE,ZIPCODE,SEX,AGE,SAFETY_EQUIPMENT,AIRBAG_DEPLOYED,EJECTION,INJURY_CLASSIFICATION,DRIVER_ACTION,DRIVER_VISION,PHYSICAL_CONDITION,BAC_RESULT,CRASH_YEAR_x,RD_NO_y,CRASH_DATE_y,POSTED_SPEED_LIMIT,TRAFFIC_CONTROL_DEVICE,DEVICE_CONDITION,WEATHER_CONDITION,LIGHTING_CONDITION,FIRST_CRASH_TYPE,TRAFFICWAY_TYPE,ALIGNMENT,ROADWAY_SURFACE_COND,ROAD_DEFECT,REPORT_TYPE,CRASH_TYPE,INTERSECTION_RELATED_I,HIT_AND_RUN_I,DAMAGE,DATE_POLICE_NOTIFIED,PRIM_CONTRIBUTORY_CAUSE,SEC_CONTRIBUTORY_CAUSE,STREET_NO,STREET_DIRECTION,STREET_NAME,BEAT_OF_OCCURRENCE,NUM_UNITS,MOST_SEVERE_INJURY,INJURIES_TOTAL,INJURIES_FATAL,INJURIES_INCAPACITATING,INJURIES_NON_INCAPACITATING,INJURIES_REPORTED_NOT_EVIDENT,INJURIES_NO_INDICATION,INJURIES_UNKNOWN,CRASH_HOUR,CRASH_DAY_OF_WEEK,CRASH_MONTH,LATITUDE,LONGITUDE,LOCATION,CRASH_YEAR_y,TIME
O1058595,DRIVER,007dfe61685c3277f5fde32e464f1071bf3b8bd02f533f7e9110de4593ee17fd379182b8995e4af469df9bbdf360009446a3fa0dda98eb66c66028f5f15cc593,JE168886,1003845.0,03/14/2021 02:16:00 PM,CHICAGO,IL,60608,F,28.0,USAGE UNKNOWN,NOT APPLICABLE,NONE,NO INDICATION OF INJURY,NONE,NOT OBSCURED,NORMAL,TEST NOT OFFERED,2021,JE168886,03/14/2021 02:16:00 PM,30,NO CONTROLS,NO CONTROLS,CLEAR,DAYLIGHT,TURNING,DIVIDED - W/MEDIAN BARRIER,STRAIGHT AND LEVEL,DRY,NO DEFECTS,ON SCENE,NO INJURY / DRIVE AWAY,Y,Y,"$501 - $1,500",03/14/2021 03:08:00 PM,UNABLE TO DETERMINE,UNABLE TO DETERMINE,1101,N,ASHLAND AVE,1213.0,2,NO INDICATION OF INJURY,0.0,0.0,0.0,0.0,0.0,2.0,0.0,14,1,3,41.901565139,-87.6672981,POINT (-87.667298100222 41.901565138864),2021,856
O1177852,DRIVER,10650f7f47e636ad6de0a6a6368fdef627474b6f8c8e685674a536a71b58b9099aecd8f26df7126c24f5e8559bbcade261dc7079e56308bd6fc1ad6609ddb75c,JE363666,1117396.0,09/06/2021 03:15:00 PM,CHICAGO,IL,60644,M,42.0,SAFETY BELT USED,DID NOT DEPLOY,NONE,NO INDICATION OF INJURY,UNKNOWN,NOT OBSCURED,NORMAL,TEST NOT OFFERED,2021,JE363666,09/06/2021 03:15:00 PM,30,TRAFFIC SIGNAL,FUNCTIONING PROPERLY,CLEAR,DAYLIGHT,SIDESWIPE SAME DIRECTION,DIVIDED - W/MEDIAN (NOT RAISED),STRAIGHT AND LEVEL,DRY,NO DEFECTS,NOT ON SCENE (DESK REPORT),NO INJURY / DRIVE AWAY,Y,Y,"$501 - $1,500",09/06/2021 03:28:00 PM,UNABLE TO DETERMINE,NOT APPLICABLE,79,N,LARAMIE AVE,1532.0,2,NO INDICATION OF INJURY,0.0,0.0,0.0,0.0,0.0,3.0,0.0,15,2,9,41.882331938,-87.754991779,POINT (-87.754991779168 41.882331937786),2021,915
O1041294,DRIVER,1591317c98ea0d934f937707e08a0e26d8e1d102ae63f30cd9b2d5dde828c3ed95a3482d9a14e540ad86e01318bf31a92c5465401511c9b097207df1d1386c6e,JE140126,987097.0,02/12/2021 06:00:00 PM,CHICAGO,IL,60613,F,63.0,SAFETY BELT USED,DID NOT DEPLOY,NONE,NO INDICATION OF INJURY,NONE,NOT OBSCURED,NORMAL,TEST NOT OFFERED,2021,JE140126,02/12/2021 06:00:00 PM,30,TRAFFIC SIGNAL,FUNCTIONING PROPERLY,CLEAR,"DARKNESS, LIGHTED ROAD",ANGLE,NOT DIVIDED,STRAIGHT AND LEVEL,WET,NO DEFECTS,NOT ON SCENE (DESK REPORT),NO INJURY / DRIVE AWAY,Y,Y,"OVER $1,500",02/12/2021 06:40:00 PM,FAILING TO YIELD RIGHT-OF-WAY,NOT APPLICABLE,1560,N,DAMEN AVE,1424.0,2,NO INDICATION OF INJURY,0.0,0.0,0.0,0.0,0.0,2.0,0.0,18,6,2,41.909995199,-87.677599087,POINT (-87.677599087098 41.909995199416),2021,1080
O1027125,DRIVER,f84bfb6ad763934ce020f012448dd77ba8f6d038efd9b51ef4bbf3bbe3ce96d628ce4eb808884a02ea5dcc711875f6e1e565aa929c3c78a660c0ba95e81c0641,JE117418,973509.0,01/19/2021 06:30:00 PM,CHICAGO,IL,60629,M,20.0,USAGE UNKNOWN,NOT APPLICABLE,NONE,NO INDICATION OF INJURY,UNKNOWN,UNKNOWN,NORMAL,TEST NOT OFFERED,2021,JE117418,01/19/2021 06:30:00 PM,30,NO CONTROLS,NO CONTROLS,BLOWING SNOW,DARKNESS,ANGLE,NOT DIVIDED,STRAIGHT AND LEVEL,WET,UNKNOWN,ON SCENE,NO INJURY / DRIVE AWAY,Y,Y,"$501 - $1,500",01/19/2021 06:30:00 PM,FAILING TO YIELD RIGHT-OF-WAY,DRIVING SKILLS/KNOWLEDGE/EXPERIENCE,4431,W,55TH ST,813.0,3,NO INDICATION OF INJURY,0.0,0.0,0.0,0.0,0.0,4.0,0.0,18,3,1,41.793001015,-87.73412808799999,POINT (-87.734128087826 41.793001014644),2021,1110
O1229777,DRIVER,b8470b03a1aa8a81a89bf94f6c05c3f14aaef0fc321e780b536a9460b30a0d924297f43fc838304bc577cbe976ec14f86da9c39252ae2381766a6bcfb6ea921e,JE449730,1167032.0,11/18/2021 02:30:00 PM,CHICAGO,IL,60629,F,19.0,SAFETY BELT USED,DID NOT DEPLOY,NONE,NO INDICATION OF INJURY,FAILED TO YIELD,NOT OBSCURED,NORMAL,TEST NOT OFFERED,2021,JE449730,11/18/2021 02:30:00 PM,30,STOP SIGN/FLASHER,FUNCTIONING PROPERLY,CLEAR,DAYLIGHT,ANGLE,OTHER,STRAIGHT AND LEVEL,DRY,NO DEFECTS,NOT ON SCENE (DESK REPORT),NO INJURY / DRIVE AWAY,Y,Y,"OVER $1,500",11/18/2021 07:25:00 PM,FAILING TO REDUCE SPEED TO AVOID CRASH,DRIVING SKILLS/KNOWLEDGE/EXPERIENCE,5600,S,CALIFORNIA AVE,824.0,2,NO INDICATION OF INJURY,0.0,0.0,0.0,0.0,0.0,3.0,0.0,14,5,11,41.791777111,-87.693891046,POINT (-87.693891045577 41.791777111),2021,870
O1236189,DRIVER,737bd3b17920a7d17e45df07ff7c46a14814f7a802379273ddc21deaf37aeddc9499dfaca7f28f5cbf2042a432720ddcfd5a3f335e42deeebb984179a12f41fd,JE460040,1173245.0,11/29/2021 09:31:00 AM,EVANSTON,IL,60202,M,20.0,USAGE UNKNOWN,"DEPLOYED, SIDE",NONE,NO INDICATION OF INJURY,NONE,UNKNOWN,EMOTIONAL,TEST NOT OFFERED,2021,JE460040,11/29/2021 09:31:00 AM,30,STOP SIGN/FLASHER,FUNCTIONING PROPERLY,CLEAR,DAYLIGHT,ANGLE,NOT DIVIDED,STRAIGHT AND LEVEL,DRY,NO DEFECTS,ON SCENE,INJURY AND / OR TOW DUE TO CRASH,Y,Y,"OVER $1,500",11/29/2021 09:32:00 AM,DISREGARDING STOP SIGN,NOT APPLICABLE,3300,S,LA SALLE ST,211.0,3,"REPORTED, NOT EVIDENT",1.0,0.0,0.0,0.0,1.0,2.0,0.0,9,2,11,41.834537422,-87.630055563,POINT (-87.63005556331 41.834537422324),2021,571
O1215359,DRIVER,b9cfe8095f7a84f144b9cd64b96522bb9e8156fec35022f219379895ec0dfc6e7e688280cae254f557df0d187e0ec9cf0c26d679dee886b300e41863d9ff2c6e,JE426051,1153240.0,10/28/2021 10:30:00 PM,CHICAGO,IL,60608,M,28.0,SAFETY BELT USED,NOT APPLICABLE,NONE,NO INDICATION OF INJURY,FAILED TO YIELD,NOT OBSCURED,NORMAL,TEST NOT OFFERED,2021,JE426051,10/28/2021 10:30:00 PM,30,STOP SIGN/FLASHER,UNKNOWN,RAIN,"DARKNESS, LIGHTED ROAD",TURNING,FOUR WAY,STRAIGHT AND LEVEL,WET,NO DEFECTS,ON SCENE,NO INJURY / DRIVE AWAY,Y,Y,"OVER $1,500",10/28/2021 10:36:00 PM,DISREGARDING STOP SIGN,FAILING TO YIELD RIGHT-OF-WAY,2000,W,ERIE ST,1221.0,2,NO INDICATION OF INJURY,0.0,0.0,0.0,0.0,0.0,2.0,0.0,22,5,10,41.893280807,-87.677100015,POINT (-87.677100014973 41.893280806986),2021,1350
O1182117,DRIVER,d94af0ef91d09e62924b4fe2c4d05bd748f64babb271335a4b6cb862b1a883bae7626857613e201c18289360fa541be776251ef93a522381dad1472d13600caf,JE370856,1121486.0,09/12/2021 02:17:00 PM,CHICAGO,IL,60617,F,19.0,SAFETY BELT USED,DID NOT DEPLOY,NONE,NO INDICATION OF INJURY,NONE,NOT OBSCURED,NORMAL,TEST NOT OFFERED,2021,JE370856,09/12/2021 02:17:00 PM,30,STOP SIGN/FLASHER,FUNCTIONING PROPERLY,CLEAR,DAYLIGHT,ANGLE,FOUR WAY,STRAIGHT AND LEVEL,DRY,NO DEFECTS,NOT ON SCENE (DESK REPORT),NO INJURY / DRIVE AWAY,Y,Y,"OVER $1,500",09/12/2021 03:10:00 PM,UNABLE TO DETERMINE,UNABLE TO DETERMINE,10900,S,AVENUE L,432.0,2,NO INDICATION OF INJURY,0.0,0.0,0.0,0.0,0.0,2.0,0.0,14,1,9,41.697204135999996,-87.53663670600001,POINT (-87.536636705791 41.697204136251),2021,857
O1106704,DRIVER,9c4eca5d1ec2ba0aa2058079b16bdb6eccae3c2a6877470ef3b13746ed8a1abb2fc6a05e680bfc48c5602eb51667c57e9dc0e1d4653b380ecdc0d06e62472327,JE248416,1049818.0,05/31/2021 12:06:00 AM,CHICAGO,IL,60652,F,31.0,USAGE UNKNOWN,NOT APPLICABLE,NONE,NO INDICATION OF INJURY,NONE,UNKNOWN,NORMAL,TEST NOT OFFERED,2021,JE248416,05/31/2021 12:06:00 AM,30,TRAFFIC SIGNAL,FUNCTIONING PROPERLY,CLEAR,"DARKNESS, LIGHTED ROAD",SIDESWIPE SAME DIRECTION,NOT DIVIDED,STRAIGHT AND LEVEL,DRY,UNKNOWN,ON SCENE,NO INJURY / DRIVE AWAY,Y,Y,"OVER $1,500",05/31/2021 12:06:00 AM,"OPERATING VEHICLE IN ERRATIC, RECKLESS, CARELESS, NEGLIGENT OR AGGRESSIVE MANNER",FAILING TO REDUCE SPEED TO AVOID CRASH,99,N,AUSTIN BLVD,1513.0,2,NO INDICATION OF INJURY,0.0,0.0,0.0,0.0,0.0,2.0,0.0,0,2,5,41.882004674,-87.774572193,POINT (-87.774572193054 41.88200467429),2021,6
O1089960,DRIVER,951975efe484cc7a1348e5e4d2fe99c2d598101aaf6671edfb1f4ca61fe94277ccab610c8ceb4e230134f3a687f24003d12f77b5ee064e32316de5cbc687516b,JE221589,1033771.0,05/06/2021 01:20:00 PM,CHICAGO,IL,60644,F,70.0,SAFETY BELT USED,NOT APPLICABLE,NONE,"REPORTED, NOT EVIDENT",NONE,NOT OBSCURED,NORMAL,TEST NOT OFFERED,2021,JE221589,05/06/2021 01:20:00 PM,30,TRAFFIC SIGNAL,FUNCTIONING PROPERLY,RAIN,DAYLIGHT,REAR END,DIVIDED - W/MEDIAN (NOT RAISED),STRAIGHT AND LEVEL,WET,NO DEFECTS,ON SCENE,INJURY AND / OR TOW DUE TO CRASH,Y,Y,"OVER $1,500",05/06/2021 02:00:00 PM,UNABLE TO DETERMINE,NOT APPLICABLE,283,N,PULASKI RD,1122.0,2,"REPORTED, NOT EVIDENT",1.0,0.0,0.0,0.0,1.0,1.0,0.0,13,5,5,41.885369694,-87.72565624,POINT (-87.725656239717 41.885369693776),2021,800
O1111089,DRIVER,d8f704265a076075977efeb78ceb2934fdf17f00ec9c3b6c55f7a7a19b571070245f897b490e9d3d4906c9b10e56a8f658b93632aab039f7fd1fb47816a8bb0a,JE255243,1053999.0,06/05/2021 09:57:00 PM,CHICAGO,IL,60617,F,61.0,SAFETY BELT USED,DID NOT DEPLOY,NONE,NONINCAPACITATING INJURY,NONE,UNKNOWN,UNKNOWN,TEST NOT OFFERED,2021,JE255243,06/05/2021 09:57:00 PM,30,STOP SIGN/FLASHER,FUNCTIONING PROPERLY,CLEAR,"DARKNESS, LIGHTED ROAD",REAR END,NOT DIVIDED,STRAIGHT AND LEVEL,DRY,UNKNOWN,NOT ON SCENE (DESK REPORT),INJURY AND / OR TOW DUE TO CRASH,Y,Y,"$501 - $1,500",06/05/2021 11:12:00 PM,DISREGARDING STOP SIGN,FOLLOWING TOO CLOSELY,99,E,83RD ST,632.0,2,NONINCAPACITATING INJURY,1.0,0.0,0.0,1.0,0.0,5.0,0.0,21,7,6,41.743595301999996,-87.621263576,POINT (-87.621263576063 41.743595302482),2021,1317
O1206673,DRIVER,b6eb36e63618a1d524b6b804c712f038baa7702b8ea7a17cc99febdb3b07e249726c6713d2dc52d185f12093e1882c4407c1df096f475fd57516f3873f30e131,JE411973,1144980.0,10/16/2021 04:45:00 PM,WAUPUN,WI,53963,M,17.0,SAFETY BELT USED,DID NOT DEPLOY,NONE,NO INDICATION OF INJURY,NONE,NOT OBSCURED,NORMAL,TEST NOT OFFERED,2021,JE411973,10/16/2021 04:45:00 PM,30,STOP SIGN/FLASHER,FUNCTIONING PROPERLY,CLEAR,DAYLIGHT,ANGLE,FOUR WAY,STRAIGHT AND LEVEL,DRY,NO DEFECTS,ON SCENE,NO INJURY / DRIVE AWAY,Y,Y,"OVER $1,500",10/16/2021 05:08:00 PM,DISREGARDING STOP SIGN,NOT APPLICABLE,832,W,HUBBARD ST,1214.0,2,NO INDICATION OF INJURY,0.0,0.0,0.0,0.0,0.0,5.0,0.0,16,7,10,41.8901774,-87.648794328,POINT (-87.648794327535 41.890177400222),2021,1005
O1146478,DRIVER,7e0f88dc9ec755e5b4ca1aff74ab738bae76dce156374f66067efc4f7cd97b1058ab6f852328004468e6466637c5eb38ebbe9f74e6239f7a0bd9aaf07ed20480,JE312453,1087504.0,07/24/2021 12:10:00 PM,CHICAGO,IL,60657,M,54.0,SAFETY BELT USED,DID NOT DEPLOY,NONE,NO INDICATION OF INJURY,NONE,NOT OBSCURED,NORMAL,TEST NOT OFFERED,2021,JE312453,07/24/2021 12:10:00 PM,30,TRAFFIC SIGNAL,FUNCTIONING PROPERLY,CLEAR,DAYLIGHT,TURNING,RAMP,STRAIGHT AND LEVEL,DRY,NO DEFECTS,ON SCENE,NO INJURY / DRIVE AWAY,Y,Y,"OVER $1,500",07/24/2021 12:52:00 PM,UNABLE TO DETERMINE,UNABLE TO DETERMINE,3600,W,ADDISON ST,1732.0,2,NO INDICATION OF INJURY,0.0,0.0,0.0,0.0,0.0,3.0,0.0,12,7,7,41.946612161,-87.71770413600001,POINT (-87.71770413624 41.946612161493),2021,730
O1083578,DRIVER,a94ee1f363cb00b1b56ec7a15e1a65b447d2dac84ac1d41598610c4e4af327233f0522285122dafc48f21a2f21c59e809134c126cc7f8c86c422a945af3869a0,JE211338,1027687.0,04/27/2021 03:20:00 AM,CHICAGO,IL,60657,M,22.0,USAGE UNKNOWN,"DEPLOYED, SIDE",NONE,NO INDICATION OF INJURY,NONE,NOT OBSCURED,NORMAL,TEST NOT OFFERED,2021,JE211338,04/27/2021 03:20:00 AM,30,STOP SIGN/FLASHER,FUNCTIONING PROPERLY,CLEAR,"DARKNESS, LIGHTED ROAD",ANGLE,T-INTERSECTION,STRAIGHT AND LEVEL,DRY,UNKNOWN,ON SCENE,INJURY AND / OR TOW DUE TO CRASH,Y,Y,"OVER $1,500",04/27/2021 03:25:00 AM,DISREGARDING STOP SIGN,UNABLE TO DETERMINE,4501,S,FAIRFIELD AVE,922.0,2,NO INDICATION OF INJURY,0.0,0.0,0.0,0.0,0.0,3.0,0.0,3,3,4,41.81184126,-87.69294413200001,POINT (-87.692944131996 41.811841260208),2021,200
O1104594,DRIVER,60b724fa9ef2461837c6ac49d240b166e57eeda1e6a812ae2826eb8d490e3531b17407dc80d492ca912b8913023e35c9faf04b6c9db96dbeca4221887bfae4e8,JE245009,1047793.0,05/27/2021 02:50:00 PM,BERKELEY,IL,60163,M,61.0,SAFETY BELT USED,NOT APPLICABLE,NONE,NO INDICATION OF INJURY,NONE,NOT OBSCURED,NORMAL,TEST NOT OFFERED,2021,JE245009,05/27/2021 02:50:00 PM,30,STOP SIGN/FLASHER,OTHER,CLEAR,DAYLIGHT,ANGLE,OTHER,STRAIGHT AND LEVEL,DRY,UNKNOWN,ON SCENE,INJURY AND / OR TOW DUE TO CRASH,Y,Y,"OVER $1,500",05/27/2021 03:00:00 PM,DISREGARDING STOP SIGN,UNABLE TO DETERMINE,5301,W,KINZIE ST,1523.0,3,NO INDICATION OF INJURY,0.0,0.0,0.0,0.0,0.0,3.0,0.0,14,5,5,41.887664318,-87.75791026799999,POINT (-87.757910267589 41.887664318203),2021,890
O1176833,DRIVER,b8a2e4aae0038dcc73c84181c5e82bf99a92dc791a014add551217b08948e624f6a072d9b799d8843aaf8e7dcf6a537a21641acc24840d96d09e1b2bfe8cf5c4,JE361781,1116413.0,09/04/2021 08:08:00 PM,CHICAGO,IL,60623,M,38.0,USAGE UNKNOWN,"DEPLOYED, FRONT",NONE,NO INDICATION OF INJURY,TOO FAST FOR CONDITIONS,UNKNOWN,UNKNOWN,TEST NOT OFFERED,2021,JE361781,09/04/2021 08:08:00 PM,30,NO CONTROLS,NO CONTROLS,CLEAR,"DARKNESS, LIGHTED ROAD",FIXED OBJECT,ROUNDABOUT,STRAIGHT AND LEVEL,DRY,NO DEFECTS,ON SCENE,NO INJURY / DRIVE AWAY,N,Y,"OVER $1,500",09/04/2021 08:52:00 PM,"OPERATING VEHICLE IN ERRATIC, RECKLESS, CARELESS, NEGLIGENT OR AGGRESSIVE MANNER",FAILING TO REDUCE SPEED TO AVOID CRASH,135,N,KILDARE AVE,1114.0,2,NO INDICATION OF INJURY,0.0,0.0,0.0,0.0,0.0,3.0,0.0,20,7,9,41.883212538,-87.732957984,POINT (-87.732957983892 41.883212538179),2021,1208
O1045524,DRIVER,62d152ca5f49d64ee5249cbf8a4230f6d9a8816e5e0b224fd8be0ab83e3f3cba642a078258de6e2cd44dfe00635914ee2b70aaab73f146e32f6f61ad1083e377,JE145940,991206.0,02/18/2021 08:20:00 AM,CHICAGO,IL,60632,M,64.0,SAFETY BELT USED,DID NOT DEPLOY,NONE,NO INDICATION OF INJURY,NONE,NOT OBSCURED,NORMAL,TEST NOT OFFERED,2021,JE145940,02/18/2021 08:20:00 AM,30,STOP SIGN/FLASHER,FUNCTIONING PROPERLY,CLEAR,DAYLIGHT,ANGLE,FOUR WAY,STRAIGHT AND LEVEL,SNOW OR SLUSH,NO DEFECTS,NOT ON SCENE (DESK REPORT),NO INJURY / DRIVE AWAY,Y,Y,"$501 - $1,500",02/19/2021 02:10:00 PM,UNABLE TO DETERMINE,UNABLE TO DETERMINE,4400,S,SACRAMENTO AVE,922.0,2,NO INDICATION OF INJURY,0.0,0.0,0.0,0.0,0.0,2.0,0.0,8,5,2,41.813559351,-87.699421304,POINT (-87.699421304358 41.813559351272),2021,500
O1131226,DRIVER,a59c28634bb221f3a3c28cd00364a3d318592a232ebb3bf20ea18a9c470276d02777ef9f98e4b5f0e90713b84452f8bdee758783692913cf5db87185a65f2a6e,JE287415,1073053.0,07/02/2021 02:20:00 PM,CHICAGO HEIGHTS,IL,60411,F,41.0,SAFETY BELT USED,DID NOT DEPLOY,NONE,NO INDICATION OF INJURY,NONE,NOT OBSCURED,NORMAL,TEST NOT OFFERED,2021,JE287415,07/02/2021 02:20:00 PM,30,TRAFFIC SIGNAL,FUNCTIONING PROPERLY,CLEAR,DAYLIGHT,SIDESWIPE SAME DIRECTION,DIVIDED - W/MEDIAN (NOT RAISED),STRAIGHT AND LEVEL,DRY,NO DEFECTS,NOT ON SCENE (DESK REPORT),NO INJURY / DRIVE AWAY,Y,Y,"OVER $1,500",07/02/2021 03:15:00 PM,UNABLE TO DETERMINE,UNABLE TO DETERMINE,7100,S,HALSTED ST,733.0,2,NO INDICATION OF INJURY,0.0,0.0,0.0,0.0,0.0,2.0,0.0,14,6,7,41.765109431999996,-87.644556952,POINT (-87.644556951763 41.765109431911),2021,860
O1167190,DRIVER,ede88f1241d5a11a9de17eef06381d64c10413a07989f06df85f0317ed4bfefc68c358fc535db599c2c48e7c1123ad9edc2b84b5c7f20b4d6ad3eef3a318f1c0,JE346139,1107190.0,08/22/2021 01:15:00 PM,LA GRANGE PARK,IL,60526,F,31.0,SAFETY BELT USED,"DEPLOYED, COMBINATION",NONE,NONINCAPACITATING INJURY,NONE,UNKNOWN,NORMAL,TEST NOT OFFERED,2021,JE346139,08/22/2021 01:15:00 PM,30,STOP SIGN/FLASHER,UNKNOWN,CLEAR,DAYLIGHT,ANGLE,UNKNOWN INTERSECTION TYPE,STRAIGHT AND LEVEL,DRY,UNKNOWN,NOT ON SCENE (DESK REPORT),INJURY AND / OR TOW DUE TO CRASH,Y,Y,"OVER $1,500",08/22/2021 02:15:00 PM,DISREGARDING STOP SIGN,FAILING TO YIELD RIGHT-OF-WAY,3300,W,21ST ST,1024.0,2,NONINCAPACITATING INJURY,3.0,0.0,0.0,3.0,0.0,1.0,0.0,13,1,8,41.853679845,-87.707802747,POINT (-87.707802747491 41.853679844974),2021,795
O1108659,DRIVER,a0d4046d4caaacd6ee0655d5ae9f9694d4d4b259629ef1dc81219fa065b212abadb684721e667b0484224926f78288388c1a382b96c91f5e98c059a6fc4832c0,JE251656,1051686.0,06/02/2021 09:21:00 PM,CHICAGO,IL,60619,M,28.0,USAGE UNKNOWN,NOT APPLICABLE,UNKNOWN,NO INDICATION OF INJURY,NONE,NOT OBSCURED,NORMAL,TEST NOT OFFERED,2021,JE251656,06/02/2021 09:21:00 PM,30,TRAFFIC SIGNAL,FUNCTIONING PROPERLY,CLEAR,"DARKNESS, LIGHTED ROAD",ANGLE,FOUR WAY,STRAIGHT AND LEVEL,DRY,NO DEFECTS,ON SCENE,NO INJURY / DRIVE AWAY,Y,Y,"OVER $1,500",06/02/2021 09:30:00 PM,DISREGARDING OTHER TRAFFIC SIGNS,UNABLE TO DETERMINE,160,W,GARFIELD BLVD,225.0,2,NO INDICATION OF INJURY,0.0,0.0,0.0,0.0,0.0,2.0,0.0,21,4,6,41.794691502,-87.63014735899999,POINT (-87.630147359027 41.794691502221),2021,1281
O1117842,DRIVER,fdeb534db0bb95bbd7c7ec390c1b3af6150d5c99725926cf31dd3399f090de81fed690c39b21fbd517d354c55ff1acf603f63650114a8bb0ed41b80c0dca8b6d,JE265769,1060313.0,06/14/2021 03:40:00 PM,CHICAGO,IL,60651,M,20.0,SAFETY BELT USED,DID NOT DEPLOY,NONE,NO INDICATION OF INJURY,NONE,NOT OBSCURED,NORMAL,TEST NOT OFFERED,2021,JE265769,06/14/2021 03:40:00 PM,30,TRAFFIC SIGNAL,FUNCTIONING PROPERLY,CLEAR,DAYLIGHT,SIDESWIPE SAME DIRECTION,DIVIDED - W/MEDIAN (NOT RAISED),STRAIGHT AND LEVEL,DRY,NO DEFECTS,ON SCENE,NO INJURY / DRIVE AWAY,N,Y,"$501 - $1,500",06/14/2021 03:45:00 PM,IMPROPER OVERTAKING/PASSING,NOT APPLICABLE,5100,W,WASHINGTON BLVD,1532.0,2,NO INDICATION OF INJURY,0.0,0.0,0.0,0.0,0.0,4.0,0.0,15,2,6,41.881829819000004,-87.752731574,POINT (-87.752731574282 41.88182981864),2021,940
O1142780,DRIVER,798fdf8e87057ee500820293235208997409092d411f5cbaad01ab6cee0ad114b84390386f941d3305f741c2979b46be71749ad27d2ce29299420ae3506babc9,JE306212,1083991.0,07/19/2021 02:06:00 AM,CHICAGO,IL,60620,M,24.0,USAGE UNKNOWN,"DEPLOYED, COMBINATION",NONE,NO INDICATION OF INJURY,OTHER,UNKNOWN,NORMAL,TEST NOT OFFERED,2021,JE306212,07/19/2021 02:06:00 AM,30,STOP SIGN/FLASHER,FUNCTIONING PROPERLY,CLEAR,"DARKNESS, LIGHTED ROAD",ANGLE,FOUR WAY,STRAIGHT AND LEVEL,DRY,NO DEFECTS,NOT ON SCENE (DESK REPORT),INJURY AND / OR TOW DUE TO CRASH,Y,Y,"OVER $1,500",07/19/2021 02:06:00 AM,DISREGARDING STOP SIGN,NOT APPLICABLE,8302,S,PEORIA ST,613.0,2,NO INDICATION OF INJURY,0.0,0.0,0.0,0.0,0.0,2.0,0.0,2,2,7,41.743174601999996,-87.646458652,POINT (-87.64645865224 41.743174601631),2021,126
O1232477,DRIVER,1d3f444e94e9b2a1a16efb64e180122a2f02846f3c3d80121c3378238044ae710418694f5f1dffe9243db58bdeab00683e29a37dd21105f4cc7c9a43fbe069df,JE453869,1169681.0,11/22/2021 04:49:00 PM,CHICAGO,IL,60637,F,21.0,SAFETY BELT USED,NOT APPLICABLE,NONE,NO INDICATION OF INJURY,NONE,NOT OBSCURED,NORMAL,TEST NOT OFFERED,2021,JE453869,11/22/2021 04:49:00 PM,25,NO CONTROLS,NO CONTROLS,CLEAR,"DARKNESS, LIGHTED ROAD",TURNING,DIVIDED - W/MEDIAN (NOT RAISED),STRAIGHT AND LEVEL,DRY,NO DEFECTS,ON SCENE,INJURY AND / OR TOW DUE TO CRASH,Y,Y,"OVER $1,500",11/22/2021 04:49:00 PM,"OPERATING VEHICLE IN ERRATIC, RECKLESS, CARELESS, NEGLIGENT OR AGGRESSIVE MANNER",FAILING TO YIELD RIGHT-OF-WAY,2245,S,WENTWORTH AVE,914.0,3,NO INDICATION OF INJURY,0.0,0.0,0.0,0.0,0.0,2.0,0.0,16,2,11,41.85159572,-87.63183690700001,POINT (-87.631836906542 41.851595719946),2021,1009
O1152895,DRIVER,77986e0efbf6450d9f4a545bd45092852daa495845385eb4d62585db0fe9187518d4782841792e8ed8708a8a0e17b3f7c3b6df171d95fbb6877187d0416f67cd,JE322554,1093606.0,08/01/2021 07:00:00 PM,CHICAGO,IL,60632,M,37.0,SAFETY BELT USED,DID NOT DEPLOY,NONE,NO INDICATION OF INJURY,NONE,NOT OBSCURED,NORMAL,TEST NOT OFFERED,2021,JE322554,08/01/2021 07:00:00 PM,30,STOP SIGN/FLASHER,FUNCTIONING PROPERLY,CLEAR,DAYLIGHT,TURNING,NOT DIVIDED,STRAIGHT AND LEVEL,DRY,NO DEFECTS,ON SCENE,NO INJURY / DRIVE AWAY,Y,Y,"OVER $1,500",08/01/2021 07:19:00 PM,FAILING TO YIELD RIGHT-OF-WAY,NOT APPLICABLE,4800,S,KILDARE AVE,815.0,2,NO INDICATION OF INJURY,0.0,0.0,0.0,0.0,0.0,7.0,0.0,19,1,8,41.805857907,-87.731020184,POINT (-87.731020183844 41.805857907334),2021,1140