PERSON_ID,PERSON_TYPE,CRASH_RECORD_ID,RD_NO_x,VEHICLE_ID,CRASH_DATE_x,CITY,STATE,ZIPCODE,SEX,AGE,SAFETY_EQUIPMENT,AIRBAG_DEPLOYED,EJECTION,INJURY_CLASSIFICATION,DRIVER_ACTION,DRIVER_VISION,PHYSICAL_CONDITION,BAC_RESULT,CRASH_YEAR_x,RD_NO_y,CRASH_DATE_y,POSTED_SPEED_LIMIT,TRAFFIC_CONTROL_DEVICE,DEVICE_CONDITION,WEATHER_CONDITION,LIGHTING_CONDITION,FIRST_CRASH_TYPE,TRAFFICWAY_TYPE,ALIGNMENT,ROADWAY_SURFACE_COND,ROAD_DEFECT,REPORT_TYPE,CRASH_TYPE,INTERSECTION_RELATED_I,HIT_AND_RUN_I,DAMAGE,DATE_POLICE_NOTIFIED,PRIM_CONTRIBUTORY_CAUSE,SEC_CONTRIBUTORY_CAUSE,STREET_NO,STREET_DIRECTION,STREET_NAME,BEAT_OF_OCCURRENCE,NUM_UNITS,MOST_SEVERE_INJURY,INJURIES_TOTAL,INJURIES_FATAL,INJURIES_INCAPACITATING,INJURIES_NON_INCAPACITATING,INJURIES_REPORTED_NOT_EVIDENT,INJURIES_NO_INDICATION,INJURIES_UNKNOWN,CRASH_HOUR,CRASH_DAY_OF_WEEK,CRASH_MONTH,LATITUDE,LONGITUDE,LOCATION,CRASH_YEAR_y,TIME
O1250193,DRIVER,4c13ed39cd43d5a9fa52da3839d26bc1a220018926ecf50bd2cf2be9e406cfb40e2a5913440ece6844eedcfe443ca69be82827676e2cd3365037fb623a65796b,JE484537,1186651.0,12/21/2021 08:38:00 AM,HARVEY,IL,60426,M,30.0,USAGE UNKNOWN,NOT APPLICABLE,NONE,NO INDICATION OF INJURY,NONE,NOT OBSCURED,NORMAL,TEST NOT OFFERED,2021,JE484537,12/21/2021 08:38:00 AM,30,NO CONTROLS,NO CONTROLS,CLEAR,DAYLIGHT,TURNING,DIVIDED - W/MEDIAN (NOT RAISED),STRAIGHT AND LEVEL,DRY,NO DEFECTS,ON SCENE,INJURY AND / OR TOW DUE TO CRASH,Y,Y,"OVER $1,500",12/21/2021 08:38:00 AM,IMPROPER OVERTAKING/PASSING,UNABLE TO DETERMINE,633,E,79TH ST,624.0,2,NO INDICATION OF INJURY,0.0,0.0,0.0,0.0,0.0,3.0,0.0,8,3,12,41.751112418000005,-87.60880707,POINT (-87.608807069589 41.751112417744),2021,518
O1085830,DRIVER,861adff4deeca317d735685d30dfba233ce29a5cdf8cfaadf53c771b9a97eecf4ec94f16121d0c8343ce62cbe5e18fea3eed8711a36942e08688d2d256979cd6,JE214956,1029809.0,04/30/2021 01:10:00 PM,CHICAGO,IL,60619,F,67.0,SAFETY BELT USED,"DEPLOYED, COMBINATION",NONE,NO INDICATION OF INJURY,OTHER,NOT OBSCURED,NORMAL,TEST NOT OFFERED,2021,JE214956,04/30/2021 01:10:00 PM,30,STOP SIGN/FLASHER,FUNCTIONING PROPERLY,CLEAR,DAYLIGHT,OTHER OBJECT,TRAFFIC ROUTE,STRAIGHT AND LEVEL,DRY,NO DEFECTS,ON SCENE,INJURY AND / OR TOW DUE TO CRASH,Y,N,"OVER $1,500",04/30/2021 01:11:00 PM,DISREGARDING STOP SIGN,UNABLE TO DETERMINE,8260,S,MICHIGAN AVE,631.0,1,NO INDICATION OF INJURY,0.0,0.0,0.0,0.0,0.0,2.0,0.0,13,6,4,41.74379512,-87.621334608,POINT (-87.621334608157 41.743795119528),2021,790
O1042314,DRIVER,dfc8828b9bb4e0bd92980841c0fcdf3239fc8d6195136ce3aee7fd6bfa1f8c804f9cf8d8a3461f39f256d5abba90b4292e0f7b325992de679b4f106b13615afb,JE141561,988102.0,02/14/2021 01:00:00 PM,CHICAGO,IL,60620,F,26.0,SAFETY BELT USED,NOT APPLICABLE,NONE,NO INDICATION OF INJURY,NONE,NOT OBSCURED,NORMAL,TEST NOT OFFERED,2021,JE141561,02/14/2021 01:00:00 PM,30,TRAFFIC SIGNAL,FUNCTIONING PROPERLY,CLEAR,DAYLIGHT,TURNING,FOUR WAY,STRAIGHT AND LEVEL,DRY,NO DEFECTS,NOT ON SCENE (DESK REPORT),NO INJURY / DRIVE AWAY,Y,Y,"OVER $1,500",02/14/2021 01:30:00 PM,UNABLE TO DETERMINE,UNABLE TO DETERMINE,7900,S,HALSTED ST,621.0,3,NO INDICATION OF INJURY,0.0,0.0,0.0,0.0,0.0,4.0,0.0,13,1,2,41.750549559,-87.64418836799999,POINT (-87.644188367841 41.750549559439),2021,780
O1087538,DRIVER,3cd264cad4789ca680b188b84179ff035faad857a901e5f3832292faf94655ca43aa22e44c6f1740ab8b6f2531d7330fec0d2932aa1516bdda0325718a0ce4e3,JE217481,1031457.0,05/02/2021 07:20:00 PM,CHICAGO,IL,60628,F,25.0,USAGE UNKNOWN,DEPLOYMENT UNKNOWN,UNKNOWN,NO INDICATION OF INJURY,UNKNOWN,UNKNOWN,NORMAL,TEST NOT OFFERED,2021,JE217481,05/02/2021 07:20:00 PM,30,TRAFFIC SIGNAL,UNKNOWN,CLEAR,DAYLIGHT,REAR END,FOUR WAY,STRAIGHT AND LEVEL,DRY,UNKNOWN,ON SCENE,NO INJURY / DRIVE AWAY,Y,Y,"$501 - $1,500",05/02/2021 07:25:00 PM,UNABLE TO DETERMINE,UNABLE TO DETERMINE,400,E,103RD ST,511.0,2,NO INDICATION OF INJURY,0.0,0.0,0.0,0.0,0.0,2.0,0.0,19,1,5,41.707426176,-87.613709905,POINT (-87.613709904884 41.707426175545),2021,1160
O1080899,DRIVER,e24c7374f3d00b005874687cd2a43142b88a0cd3278e3f5ca2c3c41b826660545c737c48c14c6cd7715a1ea018fffe3ad1ebbea5e06c121cfb39796c2c90a62b,JE206816,1025150.0,04/18/2021 12:00:00 PM,CHICAGO,IL,60628,F,50.0,USAGE UNKNOWN,NOT APPLICABLE,NONE,NO INDICATION OF INJURY,UNKNOWN,UNKNOWN,UNKNOWN,TEST NOT OFFERED,2021,JE206816,04/18/2021 12:00:00 PM,30,UNKNOWN,NO CONTROLS,UNKNOWN,UNKNOWN,TURNING,T-INTERSECTION,STRAIGHT AND LEVEL,UNKNOWN,UNKNOWN,NOT ON SCENE (DESK REPORT),NO INJURY / DRIVE AWAY,Y,Y,"OVER $1,500",04/22/2021 03:40:00 PM,NOT APPLICABLE,NOT APPLICABLE,598,W,124TH ST,523.0,2,NO INDICATION OF INJURY,0.0,0.0,0.0,0.0,0.0,2.0,0.0,12,1,4,41.668887602,-87.63673434100001,POINT (-87.636734341049 41.66888760185),2021,720
O1035384,DRIVER,a118ad97e147fb7af958a3bb65df4e47e2f7e9ebbd7b65f646b021799fdbfdbd6fa0e4ce688d4383db572cae95f843c55e0e29bce1ea7535e4969cc6279b4b2f,JE132026,981405.0,02/04/2021 08:50:00 AM,CHICAGO,IL,60621,F,73.0,USAGE UNKNOWN,NOT APPLICABLE,NONE,NO INDICATION OF INJURY,NONE,NOT OBSCURED,NORMAL,TEST NOT OFFERED,2021,JE132026,02/04/2021 08:50:00 AM,35,TRAFFIC SIGNAL,FUNCTIONING PROPERLY,CLOUDY/OVERCAST,DAYLIGHT,REAR END,FOUR WAY,STRAIGHT AND LEVEL,DRY,NO DEFECTS,NOT ON SCENE (DESK REPORT),NO INJURY / DRIVE AWAY,N,Y,"OVER $1,500",02/04/2021 09:10:00 AM,FOLLOWING TOO CLOSELY,FOLLOWING TOO CLOSELY,6900,S,RACINE AVE,734.0,2,NO INDICATION OF INJURY,0.0,0.0,0.0,0.0,0.0,2.0,0.0,8,5,2,41.76859881,-87.654354405,POINT (-87.654354404608 41.768598809778),2021,530
O1035619,DRIVER,07a38f65853890301777900d02fb3d1ed31c916b9c2b69b87a58e792d4607e4244f8153dd2cfecfc8e913ed6d13b010777f5166377a616d2d3879713d2f04568,JE132369,981617.0,02/04/2021 01:30:00 PM,CHICAGO,IL,60614,M,39.0,USAGE UNKNOWN,DID NOT DEPLOY,NONE,NO INDICATION OF INJURY,NONE,UNKNOWN,NORMAL,TEST NOT OFFERED,2021,JE132369,02/04/2021 01:30:00 PM,30,TRAFFIC SIGNAL,FUNCTIONING PROPERLY,SNOW,DAYLIGHT,REAR END,NOT DIVIDED,STRAIGHT AND LEVEL,SNOW OR SLUSH,NO DEFECTS,ON SCENE,NO INJURY / DRIVE AWAY,Y,Y,"OVER $1,500",02/04/2021 01:57:00 PM,FOLLOWING TOO CLOSELY,UNABLE TO DETERMINE,1858,W,DIVERSEY PKWY,1931.0,2,NO INDICATION OF INJURY,0.0,0.0,0.0,0.0,0.0,2.0,0.0,13,5,2,41.932426103000005,-87.675641682,POINT (-87.675641681858 41.932426103397),2021,810
O1022555,DRIVER,5121a019a3d21dfdf8eff8dfef946fe8b5cfbaa5a783c1bbec436cb6b1de80d989032ba917a962c40ebb0b5ab1f4ae7bdb7907c94f94324022938467ff70c213,JE108976,969202.0,01/10/2021 03:37:00 PM,CHICAGO,IL,60644,M,26.0,SAFETY BELT USED,NOT APPLICABLE,NONE,NO INDICATION OF INJURY,NONE,NOT OBSCURED,NORMAL,TEST NOT OFFERED,2021,JE108976,01/10/2021 03:37:00 PM,30,TRAFFIC SIGNAL,FUNCTIONING PROPERLY,CLEAR,DAYLIGHT,REAR END,NOT DIVIDED,STRAIGHT AND LEVEL,DRY,UNKNOWN,ON SCENE,NO INJURY / DRIVE AWAY,Y,Y,"$501 - $1,500",01/10/2021 04:03:00 PM,FOLLOWING TOO CLOSELY,NOT APPLICABLE,700,S,KOSTNER AVE,1131.0,2,NO INDICATION OF INJURY,0.0,0.0,0.0,0.0,0.0,5.0,0.0,15,1,1,41.872390511,-87.735331628,POINT (-87.735331627618 41.872390511334),2021,937
O1110137,DRIVER,e650939e717c8117a63aa72b496133dc7f1437ae88a4dd61d088c7b31c06c571e2342cf013687db9c504d63446aaa77069d14ae3c5a3c439e50825c7b40fc0ea,JE253861,1053114.0,06/04/2021 05:55:00 PM,CHICAGO,IL,60629,F,27.0,SAFETY BELT USED,DID NOT DEPLOY,NONE,NO INDICATION OF INJURY,NONE,NOT OBSCURED,NORMAL,TEST NOT OFFERED,2021,JE253861,06/04/2021 05:55:00 PM,30,NO CONTROLS,NO CONTROLS,CLEAR,DAYLIGHT,ANGLE,FOUR WAY,STRAIGHT AND LEVEL,DRY,NO DEFECTS,ON SCENE,INJURY AND / OR TOW DUE TO CRASH,Y,Y,"OVER $1,500",06/04/2021 05:57:00 PM,FAILING TO YIELD RIGHT-OF-WAY,UNABLE TO DETERMINE,2458,W,63RD ST,825.0,3,NO INDICATION OF INJURY,0.0,0.0,0.0,0.0,0.0,2.0,0.0,17,6,6,41.779334058,-87.686033798,POINT (-87.686033797748 41.779334058009),2021,1075
O1249243,DRIVER,21b0b85528ae5418a2dfaf9af7162fd278f2b0d648be3b788d80c395c3f47a4ee999151e893a305326a22614646e5e75cbe152dcaa93d2ed8cc2807df8e77bf6,JE482818,1185741.0,12/19/2021 03:07:00 PM,CHICAGO,IL,60624,F,61.0,SAFETY BELT USED,NOT APPLICABLE,NONE,NO INDICATION OF INJURY,NONE,NOT OBSCURED,NORMAL,TEST NOT OFFERED,2021,JE482818,12/19/2021 03:07:00 PM,30,NO CONTROLS,NO CONTROLS,CLEAR,DAYLIGHT,SIDESWIPE SAME DIRECTION,DIVIDED - W/MEDIAN BARRIER,STRAIGHT AND LEVEL,DRY,NO DEFECTS,ON SCENE,INJURY AND / OR TOW DUE TO CRASH,N,Y,"OVER $1,500",12/19/2021 03:15:00 PM,FOLLOWING TOO CLOSELY,NOT APPLICABLE,2715,W,NORTH AVE,1423.0,2,NO INDICATION OF INJURY,0.0,0.0,0.0,0.0,0.0,2.0,0.0,15,1,12,41.91012685,-87.69514864899999,POINT (-87.695148649035 41.910126850066),2021,907
O1021411,DRIVER,448bf00c0accec38899b78f5d22e71628c9253b921a3367cd4ee5ade4a98c950ef21e123d1ab7b20d1d45e8b91161a12bc1e1abc1b7a14755c91709e99093a7d,JE106745,968137.0,01/08/2021 11:00:00 AM,CHICAGO,IL,60609,M,26.0,SAFETY BELT USED,DID NOT DEPLOY,NONE,NO INDICATION OF INJURY,NONE,UNKNOWN,UNKNOWN,TEST NOT OFFERED,2021,JE106745,01/08/2021 11:00:00 AM,30,UNKNOWN,UNKNOWN,CLEAR,DAYLIGHT,REAR END,DIVIDED - W/MEDIAN BARRIER,STRAIGHT AND LEVEL,DRY,UNKNOWN,ON SCENE,INJURY AND / OR TOW DUE TO CRASH,Y,Y,"OVER $1,500",01/08/2021 11:05:00 AM,"OPERATING VEHICLE IN ERRATIC, RECKLESS, CARELESS, NEGLIGENT OR AGGRESSIVE MANNER",RELATED TO BUS STOP,8700,S,HOLLAND RD,634.0,4,NO INDICATION OF INJURY,0.0,0.0,0.0,0.0,0.0,4.0,0.0,11,6,1,41.735867265,-87.632794801,POINT (-87.632794801154 41.735867264645),2021,660
O1040515,DRIVER,a8c5ae8a27113541c6881088ba8b3fb1af685a3500f3187efb3764af4a7830c2a595db3fa477e3e809f57be7e954f85f4143a9a20ac85e67ac74099d70eb3bc5,JE138990,986351.0,02/11/2021 03:15:00 PM,CHICAGO,IL,60621,F,25.0,SAFETY BELT USED,DID NOT DEPLOY,NONE,NO INDICATION OF INJURY,NONE,NOT OBSCURED,NORMAL,TEST NOT OFFERED,2021,JE138990,02/11/2021 03:15:00 PM,30,TRAFFIC SIGNAL,FUNCTIONING PROPERLY,CLEAR,DAYLIGHT,REAR END,FOUR WAY,STRAIGHT AND LEVEL,DRY,NO DEFECTS,NOT ON SCENE (DESK REPORT),NO INJURY / DRIVE AWAY,Y,Y,"$501 - $1,500",02/11/2021 04:00:00 PM,FAILING TO REDUCE SPEED TO AVOID CRASH,UNABLE TO DETERMINE,7900,S,VINCENNES AVE,621.0,2,NO INDICATION OF INJURY,0.0,0.0,0.0,0.0,0.0,5.0,0.0,15,5,2,41.750750387,-87.634384345,POINT (-87.634384345423 41.750750386696),2021,915
O1104424,DRIVER,0a59736232c3b68513304a8fd6610e1a192cb9ae68084d890affa97eea8a15a74a525404b9881fed17b8b580627e89871a5de9a9eace85d01d1638392de47381,JE244933,1047639.0,05/27/2021 04:00:00 PM,ELMWOOD PARK,IL,60707,F,47.0,SAFETY BELT USED,DID NOT DEPLOY,NONE,NO INDICATION OF INJURY,NONE,NOT OBSCURED,NORMAL,TEST NOT OFFERED,2021,JE244933,05/27/2021 04:00:00 PM,30,STOP SIGN/FLASHER,FUNCTIONING PROPERLY,RAIN,DAYLIGHT,ANGLE,UNKNOWN INTERSECTION TYPE,STRAIGHT AND LEVEL,WET,NO DEFECTS,ON SCENE,INJURY AND / OR TOW DUE TO CRASH,Y,Y,"OVER $1,500",05/27/2021 04:02:00 PM,FAILING TO YIELD RIGHT-OF-WAY,NOT APPLICABLE,3400,N,NOTTINGHAM AVE,1632.0,2,NO INDICATION OF INJURY,0.0,0.0,0.0,0.0,0.0,3.0,0.0,16,5,5,41.941760046999995,-87.804554148,POINT (-87.804554148489 41.941760047192),2021,960
O1108533,DRIVER,966c42063a01f74e32cdd9006fd1ad4f3c7a9a5a3deed846d8b61fe8ce1e9cfd2a1cd9b790b4c5ebbbe5ec682e984404e7e708e4de1a38613ecf44abb770262a,JE251397,1051562.0,06/02/2021 05:10:00 PM,CHICAGO,IL,60647,M,55.0,SAFETY BELT USED,DID NOT DEPLOY,NONE,NO INDICATION OF INJURY,NONE,NOT OBSCURED,NORMAL,TEST NOT OFFERED,2021,JE251397,06/02/2021 05:10:00 PM,30,TRAFFIC SIGNAL,FUNCTIONING PROPERLY,CLEAR,DAYLIGHT,ANGLE,NOT DIVIDED,STRAIGHT AND LEVEL,DRY,NO DEFECTS,ON SCENE,NO INJURY / DRIVE AWAY,Y,Y,"$501 - $1,500",06/02/2021 05:15:00 PM,IMPROPER BACKING,NOT APPLICABLE,1528,W,CORTLAND ST,1433.0,2,NO INDICATION OF INJURY,0.0,0.0,0.0,0.0,0.0,4.0,0.0,17,4,6,41.916571158,-87.66640271799999,POINT (-87.66640271792 41.91657115812),2021,1030
O1085873,DRIVER,35652235386720aba4c01b5b50da0887f39d867c81182b167c45171a3d819618bc362f4dd74b64e4890e1f391309292a357ef2a0d14ce2889e27937bf8b6a282,JE215046,1029856.0,04/30/2021 10:57:00 AM,CHICAGO,IL,60624,F,31.0,SAFETY BELT USED,DID NOT DEPLOY,NONE,NO INDICATION OF INJURY,NONE,NOT OBSCURED,NORMAL,TEST NOT OFFERED,2021,JE215046,04/30/2021 10:57:00 AM,20,STOP SIGN/FLASHER,FUNCTIONING PROPERLY,CLEAR,DAYLIGHT,ANGLE,NOT DIVIDED,STRAIGHT AND LEVEL,DRY,NO DEFECTS,NOT ON SCENE (DESK REPORT),NO INJURY / DRIVE AWAY,Y,Y,"$501 - $1,500",04/30/2021 02:45:00 PM,DRIVING ON WRONG SIDE/WRONG WAY,NOT APPLICABLE,4701,W,JACKSON BLVD,1131.0,2,NO INDICATION OF INJURY,0.0,0.0,0.0,0.0,0.0,2.0,0.0,10,6,4,41.87676432,-87.742816514,POINT (-87.742816514224 41.87676431967),2021,657
O1112497,DRIVER,304a5457c6b89212ca42d331ad6b2a3e9602cba123c4c624acf0f78e28aced94bce46ac3e90901d00ca3dd5c19e6f9d7fae4057ed583883a42846a097b82df6d,JE257515,1055347.0,06/07/2021 04:14:00 PM,WESTCHESTER,IL,60154,M,63.0,SHOULD/LAP BELT USED IMPROPERLY,NOT APPLICABLE,NONE,NO INDICATION OF INJURY,NONE,UNKNOWN,NORMAL,TEST NOT OFFERED,2021,JE257515,06/07/2021 04:14:00 PM,30,STOP SIGN/FLASHER,NO CONTROLS,CLEAR,DUSK,SIDESWIPE SAME DIRECTION,ONE-WAY,STRAIGHT AND LEVEL,DRY,NO DEFECTS,NOT ON SCENE (DESK REPORT),NO INJURY / DRIVE AWAY,Y,Y,"$501 - $1,500",06/07/2021 06:30:00 PM,IMPROPER OVERTAKING/PASSING,UNABLE TO DETERMINE,70,W,LOWER WACKER DR,111.0,2,NO INDICATION OF INJURY,0.0,0.0,0.0,0.0,0.0,4.0,0.0,16,2,6,41.887069837,-87.630591328,POINT (-87.630591328032 41.887069836764),2021,974
O1230222,DRIVER,013c57f28e793922ebf69410a6931c00984e1d41e93c44cea70f451c84fc5f9b16465971406b85459dc91946a85b7a209dc19896bbdd247b76863d69e9875369,JE450463,1168576.0,11/19/2021 01:50:00 PM,CHICAGO,IL,60617,M,77.0,SAFETY BELT USED,DID NOT DEPLOY,NONE,NO INDICATION OF INJURY,NONE,NOT OBSCURED,NORMAL,TEST NOT OFFERED,2021,JE450463,11/19/2021 01:50:00 PM,30,STOP SIGN/FLASHER,FUNCTIONING PROPERLY,CLEAR,DAYLIGHT,TURNING,FOUR WAY,STRAIGHT AND LEVEL,DRY,NO DEFECTS,ON SCENE,NO INJURY / DRIVE AWAY,Y,Y,"OVER $1,500",11/19/2021 02:07:00 PM,DISREGARDING STOP SIGN,NOT APPLICABLE,1600,E,83RD PL,412.0,2,NO INDICATION OF INJURY,0.0,0.0,0.0,0.0,0.0,2.0,0.0,13,6,11,41.74340729,-87.585241889,POINT (-87.58524188905 41.743407289546),2021,830
O1112934,DRIVER,55f76f181a1b7ba84759c652a4bd4b1bda3d2c45532d0bcbf6a36dc20637e4030447e51b829b284b12bad11e59cb559f583c54d1bde39232e67d28a099c4b873,JE258344,1055780.0,06/08/2021 12:45:00 PM,CHICAGO,IL,60601,F,30.0,SAFETY BELT USED,DID NOT DEPLOY,NONE,NO INDICATION OF INJURY,NONE,NOT OBSCURED,NORMAL,TEST NOT OFFERED,2021,JE258344,06/08/2021 12:45:00 PM,30,TRAFFIC SIGNAL,FUNCTIONING PROPERLY,CLEAR,DAYLIGHT,SIDESWIPE SAME DIRECTION,DIVIDED - W/MEDIAN BARRIER,STRAIGHT AND LEVEL,DRY,NO DEFECTS,NOT ON SCENE (DESK REPORT),NO INJURY / DRIVE AWAY,Y,Y,"$501 - $1,500",06/08/2021 01:30:00 PM,IMPROPER LANE USAGE,IMPROPER LANE USAGE,1400,S,MICHIGAN AVE,131.0,2,NO INDICATION OF INJURY,0.0,0.0,0.0,0.0,0.0,2.0,0.0,12,3,6,41.864001544000004,-87.624225729,POINT (-87.62422572914 41.86400154355),2021,765
O1091570,DRIVER,ca26f82d94fa276cf5960da48ae13ab95694a8cc7a382bd6f5eae2e8de42c7cb554ec58a9db450c57463d2c7c095680d8d20a671bebf365dbe6689901bbde6ab,JE223974,1035322.0,05/08/2021 06:30:00 PM,CHICAGO,IL,60615,F,20.0,SAFETY BELT USED,DID NOT DEPLOY,NONE,NO INDICATION OF INJURY,NONE,NOT OBSCURED,NORMAL,TEST NOT OFFERED,2021,JE223974,05/08/2021 06:30:00 PM,30,TRAFFIC SIGNAL,FUNCTIONING PROPERLY,CLEAR,DAYLIGHT,TURNING,FOUR WAY,STRAIGHT ON GRADE,DRY,NO DEFECTS,NOT ON SCENE (DESK REPORT),NO INJURY / DRIVE AWAY,Y,Y,"OVER $1,500",05/08/2021 07:00:00 PM,IMPROPER TURNING/NO SIGNAL,NOT APPLICABLE,9500,S,RACINE AVE,2213.0,2,NO INDICATION OF INJURY,0.0,0.0,0.0,0.0,0.0,2.0,0.0,18,7,5,41.721282977,-87.653092394,POINT (-87.653092393511 41.721282977314),2021,1110
O1026664,DRIVER,a254fda0288de1cc4cf0095c1cd1bfd92ae6b25cf7a5fe456ba1a0a22ba89e5e4322c887245510371646725f03dd55caee4b9b514078567db2d487da2a575ac5,JE116520,973068.0,01/18/2021 05:58:00 PM,ALSIP,IL,60803,F,26.0,SAFETY BELT USED,NOT APPLICABLE,NONE,NO INDICATION OF INJURY,NONE,UNKNOWN,NORMAL,TEST NOT OFFERED,2021,JE116520,01/18/2021 05:58:00 PM,30,NO CONTROLS,NO CONTROLS,CLEAR,"DARKNESS, LIGHTED ROAD",SIDESWIPE SAME DIRECTION,PARKING LOT,STRAIGHT AND LEVEL,DRY,NO DEFECTS,NOT ON SCENE (DESK REPORT),NO INJURY / DRIVE AWAY,Y,Y,"OVER $1,500",01/18/2021 06:25:00 PM,NOT APPLICABLE,UNABLE TO DETERMINE,11100,S,CORLISS AVE,531.0,2,NO INDICATION OF INJURY,0.0,0.0,0.0,0.0,0.0,2.0,0.0,17,2,1,41.692860476999996,-87.600741875,POINT (-87.600741875224 41.692860477189),2021,1078
O1157543,DRIVER,aac4a54f2e927aab984966d4b194eb9a4d03a54f42eb146dcb284c3c75ac91c52021378b782072e7e88795495921377222101fc41c7b05eed5e0901b385fa693,JE330565,1098037.0,08/07/2021 10:30:00 AM,CHICAGO,IL,60628,F,38.0,USAGE UNKNOWN,NOT APPLICABLE,NONE,NO INDICATION OF INJURY,NONE,NOT OBSCURED,NORMAL,TEST NOT OFFERED,2021,JE330565,08/07/2021 10:30:00 AM,35,TRAFFIC SIGNAL,FUNCTIONING PROPERLY,CLEAR,DAYLIGHT,REAR END,FOUR WAY,STRAIGHT AND LEVEL,DRY,NO DEFECTS,NOT ON SCENE (DESK REPORT),NO INJURY / DRIVE AWAY,Y,Y,"OVER $1,500",08/08/2021 02:20:00 PM,FOLLOWING TOO CLOSELY,NOT APPLICABLE,9500,S,VINCENNES AVE,2213.0,2,NO INDICATION OF INJURY,0.0,0.0,0.0,0.0,0.0,3.0,0.0,10,7,8,41.721345885,-87.65079633399999,POINT (-87.650796333578 41.721345885031),2021,630
O1020669,DRIVER,4faebed4cc1d1688c67788a5e06f08b3adc3f1231832b5b854f3165195d20df01e5f311988a4b87fe1355aec872ff5a971d0dbf3ab3fad42bcb20a46b158bef7,JD105274,967414.0,01/06/2021 05:09:00 PM,HAMMOND,IN,46323,M,55.0,SAFETY BELT USED,NOT APPLICABLE,NONE,NO INDICATION OF INJURY,NONE,NOT OBSCURED,NORMAL,TEST NOT OFFERED,2021,JD105274,01/06/2021 05:09:00 PM,30,TRAFFIC SIGNAL,FUNCTIONING PROPERLY,CLEAR,DAYLIGHT,REAR END,NOT DIVIDED,STRAIGHT AND LEVEL,DRY,NO DEFECTS,ON SCENE,INJURY AND / OR TOW DUE TO CRASH,Y,Y,"OVER $1,500",01/06/2021 05:09:00 PM,IMPROPER BACKING,NOT APPLICABLE,526,E,83RD ST,631.0,3,NO INDICATION OF INJURY,0.0,0.0,0.0,0.0,0.0,3.0,0.0,17,4,1,41.743980840999996,-87.611113192,POINT (-87.611113192176 41.743980840966),2021,1029
O1148862,DRIVER,a9ac5fe0fe7f994f9e385420e1dfcb56fb42643a3ea87c79e3b9e8cdc11914fedb754e404f23ebe2d400b96a59d7ad51db9e1b4da61db552e0c450058762d222,JE316254,1089772.0,07/27/2021 03:51:00 PM,CHICAGO,IL,60644,M,27.0,SAFETY BELT USED,DID NOT DEPLOY,NONE,NO INDICATION OF INJURY,NONE,NOT OBSCURED,NORMAL,TEST NOT OFFERED,2021,JE316254,07/27/2021 03:51:00 PM,30,STOP SIGN/FLASHER,NO CONTROLS,CLEAR,DAYLIGHT,ANGLE,FOUR WAY,STRAIGHT AND LEVEL,DRY,NO DEFECTS,ON SCENE,INJURY AND / OR TOW DUE TO CRASH,Y,Y,"OVER $1,500",07/27/2021 04:02:00 PM,DISREGARDING STOP SIGN,DISTRACTION - FROM INSIDE VEHICLE,141,N,CICERO AVE,1113.0,2,NO INDICATION OF INJURY,0.0,0.0,0.0,0.0,0.0,3.0,0.0,15,3,7,41.883067382,-87.745226504,POINT (-87.745226503578 41.883067382335),2021,951
O1208720,DRIVER,0ddc10c8570603f44fa83d10ba3e80ce286814ff4531cd82959bf921210990e666e4236bb2bead61a3bada8010aa27b547920f768ab30c7335418266d8ba52af,JE415456,1146872.0,10/19/2021 04:30:00 PM,CHICAGO,IL,60619,M,19.0,USAGE UNKNOWN,DID NOT DEPLOY,NONE,NONINCAPACITATING INJURY,NONE,NOT OBSCURED,NORMAL,TEST NOT OFFERED,2021,JE415456,10/19/2021 04:30:00 PM,30,TRAFFIC SIGNAL,UNKNOWN,CLEAR,DUSK,SIDESWIPE SAME DIRECTION,NOT DIVIDED,STRAIGHT AND LEVEL,DRY,UNKNOWN,NOT ON SCENE (DESK REPORT),INJURY AND / OR TOW DUE TO CRASH,N,Y,"OVER $1,500",10/19/2021 05:30:00 PM,FOLLOWING TOO CLOSELY,NOT APPLICABLE,1,S,KEDZIE AVE,1124.0,3,NONINCAPACITATING INJURY,2.0,0.0,0.0,2.0,0.0,2.0,0.0,16,3,10,41.880908803000004,-87.705974079,POINT (-87.705974079243 41.880908803496),2021,990
O1025755,DRIVER,573666c760fc8c9b68a04cf220e42812396e4a4859617974b7a478a94bcefbdc10c0bbf94c2b64711c3b4f2fdc0fef8af9caf80ac5866104bbaca0081102e0ee,JE114843,972192.0,01/16/2021 05:30:00 PM,WOODSTOCK,IL,60098,M,64.0,SAFETY BELT USED,DID NOT DEPLOY,NONE,NO INDICATION OF INJURY,NONE,NOT OBSCURED,NORMAL,TEST NOT OFFERED,2021,JE114843,01/16/2021 05:30:00 PM,30,TRAFFIC SIGNAL,FUNCTIONING PROPERLY,CLEAR,"DARKNESS, LIGHTED ROAD",REAR END,DIVIDED - W/MEDIAN (NOT RAISED),STRAIGHT AND LEVEL,DRY,NO DEFECTS,NOT ON SCENE (DESK REPORT),NO INJURY / DRIVE AWAY,Y,Y,"OVER $1,500",01/16/2021 06:50:00 PM,FOLLOWING TOO CLOSELY,NOT APPLICABLE,4455,W,LAWRENCE AVE,1722.0,3,NO INDICATION OF INJURY,0.0,0.0,0.0,0.0,0.0,6.0,0.0,17,7,1,41.967998404,-87.740111793,POINT (-87.740111793258 41.967998404461),2021,1050