PERSON_ID,PERSON_TYPE,CRASH_RECORD_ID,RD_NO_x,VEHICLE_ID,CRASH_DATE_x,CITY,STATE,ZIPCODE,SEX,AGE,SAFETY_EQUIPMENT,AIRBAG_DEPLOYED,EJECTION,INJURY_CLASSIFICATION,DRIVER_ACTION,DRIVER_VISION,PHYSICAL_CONDITION,BAC_RESULT,CRASH_YEAR_x,RD_NO_y,CRASH_DATE_y,POSTED_SPEED_LIMIT,TRAFFIC_CONTROL_DEVICE,DEVICE_CONDITION,WEATHER_CONDITION,LIGHTING_CONDITION,FIRST_CRASH_TYPE,TRAFFICWAY_TYPE,ALIGNMENT,ROADWAY_SURFACE_COND,ROAD_DEFECT,REPORT_TYPE,CRASH_TYPE,INTERSECTION_RELATED_I,HIT_AND_RUN_I,DAMAGE,DATE_POLICE_NOTIFIED,PRIM_CONTRIBUTORY_CAUSE,SEC_CONTRIBUTORY_CAUSE,STREET_NO,STREET_DIRECTION,STREET_NAME,BEAT_OF_OCCURRENCE,NUM_UNITS,MOST_SEVERE_INJURY,INJURIES_TOTAL,INJURIES_FATAL,INJURIES_INCAPACITATING,INJURIES_NON_INCAPACITATING,INJURIES_REPORTED_NOT_EVIDENT,INJURIES_NO_INDICATION,INJURIES_UNKNOWN,CRASH_HOUR,CRASH_DAY_OF_WEEK,CRASH_MONTH,LATITUDE,LONGITUDE,LOCATION,CRASH_YEAR_y,TIME
O1115032,DRIVER,63208938030c6495f1758049a5f7528029fae51f297d874bb72abd968de2d154b5266b4193220f301084fb7b3864c3aa46b9948ba225a8b2484ed12700f4170b,JE261580,1057670.0,06/10/2021 03:30:00 PM,CHICAGO,IL,60629,M,25.0,NONE PRESENT,NOT APPLICABLE,NONE,NO INDICATION OF INJURY,NONE,NOT OBSCURED,NORMAL,TEST NOT OFFERED,2021,JE261580,06/10/2021 03:30:00 PM,30,TRAFFIC SIGNAL,NO CONTROLS,CLEAR,DAYLIGHT,SIDESWIPE OPPOSITE DIRECTION,DIVIDED - W/MEDIAN BARRIER,STRAIGHT AND LEVEL,DRY,NO DEFECTS,NOT ON SCENE (DESK REPORT),NO INJURY / DRIVE AWAY,Y,Y,"$501 - $1,500",06/11/2021 02:05:00 AM,IMPROPER OVERTAKING/PASSING,NOT APPLICABLE,5133,W,NORTH AVE,2533.0,2,NO INDICATION OF INJURY,0.0,0.0,0.0,0.0,0.0,2.0,0.0,15,5,6,41.909404663000004,-87.75476387399999,POINT (-87.754763873627 41.909404662966),2021,930
O1057563,DRIVER,f09be30babe17fa3e8dbb5ae07258583e53db48c2bd51b104f4100072336e866432616b3df8eed5f615c12d1bef8147b5c3866dc9c2d820531c1418b38eeed0c,JE167191,1002849.0,03/12/2021 05:10:00 PM,NEW LENOX,IL,60451,M,72.0,SAFETY BELT USED,DID NOT DEPLOY,NONE,NO INDICATION OF INJURY,NONE,NOT OBSCURED,NORMAL,TEST NOT OFFERED,2021,JE167191,03/12/2021 05:10:00 PM,30,TRAFFIC SIGNAL,FUNCTIONING PROPERLY,CLEAR,DAYLIGHT,TURNING,CENTER TURN LANE,STRAIGHT AND LEVEL,DRY,NO DEFECTS,NOT ON SCENE (DESK REPORT),NO INJURY / DRIVE AWAY,Y,Y,"OVER $1,500",03/12/2021 05:45:00 PM,IMPROPER TURNING/NO SIGNAL,UNABLE TO DETERMINE,600,S,MORGAN ST,1232.0,2,NO INDICATION OF INJURY,0.0,0.0,0.0,0.0,0.0,3.0,0.0,17,6,3,41.874300446,-87.651955768,POINT (-87.651955767943 41.874300446395),2021,1030
O1099812,DRIVER,3a3149851f6125392efedb2548aabb1dc77800dd1b64aa03b786f03e391896f7059c40ad71b36488192bdee07fd58da47da8cf89e899da5365cb6c1744cfb57f,JE237672,1043213.0,05/21/2021 03:00:00 PM,CALUMET CITY,IL,60409,F,46.0,USAGE UNKNOWN,DID NOT DEPLOY,NONE,NO INDICATION OF INJURY,OTHER,UNKNOWN,NORMAL,TEST NOT OFFERED,2021,JE237672,05/21/2021 03:00:00 PM,30,NO CONTROLS,NO CONTROLS,UNKNOWN,UNKNOWN,TURNING,OTHER,STRAIGHT AND LEVEL,UNKNOWN,UNKNOWN,NOT ON SCENE (DESK REPORT),NO INJURY / DRIVE AWAY,Y,Y,$500 OR LESS,05/21/2021 03:35:00 PM,UNABLE TO DETERMINE,UNABLE TO DETERMINE,2800,W,54TH ST,923.0,2,NO INDICATION OF INJURY,0.0,0.0,0.0,0.0,0.0,2.0,0.0,15,6,5,41.795624239,-87.693912869,POINT (-87.693912869177 41.795624238618),2021,900
O1126872,DRIVER,31f2a73a0115776d2fb5d76dee0ec6dca285b55e89540eb83cd38440b8928d6f1494beb9e31c458eea285d9444891c718e3e1b4e57a167a5f50d33d82d07ea42,JE280266,1068911.0,06/26/2021 02:00:00 PM,ALSIP,IL,60803,M,0.0,USAGE UNKNOWN,DID NOT DEPLOY,NONE,NO INDICATION OF INJURY,UNKNOWN,UNKNOWN,UNKNOWN,TEST NOT OFFERED,2021,JE280266,06/26/2021 02:00:00 PM,30,NO CONTROLS,NO CONTROLS,CLEAR,DAYLIGHT,REAR END,ONE-WAY,STRAIGHT AND LEVEL,DRY,NO DEFECTS,NOT ON SCENE (DESK REPORT),NO INJURY / DRIVE AWAY,Y,Y,$500 OR LESS,06/26/2021 02:55:00 PM,UNABLE TO DETERMINE,NOT APPLICABLE,250,W,47TH ST,925.0,2,NO INDICATION OF INJURY,0.0,0.0,0.0,0.0,0.0,2.0,0.0,14,7,6,41.809202235,-87.63286103,POINT (-87.632861029976 41.809202235112),2021,840
O1089608,DRIVER,298221dd7c2c30bf3d2b81b89f10d6d9470c542de6a42eaa66db2bec29845d6d53be50dbef0c8a43b7370461a5a2809783c81787bb8c96f48eb843147703ef89,JE220903,1033444.0,05/05/2021 07:11:00 PM,CHICAGO,IL,60623,F,25.0,USAGE UNKNOWN,DID NOT DEPLOY,NONE,NONINCAPACITATING INJURY,NONE,NOT OBSCURED,NORMAL,TEST NOT OFFERED,2021,JE220903,05/05/2021 07:11:00 PM,30,TRAFFIC SIGNAL,FUNCTIONING PROPERLY,CLEAR,DAYLIGHT,SIDESWIPE SAME DIRECTION,DIVIDED - W/MEDIAN BARRIER,STRAIGHT AND LEVEL,DRY,NO DEFECTS,ON SCENE,INJURY AND / OR TOW DUE TO CRASH,Y,N,"OVER $1,500",05/05/2021 07:12:00 PM,UNABLE TO DETERMINE,UNABLE TO DETERMINE,1142,S,INDEPENDENCE BLVD,1133.0,3,NONINCAPACITATING INJURY,2.0,0.0,0.0,2.0,0.0,1.0,0.0,19,4,5,41.866796345,-87.720285546,POINT (-87.720285546496 41.866796344818),2021,1151
O1097388,DRIVER,c895e3c26222fef3f44ef0219154a59a1faebef68d675be65b4ce5394641c1d5293aa23ad7e4eaa80953cd3451e86077b8bbbca40297d42ccec45b192740dbe3,JE233390,1040902.0,05/15/2021 05:00:00 PM,CHICAGO,IL,60620,F,28.0,SAFETY BELT USED,DID NOT DEPLOY,NONE,NO INDICATION OF INJURY,NONE,NOT OBSCURED,NORMAL,TEST NOT OFFERED,2021,JE233390,05/15/2021 05:00:00 PM,30,TRAFFIC SIGNAL,FUNCTIONING PROPERLY,CLEAR,DUSK,SIDESWIPE SAME DIRECTION,DIVIDED - W/MEDIAN (NOT RAISED),STRAIGHT AND LEVEL,DRY,NO DEFECTS,NOT ON SCENE (DESK REPORT),NO INJURY / DRIVE AWAY,Y,Y,$500 OR LESS,05/17/2021 06:35:00 PM,"OPERATING VEHICLE IN ERRATIC, RECKLESS, CARELESS, NEGLIGENT OR AGGRESSIVE MANNER",UNABLE TO DETERMINE,8700,S,STONY ISLAND AVE,412.0,2,NO INDICATION OF INJURY,0.0,0.0,0.0,0.0,0.0,3.0,0.0,17,7,5,41.73682263,-87.58578342,POINT (-87.585783420329 41.736822630157),2021,1020
O1115766,DRIVER,a0dab49b77dc2d83cc959f484d7ea154cddada6a4ccf1a8792ded17dcc2b72626730f9024fa1c07cbe91184f4f51fed3e95f7fdb52ebc8d2700c891b9d71762d,JE262632,1058369.0,06/11/2021 08:15:00 PM,CHICAGO,IL,60619,M,52.0,SAFETY BELT USED,NOT APPLICABLE,NONE,NO INDICATION OF INJURY,OTHER,NOT OBSCURED,NORMAL,TEST NOT OFFERED,2021,JE262632,06/11/2021 08:15:00 PM,35,TRAFFIC SIGNAL,FUNCTIONING PROPERLY,CLEAR,DUSK,REAR END,NOT DIVIDED,STRAIGHT AND LEVEL,DRY,NO DEFECTS,NOT ON SCENE (DESK REPORT),NO INJURY / DRIVE AWAY,Y,Y,"OVER $1,500",06/11/2021 09:30:00 PM,FOLLOWING TOO CLOSELY,UNABLE TO DETERMINE,732,E,79TH ST,624.0,2,NO INDICATION OF INJURY,0.0,0.0,0.0,0.0,0.0,2.0,0.0,20,6,6,41.751372935999996,-87.606387223,POINT (-87.606387223228 41.751372936107),2021,1215
O1046882,DRIVER,a6a148e3d8032b5f5c97661fd3c1491494afd8ce69ace08535267ed2a507e8ac60faf613bc179ce283b78a9fb570e6d07300b015e78c2e2c3107a058d1e20ca8,JE147612,992544.0,02/21/2021 06:00:00 AM,NILES,IL,60714,M,18.0,USAGE UNKNOWN,NOT APPLICABLE,NONE,NO INDICATION OF INJURY,TOO FAST FOR CONDITIONS,NOT OBSCURED,UNKNOWN,TEST REFUSED,2021,JE147612,02/21/2021 06:00:00 AM,30,TRAFFIC SIGNAL,FUNCTIONING PROPERLY,CLEAR,DAWN,ANGLE,FOUR WAY,STRAIGHT AND LEVEL,WET,NO DEFECTS,ON SCENE,INJURY AND / OR TOW DUE TO CRASH,Y,Y,"OVER $1,500",02/21/2021 06:07:00 AM,FAILING TO REDUCE SPEED TO AVOID CRASH,UNABLE TO DETERMINE,2898,W,DIVERSEY AVE,1411.0,2,NO INDICATION OF INJURY,0.0,0.0,0.0,0.0,0.0,2.0,0.0,6,1,2,41.932189471,-87.70001309999999,POINT (-87.700013100118 41.932189470978),2021,360
O1208997,DRIVER,f0553cc358024e96640167791b0277d8c43a6bbc3fd1961716a3bbede04fed8337101c128c35fe02b882a42cec0bdffe820dd8051e2c4dffa75448831962811e,JE415212,1147128.0,10/19/2021 02:20:00 PM,BUFFALO GROVE,IL,60089,M,42.0,USAGE UNKNOWN,DID NOT DEPLOY,NONE,NO INDICATION OF INJURY,NONE,NOT OBSCURED,NORMAL,TEST NOT OFFERED,2021,JE415212,10/19/2021 02:20:00 PM,30,TRAFFIC SIGNAL,FUNCTIONING PROPERLY,CLEAR,DAYLIGHT,SIDESWIPE SAME DIRECTION,T-INTERSECTION,STRAIGHT AND LEVEL,DRY,NO DEFECTS,ON SCENE,NO INJURY / DRIVE AWAY,Y,Y,"OVER $1,500",10/19/2021 02:30:00 PM,IMPROPER OVERTAKING/PASSING,IMPROPER OVERTAKING/PASSING,5806,N,BROADWAY,2013.0,2,NO INDICATION OF INJURY,0.0,0.0,0.0,0.0,0.0,2.0,0.0,14,3,10,41.987251476,-87.660328024,POINT (-87.660328024259 41.987251475632),2021,860
O1161062,DRIVER,77211e97c9fc3662807a1f3222d45ae9c7e0907461a95c0cb924fbec4a37ccd1f42ff6bb78f418023d547c7c26dbce36559a626a25e5d11729b6889bd3af9e55,JE336274,1101368.0,08/13/2021 03:30:00 PM,CHICAGO,IL,60827,M,29.0,USAGE UNKNOWN,NOT APPLICABLE,NONE,NO INDICATION OF INJURY,FOLLOWED TOO CLOSELY,UNKNOWN,NORMAL,TEST NOT OFFERED,2021,JE336274,08/13/2021 03:30:00 PM,30,NO CONTROLS,NO CONTROLS,CLEAR,DAYLIGHT,REAR END,FOUR WAY,STRAIGHT AND LEVEL,DRY,UNKNOWN,ON SCENE,NO INJURY / DRIVE AWAY,Y,Y,"OVER $1,500",08/13/2021 03:57:00 PM,FOLLOWING TOO CLOSELY,NOT APPLICABLE,1131,S,KOSTNER AVE,1131.0,2,NO INDICATION OF INJURY,0.0,0.0,0.0,0.0,0.0,2.0,0.0,15,6,8,41.86712393,-87.734854559,POINT (-87.73485455885 41.867123930174),2021,930
O1207416,DRIVER,ec73e17e88f2f4a6b1f2a689a430945402c22347cd46f64d393b851d6473f3352f67fe252da5ae19c51d528f1439c50d43b4b6dd91c5b36967990ae88156aedf,JE413244,1145670.0,10/16/2021 12:14:00 AM,HARVEY,IL,60426,F,0.0,SAFETY BELT NOT USED,"DEPLOYED, COMBINATION",NONE,NONINCAPACITATING INJURY,NONE,NOT OBSCURED,NORMAL,TEST NOT OFFERED,2021,JE413244,10/16/2021 12:14:00 AM,30,NO CONTROLS,NO CONTROLS,CLEAR,DARKNESS,ANGLE,NOT DIVIDED,STRAIGHT AND LEVEL,DRY,NO DEFECTS,NOT ON SCENE (DESK REPORT),INJURY AND / OR TOW DUE TO CRASH,N,Y,"OVER $1,500",10/17/2021 10:50:00 PM,UNABLE TO DETERMINE,UNABLE TO DETERMINE,10400,S,HALSTED ST,2233.0,2,NONINCAPACITATING INJURY,1.0,0.0,0.0,1.0,0.0,1.0,0.0,0,7,10,41.705001546,-87.64292093700001,POINT (-87.642920936522 41.705001545737),2021,14
O1051389,DRIVER,b940c1e8542556a6b6565f936f139789320e768a27bd40268b94578f2fddbae738198a1e43fbbbcfa2d020cdd81ca69729477be37dd79e16ef2b226b15ea1dd8,JE155224,996901.0,02/28/2021 03:43:00 PM,CHICAGO,IL,60617,M,58.0,SAFETY BELT USED,DID NOT DEPLOY,NONE,NO INDICATION OF INJURY,NONE,NOT OBSCURED,NORMAL,TEST NOT OFFERED,2021,JE155224,02/28/2021 03:43:00 PM,30,TRAFFIC SIGNAL,FUNCTIONING PROPERLY,CLOUDY/OVERCAST,DAYLIGHT,REAR END,FOUR WAY,STRAIGHT AND LEVEL,DRY,NO DEFECTS,NOT ON SCENE (DESK REPORT),NO INJURY / DRIVE AWAY,Y,N,"OVER $1,500",02/28/2021 04:45:00 PM,FAILING TO REDUCE SPEED TO AVOID CRASH,NOT APPLICABLE,1223,W,DIVISION ST,1213.0,2,NO INDICATION OF INJURY,0.0,0.0,0.0,0.0,0.0,2.0,0.0,15,1,2,41.903387876,-87.658309052,POINT (-87.658309051604 41.903387876415),2021,943
O1024121,DRIVER,d857bea1fa1712eb2f160f0fce69d50e4aff78b7d8f3ab03a0c63d67895951937ceb3b05560f6e92f3b49297bb8bdbd27ad1ad0f40432a58e5b09756801147be,JE112090,970623.0,01/13/2021 11:30:00 PM,PORTAGE,IN,84205,F,67.0,SAFETY BELT USED,NOT APPLICABLE,NONE,NO INDICATION OF INJURY,NONE,NOT OBSCURED,NORMAL,TEST NOT OFFERED,2021,JE112090,01/13/2021 11:30:00 PM,25,STOP SIGN/FLASHER,NO CONTROLS,CLEAR,"DARKNESS, LIGHTED ROAD",ANGLE,FOUR WAY,STRAIGHT AND LEVEL,DRY,NO DEFECTS,ON SCENE,NO INJURY / DRIVE AWAY,Y,N,"$501 - $1,500",01/13/2021 11:40:00 PM,DISREGARDING STOP SIGN,FAILING TO YIELD RIGHT-OF-WAY,9200,S,CLYDE AVE,413.0,2,NO INDICATION OF INJURY,0.0,0.0,0.0,0.0,0.0,4.0,0.0,23,4,1,41.727878098000005,-87.573206405,POINT (-87.57320640481 41.727878097849),2021,1410
O1209570,DRIVER,70aeceb8d4e5d4d31449ad464743f13cad66ceaa8edaa492c891976a388e998bdd7cfd04b7214b2e8a2f0cb9d0378c5c9bac336cab4553b73f18327ca67a5a8f,JE416705,1147674.0,10/20/2021 04:00:00 PM,CHICAGO,IL,60639,F,48.0,SAFETY BELT USED,DID NOT DEPLOY,NONE,NONINCAPACITATING INJURY,NONE,NOT OBSCURED,NORMAL,TEST NOT OFFERED,2021,JE416705,10/20/2021 04:00:00 PM,20,STOP SIGN/FLASHER,WORN REFLECTIVE MATERIAL,CLEAR,DAYLIGHT,REAR END,NOT DIVIDED,STRAIGHT AND LEVEL,DRY,NO DEFECTS,NOT ON SCENE (DESK REPORT),INJURY AND / OR TOW DUE TO CRASH,Y,N,"OVER $1,500",10/20/2021 05:00:00 PM,FOLLOWING TOO CLOSELY,NOT APPLICABLE,3958,W,AUGUSTA BLVD,1112.0,2,NONINCAPACITATING INJURY,2.0,0.0,0.0,2.0,0.0,2.0,0.0,16,4,10,41.899131519,-87.72613714200001,POINT (-87.726137142323 41.899131519351),2021,960
O1095777,DRIVER,3a963b71ba7bf26b51469be6461438d12827508f7c2975743f0cfd3c465f88e779fe99af4d1be4f7fad46f391d20bb377ec2a714700a51afa077ef23a28199bd,JE230623,1039348.0,05/15/2021 03:33:00 AM,CHICAGO,IL,60652,M,33.0,SAFETY BELT USED,"DEPLOYED, COMBINATION",NONE,NO INDICATION OF INJURY,NONE,NOT OBSCURED,NORMAL,TEST NOT OFFERED,2021,JE230623,05/15/2021 03:33:00 AM,30,TRAFFIC SIGNAL,FUNCTIONING PROPERLY,CLEAR,DARKNESS,TURNING,NOT DIVIDED,STRAIGHT AND LEVEL,DRY,NO DEFECTS,ON SCENE,INJURY AND / OR TOW DUE TO CRASH,Y,Y,"OVER $1,500",05/15/2021 03:51:00 AM,FAILING TO YIELD RIGHT-OF-WAY,NOT APPLICABLE,1000,N,STATE ST,1824.0,2,NO INDICATION OF INJURY,0.0,0.0,0.0,0.0,0.0,3.0,0.0,3,7,5,41.900597856,-87.628459869,POINT (-87.628459869002 41.900597856491),2021,213
O1090500,DRIVER,956b41fe5c3ca7dba5aaa68c727be21e801056ef66b931ecd6b115d18284a42c2f2ad641acfe8721351da2da1f0737d10ab631120a948ac14d5e47a8dd52af21,JE222395,1034298.0,05/07/2021 08:44:00 AM,CHICAGO,IL,60608,F,25.0,SAFETY BELT USED,NOT APPLICABLE,NONE,NO INDICATION OF INJURY,NONE,NOT OBSCURED,NORMAL,TEST NOT OFFERED,2021,JE222395,05/07/2021 08:44:00 AM,30,TRAFFIC SIGNAL,FUNCTIONING PROPERLY,RAIN,DAYLIGHT,REAR END,DIVIDED - W/MEDIAN (NOT RAISED),STRAIGHT AND LEVEL,UNKNOWN,NO DEFECTS,ON SCENE,NO INJURY / DRIVE AWAY,N,Y,"$501 - $1,500",05/07/2021 09:45:00 AM,UNABLE TO DETERMINE,NOT APPLICABLE,5,W,79TH ST,623.0,2,NO INDICATION OF INJURY,0.0,0.0,0.0,0.0,0.0,3.0,0.0,8,6,5,41.750839295,-87.624755435,POINT (-87.624755435029 41.750839295193),2021,524
O1081068,DRIVER,d55ead60505b2076531ddbb0c785c6a090def040159de1300390ace79147968d66cab68284e1a01b796ec4893b37c5aa3803c6e437b36a94fcac2ee58396adb0,JE207059,1025291.0,04/22/2021 06:00:00 PM,CHICAGO,IL,60609,F,26.0,SAFETY BELT USED,NOT APPLICABLE,NONE,NO INDICATION OF INJURY,NONE,NOT OBSCURED,NORMAL,TEST NOT OFFERED,2021,JE207059,04/22/2021 06:00:00 PM,30,TRAFFIC SIGNAL,FUNCTIONING PROPERLY,CLEAR,DUSK,TURNING,DIVIDED - W/MEDIAN BARRIER,STRAIGHT AND LEVEL,DRY,NO DEFECTS,ON SCENE,NO INJURY / DRIVE AWAY,Y,Y,"$501 - $1,500",04/22/2021 07:04:00 PM,"EVASIVE ACTION DUE TO ANIMAL, OBJECT, NONMOTORIST","OPERATING VEHICLE IN ERRATIC, RECKLESS, CARELESS, NEGLIGENT OR AGGRESSIVE MANNER",7100,S,LAFAYETTE AVE,731.0,2,NO INDICATION OF INJURY,0.0,0.0,0.0,0.0,0.0,3.0,0.0,18,5,4,41.765398585999996,-87.626695501,POINT (-87.626695500681 41.765398585764),2021,1080
O1032368,DRIVER,2f170faf8af2137f638882f92916f5c432eb49046a3e6b7329fee64fa5def044c4d603ab265931c2c4f537701049a5cda2d8abcf1ef953d78f39b4f53ec2ee97,JE126905,978539.0,01/29/2021 05:25:00 PM,BERWYN,IL,60402,M,26.0,SAFETY BELT USED,DID NOT DEPLOY,NONE,NO INDICATION OF INJURY,OTHER,NOT OBSCURED,NORMAL,TEST NOT OFFERED,2021,JE126905,01/29/2021 05:25:00 PM,35,NO CONTROLS,NO CONTROLS,CLEAR,"DARKNESS, LIGHTED ROAD",REAR END,DIVIDED - W/MEDIAN (NOT RAISED),STRAIGHT AND LEVEL,WET,NO DEFECTS,ON SCENE,INJURY AND / OR TOW DUE TO CRASH,Y,Y,"OVER $1,500",01/29/2021 05:58:00 PM,UNABLE TO DETERMINE,UNABLE TO DETERMINE,5700,S,CENTRAL AVE,811.0,3,NO INDICATION OF INJURY,0.0,0.0,0.0,0.0,0.0,3.0,0.0,17,6,1,41.788970443000004,-87.762310738,POINT (-87.762310738416 41.78897044323),2021,1045
O1164638,DRIVER,445de529368d271ab72c249b4f83011f5c5444322aea76231f3f3753611d723c0dfa3a7fbdf1fc9381799b7cb696ea761fa3ee211a8de00934f160c4e1c2f95d,JE341857,1104768.0,08/18/2021 05:30:00 PM,HOBART,IN,46342,M,77.0,SAFETY BELT USED,DID NOT DEPLOY,NONE,NO INDICATION OF INJURY,IMPROPER LANE CHANGE,NOT OBSCURED,NORMAL,TEST NOT OFFERED,2021,JE341857,08/18/2021 05:30:00 PM,30,TRAFFIC SIGNAL,FUNCTIONING PROPERLY,CLEAR,DAYLIGHT,PARKED MOTOR VEHICLE,ONE-WAY,STRAIGHT AND LEVEL,DRY,NO DEFECTS,NOT ON SCENE (DESK REPORT),NO INJURY / DRIVE AWAY,Y,N,"$501 - $1,500",08/18/2021 06:20:00 PM,IMPROPER LANE USAGE,IMPROPER LANE USAGE,600,W,ADAMS ST,121.0,2,NO INDICATION OF INJURY,0.0,0.0,0.0,0.0,0.0,1.0,0.0,17,4,8,41.879383149,-87.64265084600001,POINT (-87.642650846386 41.879383149462),2021,1050
O1116404,DRIVER,5487b43c1c20dfe9e15937a89a5aa6c514ee72a16f34c516a42c9dba68df94f5f726f2713d028bf16167ec0b11e27ac6084d06b4ada090d0fb1cc769c9feb274,JE263526,1058997.0,06/12/2021 04:20:00 PM,ALBUQUERQUE,NM,87114,M,27.0,USAGE UNKNOWN,DID NOT DEPLOY,NONE,NO INDICATION OF INJURY,NONE,NOT OBSCURED,NORMAL,TEST NOT OFFERED,2021,JE263526,06/12/2021 04:20:00 PM,30,TRAFFIC SIGNAL,FUNCTIONING PROPERLY,CLEAR,DAYLIGHT,REAR END,NOT DIVIDED,STRAIGHT AND LEVEL,WET,UNKNOWN,ON SCENE,NO INJURY / DRIVE AWAY,Y,Y,"OVER $1,500",06/12/2021 04:22:00 PM,HAD BEEN DRINKING (USE WHEN ARREST IS NOT MADE),HAD BEEN DRINKING (USE WHEN ARREST IS NOT MADE),625,W,WEBSTER AVE,1812.0,3,NO INDICATION OF INJURY,0.0,0.0,0.0,0.0,0.0,5.0,0.0,16,7,6,41.921763014,-87.644809827,POINT (-87.644809826819 41.921763014455),2021,980
O1182918,DRIVER,7d8fac1cba5dd640f8c04cddc89bcee7689d41a19c4e5cbbb88e2b032f65827aa70a3c987d49a69adea614d74d2be02b6774efe6a567eb9c3879cc54c222717a,JE372090,1122279.0,09/13/2021 02:10:00 PM,CHICAGO,IL,60609,M,53.0,SAFETY BELT USED,DID NOT DEPLOY,NONE,NO INDICATION OF INJURY,NONE,NOT OBSCURED,NORMAL,TEST NOT OFFERED,2021,JE372090,09/13/2021 02:10:00 PM,30,TRAFFIC SIGNAL,FUNCTIONING PROPERLY,CLEAR,DAYLIGHT,REAR END,NOT DIVIDED,STRAIGHT AND LEVEL,DRY,SHOULDER DEFECT,ON SCENE,INJURY AND / OR TOW DUE TO CRASH,Y,Y,"OVER $1,500",09/13/2021 02:20:00 PM,FAILING TO REDUCE SPEED TO AVOID CRASH,UNABLE TO DETERMINE,67,E,PERSHING RD,213.0,4,NO INDICATION OF INJURY,0.0,0.0,0.0,0.0,0.0,5.0,0.0,14,2,9,41.823636449,-87.623906812,POINT (-87.623906812013 41.823636448526),2021,850
O1180719,DRIVER,5adf6a956bb50a46b64e7dcc212136cf339901390c0fd5d6799a3c3b0cd61cd119e4b2a8f0cdffa0019e711a6ea1bc006b6d7e36715eb1f38397f7613f4167f0,JE368619,1120166.0,09/10/2021 03:50:00 PM,CHICAGO,IL,60616,F,32.0,USAGE UNKNOWN,DID NOT DEPLOY,NONE,NO INDICATION OF INJURY,NONE,NOT OBSCURED,NORMAL,TEST NOT OFFERED,2021,JE368619,09/10/2021 03:50:00 PM,30,STOP SIGN/FLASHER,FUNCTIONING PROPERLY,CLEAR,DAYLIGHT,ANGLE,FOUR WAY,STRAIGHT AND LEVEL,DRY,NO DEFECTS,ON SCENE,NO INJURY / DRIVE AWAY,Y,Y,"$501 - $1,500",09/10/2021 03:56:00 PM,FAILING TO YIELD RIGHT-OF-WAY,NOT APPLICABLE,3999,W,VAN BUREN ST,1132.0,2,NO INDICATION OF INJURY,0.0,0.0,0.0,0.0,0.0,2.0,0.0,15,6,9,41.875160194,-87.725360206,POINT (-87.725360205504 41.875160193513),2021,950
O1233210,DRIVER,c8e825030fb5a45ec18a88b48b076656d212d58cef95ca372c76cbb29c4cff2d51f947840ca5492d1713f2195aad1afc911ca8d41d9d72de496ff38e886db939,JE455113,1170402.0,11/23/2021 07:40:00 PM,CHICAGO,IL,60680,M,43.0,SAFETY BELT USED,NOT APPLICABLE,NONE,NO INDICATION OF INJURY,NONE,NOT OBSCURED,NORMAL,TEST NOT OFFERED,2021,JE455113,11/23/2021 07:40:00 PM,30,TRAFFIC SIGNAL,FUNCTIONING PROPERLY,CLEAR,"DARKNESS, LIGHTED ROAD",ANGLE,FOUR WAY,STRAIGHT AND LEVEL,DRY,NO DEFECTS,ON SCENE,INJURY AND / OR TOW DUE TO CRASH,Y,Y,"OVER $1,500",11/23/2021 07:45:00 PM,DISREGARDING TRAFFIC SIGNALS,FAILING TO REDUCE SPEED TO AVOID CRASH,3100,S,KEDZIE AVE,1032.0,4,NONINCAPACITATING INJURY,3.0,0.0,0.0,2.0,1.0,4.0,0.0,19,3,11,41.837132671,-87.704967115,POINT (-87.704967114787 41.837132671422),2021,1180
O1219377,DRIVER,4b62b18acb6b4e2fec88b29054a7094f48d98acb51e63f30a1b8ead667d11e4930a0fc2fbaa5f60b7cff0d16b69490fb6e6bd7b80dd2aa72249041e70d749f39,JE431904,1157072.0,11/02/2021 07:55:00 PM,CHICAGO,IL,60628,F,36.0,USAGE UNKNOWN,"DEPLOYED, COMBINATION",NONE,NONINCAPACITATING INJURY,OTHER,NOT OBSCURED,NORMAL,TEST REFUSED,2021,JE431904,11/02/2021 07:55:00 PM,30,STOP SIGN/FLASHER,FUNCTIONING PROPERLY,CLEAR,"DARKNESS, LIGHTED ROAD",ANGLE,NOT DIVIDED,STRAIGHT AND LEVEL,DRY,NO DEFECTS,ON SCENE,INJURY AND / OR TOW DUE TO CRASH,Y,Y,"OVER $1,500",11/02/2021 08:23:00 PM,UNABLE TO DETERMINE,UNABLE TO DETERMINE,200,W,111TH PL,522.0,2,NONINCAPACITATING INJURY,2.0,0.0,0.0,2.0,0.0,1.0,0.0,19,3,11,41.691728724,-87.62800844799999,POINT (-87.62800844763 41.6917287239),2021,1195