PERSON_ID,PERSON_TYPE,CRASH_RECORD_ID,RD_NO_x,VEHICLE_ID,CRASH_DATE_x,CITY,STATE,ZIPCODE,SEX,AGE,SAFETY_EQUIPMENT,AIRBAG_DEPLOYED,EJECTION,INJURY_CLASSIFICATION,DRIVER_ACTION,DRIVER_VISION,PHYSICAL_CONDITION,BAC_RESULT,CRASH_YEAR_x,RD_NO_y,CRASH_DATE_y,POSTED_SPEED_LIMIT,TRAFFIC_CONTROL_DEVICE,DEVICE_CONDITION,WEATHER_CONDITION,LIGHTING_CONDITION,FIRST_CRASH_TYPE,TRAFFICWAY_TYPE,ALIGNMENT,ROADWAY_SURFACE_COND,ROAD_DEFECT,REPORT_TYPE,CRASH_TYPE,INTERSECTION_RELATED_I,HIT_AND_RUN_I,DAMAGE,DATE_POLICE_NOTIFIED,PRIM_CONTRIBUTORY_CAUSE,SEC_CONTRIBUTORY_CAUSE,STREET_NO,STREET_DIRECTION,STREET_NAME,BEAT_OF_OCCURRENCE,NUM_UNITS,MOST_SEVERE_INJURY,INJURIES_TOTAL,INJURIES_FATAL,INJURIES_INCAPACITATING,INJURIES_NON_INCAPACITATING,INJURIES_REPORTED_NOT_EVIDENT,INJURIES_NO_INDICATION,INJURIES_UNKNOWN,CRASH_HOUR,CRASH_DAY_OF_WEEK,CRASH_MONTH,LATITUDE,LONGITUDE,LOCATION,CRASH_YEAR_y,TIME
O1120453,DRIVER,216b94ba596e25cbc50c7c013151be0c82b7d5d6b79eecb95adbd20b75611a195057796894adba29f924168dab6dc150171d2858887e720c1084cfc75b1e15be,JE270004,1062770.0,06/17/2021 11:39:00 PM,CHICAGO,IL,60621,F,31.0,SAFETY BELT USED,"DEPLOYED, FRONT",NONE,NO INDICATION OF INJURY,NONE,NOT OBSCURED,NORMAL,TEST NOT OFFERED,2021,JE270004,06/17/2021 11:39:00 PM,30,NO CONTROLS,NO CONTROLS,CLEAR,"DARKNESS, LIGHTED ROAD",ANGLE,NOT DIVIDED,STRAIGHT AND LEVEL,DRY,NO DEFECTS,ON SCENE,INJURY AND / OR TOW DUE TO CRASH,N,Y,"OVER $1,500",06/17/2021 11:39:00 PM,DISREGARDING STOP SIGN,DISREGARDING STOP SIGN,6400,S,ASHLAND AVE,725.0,2,"REPORTED, NOT EVIDENT",1.0,0.0,0.0,0.0,1.0,4.0,0.0,23,5,6,41.777560687,-87.66431374700001,POINT (-87.664313747254 41.777560686625),2021,1419
O1090657,DRIVER,a4db9eaa4115704553f8b12cae6232673e27f1f9ea340b418f11f0ea7c6529d0ff43e653a052561b7d55b73d6c2c07908506d076b959f48591911a6f0287eebc,JE222685,1034437.0,05/07/2021 02:40:00 PM,CHICAGO,IL,60644,F,50.0,SAFETY BELT USED,DID NOT DEPLOY,NONE,NO INDICATION OF INJURY,NONE,NOT OBSCURED,NORMAL,TEST NOT OFFERED,2021,JE222685,05/07/2021 02:40:00 PM,30,STOP SIGN/FLASHER,FUNCTIONING PROPERLY,CLEAR,DAYLIGHT,ANGLE,NOT DIVIDED,STRAIGHT AND LEVEL,DRY,NO DEFECTS,NOT ON SCENE (DESK REPORT),NO INJURY / DRIVE AWAY,Y,Y,"$501 - $1,500",05/07/2021 02:45:00 PM,DISREGARDING STOP SIGN,UNABLE TO DETERMINE,5645,W,LAKE ST,1512.0,2,NO INDICATION OF INJURY,0.0,0.0,0.0,0.0,0.0,3.0,0.0,14,6,5,41.887678186,-87.767020422,POINT (-87.767020421616 41.887678186248),2021,880
O1210783,DRIVER,08efb7f40d79116fde86e1b2da1fd421502eea305572352374e55aaeffe107d6fbb0c0cae2082ba5ec166a7159b9dbab1ead68e4cb9914c83204cff5071f52a4,JE418980,1148860.0,10/22/2021 05:20:00 PM,CHICAGO,IL,60628,F,63.0,NONE PRESENT,DID NOT DEPLOY,NONE,NO INDICATION OF INJURY,NONE,NOT OBSCURED,NORMAL,TEST NOT OFFERED,2021,JE418980,10/22/2021 05:20:00 PM,30,TRAFFIC SIGNAL,FUNCTIONING PROPERLY,CLEAR,DAYLIGHT,SIDESWIPE SAME DIRECTION,T-INTERSECTION,STRAIGHT AND LEVEL,DRY,NO DEFECTS,ON SCENE,NO INJURY / DRIVE AWAY,Y,Y,"OVER $1,500",10/22/2021 05:26:00 PM,DISREGARDING OTHER TRAFFIC SIGNS,IMPROPER OVERTAKING/PASSING,800,W,95TH ST,2223.0,3,NO INDICATION OF INJURY,0.0,0.0,0.0,0.0,0.0,3.0,0.0,17,6,10,41.7215669,-87.643275303,POINT (-87.643275303397 41.721566900478),2021,1040
O1086329,DRIVER,7cdde6f635b6332de67042646ebb6e4ed809bdcf9241bf7b827dc114b933e2210c84d8112e629335a2dc314cdbd4aeb46bc0a5ffc8a234080c1e142312765cec,JE215747,1030298.0,05/01/2021 08:10:00 AM,CHICAGO,IL,60608,F,34.0,SAFETY BELT USED,DID NOT DEPLOY,NONE,NO INDICATION OF INJURY,NONE,NOT OBSCURED,NORMAL,TEST NOT OFFERED,2021,JE215747,05/01/2021 08:10:00 AM,30,TRAFFIC SIGNAL,NOT FUNCTIONING,CLEAR,DAYLIGHT,ANGLE,FOUR WAY,STRAIGHT AND LEVEL,DRY,NO DEFECTS,NOT ON SCENE (DESK REPORT),NO INJURY / DRIVE AWAY,Y,Y,"$501 - $1,500",05/01/2021 08:30:00 AM,DISREGARDING STOP SIGN,FAILING TO YIELD RIGHT-OF-WAY,530,N,DAMEN AVE,1221.0,2,NO INDICATION OF INJURY,0.0,0.0,0.0,0.0,0.0,3.0,0.0,8,7,5,41.891726243,-87.67708002399999,POINT (-87.677080023928 41.891726242559),2021,490
O1216462,DRIVER,a5e73539d250efca70030b173bb1652fcfe3c6f9cdf297c49390fca65ec728d46c7fc42dc6719922158e32f440bff277551f288937431d138a3b475dde2bd203,JE427422,1154272.0,10/30/2021 01:55:00 AM,CHICAGO,IL,60630,M,20.0,SAFETY BELT USED,"DEPLOYED, SIDE",NONE,NO INDICATION OF INJURY,NONE,NOT OBSCURED,NORMAL,TEST NOT OFFERED,2021,JE427422,10/30/2021 01:55:00 AM,30,TRAFFIC SIGNAL,FUNCTIONING PROPERLY,CLEAR,"DARKNESS, LIGHTED ROAD",TURNING,T-INTERSECTION,STRAIGHT AND LEVEL,WET,NO DEFECTS,ON SCENE,NO INJURY / DRIVE AWAY,Y,Y,"OVER $1,500",10/30/2021 02:10:00 AM,DISREGARDING TRAFFIC SIGNALS,FAILING TO REDUCE SPEED TO AVOID CRASH,3645,W,ADDISON ST,1732.0,2,NO INDICATION OF INJURY,0.0,0.0,0.0,0.0,0.0,3.0,0.0,1,7,10,41.946369724,-87.719429619,POINT (-87.719429618643 41.946369723613),2021,115
O1183900,DRIVER,3d191665baeae977de8598d75361a5f546400a684c031f6f8a527b81b53c13c846efa8a218accb417394d93b9ec53f69df5d7fe7c34a9bac8c890590d832ba5d,JE373971,1123197.0,09/14/2021 11:22:00 PM,CHICAGO,IL,60827,F,26.0,SAFETY BELT USED,DID NOT DEPLOY,NONE,NO INDICATION OF INJURY,UNKNOWN,UNKNOWN,NORMAL,TEST NOT OFFERED,2021,JE373971,09/14/2021 11:22:00 PM,35,TRAFFIC SIGNAL,FUNCTIONING PROPERLY,CLEAR,"DARKNESS, LIGHTED ROAD",SIDESWIPE SAME DIRECTION,NOT DIVIDED,STRAIGHT AND LEVEL,DRY,NO DEFECTS,NOT ON SCENE (DESK REPORT),NO INJURY / DRIVE AWAY,Y,Y,"OVER $1,500",09/15/2021 12:00:00 AM,UNABLE TO DETERMINE,UNABLE TO DETERMINE,6500,S,DR MARTIN LUTHER KING JR DR,312.0,2,NO INDICATION OF INJURY,0.0,0.0,0.0,0.0,0.0,3.0,0.0,23,3,9,41.776510617,-87.61567986,POINT (-87.615679859657 41.776510617137),2021,1402
O1126838,DRIVER,f78d407bac6878ad6668164cad17ccb827a59eb364e2e72fa85da0c3573e7e3a032f98c6bbc5d1de4175c65fff424663d18a47778f54257be4c151a034d53bc1,JE280164,1068880.0,06/26/2021 12:00:00 AM,CLEVELAND,OH,44105,M,27.0,SAFETY BELT USED,DID NOT DEPLOY,NONE,NO INDICATION OF INJURY,NONE,NOT OBSCURED,NORMAL,TEST NOT OFFERED,2021,JE280164,06/26/2021 12:00:00 AM,30,TRAFFIC SIGNAL,FUNCTIONING PROPERLY,RAIN,"DARKNESS, LIGHTED ROAD",REAR END,DIVIDED - W/MEDIAN (NOT RAISED),STRAIGHT AND LEVEL,WET,NO DEFECTS,ON SCENE,INJURY AND / OR TOW DUE TO CRASH,Y,Y,"OVER $1,500",06/26/2021 12:55:00 PM,FOLLOWING TOO CLOSELY,NOT APPLICABLE,650,N,LA SALLE DR,1832.0,2,NO INDICATION OF INJURY,0.0,0.0,0.0,0.0,0.0,3.0,0.0,0,7,6,41.893969399999996,-87.632807282,POINT (-87.632807282324 41.893969399572),2021,0
O1053404,DRIVER,bb4b2402a4514c03cb0bd9006bd0f2016567596f0a5e84e11d629f8f3f5a80b4f20ebfd0c15c3f7f22577671e594527e78a4f56b81543015e98d100a5ee5cdc5,JE159048,998827.0,03/04/2021 01:30:00 PM,CHICAGO,IL,60638,M,34.0,USAGE UNKNOWN,"DEPLOYED, COMBINATION",NONE,NO INDICATION OF INJURY,NONE,UNKNOWN,UNKNOWN,TEST NOT OFFERED,2021,JE159048,03/04/2021 01:30:00 PM,30,STOP SIGN/FLASHER,FUNCTIONING PROPERLY,CLEAR,DAYLIGHT,REAR END,FOUR WAY,STRAIGHT AND LEVEL,DRY,UNKNOWN,NOT ON SCENE (DESK REPORT),NO INJURY / DRIVE AWAY,Y,Y,"OVER $1,500",03/04/2021 02:15:00 PM,FOLLOWING TOO CLOSELY,NOT APPLICABLE,2700,S,KILDARE AVE,1031.0,2,NO INDICATION OF INJURY,0.0,0.0,0.0,0.0,0.0,2.0,0.0,13,5,3,41.842218218,-87.73193813700001,POINT (-87.731938136899 41.842218218428),2021,810
O1145427,DRIVER,3cfb6ea1ac4222766c5bdabcf8127cabcdfb12bbd0eb88f48cf13a77a0469c91c31a9960974524cdb78978c82af2f9f8d2b75f4ce4eab0ab31f7b1f9f2f2462b,JE310781,1086509.0,07/22/2021 10:30:00 PM,GENEVA,IL,60134,F,27.0,USAGE UNKNOWN,NOT APPLICABLE,NONE,NO INDICATION OF INJURY,NONE,UNKNOWN,NORMAL,TEST NOT OFFERED,2021,JE310781,07/22/2021 10:30:00 PM,30,TRAFFIC SIGNAL,FUNCTIONING PROPERLY,CLEAR,DARKNESS,HEAD ON,NOT DIVIDED,STRAIGHT AND LEVEL,DRY,NO DEFECTS,NOT ON SCENE (DESK REPORT),NO INJURY / DRIVE AWAY,Y,Y,"OVER $1,500",07/22/2021 11:00:00 PM,DRIVING ON WRONG SIDE/WRONG WAY,IMPROPER LANE USAGE,3330,N,KIMBALL AVE,1732.0,2,NO INDICATION OF INJURY,0.0,0.0,0.0,0.0,0.0,3.0,0.0,22,5,7,41.942073517,-87.71273582399999,POINT (-87.712735823952 41.942073516765),2021,1350
O1048142,DRIVER,01ce3fa21d08206a80c6e97eb8eaa13736a3e88b6154c437b8eee6f3d7fc7ac0cf87d4ad7b5fb20f861757d9cc82bab6851056052acc84de36a5f5a77b199fc9,JE149537,993760.0,02/23/2021 07:45:00 AM,CHICAGO,IL,60646,F,56.0,SAFETY BELT USED,NOT APPLICABLE,NONE,NO INDICATION OF INJURY,NONE,NOT OBSCURED,NORMAL,TEST NOT OFFERED,2021,JE149537,02/23/2021 07:45:00 AM,30,STOP SIGN/FLASHER,FUNCTIONING PROPERLY,CLEAR,DAYLIGHT,REAR END,NOT DIVIDED,STRAIGHT AND LEVEL,WET,NO DEFECTS,ON SCENE,NO INJURY / DRIVE AWAY,Y,Y,"OVER $1,500",02/23/2021 08:00:00 AM,UNABLE TO DETERMINE,UNABLE TO DETERMINE,7501,W,BELMONT AVE,2511.0,2,NO INDICATION OF INJURY,0.0,0.0,0.0,0.0,0.0,8.0,0.0,7,3,2,41.93785691,-87.814137589,POINT (-87.814137588512 41.937856910229),2021,465
O1154322,DRIVER,337a93d73a8f1f159530323139ada9a49ce7fcaea8d492d4588afeed86e9590150428968dff4ec435c39b672709a0159b69ae24737c4d30d3c3d0c29d47a70a3,JE325091,1094962.0,08/03/2021 08:15:00 PM,CHICAGO,IL,60616,M,32.0,SAFETY BELT USED,DID NOT DEPLOY,NONE,NO INDICATION OF INJURY,OTHER,NOT OBSCURED,NORMAL,TEST NOT OFFERED,2021,JE325091,08/03/2021 08:15:00 PM,30,TRAFFIC SIGNAL,FUNCTIONING PROPERLY,CLEAR,"DARKNESS, LIGHTED ROAD",TURNING,DIVIDED - W/MEDIAN BARRIER,STRAIGHT AND LEVEL,DRY,NO DEFECTS,NOT ON SCENE (DESK REPORT),INJURY AND / OR TOW DUE TO CRASH,Y,Y,"$501 - $1,500",08/03/2021 09:05:00 PM,"OPERATING VEHICLE IN ERRATIC, RECKLESS, CARELESS, NEGLIGENT OR AGGRESSIVE MANNER",DISREGARDING TRAFFIC SIGNALS,1200,S,CLARK ST,131.0,3,NONINCAPACITATING INJURY,1.0,0.0,0.0,1.0,0.0,2.0,0.0,20,3,8,41.867286165,-87.63058096799999,POINT (-87.630580967737 41.867286165271),2021,1215
O1254124,DRIVER,197eb91c0fcf4bf617af1c40243a24381a753011d1128c5385c510715e5b9ab0bc278c7845f288236d45666bd8dfed913b1d87421f2d7b32e57be5638dfd699b,JE491464,1190433.0,12/28/2021 10:30:00 PM,BERWYN,IL,60402,M,25.0,SAFETY BELT USED,DID NOT DEPLOY,NONE,NO INDICATION OF INJURY,NONE,NOT OBSCURED,NORMAL,TEST NOT OFFERED,2021,JE491464,12/28/2021 10:30:00 PM,30,TRAFFIC SIGNAL,FUNCTIONING PROPERLY,CLOUDY/OVERCAST,"DARKNESS, LIGHTED ROAD",ANGLE,ONE-WAY,STRAIGHT AND LEVEL,WET,NO DEFECTS,ON SCENE,INJURY AND / OR TOW DUE TO CRASH,Y,Y,"OVER $1,500",12/28/2021 10:31:00 PM,UNABLE TO DETERMINE,NOT APPLICABLE,300,E,ERIE ST,1834.0,2,INCAPACITATING INJURY,1.0,0.0,1.0,0.0,0.0,3.0,0.0,22,3,12,41.8943175,-87.620176995,POINT (-87.620176995336 41.89431749977),2021,1350
O1215358,DRIVER,2224116ecb98d9c023c8ed6b555d8d9e8382cef3db4b15e01eccc5f5bcc1c36743f419583b44d71f36f5b6753334f61db04315a346758f249afce8201363bbaa,JE426068,1153249.0,10/28/2021 10:57:00 PM,GLENDALE HEIGHTS,IL,60139,M,54.0,USAGE UNKNOWN,DID NOT DEPLOY,NONE,NO INDICATION OF INJURY,NONE,UNKNOWN,NORMAL,TEST REFUSED,2021,JE426068,10/28/2021 10:57:00 PM,30,TRAFFIC SIGNAL,FUNCTIONING PROPERLY,RAIN,"DARKNESS, LIGHTED ROAD",REAR END,DIVIDED - W/MEDIAN (NOT RAISED),STRAIGHT AND LEVEL,WET,NO DEFECTS,ON SCENE,NO INJURY / DRIVE AWAY,N,Y,"OVER $1,500",10/28/2021 10:57:00 PM,FAILING TO REDUCE SPEED TO AVOID CRASH,WEATHER,4318,W,NORTH AVE,2534.0,3,NO INDICATION OF INJURY,0.0,0.0,0.0,0.0,0.0,4.0,0.0,22,5,10,41.909888495,-87.734527199,POINT (-87.734527199163 41.909888495058),2021,1377
O1150039,DRIVER,e8b2e072595ce1797a6fd2664695c029d97083264047448f9e30f88cc6826606d429586ae74454592f14ab74a0bacb7f8e54d0bb60656e9f8f3db33b3383a59c,JE318255,1090873.0,07/29/2021 09:34:00 AM,CHICAGO,IL,60643,M,42.0,SAFETY BELT USED,DID NOT DEPLOY,NONE,NO INDICATION OF INJURY,NONE,NOT OBSCURED,NORMAL,TEST NOT OFFERED,2021,JE318255,07/29/2021 09:34:00 AM,30,STOP SIGN/FLASHER,NOT FUNCTIONING,CLEAR,DAYLIGHT,REAR END,DIVIDED - W/MEDIAN (NOT RAISED),STRAIGHT AND LEVEL,DRY,NO DEFECTS,ON SCENE,NO INJURY / DRIVE AWAY,Y,Y,"$501 - $1,500",07/29/2021 09:34:00 AM,FOLLOWING TOO CLOSELY,FOLLOWING TOO CLOSELY,6501,S,ASHLAND AVE,725.0,2,NO INDICATION OF INJURY,0.0,0.0,0.0,0.0,0.0,2.0,0.0,9,5,7,41.775745382,-87.66397095399999,POINT (-87.663970954277 41.775745382443),2021,574
O1197959,DRIVER,27367ce17251236f7fb95ff58b816717b204d78fc114214e4bda634d1e92eaba1967bc89b236b8cf76640b2f85e3375c778d077c3f7afb9d98e7a49d75a42336,JE397104,1136650.0,10/03/2021 11:00:00 PM,CHICAGO,IL,60637,M,22.0,USAGE UNKNOWN,DID NOT DEPLOY,NONE,NO INDICATION OF INJURY,UNKNOWN,NOT OBSCURED,NORMAL,TEST NOT OFFERED,2021,JE397104,10/03/2021 11:00:00 PM,30,TRAFFIC SIGNAL,FUNCTIONING PROPERLY,CLEAR,"DARKNESS, LIGHTED ROAD",REAR END,ONE-WAY,STRAIGHT AND LEVEL,WET,NO DEFECTS,ON SCENE,INJURY AND / OR TOW DUE TO CRASH,Y,Y,"OVER $1,500",10/03/2021 11:11:00 PM,UNABLE TO DETERMINE,NOT APPLICABLE,5458,S,WELLS ST,935.0,3,NONINCAPACITATING INJURY,2.0,0.0,0.0,2.0,0.0,2.0,0.0,23,1,10,41.794560071,-87.631928475,POINT (-87.631928474832 41.794560070768),2021,1380
O1074925,DRIVER,8a83a136efeaa4047fc37526a64c4729995d09e643e8aae0b826fa8d3d9b5e147ce5dc005d5383d851394944f3de5b0ec91898b9db5ee30b3fc91bdcb935d5b4,JE196635,1019439.0,04/11/2021 08:30:00 PM,CHICAGO,IL,60620,M,50.0,SAFETY BELT USED,DID NOT DEPLOY,NONE,NO INDICATION OF INJURY,NONE,NOT OBSCURED,NORMAL,TEST NOT OFFERED,2021,JE196635,04/11/2021 08:30:00 PM,35,TRAFFIC SIGNAL,UNKNOWN,CLEAR,"DARKNESS, LIGHTED ROAD",TURNING,FOUR WAY,STRAIGHT AND LEVEL,DRY,UNKNOWN,NOT ON SCENE (DESK REPORT),NO INJURY / DRIVE AWAY,Y,Y,$500 OR LESS,04/11/2021 09:15:00 PM,UNABLE TO DETERMINE,UNABLE TO DETERMINE,7600,S,MARYLAND AVE,624.0,2,NO INDICATION OF INJURY,0.0,0.0,0.0,0.0,0.0,2.0,0.0,20,1,4,41.756679401,-87.60424487,POINT (-87.60424487022 41.756679401099),2021,1230
O1072998,DRIVER,d8189ddeea3318c8c9696d408581db84375995ad9c918f623afa4f741b2e20c48a001f50ce97c56d5084ddcb1b5ec3e7e731dd010241afea9eef1ad0e6657a90,JE193568,1017598.0,04/08/2021 02:41:00 PM,CHICAGO,IL,60629,M,43.0,USAGE UNKNOWN,DID NOT DEPLOY,NONE,NO INDICATION OF INJURY,NONE,NOT OBSCURED,NORMAL,TEST NOT OFFERED,2021,JE193568,04/08/2021 02:41:00 PM,30,STOP SIGN/FLASHER,FUNCTIONING PROPERLY,RAIN,DAYLIGHT,REAR END,ONE-WAY,STRAIGHT AND LEVEL,WET,NO DEFECTS,ON SCENE,NO INJURY / DRIVE AWAY,N,Y,"OVER $1,500",04/08/2021 04:00:00 PM,UNABLE TO DETERMINE,UNABLE TO DETERMINE,9159,S,ESSEX AVE,423.0,2,NO INDICATION OF INJURY,0.0,0.0,0.0,0.0,0.0,2.0,0.0,14,5,4,41.728190073,-87.563182808,POINT (-87.563182808491 41.728190072662),2021,881
O1203059,DRIVER,f5beeb0ea319c7cb4505892cc3beb74d48d0b6d823cfc3188b4e8903d1303482cd5c51c1d7991bec6034f6fe08b00c5629eee571bc58dc91310b9b16d03af852,JE406087,1141516.0,10/11/2021 01:10:00 PM,CHICAGO,IL,60626,F,42.0,USAGE UNKNOWN,DID NOT DEPLOY,NONE,NO INDICATION OF INJURY,NONE,UNKNOWN,UNKNOWN,TEST NOT OFFERED,2021,JE406087,10/11/2021 01:10:00 PM,30,TRAFFIC SIGNAL,FUNCTIONING PROPERLY,RAIN,DAYLIGHT,ANGLE,NOT DIVIDED,STRAIGHT AND LEVEL,WET,NO DEFECTS,NOT ON SCENE (DESK REPORT),NO INJURY / DRIVE AWAY,Y,N,"OVER $1,500",10/11/2021 02:30:00 PM,DISREGARDING TRAFFIC SIGNALS,NOT APPLICABLE,6800,N,CLARK ST,2424.0,2,NO INDICATION OF INJURY,0.0,0.0,0.0,0.0,0.0,4.0,0.0,13,2,10,42.005366573,-87.673262006,POINT (-87.67326200571 42.005366572754),2021,790
O1058347,DRIVER,d2c5bd1283de82b4f90799e90df71cce85c58671c65ed591c45707bdb20db788939982190eecf6b96803f16449c5dc17c0fa17175b012f2d626881db0dc5a565,JE168360,1003592.0,03/13/2021 11:38:00 PM,CHICAGO,IL,60637,M,21.0,SAFETY BELT USED,NOT APPLICABLE,NONE,NO INDICATION OF INJURY,UNKNOWN,UNKNOWN,UNKNOWN,TEST NOT OFFERED,2021,JE168360,03/13/2021 11:38:00 PM,30,STOP SIGN/FLASHER,FUNCTIONING PROPERLY,CLEAR,DARKNESS,ANGLE,FOUR WAY,STRAIGHT AND LEVEL,DRY,UNKNOWN,ON SCENE,NO INJURY / DRIVE AWAY,Y,Y,"OVER $1,500",03/13/2021 11:48:00 PM,UNABLE TO DETERMINE,UNABLE TO DETERMINE,500,E,MARQUETTE RD,321.0,2,NO INDICATION OF INJURY,0.0,0.0,0.0,0.0,0.0,2.0,0.0,23,7,3,41.774941751,-87.613039354,POINT (-87.613039353648 41.774941750705),2021,1418
O1228452,DRIVER,b8231cb52ceb59272dad7fb4d3b0cdd3782824a59f26f696d92d6f5c29ae48b806bcb9062ba0e6dc5dab83bb31e4237f1979709d2f5723f4330a37351832ae1b,JE447506,1165797.0,11/16/2021 04:00:00 PM,CHICAGO,IL,60619,F,46.0,SAFETY BELT USED,NOT APPLICABLE,NONE,NO INDICATION OF INJURY,NONE,NOT OBSCURED,NORMAL,TEST NOT OFFERED,2021,JE447506,11/16/2021 04:00:00 PM,30,NO CONTROLS,NO CONTROLS,CLEAR,"DARKNESS, LIGHTED ROAD",REAR END,NOT DIVIDED,STRAIGHT AND LEVEL,DRY,NO DEFECTS,ON SCENE,NO INJURY / DRIVE AWAY,Y,N,"OVER $1,500",11/16/2021 06:52:00 PM,FAILING TO REDUCE SPEED TO AVOID CRASH,NOT APPLICABLE,5938,S,MICHIGAN AVE,232.0,2,NO INDICATION OF INJURY,0.0,0.0,0.0,0.0,0.0,4.0,0.0,16,3,11,41.786242226999995,-87.62239334200001,POINT (-87.622393342479 41.786242227244),2021,960
O1084881,DRIVER,d4961c9cf7d8468e190ef73db5377939416e000cd47b54b093bf4698e9f38b6e305c71af5ecee09b229f3a10e413948139e8b3e76bcb346f77bbc2cee23b2c7b,JE213470,1028924.0,04/28/2021 11:45:00 PM,SOUTH HOLLAND,IL,60473,F,18.0,USAGE UNKNOWN,"DEPLOYED, FRONT",NONE,NONINCAPACITATING INJURY,NONE,NOT OBSCURED,NORMAL,TEST NOT OFFERED,2021,JE213470,04/28/2021 11:45:00 PM,35,TRAFFIC SIGNAL,FUNCTIONING PROPERLY,RAIN,DARKNESS,TURNING,DRIVEWAY,STRAIGHT AND LEVEL,WET,NO DEFECTS,ON SCENE,INJURY AND / OR TOW DUE TO CRASH,Y,Y,$500 OR LESS,04/28/2021 11:55:00 PM,DISREGARDING TRAFFIC SIGNALS,NOT APPLICABLE,7100,S,COTTAGE GROVE AVE,323.0,2,NONINCAPACITATING INJURY,1.0,0.0,0.0,1.0,0.0,2.0,0.0,23,4,4,41.765800350999996,-87.605729127,POINT (-87.60572912699 41.765800351319),2021,1425
O1170677,DRIVER,666ddf1768ac852bfdb83029afd32edea2a3159fc2942a9fed7f2a91eb2b0e018cd27465cc79db0dcf3a2736d59b1764a90e93730e107187a85253a7ca69037b,JE352060,1110516.0,08/27/2021 02:40:00 PM,CHICAGO,IL,60625,M,57.0,USAGE UNKNOWN,DID NOT DEPLOY,NONE,NO INDICATION OF INJURY,NONE,NOT OBSCURED,NORMAL,TEST NOT OFFERED,2021,JE352060,08/27/2021 02:40:00 PM,45,NO CONTROLS,NO CONTROLS,CLEAR,DAYLIGHT,SIDESWIPE SAME DIRECTION,NOT DIVIDED,STRAIGHT AND LEVEL,DRY,NO DEFECTS,NOT ON SCENE (DESK REPORT),NO INJURY / DRIVE AWAY,Y,Y,"OVER $1,500",08/27/2021 04:20:00 PM,UNABLE TO DETERMINE,UNABLE TO DETERMINE,300,S,LAKE SHORE DR NB,114.0,2,NO INDICATION OF INJURY,0.0,0.0,0.0,0.0,0.0,2.0,0.0,14,6,8,41.878310135,-87.61757590299999,POINT (-87.617575903416 41.878310134581),2021,880
O1197226,DRIVER,b0b9e45dafceebc7788b05a2dc4f708d830e3c2e70d699639d65fc6aba00ca8391d890413a394b1e8fe512283862f75fef359a967f7b3d51fde6971f42abf9bf,JE395821,1135950.0,10/02/2021 07:45:00 PM,CHICAGO,IL,60616,M,63.0,SAFETY BELT USED,NOT APPLICABLE,NONE,NO INDICATION OF INJURY,NONE,NOT OBSCURED,NORMAL,TEST NOT OFFERED,2021,JE395821,10/02/2021 07:45:00 PM,30,TRAFFIC SIGNAL,FUNCTIONING PROPERLY,CLEAR,"DARKNESS, LIGHTED ROAD",REAR END,ONE-WAY,STRAIGHT AND LEVEL,DRY,NO DEFECTS,ON SCENE,NO INJURY / DRIVE AWAY,Y,Y,"OVER $1,500",10/02/2021 07:48:00 PM,UNABLE TO DETERMINE,NOT APPLICABLE,662,N,CLARK ST,1832.0,2,NO INDICATION OF INJURY,0.0,0.0,0.0,0.0,0.0,2.0,0.0,19,7,10,41.894214235,-87.63133777700001,POINT (-87.631337776698 41.89421423492),2021,1185
O1052722,DRIVER,c100ffaf42e54227432bb80f983beca7c143006a8ca017af736f6805f3111069dc35a5e5d3fc86ef366329bb30fd4623dadfd6027ebecefd3f4f386f8f7b17da,JE157775,998178.0,03/03/2021 11:09:00 AM,CHICAGO,IL,60617,F,29.0,SAFETY BELT USED,"DEPLOYED, SIDE",NONE,NO INDICATION OF INJURY,NONE,NOT OBSCURED,NORMAL,TEST NOT OFFERED,2021,JE157775,03/03/2021 11:09:00 AM,30,STOP SIGN/FLASHER,FUNCTIONING PROPERLY,CLEAR,DAYLIGHT,ANGLE,NOT DIVIDED,STRAIGHT AND LEVEL,DRY,NO DEFECTS,ON SCENE,NO INJURY / DRIVE AWAY,Y,Y,"OVER $1,500",03/03/2021 11:10:00 AM,DISREGARDING STOP SIGN,FAILING TO YIELD RIGHT-OF-WAY,9801,S,EWING AVE,432.0,2,NO INDICATION OF INJURY,0.0,0.0,0.0,0.0,0.0,2.0,0.0,11,4,3,41.717651427,-87.535134848,POINT (-87.535134848142 41.717651427436),2021,669
O1164189,DRIVER,c55c493fb429f72687ca917c7634bd5b43035c29ca5dcbf552b24f0ada7c2cbc279aa4d8807e114b32a51903746a446eb8120cd8c3a98c1b9351fdac2fc206aa,JE341203,1104345.0,08/18/2021 07:36:00 AM,CHICAGO,IL,60645,M,38.0,USAGE UNKNOWN,NOT APPLICABLE,NONE,NO INDICATION OF INJURY,UNKNOWN,NOT OBSCURED,NORMAL,TEST NOT OFFERED,2021,JE341203,08/18/2021 07:36:00 AM,25,TRAFFIC SIGNAL,FUNCTIONING PROPERLY,CLEAR,DAYLIGHT,REAR END,NOT DIVIDED,STRAIGHT AND LEVEL,DRY,UNKNOWN,ON SCENE,NO INJURY / DRIVE AWAY,N,Y,$500 OR LESS,08/18/2021 07:41:00 AM,UNABLE TO DETERMINE,UNABLE TO DETERMINE,1600,W,PRATT BLVD,2431.0,2,NO INDICATION OF INJURY,0.0,0.0,0.0,0.0,0.0,5.0,0.0,7,4,8,42.00549465,-87.66998293399999,POINT (-87.669982934137 42.005494650181),2021,456