PERSON_ID,PERSON_TYPE,CRASH_RECORD_ID,RD_NO_x,VEHICLE_ID,CRASH_DATE_x,CITY,STATE,ZIPCODE,SEX,AGE,SAFETY_EQUIPMENT,AIRBAG_DEPLOYED,EJECTION,INJURY_CLASSIFICATION,DRIVER_ACTION,DRIVER_VISION,PHYSICAL_CONDITION,BAC_RESULT,CRASH_YEAR_x,RD_NO_y,CRASH_DATE_y,POSTED_SPEED_LIMIT,TRAFFIC_CONTROL_DEVICE,DEVICE_CONDITION,WEATHER_CONDITION,LIGHTING_CONDITION,FIRST_CRASH_TYPE,TRAFFICWAY_TYPE,ALIGNMENT,ROADWAY_SURFACE_COND,ROAD_DEFECT,REPORT_TYPE,CRASH_TYPE,INTERSECTION_RELATED_I,HIT_AND_RUN_I,DAMAGE,DATE_POLICE_NOTIFIED,PRIM_CONTRIBUTORY_CAUSE,SEC_CONTRIBUTORY_CAUSE,STREET_NO,STREET_DIRECTION,STREET_NAME,BEAT_OF_OCCURRENCE,NUM_UNITS,MOST_SEVERE_INJURY,INJURIES_TOTAL,INJURIES_FATAL,INJURIES_INCAPACITATING,INJURIES_NON_INCAPACITATING,INJURIES_REPORTED_NOT_EVIDENT,INJURIES_NO_INDICATION,INJURIES_UNKNOWN,CRASH_HOUR,CRASH_DAY_OF_WEEK,CRASH_MONTH,LATITUDE,LONGITUDE,LOCATION,CRASH_YEAR_y,TIME
O1061274,DRIVER,6b8e5b5df01ba9507edcd49e1a08396daded31bdb662af6e86d59ef007b010a6ede4030312bb51c8f8817db0174ce4e89947897f3945a33c98a0389801493045,JE173730,1006414.0,03/19/2021 06:17:00 PM,CHICAGO,IL,60623,M,55.0,SAFETY BELT USED,NOT APPLICABLE,NONE,NO INDICATION OF INJURY,NONE,NOT OBSCURED,NORMAL,TEST NOT OFFERED,2021,JE173730,03/19/2021 06:17:00 PM,30,TRAFFIC SIGNAL,FUNCTIONING PROPERLY,CLEAR,DAYLIGHT,REAR END,NOT DIVIDED,STRAIGHT AND LEVEL,DRY,NO DEFECTS,NOT ON SCENE (DESK REPORT),NO INJURY / DRIVE AWAY,Y,Y,"$501 - $1,500",03/19/2021 07:20:00 PM,FOLLOWING TOO CLOSELY,NOT APPLICABLE,1601,N,CENTRAL AVE,2532.0,2,NO INDICATION OF INJURY,0.0,0.0,0.0,0.0,0.0,2.0,0.0,18,6,3,41.909437727,-87.765549406,POINT (-87.765549405954 41.909437727375),2021,1097
O1110483,DRIVER,dee1260a02023b5526c2fa4cad87e949af830079d652067ee136862871d94bf017ffe205fa7eb3edc22578056c3bd698ce9ce96a31cfc84fcb82453e2ba033e1,JE254434,1053425.0,06/04/2021 05:00:00 PM,CHICAGO,IL,60644,M,69.0,SAFETY BELT USED,NOT APPLICABLE,NONE,NO INDICATION OF INJURY,UNKNOWN,NOT OBSCURED,NORMAL,TEST NOT OFFERED,2021,JE254434,06/04/2021 05:00:00 PM,30,TRAFFIC SIGNAL,FUNCTIONING PROPERLY,CLEAR,DAYLIGHT,TURNING,FOUR WAY,STRAIGHT AND LEVEL,DRY,NO DEFECTS,NOT ON SCENE (DESK REPORT),NO INJURY / DRIVE AWAY,Y,Y,"$501 - $1,500",06/05/2021 09:15:00 AM,UNABLE TO DETERMINE,UNABLE TO DETERMINE,5201,W,HARRISON ST,1522.0,2,NO INDICATION OF INJURY,0.0,0.0,0.0,0.0,0.0,2.0,0.0,17,6,6,41.872836089,-87.75483751600001,POINT (-87.754837516097 41.872836088721),2021,1020
O1058362,DRIVER,2a470048db6f8f5391501650561d866be9c814a23c56f30235c69308a7d7217458881f758d182b0a5aeb7d18bd544ba3b2eacd3df2316fe403671cef386c9fd5,JE168392,1003609.0,03/14/2021 12:01:00 AM,CHICAGO,IL,60609,F,20.0,USAGE UNKNOWN,NOT APPLICABLE,NONE,INCAPACITATING INJURY,UNKNOWN,UNKNOWN,UNKNOWN,TEST NOT OFFERED,2021,JE168392,03/14/2021 12:01:00 AM,30,STOP SIGN/FLASHER,UNKNOWN,CLEAR,"DARKNESS, LIGHTED ROAD",ANGLE,FOUR WAY,STRAIGHT AND LEVEL,UNKNOWN,UNKNOWN,ON SCENE,INJURY AND / OR TOW DUE TO CRASH,Y,Y,"OVER $1,500",03/14/2021 12:15:00 AM,UNABLE TO DETERMINE,UNABLE TO DETERMINE,401,S,KOSTNER AVE,1131.0,2,INCAPACITATING INJURY,1.0,0.0,1.0,0.0,0.0,2.0,0.0,0,1,3,41.875099945,-87.735136223,POINT (-87.735136222894 41.875099944975),2021,1
O1205188,DRIVER,cec007ee700e5a485f5f01e6e574f01c7001401d841f8cbb61bf7de3f2d51441681b63eb134dab48ca1ff9990afe37813c2f78524325c8c9ed778f2bbefee508,JE409656,1143535.0,07/24/2021 02:00:00 AM,CHICAGO,IL,60615,M,31.0,SAFETY BELT USED,DEPLOYMENT UNKNOWN,NONE,NO INDICATION OF INJURY,NONE,NOT OBSCURED,NORMAL,TEST NOT OFFERED,2021,JE409656,07/24/2021 02:00:00 AM,30,TRAFFIC SIGNAL,FUNCTIONING PROPERLY,CLEAR,"DARKNESS, LIGHTED ROAD",ANGLE,OTHER,STRAIGHT AND LEVEL,DRY,NO DEFECTS,NOT ON SCENE (DESK REPORT),NO INJURY / DRIVE AWAY,Y,Y,"OVER $1,500",10/14/2021 04:00:00 PM,FAILING TO YIELD RIGHT-OF-WAY,UNABLE TO DETERMINE,8300,S,WESTERN AVE,835.0,2,NO INDICATION OF INJURY,0.0,0.0,0.0,0.0,0.0,2.0,0.0,2,7,7,41.742727966,-87.682824793,POINT (-87.68282479295 41.742727965581),2021,120
O1173402,DRIVER,59187a4d443bc8dd6128fe2dcb6020e498329fc57d18b5194aa541be3b6b4c42dbd9d4b6ebaedd971f3c7148bfaf03b669a4cb471bf6085cb7b30d57fbdafd29,JE356305,1113125.0,08/31/2021 09:15:00 AM,ELMWOOD PARK,IL,60707,F,48.0,SAFETY BELT USED,NOT APPLICABLE,NONE,NO INDICATION OF INJURY,NONE,NOT OBSCURED,NORMAL,TEST NOT OFFERED,2021,JE356305,08/31/2021 09:15:00 AM,30,NO CONTROLS,NO CONTROLS,CLEAR,DAYLIGHT,SIDESWIPE SAME DIRECTION,NOT DIVIDED,STRAIGHT AND LEVEL,DRY,NO DEFECTS,NOT ON SCENE (DESK REPORT),NO INJURY / DRIVE AWAY,Y,Y,"OVER $1,500",08/31/2021 09:20:00 AM,FAILING TO REDUCE SPEED TO AVOID CRASH,UNABLE TO DETERMINE,5801,W,FOSTER AVE,1622.0,2,NO INDICATION OF INJURY,0.0,0.0,0.0,0.0,0.0,2.0,0.0,9,3,8,41.975565419,-87.773398971,POINT (-87.773398970732 41.975565418642),2021,555
O1196323,DRIVER,f1a985d493af7426f495c28889fadf344a6fe6194c6772ebb4ea11151ff6757cf3bbe2bc4ae049d713e102ca23c3dac8964853000be102804e068bb6dc9449d8,JE394547,1135080.0,10/01/2021 04:20:00 PM,EVANSTON,IL,60201,F,26.0,SAFETY BELT USED,DID NOT DEPLOY,NONE,NO INDICATION OF INJURY,NONE,NOT OBSCURED,NORMAL,TEST NOT OFFERED,2021,JE394547,10/01/2021 04:20:00 PM,30,TRAFFIC SIGNAL,FUNCTIONING PROPERLY,CLEAR,DAYLIGHT,REAR END,NOT DIVIDED,STRAIGHT AND LEVEL,DRY,NO DEFECTS,NOT ON SCENE (DESK REPORT),NO INJURY / DRIVE AWAY,Y,Y,"OVER $1,500",10/01/2021 07:05:00 PM,FOLLOWING TOO CLOSELY,NOT APPLICABLE,2557,N,WESTERN AVE,1432.0,2,NO INDICATION OF INJURY,0.0,0.0,0.0,0.0,0.0,3.0,0.0,16,6,10,41.928548469,-87.687623676,POINT (-87.687623675529 41.928548469136),2021,980
O1032344,DRIVER,0a6feb6fde8d5b1a126ca53a116c13c48ef8f35a49e792160c8f332248f5f330b68e971942fab16fc3462fef8ca2fa7bf6a584c84636c9f8a3896a96d3f30d6a,JE126913,978510.0,01/29/2021 05:30:00 PM,CHICAGO,IL,60619,F,47.0,SAFETY BELT USED,DID NOT DEPLOY,NONE,NO INDICATION OF INJURY,NONE,NOT OBSCURED,NORMAL,TEST NOT OFFERED,2021,JE126913,01/29/2021 05:30:00 PM,30,TRAFFIC SIGNAL,FUNCTIONING PROPERLY,CLEAR,"DARKNESS, LIGHTED ROAD",REAR END,DIVIDED - W/MEDIAN (NOT RAISED),STRAIGHT AND LEVEL,DRY,NO DEFECTS,NOT ON SCENE (DESK REPORT),NO INJURY / DRIVE AWAY,Y,Y,"$501 - $1,500",01/29/2021 06:10:00 PM,FAILING TO REDUCE SPEED TO AVOID CRASH,UNABLE TO DETERMINE,7600,S,VINCENNES AVE,623.0,2,NO INDICATION OF INJURY,0.0,0.0,0.0,0.0,0.0,3.0,0.0,17,6,1,41.756285700999996,-87.632406663,POINT (-87.632406662789 41.756285700818),2021,1050
O1027225,DRIVER,7094b43787f88ec7e34b9150988145dd10dec14221666bfff596850aa9935666d4f740b0fb616597ce963db5eb05bc143efe4bb751033d25ac8cb182e91e0c31,JE117616,973616.0,01/19/2021 09:30:00 PM,MOUNT PROSPECT,IL,60056,M,60.0,SAFETY BELT USED,NOT APPLICABLE,NONE,NO INDICATION OF INJURY,NONE,NOT OBSCURED,NORMAL,TEST NOT OFFERED,2021,JE117616,01/19/2021 09:30:00 PM,30,TRAFFIC SIGNAL,FUNCTIONING PROPERLY,SNOW,"DARKNESS, LIGHTED ROAD",REAR END,ONE-WAY,STRAIGHT AND LEVEL,SNOW OR SLUSH,UNKNOWN,NOT ON SCENE (DESK REPORT),NO INJURY / DRIVE AWAY,Y,Y,"$501 - $1,500",01/19/2021 11:30:00 PM,UNABLE TO DETERMINE,UNABLE TO DETERMINE,36,W,ONTARIO ST,1832.0,2,NO INDICATION OF INJURY,0.0,0.0,0.0,0.0,0.0,2.0,0.0,21,3,1,41.893360017,-87.629619981,POINT (-87.629619981007 41.893360017289),2021,1290
O1026226,DRIVER,0841bd633c80fe74c078def8efd18786b0ef77ec99760cd35a039b8d93b193809b2316a74a705624c7b72098a5199875da788c12341344f4b25652c15fe4b1bc,JE115688,972639.0,01/16/2021 06:30:00 PM,CHICAGO,IL,60616,M,49.0,SAFETY BELT USED,DID NOT DEPLOY,NONE,NO INDICATION OF INJURY,NONE,NOT OBSCURED,NORMAL,TEST NOT OFFERED,2021,JE115688,01/16/2021 06:30:00 PM,30,TRAFFIC SIGNAL,FUNCTIONING PROPERLY,CLEAR,DAWN,ANGLE,NOT DIVIDED,STRAIGHT AND LEVEL,DRY,NO DEFECTS,NOT ON SCENE (DESK REPORT),NO INJURY / DRIVE AWAY,Y,Y,"$501 - $1,500",01/17/2021 06:15:00 PM,"OPERATING VEHICLE IN ERRATIC, RECKLESS, CARELESS, NEGLIGENT OR AGGRESSIVE MANNER","OPERATING VEHICLE IN ERRATIC, RECKLESS, CARELESS, NEGLIGENT OR AGGRESSIVE MANNER",3532,W,BELMONT AVE,1732.0,2,NO INDICATION OF INJURY,0.0,0.0,0.0,0.0,0.0,2.0,0.0,18,7,1,41.939339026,-87.716318578,POINT (-87.71631857756 41.939339025686),2021,1110
O1172661,DRIVER,ad868b4f28480cfb77d8780b21c5f9953d0599d91e5954937106fc3f7c9719e12774b18654c835b66140c89f270f4c2e4d9f5b594da0d84a14a61838dd909258,JE355072,1112420.0,08/30/2021 06:05:00 AM,CHICAGO,IL,60616,F,50.0,SAFETY BELT USED,NOT APPLICABLE,NONE,NO INDICATION OF INJURY,NONE,NOT OBSCURED,NORMAL,TEST NOT OFFERED,2021,JE355072,08/30/2021 06:05:00 AM,30,NO CONTROLS,NO CONTROLS,CLEAR,DAYLIGHT,SIDESWIPE OPPOSITE DIRECTION,NOT DIVIDED,STRAIGHT AND LEVEL,DRY,NO DEFECTS,NOT ON SCENE (DESK REPORT),NO INJURY / DRIVE AWAY,Y,Y,$500 OR LESS,08/30/2021 10:13:00 AM,FOLLOWING TOO CLOSELY,DISREGARDING ROAD MARKINGS,1700,S,STATE ST,131.0,2,NO INDICATION OF INJURY,0.0,0.0,0.0,0.0,0.0,2.0,0.0,6,2,8,41.858938813,-87.627373845,POINT (-87.627373844639 41.858938812896),2021,365
O1167102,DRIVER,c272090838c3092dbe7af3c526ba17ceb44796522660d4ba9d59a39d81348c2852d1fb7d8bfcf495d318146a52dcb5e51288fa41c683ecf655a02b68be3c2e23,JE345988,1107105.0,08/22/2021 07:40:00 AM,CHICAGO,IL,60628,M,34.0,USAGE UNKNOWN,DID NOT DEPLOY,NONE,NO INDICATION OF INJURY,OTHER,UNKNOWN,NORMAL,TEST NOT OFFERED,2021,JE345988,08/22/2021 07:40:00 AM,30,STOP SIGN/FLASHER,FUNCTIONING PROPERLY,CLEAR,DAYLIGHT,REAR END,ONE-WAY,STRAIGHT AND LEVEL,DRY,NO DEFECTS,ON SCENE,NO INJURY / DRIVE AWAY,N,Y,$500 OR LESS,08/22/2021 11:22:00 AM,UNABLE TO DETERMINE,UNABLE TO DETERMINE,12151,S,HARVARD AVE,523.0,2,NO INDICATION OF INJURY,0.0,0.0,0.0,0.0,0.0,3.0,0.0,7,1,8,41.672795014,-87.630772041,POINT (-87.630772040707 41.672795014144),2021,460
O1055135,DRIVER,14f5c506a564749918ffc7bed38f42bbe04438660420627f0cb4a996c2b1c50d5d039ac668883646b66b45cd77cc351a992f5bb297595005a8c994a1f0c00d4d,JE162120,1000503.0,03/07/2021 06:10:00 PM,BERWYN,IL,60402,F,32.0,USAGE UNKNOWN,DID NOT DEPLOY,NONE,NO INDICATION OF INJURY,NONE,UNKNOWN,NORMAL,TEST NOT OFFERED,2021,JE162120,03/07/2021 06:10:00 PM,30,STOP SIGN/FLASHER,FUNCTIONING PROPERLY,CLEAR,"DARKNESS, LIGHTED ROAD",REAR END,NOT DIVIDED,STRAIGHT AND LEVEL,DRY,UNKNOWN,ON SCENE,NO INJURY / DRIVE AWAY,Y,Y,$500 OR LESS,03/07/2021 06:15:00 PM,FOLLOWING TOO CLOSELY,NOT APPLICABLE,528,N,WESTERN AVE,1221.0,2,NO INDICATION OF INJURY,0.0,0.0,0.0,0.0,0.0,5.0,0.0,18,1,3,41.891519288000005,-87.686865415,POINT (-87.686865414603 41.891519288121),2021,1090
O1191457,DRIVER,9dd14669ac8d47fa3947f7360aa78ca42885c7a84cbd041ce7251cfe5904332f654505d8f97302b2cf542adcc639489eaad41dcfb68c25f471eb745290ccf233,JE386406,1130413.0,09/25/2021 01:47:00 AM,CHICAGO,IL,60637,F,30.0,USAGE UNKNOWN,DEPLOYMENT UNKNOWN,NONE,"REPORTED, NOT EVIDENT",DISREGARDED CONTROL DEVICES,UNKNOWN,UNKNOWN,TEST NOT OFFERED,2021,JE386406,09/25/2021 01:47:00 AM,30,TRAFFIC SIGNAL,FUNCTIONING PROPERLY,CLEAR,"DARKNESS, LIGHTED ROAD",ANGLE,FOUR WAY,STRAIGHT AND LEVEL,WET,UNKNOWN,ON SCENE,INJURY AND / OR TOW DUE TO CRASH,Y,Y,"OVER $1,500",09/25/2021 01:47:00 AM,DISREGARDING TRAFFIC SIGNALS,FAILING TO REDUCE SPEED TO AVOID CRASH,4000,W,MADISON ST,1115.0,2,"REPORTED, NOT EVIDENT",6.0,0.0,0.0,0.0,6.0,3.0,0.0,1,7,9,41.8808343,-87.72579659700001,POINT (-87.725796597174 41.880834299772),2021,107
O1067089,DRIVER,ccf1d86ee4c7b30e56dbe2834998e46805acef1bda0b9cd806e92d7fc9d1f92d912432763115d98029a4730c632c6bbe6bc7baac1ffdc75d0037fc18edcac117,JE183403,1012018.0,03/29/2021 04:00:00 PM,CHICAGO,IL,60629,M,68.0,SAFETY BELT USED,DID NOT DEPLOY,NONE,NO INDICATION OF INJURY,NONE,NOT OBSCURED,NORMAL,TEST NOT OFFERED,2021,JE183403,03/29/2021 04:00:00 PM,30,TRAFFIC SIGNAL,FUNCTIONING PROPERLY,CLEAR,DAYLIGHT,REAR END,FOUR WAY,STRAIGHT AND LEVEL,DRY,NO DEFECTS,NOT ON SCENE (DESK REPORT),INJURY AND / OR TOW DUE TO CRASH,N,Y,"$501 - $1,500",03/29/2021 04:30:00 PM,FOLLOWING TOO CLOSELY,NOT APPLICABLE,7600,S,VINCENNES AVE,623.0,4,NONINCAPACITATING INJURY,1.0,0.0,0.0,1.0,0.0,4.0,0.0,16,2,3,41.756285700999996,-87.632406663,POINT (-87.632406662789 41.756285700818),2021,960
O1085809,DRIVER,f912e0110bcf7db9c77c4ef4c2ce7a4539fff033b3e6ed6feaf9d5b2d6ab07bf0b402a72a12eabbc9fb17d36c66dd698e26985cc90b330aadfdc6ac8eef02367,JE214949,1029787.0,04/30/2021 12:05:00 PM,CHGO,IL,60639,F,32.0,SAFETY BELT USED,DID NOT DEPLOY,NONE,NO INDICATION OF INJURY,NONE,NOT OBSCURED,NORMAL,TEST NOT OFFERED,2021,JE214949,04/30/2021 12:05:00 PM,30,TRAFFIC SIGNAL,FUNCTIONING PROPERLY,CLEAR,DAYLIGHT,TURNING,FOUR WAY,STRAIGHT AND LEVEL,DRY,NO DEFECTS,NOT ON SCENE (DESK REPORT),NO INJURY / DRIVE AWAY,Y,Y,"OVER $1,500",04/30/2021 01:10:00 PM,UNABLE TO DETERMINE,UNABLE TO DETERMINE,1600,N,LARAMIE AVE,2532.0,2,NO INDICATION OF INJURY,0.0,0.0,0.0,0.0,0.0,2.0,0.0,12,6,4,41.90956749,-87.75592828399999,POINT (-87.755928283762 41.909567490351),2021,725
O1121802,DRIVER,32075ca88eaa7aa162002be5448408264a87aebf4c006fc3a93079fa14c4dc2e0586c0dfc51a60fa07965f6a05d7cc5f80ab29de5a1e39535acd40e0e795cbe9,JE272068,1064053.0,06/19/2021 03:00:00 PM,LANSING,IL,60438,M,45.0,USAGE UNKNOWN,DID NOT DEPLOY,NONE,NO INDICATION OF INJURY,NONE,NOT OBSCURED,NORMAL,TEST NOT OFFERED,2021,JE272068,06/19/2021 03:00:00 PM,30,STOP SIGN/FLASHER,NO CONTROLS,CLEAR,DAYLIGHT,SIDESWIPE SAME DIRECTION,FOUR WAY,STRAIGHT ON GRADE,DRY,NO DEFECTS,NOT ON SCENE (DESK REPORT),NO INJURY / DRIVE AWAY,Y,Y,"OVER $1,500",06/19/2021 03:40:00 PM,FAILING TO REDUCE SPEED TO AVOID CRASH,DRIVING SKILLS/KNOWLEDGE/EXPERIENCE,10300,S,PROSPECT AVE,2212.0,2,NO INDICATION OF INJURY,0.0,0.0,0.0,0.0,0.0,2.0,0.0,15,7,6,41.706628553,-87.662225888,POINT (-87.662225887614 41.706628553208),2021,900
O1194700,DRIVER,807b3b0bdb8c4d60d63dae2d5b39b3553f5d5714eae0820fa9b8f63a964ec760fc1a803e1b28138ca9b5f09b9a6399b5869f5c9fa7770c9a2d5fe17a9457a97d,JE391873,1133540.0,09/29/2021 01:11:00 PM,LAFAYETTE,IN,47909,F,32.0,SAFETY BELT USED,DID NOT DEPLOY,NONE,NO INDICATION OF INJURY,NONE,NOT OBSCURED,NORMAL,TEST NOT OFFERED,2021,JE391873,09/29/2021 01:11:00 PM,30,TRAFFIC SIGNAL,FUNCTIONING PROPERLY,CLEAR,DAYLIGHT,REAR END,NOT DIVIDED,STRAIGHT AND LEVEL,DRY,NO DEFECTS,NOT ON SCENE (DESK REPORT),NO INJURY / DRIVE AWAY,Y,Y,"$501 - $1,500",09/29/2021 04:30:00 PM,FOLLOWING TOO CLOSELY,FOLLOWING TOO CLOSELY,1800,S,CANALPORT AVE,1235.0,2,NO INDICATION OF INJURY,0.0,0.0,0.0,0.0,0.0,2.0,0.0,13,4,9,41.85771647,-87.640085788,POINT (-87.64008578803 41.857716469756),2021,791
O1177151,DRIVER,fc53b507165b27b52e137e287e7057dc8fc2f40ec573c795aeabb9634660e90ebd92b55edc1e1898d3edc013dec266a1c8bef16424b3b06d5b52944d0185272a,JE362426,1116711.0,09/04/2021 10:45:00 PM,CHICAGO,IL,60639,M,30.0,SAFETY BELT USED,DID NOT DEPLOY,NONE,NO INDICATION OF INJURY,NONE,NOT OBSCURED,NORMAL,TEST NOT OFFERED,2021,JE362426,09/04/2021 10:45:00 PM,30,TRAFFIC SIGNAL,FUNCTIONING PROPERLY,CLEAR,"DARKNESS, LIGHTED ROAD",TURNING,FOUR WAY,STRAIGHT AND LEVEL,DRY,NO DEFECTS,NOT ON SCENE (DESK REPORT),NO INJURY / DRIVE AWAY,Y,Y,"OVER $1,500",09/05/2021 12:20:00 PM,DISREGARDING TRAFFIC SIGNALS,UNABLE TO DETERMINE,4307,W,ADDISON ST,1731.0,2,NO INDICATION OF INJURY,0.0,0.0,0.0,0.0,0.0,3.0,0.0,22,7,9,41.946157576,-87.735644687,POINT (-87.735644687312 41.946157575612),2021,1365
O1087274,DRIVER,ff5b37e205adfd5c8fb6ddedf061241162fc4353fd0fd909ef5d9a59ed36766f6305ee1970f9568d8077cd42bfcffc6c2e30c07b7fad4829e6dc38b940110f82,JE217233,1031196.0,05/02/2021 02:15:00 PM,WHEELING,IL,60090,F,25.0,SAFETY BELT USED,DID NOT DEPLOY,NONE,NO INDICATION OF INJURY,FAILED TO YIELD,UNKNOWN,NORMAL,TEST NOT OFFERED,2021,JE217233,05/02/2021 02:15:00 PM,30,STOP SIGN/FLASHER,FUNCTIONING PROPERLY,CLEAR,DAYLIGHT,TURNING,T-INTERSECTION,STRAIGHT AND LEVEL,DRY,NO DEFECTS,NOT ON SCENE (DESK REPORT),NO INJURY / DRIVE AWAY,Y,Y,"OVER $1,500",05/02/2021 03:30:00 PM,UNABLE TO DETERMINE,UNABLE TO DETERMINE,1001,S,CICERO AVE,1131.0,2,NO INDICATION OF INJURY,0.0,0.0,0.0,0.0,0.0,3.0,0.0,14,1,5,41.868505893000005,-87.74468853799999,POINT (-87.744688537963 41.868505892977),2021,855
O1068887,DRIVER,03845fe8345a09b2dd1176aab0cab6d9f5ff0cb13980ad78fa22b74035315caed9189a7a9cb86cdeda93e90cc0fbc9171ba79f051c56c54a4feea5dba53fc822,JE186606,1013675.0,04/01/2021 07:00:00 PM,CHICAGO,IL,60617,F,18.0,NONE PRESENT,DID NOT DEPLOY,NONE,NO INDICATION OF INJURY,UNKNOWN,UNKNOWN,NORMAL,TEST NOT OFFERED,2021,JE186606,04/01/2021 07:00:00 PM,30,TRAFFIC SIGNAL,FUNCTIONING PROPERLY,CLEAR,DAYLIGHT,ANGLE,UNKNOWN,STRAIGHT AND LEVEL,DRY,NO DEFECTS,ON SCENE,INJURY AND / OR TOW DUE TO CRASH,Y,Y,"OVER $1,500",04/01/2021 07:12:00 PM,NOT APPLICABLE,NOT APPLICABLE,518,E,ILLINOIS ST,1834.0,2,"REPORTED, NOT EVIDENT",1.0,0.0,0.0,0.0,1.0,3.0,0.0,19,5,4,41.891217055,-87.614265117,POINT (-87.614265116891 41.891217055029),2021,1140
O1161545,DRIVER,e3162e6dee183bdf18cc1a8e4db9fb8164cb4d86b4c03b4c9f33d68eebdf2b346a0bb916dccd36727f3da7c73a23a01998e9cab9e422aa4addf89ab6dd536bfd,JE336929,1101818.0,08/14/2021 08:43:00 AM,SCHEREVILLE,IN,46375,M,45.0,SAFETY BELT USED,NOT APPLICABLE,NONE,NONINCAPACITATING INJURY,NONE,NOT OBSCURED,NORMAL,TEST NOT OFFERED,2021,JE336929,08/14/2021 08:43:00 AM,30,TRAFFIC SIGNAL,FUNCTIONING PROPERLY,CLEAR,DAYLIGHT,ANGLE,FOUR WAY,STRAIGHT AND LEVEL,DRY,NO DEFECTS,ON SCENE,INJURY AND / OR TOW DUE TO CRASH,Y,Y,"OVER $1,500",08/14/2021 08:50:00 AM,DISREGARDING TRAFFIC SIGNALS,FAILING TO YIELD RIGHT-OF-WAY,829,E,59TH ST,235.0,2,NONINCAPACITATING INJURY,1.0,0.0,0.0,1.0,0.0,1.0,0.0,8,7,8,41.787598721,-87.604950739,POINT (-87.60495073874 41.787598721285),2021,523
O1097385,DRIVER,85bdce980a38328ecb7b9845dc3b2ed7277fafb0ac7d030bebede24055462fbe710983586b71ff6735ef1a774865e2fa0881ba6582ceca12fdfabb1c6d9d50a0,JE233326,1040918.0,05/17/2021 05:34:00 PM,CHICAGO,IL,60629,F,22.0,SAFETY BELT USED,"DEPLOYED, COMBINATION",NONE,NONINCAPACITATING INJURY,NONE,NOT OBSCURED,REMOVED BY EMS,TEST NOT OFFERED,2021,JE233326,05/17/2021 05:34:00 PM,30,STOP SIGN/FLASHER,FUNCTIONING PROPERLY,CLEAR,DAYLIGHT,ANGLE,NOT DIVIDED,STRAIGHT AND LEVEL,DRY,NO DEFECTS,ON SCENE,INJURY AND / OR TOW DUE TO CRASH,Y,Y,"OVER $1,500",05/17/2021 05:34:00 PM,DISREGARDING TRAFFIC SIGNALS,NOT APPLICABLE,5300,S,ASHLAND AVE,932.0,3,NONINCAPACITATING INJURY,5.0,0.0,0.0,5.0,0.0,3.0,0.0,17,2,5,41.797579995999996,-87.664824819,POINT (-87.664824818501 41.797579996037),2021,1054
O1107281,DRIVER,f07bf6fb9eddbae0663880c345f09102b2a16cd6b1573b5ac9a113de08d459e686aec805bb6728228551e9b844908edf70aaf8874df90342f4730e0897702962,JE249310,1050387.0,05/31/2021 09:17:00 PM,CHICAGO,IL,60653,M,38.0,SAFETY BELT USED,DID NOT DEPLOY,NONE,NO INDICATION OF INJURY,NONE,NOT OBSCURED,NORMAL,TEST NOT OFFERED,2021,JE249310,05/31/2021 09:17:00 PM,30,TRAFFIC SIGNAL,FUNCTIONING PROPERLY,CLEAR,"DARKNESS, LIGHTED ROAD",ANGLE,T-INTERSECTION,STRAIGHT AND LEVEL,DRY,NO DEFECTS,ON SCENE,INJURY AND / OR TOW DUE TO CRASH,Y,Y,"OVER $1,500",05/31/2021 09:19:00 PM,DISREGARDING TRAFFIC SIGNALS,IMPROPER LANE USAGE,200,W,79TH ST,623.0,5,NO INDICATION OF INJURY,0.0,0.0,0.0,0.0,0.0,8.0,0.0,21,2,5,41.750973465,-87.629556306,POINT (-87.629556305941 41.750973465006),2021,1277
O1069810,DRIVER,41a731a0216e85d7723352f14fe5473a13d92bb6261cfbd92717e58b6dfbefc96abd802b62d4a59cddd386e59fbd4c51f05b0c808f71942ddc76da0a6b1f92a0,JE188051,1014529.0,04/03/2021 10:55:00 AM,CHICAGO,IL,60636,M,65.0,SAFETY BELT USED,DID NOT DEPLOY,NONE,NONINCAPACITATING INJURY,UNKNOWN,UNKNOWN,NORMAL,TEST NOT OFFERED,2021,JE188051,04/03/2021 10:55:00 AM,30,STOP SIGN/FLASHER,FUNCTIONING IMPROPERLY,CLEAR,DAYLIGHT,REAR TO SIDE,NOT DIVIDED,STRAIGHT AND LEVEL,DRY,NO DEFECTS,ON SCENE,INJURY AND / OR TOW DUE TO CRASH,Y,Y,"OVER $1,500",04/03/2021 10:55:00 AM,UNABLE TO DETERMINE,UNABLE TO DETERMINE,1558,W,HASTINGS ST,1233.0,2,NONINCAPACITATING INJURY,1.0,0.0,0.0,1.0,0.0,1.0,0.0,10,7,4,41.864284849,-87.666233476,POINT (-87.666233476101 41.864284849373),2021,655