PERSON_ID,PERSON_TYPE,CRASH_RECORD_ID,RD_NO_x,VEHICLE_ID,CRASH_DATE_x,CITY,STATE,ZIPCODE,SEX,AGE,SAFETY_EQUIPMENT,AIRBAG_DEPLOYED,EJECTION,INJURY_CLASSIFICATION,DRIVER_ACTION,DRIVER_VISION,PHYSICAL_CONDITION,BAC_RESULT,CRASH_YEAR_x,RD_NO_y,CRASH_DATE_y,POSTED_SPEED_LIMIT,TRAFFIC_CONTROL_DEVICE,DEVICE_CONDITION,WEATHER_CONDITION,LIGHTING_CONDITION,FIRST_CRASH_TYPE,TRAFFICWAY_TYPE,ALIGNMENT,ROADWAY_SURFACE_COND,ROAD_DEFECT,REPORT_TYPE,CRASH_TYPE,INTERSECTION_RELATED_I,HIT_AND_RUN_I,DAMAGE,DATE_POLICE_NOTIFIED,PRIM_CONTRIBUTORY_CAUSE,SEC_CONTRIBUTORY_CAUSE,STREET_NO,STREET_DIRECTION,STREET_NAME,BEAT_OF_OCCURRENCE,NUM_UNITS,MOST_SEVERE_INJURY,INJURIES_TOTAL,INJURIES_FATAL,INJURIES_INCAPACITATING,INJURIES_NON_INCAPACITATING,INJURIES_REPORTED_NOT_EVIDENT,INJURIES_NO_INDICATION,INJURIES_UNKNOWN,CRASH_HOUR,CRASH_DAY_OF_WEEK,CRASH_MONTH,LATITUDE,LONGITUDE,LOCATION,CRASH_YEAR_y,TIME
O1054064,DRIVER,aa98b869ed07d8e8f4117be402af07cf3dd633628bb15c308dbfd304adae04a25da79d532be38bd258bb13012f234bbb86522987c85e7d6703c8fbff9b44f386,JE160266,999454.0,03/05/2021 07:50:00 AM,EVANSTON,IL,60202,F,50.0,SAFETY BELT USED,NOT APPLICABLE,NONE,NO INDICATION OF INJURY,NONE,NOT OBSCURED,NORMAL,TEST NOT OFFERED,2021,JE160266,03/05/2021 07:50:00 AM,30,TRAFFIC SIGNAL,FUNCTIONING PROPERLY,CLEAR,"DARKNESS, LIGHTED ROAD",SIDESWIPE SAME DIRECTION,NOT DIVIDED,STRAIGHT AND LEVEL,DRY,NO DEFECTS,NOT ON SCENE (DESK REPORT),NO INJURY / DRIVE AWAY,Y,Y,"OVER $1,500",03/05/2021 06:15:00 PM,IMPROPER LANE USAGE,NOT APPLICABLE,3155,W,TOUHY AVE,2411.0,2,NO INDICATION OF INJURY,0.0,0.0,0.0,0.0,0.0,4.0,0.0,7,6,3,42.011755148,-87.708802943,POINT (-87.7088029427 42.011755147941),2021,470
O1137136,DRIVER,b03f9d7784d8475b0ed9e413afee7b3ca20d9d9008692b5ea68649ef66e7075d8505a0ee2a2555e69331fbd257d0665c86b7505bf1862918054f86d46d9017bc,JE296839,1078617.0,07/10/2021 12:52:00 PM,CHICAGO,IL,60644,M,41.0,USAGE UNKNOWN,NOT APPLICABLE,NONE,NO INDICATION OF INJURY,NONE,NOT OBSCURED,NORMAL,TEST NOT OFFERED,2021,JE296839,07/10/2021 12:52:00 PM,30,TRAFFIC SIGNAL,FUNCTIONING PROPERLY,CLEAR,DAYLIGHT,ANGLE,NOT DIVIDED,STRAIGHT AND LEVEL,DRY,NO DEFECTS,NOT ON SCENE (DESK REPORT),INJURY AND / OR TOW DUE TO CRASH,N,N,"OVER $1,500",07/10/2021 12:53:00 PM,FAILING TO REDUCE SPEED TO AVOID CRASH,UNABLE TO DETERMINE,5200,W,HARRISON ST,1522.0,8,NONINCAPACITATING INJURY,5.0,0.0,0.0,5.0,0.0,6.0,0.0,12,7,7,41.873055576,-87.75484369,POINT (-87.754843690342 41.873055575528),2021,772
O1260200,DRIVER,658dfbabd0f5f4314737b02879fe6a1354fbeb93734adfd0e1aafa41d96580d38dbb4470f45ce52becdd74075d766b1a5539f5aa4d31dd9db96382fd297fed1a,JF107850,1196231.0,12/31/2021 08:55:00 PM,ROCKFORD,IL,61107,M,34.0,SAFETY BELT USED,DID NOT DEPLOY,NONE,NO INDICATION OF INJURY,NONE,UNKNOWN,UNKNOWN,TEST NOT OFFERED,2021,JF107850,12/31/2021 08:55:00 PM,30,TRAFFIC SIGNAL,UNKNOWN,UNKNOWN,"DARKNESS, LIGHTED ROAD",SIDESWIPE SAME DIRECTION,DIVIDED - W/MEDIAN (NOT RAISED),STRAIGHT AND LEVEL,UNKNOWN,UNKNOWN,NOT ON SCENE (DESK REPORT),NO INJURY / DRIVE AWAY,Y,Y,"OVER $1,500",01/09/2022 04:30:00 PM,IMPROPER OVERTAKING/PASSING,UNABLE TO DETERMINE,3355,W,FOSTER AVE,1713.0,2,NO INDICATION OF INJURY,0.0,0.0,0.0,0.0,0.0,3.0,0.0,20,6,12,41.975584201,-87.71333397,POINT (-87.7133339698 41.975584201054),2021,1255
O1066652,DRIVER,bd4649ef1fa184a49319120283d04aaeb7beec80e35a5fc3185a018b46da61ed753a2b369b70a51322b029e9e932762c94ef983875264be9d8fd1a8148ae9f18,JE182867,1011585.0,03/29/2021 05:45:00 AM,CHICAGO,IL,60628,F,52.0,SAFETY BELT USED,DID NOT DEPLOY,NONE,NO INDICATION OF INJURY,NONE,NOT OBSCURED,NORMAL,TEST NOT OFFERED,2021,JE182867,03/29/2021 05:45:00 AM,35,TRAFFIC SIGNAL,FUNCTIONING PROPERLY,CLEAR,"DARKNESS, LIGHTED ROAD",REAR END,DIVIDED - W/MEDIAN (NOT RAISED),STRAIGHT AND LEVEL,DRY,NO DEFECTS,ON SCENE,NO INJURY / DRIVE AWAY,Y,Y,"$501 - $1,500",03/29/2021 05:55:00 AM,UNABLE TO DETERMINE,NOT APPLICABLE,1552,W,119TH ST,524.0,2,NO INDICATION OF INJURY,0.0,0.0,0.0,0.0,0.0,2.0,0.0,5,2,3,41.677660603,-87.661062475,POINT (-87.661062474566 41.677660602656),2021,345
O1138707,DRIVER,1056c9445e9552832242e3e51b8e961147eabfb0380fca69c39553685bf48bf82051e322ae10d36cfccabc08a64d7596612310ff0cfb93a2331e67a7d41862d2,JE299377,1080095.0,07/12/2021 05:30:00 PM,CHICAGO,IL,60637,M,28.0,SAFETY BELT USED,DID NOT DEPLOY,NONE,NO INDICATION OF INJURY,NONE,NOT OBSCURED,NORMAL,TEST NOT OFFERED,2021,JE299377,07/12/2021 05:30:00 PM,30,STOP SIGN/FLASHER,FUNCTIONING PROPERLY,CLEAR,DAYLIGHT,ANGLE,NOT DIVIDED,STRAIGHT AND LEVEL,DRY,NO DEFECTS,ON SCENE,INJURY AND / OR TOW DUE TO CRASH,Y,Y,"OVER $1,500",07/12/2021 07:49:00 PM,FAILING TO YIELD RIGHT-OF-WAY,UNABLE TO DETERMINE,6800,S,CHAMPLAIN AVE,321.0,2,NO INDICATION OF INJURY,0.0,0.0,0.0,0.0,0.0,2.0,0.0,17,2,7,41.771171527,-87.609513583,POINT (-87.60951358327 41.771171526689),2021,1050
O1168022,DRIVER,28bf237bea3f0e49ef4399774ca63b1a980770cf3386e3f5e91b130bbf4529490b6c5535b8a2a98d6bc2b955825ee3ed42f525fec8f20af5594012538d8e293c,JE347582,1108002.0,08/23/2021 06:35:00 PM,CHICAGO,IL,60653,F,38.0,SAFETY BELT USED,DID NOT DEPLOY,NONE,NO INDICATION OF INJURY,NONE,NOT OBSCURED,NORMAL,TEST NOT OFFERED,2021,JE347582,08/23/2021 06:35:00 PM,30,TRAFFIC SIGNAL,FUNCTIONING PROPERLY,CLEAR,DAYLIGHT,SIDESWIPE SAME DIRECTION,DIVIDED - W/MEDIAN (NOT RAISED),STRAIGHT AND LEVEL,OTHER,WORN SURFACE,ON SCENE,NO INJURY / DRIVE AWAY,Y,Y,"$501 - $1,500",08/23/2021 06:42:00 PM,"OPERATING VEHICLE IN ERRATIC, RECKLESS, CARELESS, NEGLIGENT OR AGGRESSIVE MANNER",IMPROPER LANE USAGE,1603,S,MICHIGAN AVE,132.0,2,NO INDICATION OF INJURY,0.0,0.0,0.0,0.0,0.0,3.0,0.0,18,2,8,41.860119421,-87.62383826799999,POINT (-87.623838267706 41.860119421139),2021,1115
O1170545,DRIVER,9a0fd97afc0c3b11ca493d54b7e06a38a2718d3c19b802dffb15a06b1157b0c47046bc199c6bca20597fe27436540fbcb97aa555fa531aa4d3bb0076280be855,JE351852,1110388.0,08/27/2021 11:40:00 AM,RIVER FOREST,IL,60305,F,36.0,SAFETY BELT USED,NOT APPLICABLE,NONE,NO INDICATION OF INJURY,NONE,NOT OBSCURED,NORMAL,TEST NOT OFFERED,2021,JE351852,08/27/2021 11:40:00 AM,30,STOP SIGN/FLASHER,FUNCTIONING PROPERLY,CLEAR,DAYLIGHT,REAR END,NOT DIVIDED,STRAIGHT AND LEVEL,DRY,NO DEFECTS,ON SCENE,NO INJURY / DRIVE AWAY,Y,Y,$500 OR LESS,08/27/2021 11:40:00 AM,NOT APPLICABLE,NOT APPLICABLE,3100,N,LAKE SHORE DR,1934.0,2,NO INDICATION OF INJURY,0.0,0.0,0.0,0.0,0.0,2.0,0.0,11,6,8,41.937771263,-87.637455976,POINT (-87.637455975797 41.937771263338),2021,700
O1132460,DRIVER,e60388f4c94969c06849ed11ad93e5a8004f59c85d194228236b1166fdbfed24e0736058022bd0125d8700907e8ecf9e1ff64c711b11194860910ab34614ce34,JE289216,1074217.0,07/04/2021 12:57:00 AM,CHICAGO,IL,60646,M,16.0,USAGE UNKNOWN,DID NOT DEPLOY,NONE,NO INDICATION OF INJURY,NONE,UNKNOWN,NORMAL,TEST NOT OFFERED,2021,JE289216,07/04/2021 12:57:00 AM,30,TRAFFIC SIGNAL,FUNCTIONING PROPERLY,CLEAR,"DARKNESS, LIGHTED ROAD",TURNING,FOUR WAY,STRAIGHT AND LEVEL,DRY,NO DEFECTS,ON SCENE,INJURY AND / OR TOW DUE TO CRASH,Y,Y,"OVER $1,500",07/04/2021 01:00:00 AM,DISREGARDING TRAFFIC SIGNALS,UNDER THE INFLUENCE OF ALCOHOL/DRUGS (USE WHEN ARREST IS EFFECTED),2400,N,CENTRAL AVE,2515.0,2,NO INDICATION OF INJURY,0.0,0.0,0.0,0.0,0.0,7.0,0.0,0,1,7,41.924068922,-87.766141214,POINT (-87.766141214132 41.924068922276),2021,57
O1187524,DRIVER,d4e5502fc5e1c59e5620fee66578006d5087fe15e116123a3fd4417bc866bec3d88aec165d76baa4c3319830cdf90766bc402b574ecb00d1210065f17ae98be6,JE379553,1126642.0,09/19/2021 01:05:00 PM,CHICAGO,IL,60649,F,40.0,SAFETY BELT USED,NOT APPLICABLE,NONE,NO INDICATION OF INJURY,NONE,NOT OBSCURED,NORMAL,TEST NOT OFFERED,2021,JE379553,09/19/2021 01:05:00 PM,25,STOP SIGN/FLASHER,FUNCTIONING PROPERLY,CLEAR,DAYLIGHT,TURNING,NOT DIVIDED,STRAIGHT AND LEVEL,DRY,NO DEFECTS,NOT ON SCENE (DESK REPORT),NO INJURY / DRIVE AWAY,Y,Y,"OVER $1,500",09/19/2021 01:07:00 PM,IMPROPER TURNING/NO SIGNAL,IMPROPER TURNING/NO SIGNAL,700,E,103RD ST,511.0,2,NO INDICATION OF INJURY,0.0,0.0,0.0,0.0,0.0,5.0,0.0,13,1,9,41.707546266,-87.606397254,POINT (-87.606397254007 41.707546265661),2021,785
O1137957,DRIVER,4b4c72d697a25e5b289e1acb033461d116cec3d16516b5d7b6786667335bd761310dc8085c6e072977199af727023fa7ffbdec926c9c7c3c9278207062ef53e6,JE298107,1079377.0,07/11/2021 05:16:00 PM,CHICAGO,IL,60621,M,19.0,USAGE UNKNOWN,DID NOT DEPLOY,NONE,NO INDICATION OF INJURY,NONE,UNKNOWN,NORMAL,TEST NOT OFFERED,2021,JE298107,07/11/2021 05:16:00 PM,30,TRAFFIC SIGNAL,FUNCTIONING PROPERLY,RAIN,DAYLIGHT,SIDESWIPE SAME DIRECTION,FOUR WAY,STRAIGHT AND LEVEL,WET,NO DEFECTS,ON SCENE,NO INJURY / DRIVE AWAY,Y,N,$500 OR LESS,07/11/2021 05:19:00 PM,IMPROPER OVERTAKING/PASSING,NOT APPLICABLE,5900,S,HALSTED ST,712.0,2,NO INDICATION OF INJURY,0.0,0.0,0.0,0.0,0.0,3.0,0.0,17,1,7,41.786931652,-87.64511245,POINT (-87.64511244991 41.786931651847),2021,1036
O1121063,DRIVER,d4dcd0c377cda19a4732d59528eb5610c61423ba9e4bc0d33ff684e62b0d9294c6271f5f2840014a19a71427b46e4fc36b7253e8d74f85f3295ddcdcf3acb8da,JE270963,1063345.0,06/18/2021 01:25:00 PM,CHICAGO,IL,60613,F,56.0,USAGE UNKNOWN,DEPLOYMENT UNKNOWN,UNKNOWN,NO INDICATION OF INJURY,UNKNOWN,UNKNOWN,UNKNOWN,TEST NOT OFFERED,2021,JE270963,06/18/2021 01:25:00 PM,30,TRAFFIC SIGNAL,FUNCTIONING PROPERLY,CLEAR,DAYLIGHT,SIDESWIPE SAME DIRECTION,DIVIDED - W/MEDIAN BARRIER,STRAIGHT AND LEVEL,DRY,UNKNOWN,NOT ON SCENE (DESK REPORT),NO INJURY / DRIVE AWAY,Y,N,"OVER $1,500",06/18/2021 07:20:00 PM,UNABLE TO DETERMINE,NOT APPLICABLE,944,N,MICHIGAN AVE,1833.0,2,NO INDICATION OF INJURY,0.0,0.0,0.0,0.0,0.0,4.0,0.0,13,6,6,41.900267712,-87.624326954,POINT (-87.624326953546 41.900267711888),2021,805
O1059312,DRIVER,5f185aecd1bec1dab1ad8eac745dd7d3b20b5d2546efcc28703814289cf12e42f69bd634d7a0fa5c2b13573f9c4b840c3bd78a4ec76d2524034160db868ee704,JE170140,1004545.0,03/16/2021 02:44:00 AM,CHICAGO,IL,60617,M,23.0,USAGE UNKNOWN,DEPLOYMENT UNKNOWN,UNKNOWN,NO INDICATION OF INJURY,EVADING POLICE VEHICLE,UNKNOWN,UNKNOWN,TEST NOT OFFERED,2021,JE170140,03/16/2021 02:44:00 AM,30,TRAFFIC SIGNAL,FUNCTIONING PROPERLY,CLEAR,"DARKNESS, LIGHTED ROAD",SIDESWIPE SAME DIRECTION,FOUR WAY,STRAIGHT AND LEVEL,WET,NO DEFECTS,ON SCENE,INJURY AND / OR TOW DUE TO CRASH,Y,Y,"OVER $1,500",03/16/2021 02:44:00 AM,"OPERATING VEHICLE IN ERRATIC, RECKLESS, CARELESS, NEGLIGENT OR AGGRESSIVE MANNER",UNABLE TO DETERMINE,1601,W,GARFIELD BLVD,715.0,2,NO INDICATION OF INJURY,0.0,0.0,0.0,0.0,0.0,3.0,0.0,2,3,3,41.793554363,-87.664637551,POINT (-87.664637551165 41.793554363001),2021,164
O1234919,DRIVER,0b883afec1817fc52f7fd74edc9bf159750ba0514ad6b82802254acd58866f58f6763a077f3af478c8755f064a7cde1aced1c7a058bbdd8245ec412ded07fead,JE457895,1172023.0,11/26/2021 10:25:00 PM,CHICAGO,IL,60641,M,20.0,SAFETY BELT USED,DID NOT DEPLOY,NONE,NO INDICATION OF INJURY,UNKNOWN,NOT OBSCURED,NORMAL,TEST NOT OFFERED,2021,JE457895,11/26/2021 10:25:00 PM,30,UNKNOWN,UNKNOWN,CLEAR,"DARKNESS, LIGHTED ROAD",ANGLE,ONE-WAY,STRAIGHT AND LEVEL,DRY,NO DEFECTS,NOT ON SCENE (DESK REPORT),NO INJURY / DRIVE AWAY,Y,Y,"OVER $1,500",11/26/2021 11:38:00 PM,FAILING TO YIELD RIGHT-OF-WAY,UNABLE TO DETERMINE,4750,W,WAVELAND AVE,1731.0,2,NO INDICATION OF INJURY,0.0,0.0,0.0,0.0,0.0,2.0,0.0,22,6,11,41.948053451,-87.74657134799999,POINT (-87.746571347557 41.948053451404),2021,1345
O1170927,DRIVER,d4ff05ccf87552a0c8c76382d08c43b380f75fbad61455408fa4e8f575af1356bcd09449706ebe2b50ebb26f79b187e385eb9ad4437c949ad61720c7f539f394,JE352343,1110767.0,08/27/2021 07:49:00 PM,CHICAGO,IL,60620,M,35.0,USAGE UNKNOWN,"DEPLOYED, FRONT",NONE,NO INDICATION OF INJURY,FAILED TO YIELD,NOT OBSCURED,NORMAL,TEST NOT OFFERED,2021,JE352343,08/27/2021 07:49:00 PM,30,TRAFFIC SIGNAL,FUNCTIONING PROPERLY,CLEAR,"DARKNESS, LIGHTED ROAD",ANGLE,NOT DIVIDED,STRAIGHT AND LEVEL,DRY,NO DEFECTS,ON SCENE,INJURY AND / OR TOW DUE TO CRASH,Y,Y,"OVER $1,500",08/27/2021 07:52:00 PM,FAILING TO YIELD RIGHT-OF-WAY,DISREGARDING TRAFFIC SIGNALS,2000,W,VAN BUREN ST,1225.0,2,NO INDICATION OF INJURY,0.0,0.0,0.0,0.0,0.0,2.0,0.0,19,6,8,41.87631722,-87.67664419399999,POINT (-87.676644193783 41.876317220175),2021,1189
O1083296,DRIVER,1e72bda07b8134b19a612b1fc61a787cbb5581de06273cc6a846db3473e6c5fe67607077f47cb9d610e31fb8d092a0c73612651f9e9f30809466cabbab981f4c,JE210927,1027419.0,04/26/2021 05:53:00 PM,MELROSE PARK,IL,60164,F,33.0,SAFETY BELT USED,DID NOT DEPLOY,NONE,NO INDICATION OF INJURY,UNKNOWN,NOT OBSCURED,NORMAL,TEST NOT OFFERED,2021,JE210927,04/26/2021 05:53:00 PM,30,STOP SIGN/FLASHER,FUNCTIONING PROPERLY,CLEAR,DAYLIGHT,ANGLE,NOT DIVIDED,STRAIGHT AND LEVEL,DRY,NO DEFECTS,NOT ON SCENE (DESK REPORT),NO INJURY / DRIVE AWAY,Y,Y,"$501 - $1,500",04/26/2021 06:28:00 PM,FAILING TO YIELD RIGHT-OF-WAY,FAILING TO REDUCE SPEED TO AVOID CRASH,2900,N,OAK PARK AVE,2511.0,2,NO INDICATION OF INJURY,0.0,0.0,0.0,0.0,0.0,2.0,0.0,17,2,4,41.93279222,-87.79567423299999,POINT (-87.795674233045 41.932792220293),2021,1073
O1223900,DRIVER,db6a0b902a0eb59479f62b05aa11886a77cd76d9dc12c4160795469802c33958a15c760a2a943b841f5de602bf0a18098f30088a8ff007aad54366b2de16a58e,JE439884,1161406.0,11/09/2021 07:42:00 PM,CHICAGO,IL,60623,M,39.0,USAGE UNKNOWN,DID NOT DEPLOY,NONE,NO INDICATION OF INJURY,OTHER,NOT OBSCURED,OTHER,TEST NOT OFFERED,2021,JE439884,11/09/2021 07:42:00 PM,30,TRAFFIC SIGNAL,FUNCTIONING PROPERLY,CLEAR,"DARKNESS, LIGHTED ROAD",REAR END,DIVIDED - W/MEDIAN (NOT RAISED),STRAIGHT AND LEVEL,DRY,UNKNOWN,ON SCENE,NO INJURY / DRIVE AWAY,Y,Y,"OVER $1,500",11/09/2021 07:57:00 PM,NOT APPLICABLE,NOT APPLICABLE,500,N,ASHLAND AVE,1215.0,2,NO INDICATION OF INJURY,0.0,0.0,0.0,0.0,0.0,5.0,0.0,19,3,11,41.891007652,-87.667290263,POINT (-87.667290262506 41.891007652449),2021,1182
O1131423,DRIVER,2eb29ae4f2138087805f3a1d9294a0ddd9e915706cc5f0d33192f49e3aebf86f09a789f562f51418242784b4a649e3b1bd5d252d9c87392022d809a8b480b5f0,JE287669,1073242.0,07/02/2021 04:00:00 PM,CHICAGO,IL,60651,F,33.0,SAFETY BELT USED,DID NOT DEPLOY,NONE,NO INDICATION OF INJURY,NONE,NOT OBSCURED,NORMAL,TEST NOT OFFERED,2021,JE287669,07/02/2021 04:00:00 PM,30,TRAFFIC SIGNAL,FUNCTIONING PROPERLY,CLEAR,DAYLIGHT,TURNING,NOT DIVIDED,STRAIGHT AND LEVEL,DRY,NO DEFECTS,NOT ON SCENE (DESK REPORT),NO INJURY / DRIVE AWAY,Y,Y,"OVER $1,500",07/02/2021 07:00:00 PM,DRIVING ON WRONG SIDE/WRONG WAY,DRIVING ON WRONG SIDE/WRONG WAY,2435,E,79TH ST,422.0,2,NO INDICATION OF INJURY,0.0,0.0,0.0,0.0,0.0,2.0,0.0,16,6,7,41.751638438,-87.564871438,POINT (-87.564871437929 41.751638437521),2021,960
O1163769,DRIVER,17d1ebfeb7de8dd86618f10f2b27ab7eb67ff2b96b41238da081296ad71cbc034f40d5eedf250b5c30322510f7444e202eb4fc78c7036bf02020d772f04fa94f,JE340406,1103931.0,08/17/2021 12:27:00 PM,OAK LAWN,IL,60453,M,47.0,NONE PRESENT,DID NOT DEPLOY,NONE,NO INDICATION OF INJURY,NONE,NOT OBSCURED,NORMAL,TEST NOT OFFERED,2021,JE340406,08/17/2021 12:27:00 PM,30,TRAFFIC SIGNAL,FUNCTIONING PROPERLY,CLEAR,DAYLIGHT,REAR END,NOT DIVIDED,STRAIGHT ON GRADE,DRY,UNKNOWN,ON SCENE,INJURY AND / OR TOW DUE TO CRASH,Y,Y,"$501 - $1,500",08/17/2021 12:28:00 PM,FAILING TO REDUCE SPEED TO AVOID CRASH,NOT APPLICABLE,1231,W,87TH ST,2222.0,3,NONINCAPACITATING INJURY,1.0,0.0,0.0,1.0,0.0,2.0,0.0,12,3,8,41.735806968,-87.65449231,POINT (-87.654492309812 41.735806967768),2021,747
O1091409,DRIVER,4735008d0b5a96a2ef89b01978167d7fb30edabf1627cc885c5331be06ab63c6a71ded558bc30b1c8e9a25c96561aeb6efc827036002dcff5af1b4c2a2489069,JE223771,1035167.0,05/08/2021 03:43:00 PM,CHICAGO,IL,60641,M,19.0,USAGE UNKNOWN,NOT APPLICABLE,NONE,NO INDICATION OF INJURY,NONE,UNKNOWN,NORMAL,TEST NOT OFFERED,2021,JE223771,05/08/2021 03:43:00 PM,30,TRAFFIC SIGNAL,FUNCTIONING PROPERLY,CLEAR,DAYLIGHT,REAR END,FOUR WAY,STRAIGHT AND LEVEL,DRY,NO DEFECTS,ON SCENE,NO INJURY / DRIVE AWAY,Y,Y,"$501 - $1,500",05/08/2021 03:46:00 PM,IMPROPER BACKING,UNABLE TO DETERMINE,5965,W,CHICAGO AVE,1511.0,2,NO INDICATION OF INJURY,0.0,0.0,0.0,0.0,0.0,4.0,0.0,15,7,5,41.894606779,-87.77483418799999,POINT (-87.774834187794 41.894606779072),2021,943
O1191121,DRIVER,726b4cb3e26877dc24ac725a5b50f01dc7db140cbb8c60dce39bbeaa36fb47d5311dabe57b1f15128a219631e50f3b6dc40ef51831901ee6ca6fbc5c83348cbb,JE385954,1130107.0,09/24/2021 03:30:00 PM,CHICAGO,IL,60632,F,0.0,SAFETY BELT USED,DID NOT DEPLOY,NONE,NO INDICATION OF INJURY,NONE,UNKNOWN,NORMAL,TEST NOT OFFERED,2021,JE385954,09/24/2021 03:30:00 PM,30,TRAFFIC SIGNAL,FUNCTIONING PROPERLY,CLEAR,DAYLIGHT,TURNING,FOUR WAY,STRAIGHT AND LEVEL,DRY,NO DEFECTS,NOT ON SCENE (DESK REPORT),NO INJURY / DRIVE AWAY,Y,Y,"OVER $1,500",09/24/2021 04:32:00 PM,DISREGARDING TRAFFIC SIGNALS,FAILING TO YIELD RIGHT-OF-WAY,2800,S,KEDZIE AVE,1032.0,2,NO INDICATION OF INJURY,0.0,0.0,0.0,0.0,0.0,3.0,0.0,15,6,9,41.840809645,-87.70507494799999,POINT (-87.705074947842 41.840809645357),2021,930
O1177011,DRIVER,ab6f3da2908bb0593594886bf0ffecb4d07d94f2a1703e5521901e9723aa9b9110c0e18bd25ac4c17d48d90d8b883be032fa90dda69dcc6b556332c1b7f9d3c0,JE362154,1116585.0,09/05/2021 05:45:00 AM,BERWYN,IL,60402,M,55.0,SAFETY BELT USED,NOT APPLICABLE,NONE,NO INDICATION OF INJURY,NONE,NOT OBSCURED,NORMAL,TEST NOT OFFERED,2021,JE362154,09/05/2021 05:45:00 AM,30,TRAFFIC SIGNAL,FUNCTIONING PROPERLY,CLEAR,DAYLIGHT,REAR END,NOT DIVIDED,STRAIGHT AND LEVEL,DRY,NO DEFECTS,NOT ON SCENE (DESK REPORT),NO INJURY / DRIVE AWAY,Y,Y,"OVER $1,500",09/05/2021 05:55:00 AM,FOLLOWING TOO CLOSELY,FOLLOWING TOO CLOSELY,658,N,FAIRBANKS CT,1834.0,2,NO INDICATION OF INJURY,0.0,0.0,0.0,0.0,0.0,4.0,0.0,5,1,9,41.894239284,-87.62044111799999,POINT (-87.620441117728 41.89423928396),2021,345
O1175131,DRIVER,4a7ce4ebeacceaea33ccaf74301a48a9d7a63e7e2fa93276c57de5a9a4ce9a2fddd38f6ca6591f0da52b782c6ad444499297440c27729de4cd4e075e75f447bc,JE359089,1114800.0,09/02/2021 11:50:00 AM,CHICAGO,IL,60646,F,69.0,SAFETY BELT USED,DID NOT DEPLOY,NONE,"REPORTED, NOT EVIDENT",NONE,NOT OBSCURED,NORMAL,TEST NOT OFFERED,2021,JE359089,09/02/2021 11:50:00 AM,30,TRAFFIC SIGNAL,FUNCTIONING PROPERLY,CLEAR,DAYLIGHT,REAR END,DIVIDED - W/MEDIAN BARRIER,STRAIGHT AND LEVEL,DRY,NO DEFECTS,ON SCENE,INJURY AND / OR TOW DUE TO CRASH,Y,Y,"OVER $1,500",09/02/2021 01:27:00 PM,UNABLE TO DETERMINE,UNABLE TO DETERMINE,3398,W,PETERSON AVE,1711.0,2,"REPORTED, NOT EVIDENT",1.0,0.0,0.0,0.0,1.0,1.0,0.0,11,5,9,41.990433085999996,-87.713925663,POINT (-87.713925663338 41.990433085711),2021,710
O1035224,DRIVER,47bb2a93166edfd6f4634f3421a503acffbd23cb7ef80fe92a3bc7daef7c55e920c1062d297a81cca45b0a23d070bcedd5de3de2b2ab78a17dbd0d00365fb87c,JE131611,981242.0,02/03/2021 05:35:00 PM,CHICAGO,IL,60614,M,49.0,USAGE UNKNOWN,DID NOT DEPLOY,NONE,NO INDICATION OF INJURY,NONE,UNKNOWN,NORMAL,TEST NOT OFFERED,2021,JE131611,02/03/2021 05:35:00 PM,30,TRAFFIC SIGNAL,FUNCTIONING PROPERLY,CLEAR,"DARKNESS, LIGHTED ROAD",SIDESWIPE SAME DIRECTION,NOT DIVIDED,STRAIGHT AND LEVEL,DRY,NO DEFECTS,ON SCENE,NO INJURY / DRIVE AWAY,Y,Y,"OVER $1,500",02/03/2021 05:35:00 PM,UNABLE TO DETERMINE,UNABLE TO DETERMINE,3157,N,CLYBOURN AVE,1931.0,2,NO INDICATION OF INJURY,0.0,0.0,0.0,0.0,0.0,4.0,0.0,17,4,2,41.938961799,-87.687149764,POINT (-87.687149763985 41.938961799075),2021,1055
O1252696,DRIVER,d0d16a1c3f597db6b8b9a6489cad3a7a62b2fed8e01e6896dd340b014615817714d09f66f9362b2f60072999240700fc3094ec1a210b875ccd1343b16ecca45a,JE488626,1189061.0,12/25/2021 02:15:00 PM,CHICAGO,IL,60629,F,46.0,SAFETY BELT USED,NOT APPLICABLE,NONE,"REPORTED, NOT EVIDENT",UNKNOWN,UNKNOWN,NORMAL,TEST NOT OFFERED,2021,JE488626,12/25/2021 02:15:00 PM,30,TRAFFIC SIGNAL,FUNCTIONING PROPERLY,CLEAR,DAYLIGHT,ANGLE,FOUR WAY,STRAIGHT AND LEVEL,DRY,UNKNOWN,ON SCENE,INJURY AND / OR TOW DUE TO CRASH,Y,Y,"OVER $1,500",12/25/2021 02:26:00 PM,DISREGARDING TRAFFIC SIGNALS,IMPROPER LANE USAGE,5500,S,HALSTED ST,712.0,2,INCAPACITATING INJURY,2.0,0.0,1.0,0.0,1.0,1.0,0.0,14,7,12,41.793869011999995,-87.645294902,POINT (-87.645294901547 41.793869012306),2021,855
O1076242,DRIVER,2af04449a6473837b3daf88610c01934708d9dec5bf4429f06e77820b9f179d198c15af2d18c8f0d452db8b38383bd69249f5385b700dd3d0168b11a72f5fc58,JE198836,1020656.0,04/12/2021 11:45:00 PM,CHICAGO,IL,60620,M,35.0,USAGE UNKNOWN,DEPLOYMENT UNKNOWN,UNKNOWN,NO INDICATION OF INJURY,FAILED TO YIELD,UNKNOWN,UNKNOWN,TEST NOT OFFERED,2021,JE198836,04/12/2021 11:45:00 PM,20,STOP SIGN/FLASHER,UNKNOWN,UNKNOWN,UNKNOWN,TURNING,FOUR WAY,STRAIGHT AND LEVEL,UNKNOWN,UNKNOWN,ON SCENE,INJURY AND / OR TOW DUE TO CRASH,Y,N,"OVER $1,500",04/14/2021 12:47:00 AM,FAILING TO YIELD RIGHT-OF-WAY,NOT APPLICABLE,7900,S,BENNETT AVE,414.0,2,"REPORTED, NOT EVIDENT",1.0,0.0,0.0,0.0,1.0,1.0,0.0,23,2,4,41.751483138000005,-87.57857011700001,POINT (-87.578570117306 41.751483138026),2021,1425