PERSON_ID,PERSON_TYPE,CRASH_RECORD_ID,RD_NO_x,VEHICLE_ID,CRASH_DATE_x,CITY,STATE,ZIPCODE,SEX,AGE,SAFETY_EQUIPMENT,AIRBAG_DEPLOYED,EJECTION,INJURY_CLASSIFICATION,DRIVER_ACTION,DRIVER_VISION,PHYSICAL_CONDITION,BAC_RESULT,CRASH_YEAR_x,RD_NO_y,CRASH_DATE_y,POSTED_SPEED_LIMIT,TRAFFIC_CONTROL_DEVICE,DEVICE_CONDITION,WEATHER_CONDITION,LIGHTING_CONDITION,FIRST_CRASH_TYPE,TRAFFICWAY_TYPE,ALIGNMENT,ROADWAY_SURFACE_COND,ROAD_DEFECT,REPORT_TYPE,CRASH_TYPE,INTERSECTION_RELATED_I,HIT_AND_RUN_I,DAMAGE,DATE_POLICE_NOTIFIED,PRIM_CONTRIBUTORY_CAUSE,SEC_CONTRIBUTORY_CAUSE,STREET_NO,STREET_DIRECTION,STREET_NAME,BEAT_OF_OCCURRENCE,NUM_UNITS,MOST_SEVERE_INJURY,INJURIES_TOTAL,INJURIES_FATAL,INJURIES_INCAPACITATING,INJURIES_NON_INCAPACITATING,INJURIES_REPORTED_NOT_EVIDENT,INJURIES_NO_INDICATION,INJURIES_UNKNOWN,CRASH_HOUR,CRASH_DAY_OF_WEEK,CRASH_MONTH,LATITUDE,LONGITUDE,LOCATION,CRASH_YEAR_y,TIME
O1240593,DRIVER,6f533ea629c56cb1ec955a5ae369dede743795c7630b598badb667b486c1e8990104437c12d5fcebebceeaa4bb87efee37d26dbc9e8e65d3d8d65e5781bee611,JR467747,1177471.0,12/06/2021 10:32:00 AM,CHICAGO,IL,60621,M,38.0,SAFETY BELT USED,DID NOT DEPLOY,NONE,NO INDICATION OF INJURY,NONE,NOT OBSCURED,NORMAL,TEST NOT OFFERED,2021,JR467747,12/06/2021 10:32:00 AM,30,TRAFFIC SIGNAL,FUNCTIONING PROPERLY,CLEAR,DAYLIGHT,TURNING,NOT DIVIDED,STRAIGHT AND LEVEL,DRY,NO DEFECTS,ON SCENE,NO INJURY / DRIVE AWAY,Y,Y,"$501 - $1,500",12/06/2021 10:32:00 AM,FAILING TO YIELD RIGHT-OF-WAY,FAILING TO YIELD RIGHT-OF-WAY,7100,S,HALSTED ST,733.0,2,NO INDICATION OF INJURY,0.0,0.0,0.0,0.0,0.0,2.0,0.0,10,2,12,41.765109431999996,-87.644556952,POINT (-87.644556951763 41.765109431911),2021,632
O1198947,DRIVER,6eb101e983f0a57758140d867150def6d9496aec846eb41f738de704ee2c56901eca50fdfeaf68ddecddd476dbdcb9d4f7322394aaf419168529e8291bee9f50,JE399013,1137591.0,10/05/2021 02:02:00 PM,CHICAGO,IL,60636,F,27.0,USAGE UNKNOWN,DID NOT DEPLOY,NONE,NO INDICATION OF INJURY,NONE,NOT OBSCURED,NORMAL,TEST NOT OFFERED,2021,JE399013,10/05/2021 02:02:00 PM,30,STOP SIGN/FLASHER,FUNCTIONING PROPERLY,CLEAR,DAYLIGHT,ANGLE,DIVIDED - W/MEDIAN (NOT RAISED),STRAIGHT AND LEVEL,DRY,NO DEFECTS,ON SCENE,INJURY AND / OR TOW DUE TO CRASH,Y,Y,"OVER $1,500",10/05/2021 02:30:00 PM,DISREGARDING STOP SIGN,NOT APPLICABLE,8101,S,KEDZIE AVE,835.0,2,NO INDICATION OF INJURY,0.0,0.0,0.0,0.0,0.0,2.0,0.0,14,3,10,41.746062636,-87.702143236,POINT (-87.702143235997 41.746062636044),2021,842
O1178708,DRIVER,b91d95e88496ec75134ec8f932748f065b7cc36679c6867d03d8f6a411c8430e7cdc2aee501fc6ce51c3c4e3bf3638f9feb4444c9c61916e21b73bfe05ee8530,JE365155,1118238.0,09/07/2021 05:16:00 PM,CHICAGO,IL,60619,M,32.0,SAFETY BELT USED,"DEPLOYED, SIDE",NONE,NO INDICATION OF INJURY,NONE,NOT OBSCURED,NORMAL,TEST NOT OFFERED,2021,JE365155,09/07/2021 05:16:00 PM,30,STOP SIGN/FLASHER,FUNCTIONING PROPERLY,RAIN,DAYLIGHT,ANGLE,FOUR WAY,STRAIGHT AND LEVEL,WET,NO DEFECTS,ON SCENE,INJURY AND / OR TOW DUE TO CRASH,Y,Y,"OVER $1,500",09/07/2021 05:21:00 PM,UNABLE TO DETERMINE,UNABLE TO DETERMINE,7300,S,CALUMET AVE,323.0,2,NO INDICATION OF INJURY,0.0,0.0,0.0,0.0,0.0,2.0,0.0,17,3,9,41.761935646,-87.61693074899999,POINT (-87.616930748727 41.76193564613),2021,1036
O1076410,DRIVER,53bdb34520fed45fb87f60ccd6e9c2a29e699563e20ce425ba599b3e834bd5c3801098152daa4d5e576a67d086cb6ad9d8ce57ac2d38057769a8427b8c6433a1,JE199213,1020830.0,04/14/2021 10:15:00 AM,CHICAGO,IL,60624,M,62.0,USAGE UNKNOWN,DID NOT DEPLOY,NONE,NO INDICATION OF INJURY,OTHER,NOT OBSCURED,NORMAL,TEST NOT OFFERED,2021,JE199213,04/14/2021 10:15:00 AM,15,NO CONTROLS,NO CONTROLS,CLEAR,DAYLIGHT,ANGLE,ALLEY,STRAIGHT AND LEVEL,DRY,NO DEFECTS,NOT ON SCENE (DESK REPORT),NO INJURY / DRIVE AWAY,N,Y,"OVER $1,500",04/14/2021 01:13:00 PM,UNABLE TO DETERMINE,UNABLE TO DETERMINE,4810,W,QUINCY ST,1533.0,2,NO INDICATION OF INJURY,0.0,0.0,0.0,0.0,0.0,2.0,0.0,10,4,4,41.87779615,-87.74566238700001,POINT (-87.745662387429 41.877796149927),2021,615
O1122775,DRIVER,5221969cdca1c2ed51ae4af3272b12187592c1c4362146a588db36c715d97763cd9d6e809d06dfaa3c312f9f7e139286fa18d89bb2bc52d9ee7aeb86f67fc42e,JE273492,1064953.0,06/20/2021 07:00:00 PM,CHICAGO,IL,60619,F,59.0,SAFETY BELT USED,DID NOT DEPLOY,NONE,NO INDICATION OF INJURY,NONE,NOT OBSCURED,NORMAL,TEST NOT OFFERED,2021,JE273492,06/20/2021 07:00:00 PM,30,TRAFFIC SIGNAL,FUNCTIONING PROPERLY,CLOUDY/OVERCAST,DUSK,SIDESWIPE SAME DIRECTION,DIVIDED - W/MEDIAN BARRIER,STRAIGHT AND LEVEL,DRY,NO DEFECTS,NOT ON SCENE (DESK REPORT),NO INJURY / DRIVE AWAY,Y,Y,"$501 - $1,500",06/20/2021 07:15:00 PM,FAILING TO REDUCE SPEED TO AVOID CRASH,UNABLE TO DETERMINE,8700,S,LAFAYETTE AVE,634.0,2,NO INDICATION OF INJURY,0.0,0.0,0.0,0.0,0.0,2.0,0.0,19,1,6,41.73616511,-87.62558756899999,POINT (-87.625587568999 41.736165110086),2021,1140
O1200557,DRIVER,6aa07967ab19e6c84ed8eedf6f8f47d3a1fb8af50526cb3ae2da43ca475617e69418dc5e0b47462167dc001ed1ef1a055977ae0fca082c71d28936ffbf2d2b06,JE401864,1139122.0,10/07/2021 06:15:00 PM,CHICAGO,IL,60621,M,38.0,SAFETY BELT USED,DID NOT DEPLOY,NONE,NO INDICATION OF INJURY,NONE,NOT OBSCURED,NORMAL,TEST NOT OFFERED,2021,JE401864,10/07/2021 06:15:00 PM,30,TRAFFIC SIGNAL,FUNCTIONING PROPERLY,CLEAR,DAYLIGHT,TURNING,FOUR WAY,STRAIGHT AND LEVEL,DRY,NO DEFECTS,NOT ON SCENE (DESK REPORT),NO INJURY / DRIVE AWAY,Y,Y,"OVER $1,500",10/07/2021 07:05:00 PM,FAILING TO REDUCE SPEED TO AVOID CRASH,FOLLOWING TOO CLOSELY,538,W,76TH ST,621.0,2,NO INDICATION OF INJURY,0.0,0.0,0.0,0.0,0.0,3.0,0.0,18,5,10,41.756282311999996,-87.638361061,POINT (-87.638361061304 41.756282312077),2021,1095
O1084996,DRIVER,fb0dcde73703ad4f9202fc0aaee7d0bc369a5e8b51967daa9fc4da3734eb3cbfa0b94ce344062814506bafe7de3e088fb78b696ce280d95b3946ba71330e06ff,JE213697,1029046.0,04/22/2021 11:22:00 AM,WINAMAC,IN,46996,M,43.0,SAFETY BELT USED,DID NOT DEPLOY,NONE,NO INDICATION OF INJURY,NONE,UNKNOWN,NORMAL,TEST NOT OFFERED,2021,JE213697,04/22/2021 11:22:00 AM,30,NO CONTROLS,NO CONTROLS,CLEAR,DAYLIGHT,ANGLE,T-INTERSECTION,STRAIGHT AND LEVEL,DRY,NO DEFECTS,NOT ON SCENE (DESK REPORT),NO INJURY / DRIVE AWAY,Y,Y,"OVER $1,500",04/29/2021 09:45:00 AM,DISREGARDING STOP SIGN,DISREGARDING STOP SIGN,7100,S,SANGAMON ST,733.0,2,NO INDICATION OF INJURY,0.0,0.0,0.0,0.0,0.0,3.0,0.0,11,5,4,41.765052868000005,-87.648197816,POINT (-87.648197815989 41.76505286757),2021,682
O1226355,DRIVER,ba04a8758b628963754cda08c76fb78f75a3d459208466f8a082791018f7e70fee86a25b981ff3819e9a51f1e869c8c31676ec5ab049afe7e081f9fdd24d01a9,JE443981,1163787.0,11/08/2021 09:50:00 AM,CHICAGO,IL,60616,M,27.0,SAFETY BELT USED,DID NOT DEPLOY,NONE,NO INDICATION OF INJURY,NONE,NOT OBSCURED,NORMAL,TEST NOT OFFERED,2021,JE443981,11/08/2021 09:50:00 AM,30,TRAFFIC SIGNAL,FUNCTIONING PROPERLY,CLEAR,DAYLIGHT,TURNING,DIVIDED - W/MEDIAN (NOT RAISED),STRAIGHT AND LEVEL,DRY,NO DEFECTS,NOT ON SCENE (DESK REPORT),NO INJURY / DRIVE AWAY,Y,Y,"OVER $1,500",11/13/2021 03:12:00 PM,IMPROPER TURNING/NO SIGNAL,NOT APPLICABLE,800,S,ASHLAND AVE,1231.0,2,NO INDICATION OF INJURY,0.0,0.0,0.0,0.0,0.0,2.0,0.0,9,2,11,41.871565991,-87.666675414,POINT (-87.666675414457 41.871565990609),2021,590
O1117460,DRIVER,692b05e2a747e532981ef6b9f188e6a18a910252c0e89c7c96c3c788fd79d62ba465de577ab3aefe6171ccabd29d46e1a9aa9fd75fcade75340347d856a35bc0,JE265141,1059958.0,06/14/2021 04:37:00 AM,CHICAGO,IL,60637,F,27.0,SAFETY BELT USED,NOT APPLICABLE,NONE,NO INDICATION OF INJURY,NONE,NOT OBSCURED,NORMAL,TEST NOT OFFERED,2021,JE265141,06/14/2021 04:37:00 AM,30,STOP SIGN/FLASHER,FUNCTIONING PROPERLY,CLEAR,DAWN,SIDESWIPE SAME DIRECTION,FOUR WAY,STRAIGHT AND LEVEL,DRY,NO DEFECTS,ON SCENE,NO INJURY / DRIVE AWAY,Y,Y,"OVER $1,500",06/14/2021 04:37:00 AM,DISREGARDING STOP SIGN,FAILING TO YIELD RIGHT-OF-WAY,5659,S,MORGAN ST,712.0,2,NO INDICATION OF INJURY,0.0,0.0,0.0,0.0,0.0,4.0,0.0,4,2,6,41.790689335,-87.64977863200001,POINT (-87.649778632223 41.790689334807),2021,277
O1077905,DRIVER,efb0d892113c4412b6e0c5b10a57e36719000dda0edd34f68c2847d2ae298f9f66b8dee20f6ced9842fd5abd4cbfd433fb46c313d1dc5d0e0b668a67543b7c23,JE201774,1022252.0,04/17/2021 03:32:00 AM,CHICAGO,IL,60628,M,45.0,USAGE UNKNOWN,DID NOT DEPLOY,NONE,NONINCAPACITATING INJURY,UNKNOWN,UNKNOWN,NORMAL,TEST NOT OFFERED,2021,JE201774,04/17/2021 03:32:00 AM,30,TRAFFIC SIGNAL,FUNCTIONING PROPERLY,CLEAR,"DARKNESS, LIGHTED ROAD",REAR END,NOT DIVIDED,STRAIGHT AND LEVEL,DRY,NO DEFECTS,ON SCENE,INJURY AND / OR TOW DUE TO CRASH,Y,Y,"OVER $1,500",04/17/2021 03:32:00 AM,IMPROPER OVERTAKING/PASSING,DRIVING ON WRONG SIDE/WRONG WAY,732,E,111TH ST,513.0,2,NONINCAPACITATING INJURY,1.0,0.0,0.0,1.0,0.0,1.0,0.0,3,7,4,41.692952786,-87.603831095,POINT (-87.603831095408 41.692952786046),2021,212
O1198933,DRIVER,5f1bc288665ec8af02cd6050166365b8b108c68da0084d8d8b7e7d8150bb247c8615afd24c8ae37893d5b7649bd9f57f7842ecf11cffaa7f06f14f8accc8fe6d,JE399005,1137570.0,10/01/2021 05:50:00 PM,CHICAGO,IL,60616,F,52.0,SAFETY BELT USED,DID NOT DEPLOY,NONE,NO INDICATION OF INJURY,NONE,NOT OBSCURED,NORMAL,TEST NOT OFFERED,2021,JE399005,10/01/2021 05:50:00 PM,30,STOP SIGN/FLASHER,FUNCTIONING PROPERLY,CLEAR,DAYLIGHT,ANGLE,FOUR WAY,STRAIGHT AND LEVEL,DRY,NO DEFECTS,NOT ON SCENE (DESK REPORT),NO INJURY / DRIVE AWAY,Y,Y,"OVER $1,500",10/05/2021 02:35:00 PM,UNABLE TO DETERMINE,UNABLE TO DETERMINE,7800,S,PRAIRIE AVE,623.0,2,NO INDICATION OF INJURY,0.0,0.0,0.0,0.0,0.0,2.0,0.0,17,6,10,41.752792142,-87.61834141899999,POINT (-87.618341419101 41.752792141508),2021,1070
O1142092,DRIVER,8bca69f48f1bf7c5bf3c4ea62b9af8c925948c56ee0ff3c6f8c0ba3e87e7c4f6ddeea564f279f98898c3f1914b025105228baf46d14ea164cc9258f3baf61a57,JE305212,1083322.0,07/18/2021 02:15:00 AM,DOLTON,IL,60419,F,52.0,SAFETY BELT USED,DID NOT DEPLOY,NONE,NO INDICATION OF INJURY,NONE,NOT OBSCURED,NORMAL,TEST NOT OFFERED,2021,JE305212,07/18/2021 02:15:00 AM,40,TRAFFIC SIGNAL,FUNCTIONING PROPERLY,CLEAR,"DARKNESS, LIGHTED ROAD",ANGLE,DIVIDED - W/MEDIAN BARRIER,STRAIGHT AND LEVEL,DRY,NO DEFECTS,ON SCENE,NO INJURY / DRIVE AWAY,Y,Y,"OVER $1,500",07/18/2021 02:34:00 AM,DISREGARDING TRAFFIC SIGNALS,NOT APPLICABLE,1401,N,LAKE SHORE DR NB,1824.0,2,NO INDICATION OF INJURY,0.0,0.0,0.0,0.0,0.0,3.0,0.0,2,1,7,41.907954219000004,-87.625212621,POINT (-87.625212620678 41.907954218807),2021,135
O1090637,DRIVER,916077722f256a7be68707103afd252becf8ea7d07a0cf3efca8dfc470ca734dea656d24ebce4fccec5bde1364844654b44b0a0137ad360b563bf4b0c1f5ecb7,JE222594,1034448.0,05/07/2021 12:27:00 PM,DUBUQUE,IA,52001,F,24.0,SAFETY BELT USED,DID NOT DEPLOY,NONE,"REPORTED, NOT EVIDENT",UNKNOWN,NOT OBSCURED,NORMAL,TEST NOT OFFERED,2021,JE222594,05/07/2021 12:27:00 PM,30,TRAFFIC SIGNAL,FUNCTIONING PROPERLY,CLEAR,DAYLIGHT,ANGLE,NOT DIVIDED,STRAIGHT AND LEVEL,DRY,NO DEFECTS,NOT ON SCENE (DESK REPORT),INJURY AND / OR TOW DUE TO CRASH,Y,N,"OVER $1,500",05/07/2021 01:20:00 PM,UNABLE TO DETERMINE,NOT APPLICABLE,599,S,ASHLAND AVE,1231.0,2,"REPORTED, NOT EVIDENT",1.0,0.0,0.0,0.0,1.0,4.0,0.0,12,6,5,41.8742514,-87.666453359,POINT (-87.666453358949 41.87425139966),2021,747
O1178179,DRIVER,39ea3cde6e28ef28dcd4367916730dc1b71464ca56f95acb4d0e68ad6a2e5098d64b41d880402122bd1104add76def0db0d6981abb1d711a5c37d691add7e0ec,JE364323,1117716.0,09/07/2021 08:10:00 AM,CALUMET PARK,IL,60827,F,58.0,SAFETY BELT USED,NOT APPLICABLE,NONE,NO INDICATION OF INJURY,NONE,NOT OBSCURED,NORMAL,TEST NOT OFFERED,2021,JE364323,09/07/2021 08:10:00 AM,30,STOP SIGN/FLASHER,FUNCTIONING PROPERLY,CLEAR,DAYLIGHT,REAR END,ONE-WAY,STRAIGHT AND LEVEL,DRY,NO DEFECTS,NOT ON SCENE (DESK REPORT),NO INJURY / DRIVE AWAY,Y,Y,"OVER $1,500",09/07/2021 08:25:00 AM,UNABLE TO DETERMINE,UNABLE TO DETERMINE,11003,S,ASHLAND AVE,2234.0,3,NO INDICATION OF INJURY,0.0,0.0,0.0,0.0,0.0,3.0,0.0,8,3,9,41.693808902,-87.661744745,POINT (-87.661744745261 41.693808902238),2021,490
O1123913,DRIVER,6756062a3fc577a54f06679acdc1a7b033ddf0ed9dc153936fb7057e634ad6613af6798f4c28fd49860f7c0cf899cde29b30795491bbbaf852ef61a4c88483c5,JE275319,1066078.0,06/22/2021 10:02:00 AM,CHICAGO,IL,60649,F,54.0,USAGE UNKNOWN,NOT APPLICABLE,NONE,"REPORTED, NOT EVIDENT",NONE,NOT OBSCURED,NORMAL,TEST NOT OFFERED,2021,JE275319,06/22/2021 10:02:00 AM,35,TRAFFIC SIGNAL,FUNCTIONING PROPERLY,CLOUDY/OVERCAST,DAYLIGHT,HEAD ON,FOUR WAY,STRAIGHT AND LEVEL,DRY,NO DEFECTS,ON SCENE,INJURY AND / OR TOW DUE TO CRASH,Y,Y,"OVER $1,500",06/22/2021 10:15:00 AM,UNABLE TO DETERMINE,UNABLE TO DETERMINE,8700,S,SOUTH CHICAGO AVE,423.0,2,"REPORTED, NOT EVIDENT",1.0,0.0,0.0,0.0,1.0,1.0,0.0,10,3,6,41.737042973,-87.56569695299999,POINT (-87.565696953391 41.737042973423),2021,602
O1066591,DRIVER,a1a153038fc0b5c219a2a4424bb26bda518c1258ca31f2e1df28d9f96ae6efb8cd24502c12c27a203063b62c9b0a82e302e6b98d233de4f7af01931c929c5b15,JE182700,1011524.0,03/28/2021 09:30:00 PM,DES PLAINES,IL,60018,M,65.0,USAGE UNKNOWN,NOT APPLICABLE,NONE,NO INDICATION OF INJURY,UNKNOWN,UNKNOWN,UNKNOWN,TEST NOT OFFERED,2021,JE182700,03/28/2021 09:30:00 PM,30,UNKNOWN,UNKNOWN,CLEAR,"DARKNESS, LIGHTED ROAD",TURNING,DIVIDED - W/MEDIAN (NOT RAISED),STRAIGHT AND LEVEL,OTHER,UNKNOWN,NOT ON SCENE (DESK REPORT),INJURY AND / OR TOW DUE TO CRASH,Y,Y,"OVER $1,500",03/28/2021 11:15:00 PM,DISREGARDING TRAFFIC SIGNALS,UNABLE TO DETERMINE,7100,S,LAFAYETTE AVE,731.0,2,NO INDICATION OF INJURY,0.0,0.0,0.0,0.0,0.0,2.0,0.0,21,1,3,41.765398585999996,-87.626695501,POINT (-87.626695500681 41.765398585764),2021,1290
O1131429,DRIVER,be5e1f52743d702955371e11fd7b247911ac7dad42e7f49d181c1599e732a74bca0233da8b450b6a16b13170e3db2d7c19c1c4dc8de18598627ec8d045ef872b,JE287682,1073245.0,07/02/2021 06:00:00 PM,OAK LAWN,IL,60453,M,20.0,SAFETY BELT USED,DID NOT DEPLOY,NONE,NO INDICATION OF INJURY,NONE,NOT OBSCURED,NORMAL,TEST NOT OFFERED,2021,JE287682,07/02/2021 06:00:00 PM,35,TRAFFIC SIGNAL,FUNCTIONING PROPERLY,CLEAR,DAYLIGHT,REAR END,DIVIDED - W/MEDIAN (NOT RAISED),STRAIGHT AND LEVEL,DRY,NO DEFECTS,NOT ON SCENE (DESK REPORT),NO INJURY / DRIVE AWAY,Y,Y,$500 OR LESS,07/02/2021 07:00:00 PM,FOLLOWING TOO CLOSELY,NOT APPLICABLE,2032,W,103RD ST,2213.0,3,NO INDICATION OF INJURY,0.0,0.0,0.0,0.0,0.0,3.0,0.0,18,6,7,41.706627309,-87.67323704,POINT (-87.673237040273 41.706627309048),2021,1080
O1089819,DRIVER,579c587845c35b5d0bf74778a31b5f13938d27779e5728e5781729c6fe6d964cc70f0f926334ae1972c1aa7ee14fd49cd869d8e0871bb01a4f9ff9df39154600,JE221338,1033636.0,05/05/2021 09:10:00 PM,CHICAGO,IL,60624,F,31.0,SAFETY BELT USED,DID NOT DEPLOY,NONE,NO INDICATION OF INJURY,NONE,NOT OBSCURED,NORMAL,TEST NOT OFFERED,2021,JE221338,05/05/2021 09:10:00 PM,30,TRAFFIC SIGNAL,FUNCTIONING PROPERLY,UNKNOWN,"DARKNESS, LIGHTED ROAD",REAR END,DIVIDED - W/MEDIAN BARRIER,STRAIGHT AND LEVEL,UNKNOWN,UNKNOWN,NOT ON SCENE (DESK REPORT),NO INJURY / DRIVE AWAY,Y,Y,"OVER $1,500",05/06/2021 09:55:00 AM,UNABLE TO DETERMINE,UNABLE TO DETERMINE,502,S,HAMLIN BLVD,1133.0,2,NO INDICATION OF INJURY,0.0,0.0,0.0,0.0,0.0,3.0,0.0,21,4,5,41.874350356,-87.72053857600001,POINT (-87.720538575955 41.874350356029),2021,1270
O1167138,DRIVER,3af689ebd0f279c8dc901c9db92faaac17352312459633581123d6030a5e8d803632a565b80dedfb559ecc8b93eb111d3b4079e2f38285bfe782de9303570916,JE346021,1107147.0,08/22/2021 11:54:00 AM,CHICAGO,IL,60615,F,66.0,SAFETY BELT USED,"DEPLOYED, SIDE",TOTALLY EJECTED,NO INDICATION OF INJURY,NONE,NOT OBSCURED,NORMAL,TEST NOT OFFERED,2021,JE346021,08/22/2021 11:54:00 AM,30,STOP SIGN/FLASHER,FUNCTIONING PROPERLY,CLEAR,DAYLIGHT,ANGLE,T-INTERSECTION,STRAIGHT AND LEVEL,DRY,NO DEFECTS,ON SCENE,INJURY AND / OR TOW DUE TO CRASH,Y,N,"OVER $1,500",08/22/2021 11:55:00 AM,DISREGARDING STOP SIGN,DRIVING SKILLS/KNOWLEDGE/EXPERIENCE,4600,S,MICHIGAN AVE,215.0,2,NO INDICATION OF INJURY,0.0,0.0,0.0,0.0,0.0,2.0,0.0,11,1,8,41.811007047,-87.623029109,POINT (-87.623029109238 41.811007046873),2021,714
O1214440,DRIVER,a84edde7be91ce684be40e5acdacb6a295325d5e2a73a9467ead55610e68634154edb79edaa244e2bd9e7df5dd1b773f4784669e2b237c4f35951671e1534cef,JE424621,1152367.0,10/27/2021 05:45:00 PM,PARK RIDGE,IL,60068,M,36.0,SAFETY BELT USED,NOT APPLICABLE,NONE,NO INDICATION OF INJURY,NONE,NOT OBSCURED,NORMAL,TEST NOT OFFERED,2021,JE424621,10/27/2021 05:45:00 PM,35,TRAFFIC SIGNAL,FUNCTIONING PROPERLY,CLEAR,DAWN,REAR END,T-INTERSECTION,STRAIGHT AND LEVEL,DRY,NO DEFECTS,ON SCENE,NO INJURY / DRIVE AWAY,Y,Y,"OVER $1,500",10/27/2021 05:50:00 PM,FOLLOWING TOO CLOSELY,UNABLE TO DETERMINE,1300,W,NORTH AVE,1433.0,4,NO INDICATION OF INJURY,0.0,0.0,0.0,0.0,0.0,4.0,0.0,17,4,10,41.910850362,-87.66044504,POINT (-87.66044504039 41.910850361976),2021,1065
O1059384,DRIVER,991562f33a6a33313608e87df84a9a2a015623deb28cc1b890ec39d5b53002bcd3b3c2455340db5f213ee95c53c2bfba68e19433dfd42051e94cd86506776f30,JE170283,1004623.0,03/16/2021 09:45:00 AM,BURBANK,IL,60459,F,38.0,SAFETY BELT USED,DID NOT DEPLOY,NONE,NO INDICATION OF INJURY,NONE,NOT OBSCURED,NORMAL,TEST NOT OFFERED,2021,JE170283,03/16/2021 09:45:00 AM,30,TRAFFIC SIGNAL,FUNCTIONING PROPERLY,CLEAR,DAYLIGHT,TURNING,NOT DIVIDED,STRAIGHT AND LEVEL,DRY,NO DEFECTS,ON SCENE,NO INJURY / DRIVE AWAY,Y,Y,"OVER $1,500",03/16/2021 09:47:00 AM,DISREGARDING TRAFFIC SIGNALS,FAILING TO YIELD RIGHT-OF-WAY,11100,S,PULASKI RD,2211.0,2,NO INDICATION OF INJURY,0.0,0.0,0.0,0.0,0.0,3.0,0.0,9,3,3,41.691095110999996,-87.720455524,POINT (-87.720455523992 41.691095110917),2021,585
O1020966,DRIVER,4acc4e5699027493c791ea48cd40a7b64254cf4d82252c5a3f6f6b038a24eeac1a419d4d1854eb22b2cfcbf037707b577fce7e70e45459b5cf1c327c6c2d1c1a,JE105854,967694.0,01/07/2021 11:40:00 AM,PLAINFIELD,IL,60586,M,31.0,SAFETY BELT USED,DID NOT DEPLOY,NONE,NO INDICATION OF INJURY,NONE,NOT OBSCURED,NORMAL,TEST NOT OFFERED,2021,JE105854,01/07/2021 11:40:00 AM,30,TRAFFIC SIGNAL,FUNCTIONING PROPERLY,CLEAR,DAYLIGHT,TURNING,FOUR WAY,STRAIGHT AND LEVEL,DRY,NO DEFECTS,ON SCENE,NO INJURY / DRIVE AWAY,N,Y,$500 OR LESS,01/07/2021 11:47:00 AM,UNABLE TO DETERMINE,NOT APPLICABLE,1807,S,ASHLAND AVE,1233.0,2,NO INDICATION OF INJURY,0.0,0.0,0.0,0.0,0.0,2.0,0.0,11,5,1,41.857561185,-87.66598939299999,POINT (-87.66598939272 41.85756118525),2021,700
O1188120,DRIVER,7f131bc98703d3f591ac19c6b89b43fd1ea5b63bef2b26861c0cea9b203de1defe295f9f3f96ded0609d91e289301a45f0ce475882659defbc69419072e26b92,JE380821,1127216.0,09/18/2021 10:40:00 PM,CHICAGO,IL,60620,F,25.0,SAFETY BELT USED,DID NOT DEPLOY,NONE,NO INDICATION OF INJURY,NONE,NOT OBSCURED,NORMAL,TEST NOT OFFERED,2021,JE380821,09/18/2021 10:40:00 PM,30,TRAFFIC SIGNAL,FUNCTIONING PROPERLY,UNKNOWN,"DARKNESS, LIGHTED ROAD",SIDESWIPE SAME DIRECTION,CENTER TURN LANE,STRAIGHT AND LEVEL,UNKNOWN,NO DEFECTS,NOT ON SCENE (DESK REPORT),NO INJURY / DRIVE AWAY,Y,Y,"$501 - $1,500",09/20/2021 02:20:00 PM,UNABLE TO DETERMINE,UNABLE TO DETERMINE,1219,W,76TH ST,612.0,2,NO INDICATION OF INJURY,0.0,0.0,0.0,0.0,0.0,3.0,0.0,22,7,9,41.755949781,-87.654666156,POINT (-87.654666155679 41.755949781148),2021,1360
O1073712,DRIVER,725d7a80e2c3b1b6e2936f5fc75148846261c7eb3a8994341ca2c9c6ccfe7ea852a983a1c52c6d132655f2d0c0f737bfc400a1f02b3505958fe5c01953ff3f3b,JE194746,1018285.0,04/09/2021 07:10:00 PM,CHICAGO,IL,60619,M,62.0,USAGE UNKNOWN,DID NOT DEPLOY,NONE,NO INDICATION OF INJURY,NONE,NOT OBSCURED,NORMAL,TEST NOT OFFERED,2021,JE194746,04/09/2021 07:10:00 PM,30,STOP SIGN/FLASHER,FUNCTIONING PROPERLY,CLEAR,DUSK,ANGLE,NOT DIVIDED,STRAIGHT AND LEVEL,DRY,NO DEFECTS,ON SCENE,INJURY AND / OR TOW DUE TO CRASH,Y,Y,"OVER $1,500",04/09/2021 07:23:00 PM,FAILING TO YIELD RIGHT-OF-WAY,NOT APPLICABLE,3100,W,FRANKLIN BLVD,1221.0,2,NO INDICATION OF INJURY,0.0,0.0,0.0,0.0,0.0,2.0,0.0,19,6,4,41.890207617,-87.704051409,POINT (-87.704051408774 41.890207616948),2021,1150