PERSON_ID,PERSON_TYPE,CRASH_RECORD_ID,RD_NO_x,VEHICLE_ID,CRASH_DATE_x,CITY,STATE,ZIPCODE,SEX,AGE,SAFETY_EQUIPMENT,AIRBAG_DEPLOYED,EJECTION,INJURY_CLASSIFICATION,DRIVER_ACTION,DRIVER_VISION,PHYSICAL_CONDITION,BAC_RESULT,CRASH_YEAR_x,RD_NO_y,CRASH_DATE_y,POSTED_SPEED_LIMIT,TRAFFIC_CONTROL_DEVICE,DEVICE_CONDITION,WEATHER_CONDITION,LIGHTING_CONDITION,FIRST_CRASH_TYPE,TRAFFICWAY_TYPE,ALIGNMENT,ROADWAY_SURFACE_COND,ROAD_DEFECT,REPORT_TYPE,CRASH_TYPE,INTERSECTION_RELATED_I,HIT_AND_RUN_I,DAMAGE,DATE_POLICE_NOTIFIED,PRIM_CONTRIBUTORY_CAUSE,SEC_CONTRIBUTORY_CAUSE,STREET_NO,STREET_DIRECTION,STREET_NAME,BEAT_OF_OCCURRENCE,NUM_UNITS,MOST_SEVERE_INJURY,INJURIES_TOTAL,INJURIES_FATAL,INJURIES_INCAPACITATING,INJURIES_NON_INCAPACITATING,INJURIES_REPORTED_NOT_EVIDENT,INJURIES_NO_INDICATION,INJURIES_UNKNOWN,CRASH_HOUR,CRASH_DAY_OF_WEEK,CRASH_MONTH,LATITUDE,LONGITUDE,LOCATION,CRASH_YEAR_y,TIME
O1169018,DRIVER,a6fda6f9e70cc6056a3f618ecc3c74d2a06ab545f4ee9866ac9c49dd9e47c3c393d79f77d8190cf9ca82847be7b8270c048a05d67945deb6ca9906bb14452242,JE349184,1108946.0,08/25/2021 08:20:00 AM,CHICAGO,IL,60609,M,58.0,SAFETY BELT USED,DID NOT DEPLOY,NONE,NO INDICATION OF INJURY,NONE,NOT OBSCURED,NORMAL,TEST NOT OFFERED,2021,JE349184,08/25/2021 08:20:00 AM,30,TRAFFIC SIGNAL,FUNCTIONING PROPERLY,CLEAR,DAYLIGHT,REAR END,NOT DIVIDED,STRAIGHT AND LEVEL,DRY,NO DEFECTS,ON SCENE,INJURY AND / OR TOW DUE TO CRASH,Y,Y,"OVER $1,500",08/25/2021 08:21:00 AM,UNABLE TO DETERMINE,UNABLE TO DETERMINE,4900,S,WESTERN AVE,923.0,2,NO INDICATION OF INJURY,0.0,0.0,0.0,0.0,0.0,2.0,0.0,8,4,8,41.804641245,-87.684516905,POINT (-87.684516905411 41.804641245012),2021,500
O1095993,DRIVER,921109eb251bb2a693b7eb0cf5b628667984b6f2ff4460eb04d84baad6447d427b99b544af167f26a0c8641fd71b3787b83dadd875afeb99770c9fa65a5fe2ff,JE231006,1039555.0,05/14/2021 04:30:00 PM,CHICAGO,IL,60619,F,40.0,SAFETY BELT USED,NOT APPLICABLE,NONE,NO INDICATION OF INJURY,NONE,NOT OBSCURED,NORMAL,TEST NOT OFFERED,2021,JE231006,05/14/2021 04:30:00 PM,30,TRAFFIC SIGNAL,FUNCTIONING PROPERLY,CLEAR,DAYLIGHT,REAR END,NOT DIVIDED,STRAIGHT AND LEVEL,DRY,NO DEFECTS,NOT ON SCENE (DESK REPORT),NO INJURY / DRIVE AWAY,Y,Y,"OVER $1,500",05/15/2021 01:25:00 PM,UNABLE TO DETERMINE,UNABLE TO DETERMINE,10300,S,PEORIA ST,2232.0,2,NO INDICATION OF INJURY,0.0,0.0,0.0,0.0,0.0,2.0,0.0,16,6,5,41.706800764,-87.645408075,POINT (-87.645408074588 41.706800764188),2021,990
O1152662,DRIVER,84869cf580e399363a85f62aca07782a5dfa2461751eeb03227773d5596bbfd37299c7867e07b7116247a2adfef10c8720d8c71b5796492bd1712e2a33c4d5d5,JE322291,1093382.0,08/01/2021 02:42:00 PM,CHICAGO,IL,60621,F,31.0,SAFETY BELT USED,DID NOT DEPLOY,NONE,NO INDICATION OF INJURY,NONE,NOT OBSCURED,NORMAL,TEST NOT OFFERED,2021,JE322291,08/01/2021 02:42:00 PM,30,TRAFFIC SIGNAL,FUNCTIONING PROPERLY,CLEAR,DAYLIGHT,REAR END,DIVIDED - W/MEDIAN (NOT RAISED),STRAIGHT AND LEVEL,DRY,NO DEFECTS,NOT ON SCENE (DESK REPORT),NO INJURY / DRIVE AWAY,Y,Y,"$501 - $1,500",08/01/2021 03:15:00 PM,FAILING TO REDUCE SPEED TO AVOID CRASH,UNABLE TO DETERMINE,7500,S,LAFAYETTE AVE,623.0,2,NO INDICATION OF INJURY,0.0,0.0,0.0,0.0,0.0,2.0,0.0,14,1,8,41.758068531999996,-87.62651698200001,POINT (-87.626516982328 41.75806853202),2021,882
O1120749,DRIVER,ea89a4c0793f8c00769313c1eccf64d385a52510eab4f657a7fa7270199c4c6f8b9cca7696f1b6b0b7f6118304928c70c2fb46c59afb4540b7cfefa7ddcadcb1,JE270536,1063047.0,06/18/2021 12:42:00 PM,HOFFMAN ESTATES,IL,60169,M,30.0,SAFETY BELT USED,DID NOT DEPLOY,NONE,NONINCAPACITATING INJURY,NONE,NOT OBSCURED,NORMAL,TEST NOT OFFERED,2021,JE270536,06/18/2021 12:42:00 PM,30,STOP SIGN/FLASHER,FUNCTIONING PROPERLY,CLEAR,DAYLIGHT,REAR END,FOUR WAY,STRAIGHT ON GRADE,DRY,UNKNOWN,ON SCENE,INJURY AND / OR TOW DUE TO CRASH,Y,Y,"OVER $1,500",06/18/2021 12:43:00 PM,UNABLE TO DETERMINE,NOT APPLICABLE,10501,S,HALSTED ST,2233.0,2,NONINCAPACITATING INJURY,1.0,0.0,0.0,1.0,0.0,1.0,0.0,12,6,6,41.703191269,-87.64257173200001,POINT (-87.64257173162 41.703191269295),2021,762
O1050392,DRIVER,eadc846b737b94c0181ae47b5c1e4877088f35faa3c4796089c798291841c4746e822a4bbfccb97cf6e9ec7981704c25a851ec602b039dd9923d129ea46f81e0,JE153663,995946.0,02/27/2021 03:30:00 AM,CHICAGO,IL,60632,M,25.0,USAGE UNKNOWN,"DEPLOYED, FRONT",NONE,NO INDICATION OF INJURY,FOLLOWED TOO CLOSELY,UNKNOWN,UNKNOWN,TEST NOT OFFERED,2021,JE153663,02/27/2021 03:30:00 AM,30,STOP SIGN/FLASHER,FUNCTIONING PROPERLY,CLEAR,"DARKNESS, LIGHTED ROAD",REAR END,NOT DIVIDED,STRAIGHT AND LEVEL,WET,NO DEFECTS,ON SCENE,INJURY AND / OR TOW DUE TO CRASH,Y,Y,"OVER $1,500",02/27/2021 03:32:00 AM,FOLLOWING TOO CLOSELY,FOLLOWING TOO CLOSELY,2459,N,LARAMIE AVE,2521.0,2,NO INDICATION OF INJURY,0.0,0.0,0.0,0.0,0.0,3.0,0.0,3,7,2,41.925921785,-87.756065821,POINT (-87.756065820541 41.92592178545),2021,210
O1226566,DRIVER,0de09f93df450b3f884fc4d53662a792b3f6e1a1cf646881008586d97177dad982067cea2080de4c6ecf2d2fcba708dbd664d755069469f499658046cb93f7ce,JE444384,1163977.0,11/13/2021 11:20:00 PM,CHICAGO,IL,60617,M,46.0,USAGE UNKNOWN,NOT APPLICABLE,NONE,NO INDICATION OF INJURY,NONE,NOT OBSCURED,NORMAL,TEST NOT OFFERED,2021,JE444384,11/13/2021 11:20:00 PM,35,STOP SIGN/FLASHER,FUNCTIONING PROPERLY,CLEAR,"DARKNESS, LIGHTED ROAD",ANGLE,NOT DIVIDED,STRAIGHT AND LEVEL,WET,OTHER,ON SCENE,INJURY AND / OR TOW DUE TO CRASH,Y,Y,"OVER $1,500",11/13/2021 11:37:00 PM,FAILING TO YIELD RIGHT-OF-WAY,NOT APPLICABLE,3527,E,100TH ST,432.0,2,NO INDICATION OF INJURY,0.0,0.0,0.0,0.0,0.0,2.0,0.0,23,7,11,41.713759419,-87.537748473,POINT (-87.537748472596 41.713759418536),2021,1400
O1033709,DRIVER,a48cebfa3065255719a774d354a033ef76720881d56ab81c577822ed99f6faedc6b1600ccd75f3f6366222271d95e1dfa54f3e61f76fc71796c2e8121ce80e17,JE129199,979810.0,02/01/2021 01:13:00 PM,CHICAGO,IL,60617,F,29.0,USAGE UNKNOWN,DEPLOYMENT UNKNOWN,NONE,NO INDICATION OF INJURY,NONE,UNKNOWN,UNKNOWN,TEST NOT OFFERED,2021,JE129199,02/01/2021 01:13:00 PM,30,TRAFFIC SIGNAL,FUNCTIONING PROPERLY,CLEAR,DAYLIGHT,REAR END,NOT DIVIDED,STRAIGHT AND LEVEL,WET,NO DEFECTS,ON SCENE,NO INJURY / DRIVE AWAY,Y,Y,"OVER $1,500",02/01/2021 01:20:00 PM,FOLLOWING TOO CLOSELY,UNABLE TO DETERMINE,11099,S,DR MARTIN LUTHER KING JR DR,513.0,2,NO INDICATION OF INJURY,0.0,0.0,0.0,0.0,0.0,2.0,0.0,13,2,2,41.69276368,-87.613230795,POINT (-87.613230795086 41.692763680384),2021,793
O1134545,DRIVER,0943fc20ac2a52bf78f19ea02154d15c2367d6d9ef4d8e5c71802a4494d2e10b8139ca9002f71dce4f6c254252b635260509eee7f309a2dbe71bbe48b523c2bb,JE292652,1076172.0,07/06/2021 07:37:00 PM,CHICAGO,IL,60638,F,23.0,SAFETY BELT USED,"DEPLOYED, COMBINATION",NONE,NO INDICATION OF INJURY,NONE,NOT OBSCURED,NORMAL,TEST NOT OFFERED,2021,JE292652,07/06/2021 07:37:00 PM,30,NO CONTROLS,NO CONTROLS,CLEAR,DAYLIGHT,TURNING,DIVIDED - W/MEDIAN (NOT RAISED),STRAIGHT AND LEVEL,DRY,NO DEFECTS,ON SCENE,INJURY AND / OR TOW DUE TO CRASH,Y,Y,"OVER $1,500",07/06/2021 07:50:00 PM,FAILING TO YIELD RIGHT-OF-WAY,NOT APPLICABLE,6400,S,CENTRAL AVE,812.0,2,NO INDICATION OF INJURY,0.0,0.0,0.0,0.0,0.0,5.0,0.0,19,3,7,41.776193291999995,-87.761797966,POINT (-87.761797966413 41.776193291792),2021,1177
O1048825,DRIVER,a8765e297488e07753bb1f23ddc50606612a185d514889d26dd2e5d8ccf052c01b95e62e1c3bd46c000d653e64480622cad5f370d2505f3a349400369d49402b,JE150811,994422.0,02/24/2021 11:30:00 AM,CHICAGO,IL,60653,M,36.0,SAFETY BELT USED,NOT APPLICABLE,NONE,NO INDICATION OF INJURY,NONE,NOT OBSCURED,NORMAL,TEST NOT OFFERED,2021,JE150811,02/24/2021 11:30:00 AM,30,TRAFFIC SIGNAL,FUNCTIONING PROPERLY,CLEAR,DAYLIGHT,SIDESWIPE SAME DIRECTION,NOT DIVIDED,STRAIGHT AND LEVEL,ICE,NO DEFECTS,NOT ON SCENE (DESK REPORT),NO INJURY / DRIVE AWAY,Y,Y,"OVER $1,500",02/24/2021 11:45:00 AM,FAILING TO YIELD RIGHT-OF-WAY,FAILING TO YIELD RIGHT-OF-WAY,10300,S,COTTAGE GROVE AVE,512.0,2,NO INDICATION OF INJURY,0.0,0.0,0.0,0.0,0.0,2.0,0.0,11,4,2,41.707405118000004,-87.606672215,POINT (-87.606672215235 41.707405117831),2021,690
O1058774,DRIVER,e3953812486ef6851e651aa1c78553fe3498381a63e817d5e0beb272a8c8bf96448836b4463b4e0cbe4f790eaa81fa4b9b81078d96e3dd9ba47262da4ba2cbf1,JE169175,1004019.0,03/15/2021 01:05:00 AM,MERRIONETTE,IL,60803,M,24.0,USAGE UNKNOWN,"DEPLOYED, FRONT",NONE,NO INDICATION OF INJURY,UNKNOWN,NOT OBSCURED,UNKNOWN,TEST NOT OFFERED,2021,JE169175,03/15/2021 01:05:00 AM,30,UNKNOWN,UNKNOWN,CLEAR,"DARKNESS, LIGHTED ROAD",REAR END,"FIVE POINT, OR MORE",STRAIGHT AND LEVEL,DRY,NO DEFECTS,ON SCENE,INJURY AND / OR TOW DUE TO CRASH,Y,Y,"OVER $1,500",03/15/2021 01:13:00 AM,UNABLE TO DETERMINE,UNABLE TO DETERMINE,798,E,71ST ST,322.0,2,NO INDICATION OF INJURY,0.0,0.0,0.0,0.0,0.0,2.0,0.0,1,2,3,41.765977949,-87.605671226,POINT (-87.605671226132 41.765977948808),2021,65
O1088067,DRIVER,4efaf4f94758deeb84ba8be3ea42a5ee4de88ddc2476832b93840f9e73bd013fb0ddc75051f671ab7f429fdb3b4f778e3e0db5d9366b93d97f13cfbe6dec8154,JE218331,1031974.0,05/03/2021 02:05:00 PM,CHICAGO,IL,60653,F,22.0,NONE PRESENT,"DEPLOYED, FRONT",NONE,"REPORTED, NOT EVIDENT",DISREGARDED CONTROL DEVICES,NOT OBSCURED,UNKNOWN,TEST NOT OFFERED,2021,JE218331,05/03/2021 02:05:00 PM,30,TRAFFIC SIGNAL,FUNCTIONING PROPERLY,CLEAR,DAYLIGHT,ANGLE,FOUR WAY,STRAIGHT AND LEVEL,WET,NO DEFECTS,ON SCENE,INJURY AND / OR TOW DUE TO CRASH,Y,Y,"OVER $1,500",05/03/2021 02:10:00 PM,DISREGARDING TRAFFIC SIGNALS,UNABLE TO DETERMINE,4659,S,DREXEL BLVD,222.0,3,"REPORTED, NOT EVIDENT",1.0,0.0,0.0,0.0,1.0,1.0,0.0,14,2,5,41.809657473,-87.603752289,POINT (-87.603752288947 41.809657472989),2021,845
O1098571,DRIVER,23dcccbfc8622ef1c63454fe6640c0ee177654fbd1c9f945b24ec23d7b0ab6c146fadd303dba6749e91fdcfc6f245d4388fefb7c84e556d9b1e092991f1bf1b9,JE235500,1042023.0,05/19/2021 04:30:00 PM,RISON,AR,71665,F,24.0,SAFETY BELT USED,"DEPLOYED, SIDE",NONE,"REPORTED, NOT EVIDENT",NONE,NOT OBSCURED,NORMAL,TEST NOT OFFERED,2021,JE235500,05/19/2021 04:30:00 PM,30,TRAFFIC SIGNAL,FUNCTIONING PROPERLY,CLEAR,DAYLIGHT,ANGLE,NOT DIVIDED,STRAIGHT AND LEVEL,DRY,NO DEFECTS,ON SCENE,INJURY AND / OR TOW DUE TO CRASH,Y,Y,"OVER $1,500",05/19/2021 04:30:00 PM,DISREGARDING TRAFFIC SIGNALS,NOT APPLICABLE,3956,W,ROOSEVELT RD,1132.0,2,"REPORTED, NOT EVIDENT",1.0,0.0,0.0,0.0,1.0,1.0,0.0,16,4,5,41.866283884,-87.72503353,POINT (-87.725033530279 41.866283883887),2021,990
O1114453,DRIVER,b8fc701eaf7c0523aaded7e22445c5d6a5cede9817be5795a92fda4ddccdb79e44708b8c0575bcb4fc7336f4642976bb7f1bbce9c8bb173ceb9aebf52e300301,JE260642,1057174.0,06/10/2021 10:00:00 AM,CHICAGO,IL,60629,F,43.0,USAGE UNKNOWN,DID NOT DEPLOY,NONE,NO INDICATION OF INJURY,NONE,NOT OBSCURED,NORMAL,TEST NOT OFFERED,2021,JE260642,06/10/2021 10:00:00 AM,35,NO CONTROLS,NO CONTROLS,CLEAR,DAYLIGHT,SIDESWIPE SAME DIRECTION,OTHER,STRAIGHT AND LEVEL,DRY,NO DEFECTS,ON SCENE,NO INJURY / DRIVE AWAY,N,Y,"OVER $1,500",06/10/2021 10:20:00 AM,IMPROPER OVERTAKING/PASSING,FOLLOWING TOO CLOSELY,7900,S,GREENWOOD AVE,624.0,2,NO INDICATION OF INJURY,0.0,0.0,0.0,0.0,0.0,2.0,0.0,10,5,6,41.751271703,-87.59805975200001,POINT (-87.598059752433 41.751271702628),2021,600
O1226967,DRIVER,3ec9ded8d953bbf85bcbda321bfba63b696ca9f3aac335daa0fc3765432959ea8d8be0fe075ed1f24295a4848a294438db3bf983f58d13a4dc1e4858a03e9a7f,JE445021,1164359.0,11/14/2021 02:25:00 PM,CHICAGO,IL,60619,F,59.0,USAGE UNKNOWN,DID NOT DEPLOY,NONE,NO INDICATION OF INJURY,NONE,NOT OBSCURED,NORMAL,TEST NOT OFFERED,2021,JE445021,11/14/2021 02:25:00 PM,30,PEDESTRIAN CROSSING SIGN,FUNCTIONING PROPERLY,CLEAR,DAYLIGHT,REAR END,FOUR WAY,STRAIGHT AND LEVEL,DRY,NO DEFECTS,ON SCENE,NO INJURY / DRIVE AWAY,Y,Y,"OVER $1,500",11/14/2021 03:12:00 PM,FAILING TO REDUCE SPEED TO AVOID CRASH,FAILING TO REDUCE SPEED TO AVOID CRASH,4730,S,COTTAGE GROVE AVE,223.0,2,NO INDICATION OF INJURY,0.0,0.0,0.0,0.0,0.0,3.0,0.0,14,1,11,41.808577166999996,-87.606690179,POINT (-87.606690178735 41.80857716652),2021,865
O1128745,DRIVER,b6557722f607a3b3e43ef6380d6870acea08afa631f1ba3c079fafdaa585f60cc4d07ad04be3621d0532820c34fcc8dd48d2f812500a8ddcfe28e9b393766b27,JE283278,1070692.0,06/29/2021 08:29:00 AM,CHICAGO,IL,60641,M,39.0,SAFETY BELT USED,NOT APPLICABLE,NONE,NO INDICATION OF INJURY,NONE,NOT OBSCURED,NORMAL,TEST NOT OFFERED,2021,JE283278,06/29/2021 08:29:00 AM,30,TRAFFIC SIGNAL,FUNCTIONING PROPERLY,RAIN,DAYLIGHT,TURNING,FOUR WAY,STRAIGHT AND LEVEL,WET,NO DEFECTS,ON SCENE,NO INJURY / DRIVE AWAY,Y,Y,"OVER $1,500",06/29/2021 08:35:00 AM,DISREGARDING TRAFFIC SIGNALS,DISREGARDING TRAFFIC SIGNALS,400,S,ASHLAND AVE,1231.0,2,NO INDICATION OF INJURY,0.0,0.0,0.0,0.0,0.0,2.0,0.0,8,3,6,41.876332859,-87.666811118,POINT (-87.666811117572 41.87633285922),2021,509
O1100438,DRIVER,9f339019627ae041404ebb3710ad6752e3eab6f63ed8caa4e4ed7b2b9069fc3eaa5730d60a5b01d56822cd2e9c2ec9a80442293773e844c2e7448c63632ceb75,JE238465,1043806.0,05/22/2021 08:30:00 AM,CHICAGO,IL,60620,F,0.0,SAFETY BELT USED,DID NOT DEPLOY,NONE,NONINCAPACITATING INJURY,NONE,NOT OBSCURED,NORMAL,TEST NOT OFFERED,2021,JE238465,05/22/2021 08:30:00 AM,35,TRAFFIC SIGNAL,FUNCTIONING PROPERLY,CLEAR,DAYLIGHT,TURNING,FOUR WAY,STRAIGHT AND LEVEL,DRY,NO DEFECTS,ON SCENE,INJURY AND / OR TOW DUE TO CRASH,Y,Y,"OVER $1,500",05/22/2021 08:45:00 AM,FAILING TO REDUCE SPEED TO AVOID CRASH,UNABLE TO DETERMINE,5459,S,WESTERN AVE,932.0,2,NONINCAPACITATING INJURY,1.0,0.0,0.0,1.0,0.0,2.0,0.0,8,7,5,41.793946631,-87.68389664600001,POINT (-87.68389664564 41.793946631416),2021,510
O1174360,DRIVER,1b3c87073b49a535ccb6a4901ce96557e69d42ca7eb38597a44da39e48a13bce111003a563db7eefb3a0a7674ff844e4c43d80cb32967c3990a16b5430945148,JE357875,1114049.0,09/01/2021 12:00:00 PM,CHICAGO,IL,60660,F,25.0,NONE PRESENT,NOT APPLICABLE,NONE,NO INDICATION OF INJURY,NONE,NOT OBSCURED,NORMAL,TEST NOT OFFERED,2021,JE357875,09/01/2021 12:00:00 PM,25,TRAFFIC SIGNAL,FUNCTIONING PROPERLY,CLEAR,DAYLIGHT,SIDESWIPE SAME DIRECTION,OTHER,STRAIGHT AND LEVEL,DRY,NO DEFECTS,NOT ON SCENE (DESK REPORT),NO INJURY / DRIVE AWAY,N,Y,"OVER $1,500",09/01/2021 02:00:00 PM,IMPROPER LANE USAGE,NOT APPLICABLE,302,S,KOSTNER AVE,1131.0,2,NO INDICATION OF INJURY,0.0,0.0,0.0,0.0,0.0,2.0,0.0,12,4,9,41.876850015,-87.73549269600001,POINT (-87.735492695653 41.87685001489),2021,720
O1173397,DRIVER,ae43e36329576cf22e9ce0f2138394310319ecdd5f429b97b36bd9f5f81a16d959d8d69b173465edc6e0a67db6385b0ad4f5eb10415b8ef245ec9de49b753117,JE356260,1113121.0,08/31/2021 08:30:00 AM,CHICAGO,IL,60632,M,27.0,SAFETY BELT USED,"DEPLOYED, COMBINATION",NONE,NONINCAPACITATING INJURY,NONE,NOT OBSCURED,NORMAL,TEST NOT OFFERED,2021,JE356260,08/31/2021 08:30:00 AM,30,TRAFFIC SIGNAL,FUNCTIONING PROPERLY,CLEAR,DAYLIGHT,TURNING,FOUR WAY,STRAIGHT AND LEVEL,DRY,NO DEFECTS,ON SCENE,INJURY AND / OR TOW DUE TO CRASH,Y,Y,"OVER $1,500",08/31/2021 08:49:00 AM,FAILING TO YIELD RIGHT-OF-WAY,UNABLE TO DETERMINE,4300,S,PULASKI RD,815.0,3,NONINCAPACITATING INJURY,1.0,0.0,0.0,1.0,0.0,2.0,0.0,8,3,8,41.815101021,-87.72400523299999,POINT (-87.724005233406 41.815101021137),2021,510
O1228699,DRIVER,b37192fe1da08ffcb3880b29903da1c959d1b3ae0eb7b966fa354fd36c26bf1c7ee16fe8e7352212fc7e488e324050bf155764cb5189889f906ff2cd198af66e,JE447925,1166006.0,11/17/2021 08:10:00 AM,SCHERERVILLE,IN,46375,M,40.0,SAFETY BELT USED,DID NOT DEPLOY,NONE,NO INDICATION OF INJURY,NONE,NOT OBSCURED,NORMAL,TEST NOT OFFERED,2021,JE447925,11/17/2021 08:10:00 AM,30,TRAFFIC SIGNAL,FUNCTIONING PROPERLY,CLOUDY/OVERCAST,DAYLIGHT,TURNING,NOT DIVIDED,STRAIGHT AND LEVEL,WET,NO DEFECTS,ON SCENE,NO INJURY / DRIVE AWAY,Y,Y,"OVER $1,500",11/17/2021 08:20:00 AM,UNABLE TO DETERMINE,UNABLE TO DETERMINE,158,W,CERMAK RD,914.0,2,NO INDICATION OF INJURY,0.0,0.0,0.0,0.0,0.0,2.0,0.0,8,4,11,41.852965704,-87.631755989,POINT (-87.631755989104 41.852965703857),2021,490
O1064661,DRIVER,668ad8af61a724211b7be9e87893a0bd2ea0d6138af36caa062df4aee15f0e73899d0125fddfb3d71810e3d412c057d2cdc6cb22a22de0c7f16261bb80b9f61b,JE179620,1009672.0,03/25/2021 04:30:00 PM,CHICAGO,IL,60619,M,58.0,USAGE UNKNOWN,DEPLOYMENT UNKNOWN,NONE,NO INDICATION OF INJURY,UNKNOWN,UNKNOWN,NORMAL,TEST NOT OFFERED,2021,JE179620,03/25/2021 04:30:00 PM,35,STOP SIGN/FLASHER,FUNCTIONING PROPERLY,CLEAR,DAYLIGHT,HEAD ON,ONE-WAY,STRAIGHT AND LEVEL,DRY,UNKNOWN,NOT ON SCENE (DESK REPORT),NO INJURY / DRIVE AWAY,Y,Y,"OVER $1,500",03/25/2021 05:20:00 PM,DRIVING ON WRONG SIDE/WRONG WAY,NOT APPLICABLE,8000,S,STATE ST,623.0,2,NO INDICATION OF INJURY,0.0,0.0,0.0,0.0,0.0,3.0,0.0,16,5,3,41.749028568,-87.62462304600001,POINT (-87.624623045796 41.749028568338),2021,990
O1239651,DRIVER,9bc02684a3d43b2b0d0cf9b5ba8af8b0f4c189cae490b2b5aa75ab3297d13748eca2cd66b7509c00fb23be93d6f34d94562618a69ff08ec9a3cacff3351e445d,JE466323,1176551.0,12/04/2021 08:36:00 PM,CHICAGO,IL,60620,M,48.0,USAGE UNKNOWN,DEPLOYMENT UNKNOWN,UNKNOWN,NO INDICATION OF INJURY,DISREGARDED CONTROL DEVICES,UNKNOWN,UNKNOWN,TEST NOT OFFERED,2021,JE466323,12/04/2021 08:36:00 PM,30,STOP SIGN/FLASHER,NO CONTROLS,CLEAR,"DARKNESS, LIGHTED ROAD",TURNING,NOT DIVIDED,STRAIGHT AND LEVEL,DRY,NO DEFECTS,ON SCENE,INJURY AND / OR TOW DUE TO CRASH,Y,Y,"OVER $1,500",12/04/2021 08:50:00 PM,FAILING TO YIELD RIGHT-OF-WAY,NOT APPLICABLE,7559,S,ASHLAND AVE,612.0,2,NO INDICATION OF INJURY,0.0,0.0,0.0,0.0,0.0,2.0,0.0,20,7,12,41.755881798000004,-87.66343114200001,POINT (-87.66343114229 41.755881798405),2021,1236
O1126637,DRIVER,2a77c3dabb82c7c204c764041305daf4dad7974c836ff2c2b9f66be2227c9b40233880a45a896b860a290907c60f4b583179aa68ca0e7f1ff23fbc686f3adaa7,JE279918,1068677.0,06/26/2021 08:33:00 AM,CHICAGO,IL,60629,F,50.0,USAGE UNKNOWN,DID NOT DEPLOY,NONE,NO INDICATION OF INJURY,NONE,NOT OBSCURED,NORMAL,TEST NOT OFFERED,2021,JE279918,06/26/2021 08:33:00 AM,30,TRAFFIC SIGNAL,FUNCTIONING PROPERLY,RAIN,DAYLIGHT,TURNING,FOUR WAY,STRAIGHT AND LEVEL,WET,NO DEFECTS,ON SCENE,INJURY AND / OR TOW DUE TO CRASH,Y,Y,"OVER $1,500",06/26/2021 08:35:00 AM,DISREGARDING TRAFFIC SIGNALS,NOT APPLICABLE,4400,W,MARQUETTE RD,833.0,2,NO INDICATION OF INJURY,0.0,0.0,0.0,0.0,0.0,2.0,0.0,8,7,6,41.771368868,-87.732390493,POINT (-87.732390493234 41.771368867506),2021,513
O1144041,DRIVER,c87991e3759ca0471e837609bc62eea93506d4a391551252d7caa5cb9974fc83a24ce96ebad650dd493cad9a65f95e851007019fe2987dcee2c89b97c099a1b3,JE308263,1085184.0,07/20/2021 06:40:00 PM,CHICAGO,IL,60609,M,22.0,USAGE UNKNOWN,DEPLOYMENT UNKNOWN,NONE,NO INDICATION OF INJURY,FAILED TO YIELD,UNKNOWN,UNKNOWN,TEST NOT OFFERED,2021,JE308263,07/20/2021 06:40:00 PM,30,TRAFFIC SIGNAL,UNKNOWN,CLEAR,DAYLIGHT,PEDESTRIAN,FOUR WAY,STRAIGHT AND LEVEL,DRY,UNKNOWN,ON SCENE,INJURY AND / OR TOW DUE TO CRASH,Y,N,$500 OR LESS,07/20/2021 06:40:00 PM,FAILING TO YIELD RIGHT-OF-WAY,DISREGARDING YIELD SIGN,1000,W,ROOSEVELT RD,1232.0,2,INCAPACITATING INJURY,1.0,0.0,1.0,0.0,0.0,1.0,0.0,18,3,7,41.867196447,-87.65108822100001,POINT (-87.651088220891 41.867196446975),2021,1120
O1090534,DRIVER,619b47c8a8f5d8786bd485e4950dadd6dd91e9598c664623d8b16b40be13967bc554216bcdb3b0b3cd44eb6113fcc5ec8eab8e128830b111f2792e3744650a03,JE222450,1034327.0,05/07/2021 10:01:00 AM,CHICAGO,IL,60628,F,40.0,SAFETY BELT USED,DID NOT DEPLOY,NONE,NO INDICATION OF INJURY,NONE,NOT OBSCURED,NORMAL,TEST NOT OFFERED,2021,JE222450,05/07/2021 10:01:00 AM,15,NO CONTROLS,NO CONTROLS,CLEAR,DAYLIGHT,TURNING,PARKING LOT,STRAIGHT AND LEVEL,DRY,NO DEFECTS,NOT ON SCENE (DESK REPORT),NO INJURY / DRIVE AWAY,Y,Y,"$501 - $1,500",05/07/2021 10:05:00 AM,FAILING TO YIELD RIGHT-OF-WAY,NOT APPLICABLE,11618,S,MARSHFIELD AVE,2234.0,2,NO INDICATION OF INJURY,0.0,0.0,0.0,0.0,0.0,2.0,0.0,10,6,5,41.682414946,-87.662756555,POINT (-87.662756554549 41.68241494649),2021,601
O1051775,DRIVER,ca2dcd0f887591d62ab497d0c34f643bbc0aa2d88af8891397b16b082ded6e4547f73c422cfbb496b720969827a69277dceddfd611c8f799ff4d41896f626659,JE155921,997259.0,03/01/2021 12:50:00 PM,CHICAGO,IL,60629,M,47.0,USAGE UNKNOWN,NOT APPLICABLE,NONE,NO INDICATION OF INJURY,NONE,NOT OBSCURED,NORMAL,TEST NOT OFFERED,2021,JE155921,03/01/2021 12:50:00 PM,35,TRAFFIC SIGNAL,FUNCTIONING PROPERLY,CLEAR,DAYLIGHT,TURNING,NOT DIVIDED,STRAIGHT AND LEVEL,DRY,NO DEFECTS,ON SCENE,INJURY AND / OR TOW DUE TO CRASH,Y,Y,"OVER $1,500",03/01/2021 12:50:00 PM,DRIVING SKILLS/KNOWLEDGE/EXPERIENCE,UNABLE TO DETERMINE,6100,S,WESTERN AVE,825.0,2,NO INDICATION OF INJURY,0.0,0.0,0.0,0.0,0.0,2.0,0.0,12,2,3,41.782816203,-87.683885995,POINT (-87.683885994582 41.782816203429),2021,770