PERSON_ID,PERSON_TYPE,CRASH_RECORD_ID,RD_NO_x,VEHICLE_ID,CRASH_DATE_x,CITY,STATE,ZIPCODE,SEX,AGE,SAFETY_EQUIPMENT,AIRBAG_DEPLOYED,EJECTION,INJURY_CLASSIFICATION,DRIVER_ACTION,DRIVER_VISION,PHYSICAL_CONDITION,BAC_RESULT,CRASH_YEAR_x,RD_NO_y,CRASH_DATE_y,POSTED_SPEED_LIMIT,TRAFFIC_CONTROL_DEVICE,DEVICE_CONDITION,WEATHER_CONDITION,LIGHTING_CONDITION,FIRST_CRASH_TYPE,TRAFFICWAY_TYPE,ALIGNMENT,ROADWAY_SURFACE_COND,ROAD_DEFECT,REPORT_TYPE,CRASH_TYPE,INTERSECTION_RELATED_I,HIT_AND_RUN_I,DAMAGE,DATE_POLICE_NOTIFIED,PRIM_CONTRIBUTORY_CAUSE,SEC_CONTRIBUTORY_CAUSE,STREET_NO,STREET_DIRECTION,STREET_NAME,BEAT_OF_OCCURRENCE,NUM_UNITS,MOST_SEVERE_INJURY,INJURIES_TOTAL,INJURIES_FATAL,INJURIES_INCAPACITATING,INJURIES_NON_INCAPACITATING,INJURIES_REPORTED_NOT_EVIDENT,INJURIES_NO_INDICATION,INJURIES_UNKNOWN,CRASH_HOUR,CRASH_DAY_OF_WEEK,CRASH_MONTH,LATITUDE,LONGITUDE,LOCATION,CRASH_YEAR_y,TIME
O1038883,DRIVER,a2aafcdfdcf3b90979423e6bcf3c6b9c298ff7e78348b8e326d079828647eb642fd7662577bc3dea27db510a6e1452cc5bb04f71f727cd6baa81692615f5f4a4,JE136477,984759.0,02/09/2021 02:30:00 AM,BLUE ISLAND,IL,60406,M,46.0,SAFETY BELT USED,"DEPLOYED, SIDE",NONE,NO INDICATION OF INJURY,NONE,NOT OBSCURED,NORMAL,TEST NOT OFFERED,2021,JE136477,02/09/2021 02:30:00 AM,35,TRAFFIC SIGNAL,FUNCTIONING PROPERLY,SNOW,"DARKNESS, LIGHTED ROAD",TURNING,NOT DIVIDED,STRAIGHT AND LEVEL,SNOW OR SLUSH,NO DEFECTS,ON SCENE,NO INJURY / DRIVE AWAY,Y,Y,"OVER $1,500",02/09/2021 02:33:00 AM,DISREGARDING TRAFFIC SIGNALS,NOT APPLICABLE,11500,S,VINCENNES AVE,2212.0,2,NO INDICATION OF INJURY,0.0,0.0,0.0,0.0,0.0,2.0,0.0,2,3,2,41.684683260999996,-87.66789301700001,POINT (-87.667893017294 41.684683261277),2021,150
O1056997,DRIVER,3442f4e7e70ed6b3710bab5501b7dccb6f9b00c80f2f5b85484dab07c28bea28877fb849a2bbeec32242573979325a491388b4d6c21ebcd03e952dfe81a09ca9,JE166129,1002292.0,03/11/2021 04:31:00 PM,CHICAGO,IL,60651,M,20.0,USAGE UNKNOWN,NOT APPLICABLE,NONE,NO INDICATION OF INJURY,NONE,NOT OBSCURED,UNKNOWN,TEST NOT OFFERED,2021,JE166129,03/11/2021 04:31:00 PM,30,STOP SIGN/FLASHER,FUNCTIONING PROPERLY,CLEAR,DAYLIGHT,TURNING,NOT DIVIDED,STRAIGHT AND LEVEL,DRY,NO DEFECTS,ON SCENE,INJURY AND / OR TOW DUE TO CRASH,Y,Y,"OVER $1,500",03/11/2021 04:32:00 PM,DISREGARDING STOP SIGN,DISREGARDING STOP SIGN,1309,N,CENTRAL AVE,2532.0,2,NO INDICATION OF INJURY,0.0,0.0,0.0,0.0,0.0,2.0,0.0,16,5,3,41.904270777,-87.76558350200001,POINT (-87.765583502226 41.904270777066),2021,991
O1234603,DRIVER,2d14a565f89dc3e7cf0dd8c7a269a5d9ffe854d54f36acfb390b59bcc5f8db61a961d027c896a9364b66caf967d707caa776ec291d229c7606d3984239af2180,JE457367,1171708.0,11/26/2021 11:30:00 AM,CHICAGO,IL,60608,F,37.0,SAFETY BELT USED,NOT APPLICABLE,NONE,NO INDICATION OF INJURY,NONE,NOT OBSCURED,NORMAL,TEST NOT OFFERED,2021,JE457367,11/26/2021 11:30:00 AM,25,TRAFFIC SIGNAL,FUNCTIONING PROPERLY,CLEAR,DAYLIGHT,TURNING,NOT DIVIDED,STRAIGHT AND LEVEL,DRY,NO DEFECTS,ON SCENE,NO INJURY / DRIVE AWAY,Y,Y,"OVER $1,500",11/26/2021 12:00:00 PM,IMPROPER TURNING/NO SIGNAL,TURNING RIGHT ON RED,7900,S,SOUTH SHORE DR,422.0,3,NO INDICATION OF INJURY,0.0,0.0,0.0,0.0,0.0,4.0,0.0,11,6,11,41.751855602,-87.54825033700001,POINT (-87.548250337339 41.751855602467),2021,690
O1062544,DRIVER,8168330fc6dea3eb2b8b681c2fa3351db50544a2a4b6cc34d9cda48d59b681baff41158429a2691d309936c8c4c7f7fc44d05dd2ae2e1092574011c759f7f16b,JE175559,1007630.0,03/21/2021 07:15:00 PM,RICHTON PARK,IL,60471,M,37.0,USAGE UNKNOWN,"DEPLOYED, FRONT",NONE,NO INDICATION OF INJURY,UNKNOWN,UNKNOWN,UNKNOWN,TEST NOT OFFERED,2021,JE175559,03/21/2021 07:15:00 PM,30,TRAFFIC SIGNAL,UNKNOWN,CLEAR,DARKNESS,TURNING,OTHER,STRAIGHT AND LEVEL,UNKNOWN,UNKNOWN,ON SCENE,INJURY AND / OR TOW DUE TO CRASH,Y,Y,"OVER $1,500",03/21/2021 07:17:00 PM,FAILING TO YIELD RIGHT-OF-WAY,NOT APPLICABLE,6699,S,STONY ISLAND AVE,331.0,2,NO INDICATION OF INJURY,0.0,0.0,0.0,0.0,0.0,2.0,0.0,19,1,3,41.773438495,-87.585954245,POINT (-87.585954245052 41.773438495122),2021,1155
O1148696,DRIVER,693d45af3718bbf4032eeb75b536b9136b3e15eefb590fb06645a0d8e9a5ff39f100cf393517d19cbe2c36c8f364d58d765539fd34ebdce9c4baf09450df5c27,JE315856,1089600.0,07/26/2021 09:30:00 PM,PARK FOREST,IL,60466,M,22.0,SAFETY BELT USED,DID NOT DEPLOY,NONE,NO INDICATION OF INJURY,NONE,UNKNOWN,UNKNOWN,TEST NOT OFFERED,2021,JE315856,07/26/2021 09:30:00 PM,35,TRAFFIC SIGNAL,FUNCTIONING PROPERLY,CLEAR,DARKNESS,OTHER OBJECT,T-INTERSECTION,STRAIGHT AND LEVEL,DRY,NO DEFECTS,NOT ON SCENE (DESK REPORT),NO INJURY / DRIVE AWAY,Y,Y,"OVER $1,500",07/27/2021 11:15:00 AM,DISREGARDING TRAFFIC SIGNALS,NOT APPLICABLE,800,W,98TH PL,2223.0,2,NO INDICATION OF INJURY,0.0,0.0,0.0,0.0,0.0,3.0,0.0,21,2,7,41.715221236,-87.64310527100001,POINT (-87.643105270846 41.715221236147),2021,1290
O1214035,DRIVER,816de6a6baaef9b3ba58bdffaa56d4c588695a0f8b7d5c770212f57ef8b0134c11b0c55f6c8135a2991f2fe37de5642bcd61039abaa4bc6f2486f472c311ac5c,JE424007,1152006.0,10/27/2021 09:30:00 AM,TAMPA,FL,33618-1853,M,58.0,SAFETY BELT USED,DID NOT DEPLOY,NONE,NONINCAPACITATING INJURY,NONE,NOT OBSCURED,NORMAL,TEST NOT OFFERED,2021,JE424007,10/27/2021 09:30:00 AM,35,TRAFFIC SIGNAL,FUNCTIONING PROPERLY,CLEAR,DAYLIGHT,TURNING,DIVIDED - W/MEDIAN BARRIER,STRAIGHT AND LEVEL,DRY,NO DEFECTS,ON SCENE,INJURY AND / OR TOW DUE TO CRASH,Y,Y,"OVER $1,500",10/27/2021 09:37:00 AM,"OPERATING VEHICLE IN ERRATIC, RECKLESS, CARELESS, NEGLIGENT OR AGGRESSIVE MANNER",FAILING TO REDUCE SPEED TO AVOID CRASH,800,W,95TH ST,2223.0,2,NONINCAPACITATING INJURY,1.0,0.0,0.0,1.0,0.0,1.0,0.0,9,4,10,41.7215669,-87.643275303,POINT (-87.643275303397 41.721566900478),2021,570
O1202464,DRIVER,76f34195e40a35d5e34176b5ddcebf5103341e0cbca3a9078ceb2d47cbb99ba9353a7795722d42d9e214206940e75ba079e40f5aa0210681306d49d54289007e,JE404894,1140960.0,10/10/2021 12:37:00 PM,JOLIET,IL,60431,F,46.0,SAFETY BELT USED,DID NOT DEPLOY,NONE,NO INDICATION OF INJURY,NONE,NOT OBSCURED,NORMAL,TEST NOT OFFERED,2021,JE404894,10/10/2021 12:37:00 PM,30,TRAFFIC SIGNAL,FUNCTIONING PROPERLY,CLOUDY/OVERCAST,DAYLIGHT,ANGLE,FOUR WAY,STRAIGHT AND LEVEL,DRY,NO DEFECTS,ON SCENE,INJURY AND / OR TOW DUE TO CRASH,Y,Y,"OVER $1,500",10/10/2021 12:39:00 PM,FAILING TO YIELD RIGHT-OF-WAY,UNABLE TO DETERMINE,4099,S,CALIFORNIA AVE,921.0,2,NO INDICATION OF INJURY,0.0,0.0,0.0,0.0,0.0,3.0,0.0,12,1,10,41.819320206,-87.694398314,POINT (-87.694398314354 41.819320205798),2021,757
O1062677,DRIVER,e83e4f468f60b0f95eee0701b2be5ec6cfa558bc20e99e78630441f25279255d1e98cadc35d646c303da5adc19cff4f69a08043f85c12f4d0d1b0870157a07ca,JE175793,1007747.0,03/22/2021 01:38:00 AM,CARTERVILLE,IL,62918,M,50.0,SAFETY BELT USED,NOT APPLICABLE,NONE,NO INDICATION OF INJURY,NONE,NOT OBSCURED,NORMAL,TEST NOT OFFERED,2021,JE175793,03/22/2021 01:38:00 AM,30,TRAFFIC SIGNAL,FUNCTIONING PROPERLY,CLEAR,"DARKNESS, LIGHTED ROAD",TURNING,FOUR WAY,STRAIGHT AND LEVEL,DRY,NO DEFECTS,ON SCENE,INJURY AND / OR TOW DUE TO CRASH,Y,Y,"OVER $1,500",03/22/2021 01:38:00 AM,DRIVING ON WRONG SIDE/WRONG WAY,FAILING TO YIELD RIGHT-OF-WAY,3599,W,JACKSON BLVD,1133.0,3,NO INDICATION OF INJURY,0.0,0.0,0.0,0.0,0.0,4.0,0.0,1,2,3,41.877103212,-87.715657084,POINT (-87.715657084153 41.877103212035),2021,98
O1156777,DRIVER,e719fe6791d716b873df9fae68432868a2ec293e325d9ec3a0b09838d428be3b7c36aef651ef309b210317da3a818e57468c7a61a57ee0dc5cb74d443cdc95c4,JE329248,1097293.0,08/07/2021 10:00:00 AM,MATTESON,IL,60443,M,40.0,SAFETY BELT USED,DID NOT DEPLOY,NONE,NO INDICATION OF INJURY,NONE,NOT OBSCURED,NORMAL,TEST NOT OFFERED,2021,JE329248,08/07/2021 10:00:00 AM,35,TRAFFIC SIGNAL,FUNCTIONING PROPERLY,CLEAR,DAYLIGHT,ANGLE,NOT DIVIDED,STRAIGHT AND LEVEL,DRY,NO DEFECTS,ON SCENE,NO INJURY / DRIVE AWAY,Y,Y,"OVER $1,500",08/07/2021 10:20:00 AM,FAILING TO REDUCE SPEED TO AVOID CRASH,NOT APPLICABLE,5800,W,DIVISION ST,2531.0,2,NO INDICATION OF INJURY,0.0,0.0,0.0,0.0,0.0,2.0,0.0,10,7,8,41.902179471,-87.770572427,POINT (-87.770572427416 41.90217947086),2021,600
O1182911,DRIVER,06b3c296703cf2b6fabe37114cc176bd710c068272883c8d48e34957e352fe8b7a133dea9c60323e54b524ae14b7aa93cea4d5fcb75c4e3d2aa98eaa5b245d73,JE372235,1122260.0,09/12/2021 03:10:00 AM,ARLINGTON HEIGHTS,IL,60005,M,33.0,USAGE UNKNOWN,DID NOT DEPLOY,NONE,NO INDICATION OF INJURY,NONE,NOT OBSCURED,NORMAL,TEST NOT OFFERED,2021,JE372235,09/12/2021 03:10:00 AM,25,STOP SIGN/FLASHER,FUNCTIONING PROPERLY,CLEAR,"DARKNESS, LIGHTED ROAD",SIDESWIPE OPPOSITE DIRECTION,FOUR WAY,STRAIGHT AND LEVEL,DRY,NO DEFECTS,NOT ON SCENE (DESK REPORT),NO INJURY / DRIVE AWAY,Y,Y,"OVER $1,500",09/13/2021 05:00:00 PM,IMPROPER LANE USAGE,FAILING TO REDUCE SPEED TO AVOID CRASH,1535,N,HONORE ST,1424.0,2,NO INDICATION OF INJURY,0.0,0.0,0.0,0.0,0.0,2.0,0.0,3,1,9,41.909408129,-87.673790164,POINT (-87.673790164302 41.90940812857),2021,190
O1246332,DRIVER,07e3b4906743d76baa071cc91b0821e33def9e1478f489d9f8ff0287f31ba44f7bbff011907b7c58b3c725a74d7ec9a65b92f6af3a72c60d3ce6e182b5144fd9,JE477617,1182968.0,12/14/2021 06:16:00 PM,CHICAGO,IL,60653,F,0.0,USAGE UNKNOWN,NOT APPLICABLE,NONE,NO INDICATION OF INJURY,UNKNOWN,UNKNOWN,UNKNOWN,TEST NOT OFFERED,2021,JE477617,12/14/2021 06:16:00 PM,30,TRAFFIC SIGNAL,UNKNOWN,CLEAR,"DARKNESS, LIGHTED ROAD",SIDESWIPE SAME DIRECTION,ONE-WAY,STRAIGHT AND LEVEL,DRY,NO DEFECTS,ON SCENE,INJURY AND / OR TOW DUE TO CRASH,Y,Y,"OVER $1,500",12/14/2021 06:37:00 PM,UNABLE TO DETERMINE,UNABLE TO DETERMINE,4300,S,LA SALLE ST,215.0,3,NO INDICATION OF INJURY,0.0,0.0,0.0,0.0,0.0,3.0,0.0,18,3,12,41.816438805,-87.62958659600001,POINT (-87.629586596136 41.816438804918),2021,1096
O1109485,DRIVER,af6092b3bd0ce19ee6d92a851f18324dcdb9123cbe78172496d9af7fb20bf34929a87ae392be4e450a07204e82016f50f1252a9bfa4fa13bb5a56cb396afcc4d,JE252934,1052473.0,06/03/2021 10:42:00 PM,CHICAGO,IL,60644,M,24.0,HELMET NOT USED,NOT APPLICABLE,NONE,INCAPACITATING INJURY,UNKNOWN,UNKNOWN,NORMAL,TEST NOT OFFERED,2021,JE252934,06/03/2021 10:42:00 PM,30,NO CONTROLS,NO CONTROLS,CLEAR,"DARKNESS, LIGHTED ROAD",TURNING,NOT DIVIDED,STRAIGHT AND LEVEL,DRY,NO DEFECTS,ON SCENE,INJURY AND / OR TOW DUE TO CRASH,Y,Y,"OVER $1,500",06/03/2021 11:05:00 PM,UNABLE TO DETERMINE,NOT APPLICABLE,3732,W,CHICAGO AVE,1112.0,2,INCAPACITATING INJURY,1.0,0.0,1.0,0.0,0.0,1.0,0.0,22,5,6,41.895535995,-87.72003486,POINT (-87.720034859745 41.895535994869),2021,1362
O1037582,DRIVER,0556894bc811d88a7187656f08c968d969b430f16a5d4d30003c728ce19f2263dcccea60a9cb44af502ee2700fe9308dd23111f14fc782a6dd137c5ebcf05648,JE134863,983488.0,02/07/2021 06:40:00 AM,CHICAGO,IL,60608,F,42.0,USAGE UNKNOWN,NOT APPLICABLE,NONE,NO INDICATION OF INJURY,NONE,UNKNOWN,NORMAL,TEST NOT OFFERED,2021,JE134863,02/07/2021 06:40:00 AM,30,STOP SIGN/FLASHER,NO CONTROLS,SNOW,DAYLIGHT,REAR END,NOT DIVIDED,STRAIGHT AND LEVEL,SNOW OR SLUSH,NO DEFECTS,ON SCENE,NO INJURY / DRIVE AWAY,Y,Y,"OVER $1,500",02/07/2021 07:08:00 AM,"OPERATING VEHICLE IN ERRATIC, RECKLESS, CARELESS, NEGLIGENT OR AGGRESSIVE MANNER",WEATHER,2700,W,25TH ST,1034.0,2,NO INDICATION OF INJURY,0.0,0.0,0.0,0.0,0.0,2.0,0.0,6,1,2,41.846591963,-87.692937665,POINT (-87.692937664601 41.846591963202),2021,400
O1240271,DRIVER,b580ab78cde6c8addeade70de0c392291e98f1e39db55cf19db0294c7bdd8116bf859dfe15caf2ee03279768e24edeb0502e211b807b437c1a8602946ebe1484,JE467255,1177151.0,12/05/2021 12:15:00 PM,CHICAGO,IL,60608,F,36.0,USAGE UNKNOWN,NOT APPLICABLE,NONE,NO INDICATION OF INJURY,NONE,NOT OBSCURED,NORMAL,TEST NOT OFFERED,2021,JE467255,12/05/2021 12:15:00 PM,30,TRAFFIC SIGNAL,FUNCTIONING PROPERLY,RAIN,"DARKNESS, LIGHTED ROAD",TURNING,DIVIDED - W/MEDIAN (NOT RAISED),STRAIGHT AND LEVEL,WET,NO DEFECTS,NOT ON SCENE (DESK REPORT),NO INJURY / DRIVE AWAY,Y,Y,"OVER $1,500",12/05/2021 07:15:00 PM,UNABLE TO DETERMINE,UNABLE TO DETERMINE,1567,W,VAN BUREN ST,1231.0,2,NO INDICATION OF INJURY,0.0,0.0,0.0,0.0,0.0,2.0,0.0,12,1,12,41.876241099,-87.666623446,POINT (-87.666623445803 41.876241099101),2021,735
O1223233,DRIVER,ad74e4b6afac52f4c3129d3b3d824ed763dd75490da0c555c88d0359d83e4d5504c8fa6a00fafaeae375f30f8c06af1272809b1108635675728f7ada7d1bbf4e,JE438531,1160776.0,11/08/2021 05:27:00 PM,CHICAGO,IL,60621,M,47.0,SAFETY BELT USED,NOT APPLICABLE,NONE,NO INDICATION OF INJURY,NONE,NOT OBSCURED,NORMAL,TEST NOT OFFERED,2021,JE438531,11/08/2021 05:27:00 PM,30,TRAFFIC SIGNAL,FUNCTIONING PROPERLY,CLEAR,DUSK,ANGLE,NOT DIVIDED,STRAIGHT AND LEVEL,DRY,NO DEFECTS,NOT ON SCENE (DESK REPORT),NO INJURY / DRIVE AWAY,Y,Y,"OVER $1,500",11/08/2021 06:10:00 PM,DISREGARDING TRAFFIC SIGNALS,DISREGARDING TRAFFIC SIGNALS,4700,S,INDIANA AVE,224.0,2,NO INDICATION OF INJURY,0.0,0.0,0.0,0.0,0.0,2.0,0.0,17,2,11,41.809217815,-87.621356906,POINT (-87.621356905645 41.809217814636),2021,1047
O1243779,DRIVER,a5d0e51638cc87e774e89f26d8f3720666db858547d5ef98534f2796cb94b8480df1b939e1827c715daca267dd1b84aa0e5e4336f8f1383dad3d81a050b068cc,JE473135,1180502.0,12/10/2021 07:56:00 PM,DOLTON,IL,60419,F,34.0,USAGE UNKNOWN,"DEPLOYED, COMBINATION",NONE,NO INDICATION OF INJURY,NONE,UNKNOWN,NORMAL,TEST NOT OFFERED,2021,JE473135,12/10/2021 07:56:00 PM,30,TRAFFIC SIGNAL,FUNCTIONING PROPERLY,RAIN,"DARKNESS, LIGHTED ROAD",ANGLE,FOUR WAY,STRAIGHT AND LEVEL,WET,NO DEFECTS,ON SCENE,INJURY AND / OR TOW DUE TO CRASH,Y,Y,"OVER $1,500",12/10/2021 07:56:00 PM,DISREGARDING TRAFFIC SIGNALS,NOT APPLICABLE,499,S,RACINE AVE,1232.0,2,NONINCAPACITATING INJURY,1.0,0.0,0.0,1.0,0.0,4.0,0.0,19,6,12,41.875355384,-87.656824328,POINT (-87.656824327741 41.875355384373),2021,1196
O1096364,DRIVER,b9b554f383a4d35beeae36da72bef7353d1c1ba4161c6aa6fae22b71c65d735c48c68f0462bb76a2a090315571434cf4797c0105553f3c239aec37ca87b208e3,JE231623,1039921.0,05/16/2021 03:00:00 AM,ELK GROVE,IL,60007,M,39.0,USAGE UNKNOWN,DID NOT DEPLOY,NONE,NO INDICATION OF INJURY,NONE,NOT OBSCURED,NORMAL,TEST NOT OFFERED,2021,JE231623,05/16/2021 03:00:00 AM,30,TRAFFIC SIGNAL,FUNCTIONING PROPERLY,CLEAR,"DARKNESS, LIGHTED ROAD",ANGLE,FOUR WAY,STRAIGHT AND LEVEL,DRY,NO DEFECTS,ON SCENE,INJURY AND / OR TOW DUE TO CRASH,Y,Y,"OVER $1,500",05/16/2021 03:01:00 AM,DISREGARDING OTHER TRAFFIC SIGNS,FAILING TO REDUCE SPEED TO AVOID CRASH,200,S,LA SALLE ST,122.0,3,NONINCAPACITATING INJURY,4.0,0.0,0.0,4.0,0.0,3.0,0.0,3,1,5,41.879366251,-87.632437634,POINT (-87.632437634148 41.879366251477),2021,180
O1204158,DRIVER,c311021f777e3cab643783d1e28f5c18c154b1f18a675fd5e34be343fcc94033e1ba1f576fc43146aa1addb0b65297481cefc75d885ce09f2e7ae42be557d2ef,JE407886,1142537.0,10/13/2021 03:15:00 AM,CHICAGO,IL,60652,F,49.0,SAFETY BELT USED,DID NOT DEPLOY,NONE,NO INDICATION OF INJURY,NONE,NOT OBSCURED,NORMAL,TEST NOT OFFERED,2021,JE407886,10/13/2021 03:15:00 AM,30,TRAFFIC SIGNAL,FUNCTIONING PROPERLY,CLEAR,"DARKNESS, LIGHTED ROAD",REAR END,FOUR WAY,STRAIGHT AND LEVEL,DRY,NO DEFECTS,ON SCENE,NO INJURY / DRIVE AWAY,Y,Y,"OVER $1,500",10/13/2021 03:29:00 AM,FAILING TO REDUCE SPEED TO AVOID CRASH,FOLLOWING TOO CLOSELY,799,E,87TH ST,632.0,2,NO INDICATION OF INJURY,0.0,0.0,0.0,0.0,0.0,2.0,0.0,3,4,10,41.736539211,-87.604854279,POINT (-87.604854279412 41.736539210684),2021,195
O1204690,DRIVER,bef29b26c0041c9679db21faa29a09d602e2939b05785bd48d97fcca2f80a1089a577770ebecfc4e2bc99fc4e87a7d0d2d14b0da2b02ee45c8cd0146dc0e0ab8,JE408708,1143061.0,10/13/2021 05:00:00 PM,CHICAGO,IL,60619,F,82.0,SAFETY BELT USED,DID NOT DEPLOY,NONE,NO INDICATION OF INJURY,OTHER,NOT OBSCURED,NORMAL,TEST NOT OFFERED,2021,JE408708,10/13/2021 05:00:00 PM,30,TRAFFIC SIGNAL,FUNCTIONING PROPERLY,RAIN,DUSK,TURNING,DIVIDED - W/MEDIAN (NOT RAISED),STRAIGHT AND LEVEL,WET,NO DEFECTS,ON SCENE,INJURY AND / OR TOW DUE TO CRASH,Y,Y,"OVER $1,500",10/13/2021 05:05:00 PM,UNABLE TO DETERMINE,UNABLE TO DETERMINE,7900,S,STATE ST,623.0,2,NO INDICATION OF INJURY,0.0,0.0,0.0,0.0,0.0,2.0,0.0,17,4,10,41.750918138,-87.624690123,POINT (-87.624690122516 41.750918138315),2021,1020
O1251826,DRIVER,9cca3316ae92aedf54da3229102fdb80062e7e360f05e826345d50e12afbc6393e528b7a330594cd719b5d4e66b6e472ec695d1a42590d6c306814b90e5f3978,JE487521,1188216.0,12/24/2021 05:10:00 AM,CHICAGO,IL,60637,M,51.0,SAFETY BELT USED,NOT APPLICABLE,NONE,NO INDICATION OF INJURY,FAILED TO YIELD,NOT OBSCURED,NORMAL,TEST NOT OFFERED,2021,JE487521,12/24/2021 05:10:00 AM,30,STOP SIGN/FLASHER,FUNCTIONING PROPERLY,CLEAR,"DARKNESS, LIGHTED ROAD",TURNING,FOUR WAY,STRAIGHT AND LEVEL,DRY,NO DEFECTS,ON SCENE,INJURY AND / OR TOW DUE TO CRASH,Y,Y,"OVER $1,500",12/24/2021 05:12:00 AM,IMPROPER TURNING/NO SIGNAL,FAILING TO YIELD RIGHT-OF-WAY,630,E,61ST ST,313.0,2,NO INDICATION OF INJURY,0.0,0.0,0.0,0.0,0.0,2.0,0.0,5,6,12,41.784099763,-87.60973543600001,POINT (-87.609735436445 41.784099763391),2021,310
O1246979,DRIVER,8e9dc3493c134778b98253dac19b1f66b06bffa48b8e07eeea8d27e1acab423af361dd6e25b32417dd164f60f918f260d365aecc9079695d64c3c15a61785d80,JE478777,1183569.0,12/15/2021 08:45:00 PM,HARVARD,IL,60033,M,57.0,SAFETY BELT USED,DID NOT DEPLOY,NONE,NO INDICATION OF INJURY,NONE,NOT OBSCURED,NORMAL,TEST NOT OFFERED,2021,JE478777,12/15/2021 08:45:00 PM,30,TRAFFIC SIGNAL,FUNCTIONING PROPERLY,CLEAR,DARKNESS,TURNING,DIVIDED - W/MEDIAN (NOT RAISED),STRAIGHT AND LEVEL,WET,NO DEFECTS,ON SCENE,INJURY AND / OR TOW DUE TO CRASH,Y,Y,"OVER $1,500",12/15/2021 08:50:00 PM,FAILING TO YIELD RIGHT-OF-WAY,NOT APPLICABLE,4790,W,47TH ST,815.0,3,NONINCAPACITATING INJURY,1.0,0.0,0.0,1.0,0.0,5.0,0.0,20,4,12,41.807737271,-87.74310760799999,POINT (-87.743107607634 41.807737271022),2021,1245
O1242298,DRIVER,14de482ac1d42411df6a9891b6be464dbb9f9ae5dd4d9f5226fd473a447934a704672fc56a7c6f0117f4f92fd0344fcc6b3185b37ce9b3dee8e53786e6588dcd,JE470981,1179110.0,12/09/2021 02:12:00 AM,CHICAGO,IL,60629,M,38.0,USAGE UNKNOWN,"DEPLOYED, FRONT",NONE,NO INDICATION OF INJURY,FAILED TO YIELD,NOT OBSCURED,IMPAIRED - ALCOHOL,TEST TAKEN,2021,JE470981,12/09/2021 02:12:00 AM,30,TRAFFIC SIGNAL,FUNCTIONING PROPERLY,CLEAR,"DARKNESS, LIGHTED ROAD",REAR END,FOUR WAY,STRAIGHT AND LEVEL,DRY,NO DEFECTS,ON SCENE,NO INJURY / DRIVE AWAY,Y,Y,"OVER $1,500",12/09/2021 02:15:00 AM,UNDER THE INFLUENCE OF ALCOHOL/DRUGS (USE WHEN ARREST IS EFFECTED),UNDER THE INFLUENCE OF ALCOHOL/DRUGS (USE WHEN ARREST IS EFFECTED),2256,W,VAN BUREN ST,1225.0,2,NO INDICATION OF INJURY,0.0,0.0,0.0,0.0,0.0,2.0,0.0,2,5,12,41.876246347,-87.682526647,POINT (-87.682526646761 41.876246346744),2021,132
O1190844,DRIVER,3841c3917153110167f6cb0724365bcfba08d30fe08cd0573cdd622599e2a5e01da6fb29e3c4ba990ad8e8baff849d3ae13eda17ae30b9bc912d0031bc90212d,JE385438,1130527.0,09/22/2021 08:00:00 AM,CHICAGO,IL,60619,F,38.0,SAFETY BELT USED,"DEPLOYED, COMBINATION",NONE,NO INDICATION OF INJURY,NONE,NOT OBSCURED,NORMAL,TEST NOT OFFERED,2021,JE385438,09/22/2021 08:00:00 AM,30,NO CONTROLS,NO CONTROLS,UNKNOWN,DAYLIGHT,ANGLE,ALLEY,STRAIGHT AND LEVEL,UNKNOWN,UNKNOWN,NOT ON SCENE (DESK REPORT),INJURY AND / OR TOW DUE TO CRASH,Y,Y,"OVER $1,500",09/24/2021 11:00:00 AM,UNABLE TO DETERMINE,UNABLE TO DETERMINE,8831,S,DR MARTIN LUTHER KING JR DR,632.0,2,NO INDICATION OF INJURY,0.0,0.0,0.0,0.0,0.0,2.0,0.0,8,4,9,41.733810821,-87.61431007,POINT (-87.614310069652 41.733810821499),2021,480
O1068826,DRIVER,ab766909b6ceb3fde34d653a4891bd0c7511566b97bad8a6071d4b7ddc9214b9f5157771f904181440e5d3fc0721997ecfee4bbe4e421a32f84154a6da04d1f6,JE186551,1013621.0,04/01/2021 06:20:00 PM,CHICAGO,IL,60649,F,27.0,SAFETY BELT USED,NOT APPLICABLE,NONE,NO INDICATION OF INJURY,NONE,MOVING VEHICLES,NORMAL,TEST NOT OFFERED,2021,JE186551,04/01/2021 06:20:00 PM,25,STOP SIGN/FLASHER,FUNCTIONING PROPERLY,CLEAR,DAYLIGHT,TURNING,FOUR WAY,STRAIGHT AND LEVEL,DRY,UNKNOWN,ON SCENE,NO INJURY / DRIVE AWAY,Y,Y,"$501 - $1,500",04/01/2021 06:24:00 PM,UNABLE TO DETERMINE,UNABLE TO DETERMINE,7500,S,STONY ISLAND AVE,411.0,2,NO INDICATION OF INJURY,0.0,0.0,0.0,0.0,0.0,4.0,0.0,18,5,4,41.758715466999995,-87.586280965,POINT (-87.586280964844 41.758715466706),2021,1100