PERSON_ID,PERSON_TYPE,CRASH_RECORD_ID,RD_NO_x,VEHICLE_ID,CRASH_DATE_x,CITY,STATE,ZIPCODE,SEX,AGE,SAFETY_EQUIPMENT,AIRBAG_DEPLOYED,EJECTION,INJURY_CLASSIFICATION,DRIVER_ACTION,DRIVER_VISION,PHYSICAL_CONDITION,BAC_RESULT,CRASH_YEAR_x,RD_NO_y,CRASH_DATE_y,POSTED_SPEED_LIMIT,TRAFFIC_CONTROL_DEVICE,DEVICE_CONDITION,WEATHER_CONDITION,LIGHTING_CONDITION,FIRST_CRASH_TYPE,TRAFFICWAY_TYPE,ALIGNMENT,ROADWAY_SURFACE_COND,ROAD_DEFECT,REPORT_TYPE,CRASH_TYPE,INTERSECTION_RELATED_I,HIT_AND_RUN_I,DAMAGE,DATE_POLICE_NOTIFIED,PRIM_CONTRIBUTORY_CAUSE,SEC_CONTRIBUTORY_CAUSE,STREET_NO,STREET_DIRECTION,STREET_NAME,BEAT_OF_OCCURRENCE,NUM_UNITS,MOST_SEVERE_INJURY,INJURIES_TOTAL,INJURIES_FATAL,INJURIES_INCAPACITATING,INJURIES_NON_INCAPACITATING,INJURIES_REPORTED_NOT_EVIDENT,INJURIES_NO_INDICATION,INJURIES_UNKNOWN,CRASH_HOUR,CRASH_DAY_OF_WEEK,CRASH_MONTH,LATITUDE,LONGITUDE,LOCATION,CRASH_YEAR_y,TIME
O1203005,DRIVER,b087602109064e826b4f45c45d38b2732c78a1552722398e2a0c0a14b9d88daace5547af6fcc631508df54338f0b7c5d63e771e0848ce84aa80e03aac1c8ee89,JE405997,1141470.0,10/11/2021 12:38:00 PM,CHICAGO,IL,60639,M,27.0,USAGE UNKNOWN,DEPLOYMENT UNKNOWN,NONE,NO INDICATION OF INJURY,IMPROPER TURN,UNKNOWN,UNKNOWN,TEST NOT OFFERED,2021,JE405997,10/11/2021 12:38:00 PM,30,NO CONTROLS,NO CONTROLS,CLEAR,DAYLIGHT,TURNING,T-INTERSECTION,STRAIGHT ON GRADE,DRY,NO DEFECTS,ON SCENE,INJURY AND / OR TOW DUE TO CRASH,Y,N,"OVER $1,500",10/11/2021 12:41:00 PM,IMPROPER TURNING/NO SIGNAL,FAILING TO YIELD RIGHT-OF-WAY,6105,W,FOSTER AVE,1622.0,2,NO INDICATION OF INJURY,0.0,0.0,0.0,0.0,0.0,2.0,0.0,12,2,10,41.975552477,-87.78094178100001,POINT (-87.780941781034 41.975552476931),2021,758
O1213734,DRIVER,a938072503b6d45ad040ab2ca1b5ed58a21de10e1503d8be76aa492c1c7e5ed01b9ddc25c682e09c78056b4a2d35dd529e85291909651a04c37a4f1389ea4d17,JE423513,1151693.0,10/26/2021 04:18:00 PM,CHICAGO,IL,60619,F,29.0,USAGE UNKNOWN,DID NOT DEPLOY,NONE,NO INDICATION OF INJURY,NONE,NOT OBSCURED,NORMAL,TEST NOT OFFERED,2021,JE423513,10/26/2021 04:18:00 PM,30,TRAFFIC SIGNAL,FUNCTIONING PROPERLY,CLOUDY/OVERCAST,DAYLIGHT,TURNING,NOT DIVIDED,STRAIGHT AND LEVEL,UNKNOWN,UNKNOWN,NOT ON SCENE (DESK REPORT),NO INJURY / DRIVE AWAY,Y,Y,"OVER $1,500",10/26/2021 07:35:00 PM,FAILING TO YIELD RIGHT-OF-WAY,NOT APPLICABLE,5900,S,COTTAGE GROVE AVE,233.0,2,NO INDICATION OF INJURY,0.0,0.0,0.0,0.0,0.0,4.0,0.0,16,3,10,41.787666416,-87.606226159,POINT (-87.606226159394 41.787666416266),2021,978
O1174955,DRIVER,cc1dbc7590ac02987210918aa13da77082e0b013d4f9a4225b79b1fa4360a871201fd08f18f6a318b91e44c693aba3b29c8758b91b944f02fdb695f20540249e,JE358762,1114612.0,09/02/2021 07:30:00 AM,CHICAGO,IL,60618,M,24.0,SAFETY BELT USED,DID NOT DEPLOY,NONE,NO INDICATION OF INJURY,OTHER,MOVING VEHICLES,NORMAL,TEST NOT OFFERED,2021,JE358762,09/02/2021 07:30:00 AM,30,NO CONTROLS,NO CONTROLS,CLEAR,DAYLIGHT,REAR END,NOT DIVIDED,STRAIGHT AND LEVEL,DRY,NO DEFECTS,ON SCENE,INJURY AND / OR TOW DUE TO CRASH,Y,Y,"OVER $1,500",09/02/2021 09:00:00 AM,UNABLE TO DETERMINE,UNABLE TO DETERMINE,4838,N,WESTERN AVE,2031.0,2,NO INDICATION OF INJURY,0.0,0.0,0.0,0.0,0.0,2.0,0.0,7,5,9,41.969806928000004,-87.68909121799999,POINT (-87.689091217555 41.969806927644),2021,450
O1150289,DRIVER,fad40be577a8fb9346d88305ca07191dbfb61e6e7e36bca774d851fcb118c2e98e0b57daabdcb2b6cb7385fc637e66a88e57cf749bfec7e1d9afeb6384d263cf,JE318692,1091110.0,07/29/2021 02:50:00 PM,CHICAGO,IL,60614,F,44.0,USAGE UNKNOWN,NOT APPLICABLE,NONE,NO INDICATION OF INJURY,NONE,NOT OBSCURED,NORMAL,TEST NOT OFFERED,2021,JE318692,07/29/2021 02:50:00 PM,30,TRAFFIC SIGNAL,FUNCTIONING PROPERLY,CLEAR,DAYLIGHT,REAR END,ONE-WAY,STRAIGHT AND LEVEL,DRY,NO DEFECTS,NOT ON SCENE (DESK REPORT),NO INJURY / DRIVE AWAY,Y,Y,"OVER $1,500",07/29/2021 03:44:00 PM,UNABLE TO DETERMINE,NOT APPLICABLE,300,S,CLARK ST,122.0,2,NO INDICATION OF INJURY,0.0,0.0,0.0,0.0,0.0,4.0,0.0,14,5,7,41.878082515,-87.630930391,POINT (-87.630930390814 41.878082514793),2021,890
O1150414,DRIVER,6c419569b50adc42547998b8a486098b6883299d7a150bb48f1d69147fee91e6f7e7bea88974c4bc2dc84ecd4a9fe6cb7f31a191dfb1ef4eeba319b4ac81f45a,JE318807,1091241.0,07/29/2021 03:05:00 PM,EAST CHICAGO,IN,46312,F,30.0,SAFETY BELT USED,"DEPLOYED, COMBINATION",NONE,NONINCAPACITATING INJURY,OTHER,NOT OBSCURED,NORMAL,TEST NOT OFFERED,2021,JE318807,07/29/2021 03:05:00 PM,30,TRAFFIC SIGNAL,FUNCTIONING PROPERLY,CLEAR,DAYLIGHT,ANGLE,FOUR WAY,STRAIGHT AND LEVEL,DRY,NO DEFECTS,ON SCENE,INJURY AND / OR TOW DUE TO CRASH,Y,Y,"OVER $1,500",07/29/2021 04:03:00 PM,UNABLE TO DETERMINE,UNABLE TO DETERMINE,8700,S,COMMERCIAL AVE,423.0,2,NONINCAPACITATING INJURY,2.0,0.0,0.0,2.0,0.0,4.0,0.0,15,5,7,41.737285572,-87.551575144,POINT (-87.551575144327 41.73728557189),2021,905
O1115016,DRIVER,934b0bf3e8d8d2df3b30f83d5e2b2b328203c5bf160abe72784d05e15b7126c41751c166efc250c1c7b6b7cc4f5563d86334ca280b60e5faa527fd031cbf29da,JE261462,1057657.0,06/10/2021 10:45:00 PM,CHICAGO,IL,60608,M,19.0,SAFETY BELT USED,DID NOT DEPLOY,NONE,NO INDICATION OF INJURY,NONE,UNKNOWN,NORMAL,TEST NOT OFFERED,2021,JE261462,06/10/2021 10:45:00 PM,30,STOP SIGN/FLASHER,FUNCTIONING PROPERLY,CLEAR,"DARKNESS, LIGHTED ROAD",ANGLE,FOUR WAY,STRAIGHT AND LEVEL,DRY,NO DEFECTS,ON SCENE,INJURY AND / OR TOW DUE TO CRASH,Y,Y,"OVER $1,500",06/10/2021 10:46:00 PM,FAILING TO YIELD RIGHT-OF-WAY,"OPERATING VEHICLE IN ERRATIC, RECKLESS, CARELESS, NEGLIGENT OR AGGRESSIVE MANNER",1600,W,16TH ST,1234.0,3,NONINCAPACITATING INJURY,2.0,0.0,0.0,2.0,0.0,2.0,0.0,22,5,6,41.859716621,-87.66623521700001,POINT (-87.6662352169 41.859716620632),2021,1365
O1255233,DRIVER,40b0179c267591ef4c32ca26b2fdfa0f77dbca31178dfceb4304c36367c34fe863bf65e0b3ae14ab723b928e3e5a86a04c14b177134d463757bf3274b79eddb9,JE493834,1191501.0,12/30/2021 07:00:00 PM,EL PASO,TX,79936,F,20.0,SAFETY BELT USED,DID NOT DEPLOY,NONE,NO INDICATION OF INJURY,NONE,NOT OBSCURED,UNKNOWN,TEST NOT OFFERED,2021,JE493834,12/30/2021 07:00:00 PM,30,TRAFFIC SIGNAL,FUNCTIONING PROPERLY,CLEAR,"DARKNESS, LIGHTED ROAD",TURNING,FOUR WAY,STRAIGHT AND LEVEL,DRY,UNKNOWN,NOT ON SCENE (DESK REPORT),NO INJURY / DRIVE AWAY,Y,Y,"OVER $1,500",12/31/2021 11:00:00 AM,IMPROPER TURNING/NO SIGNAL,IMPROPER LANE USAGE,140,W,CONGRESS PKWY,122.0,2,NO INDICATION OF INJURY,0.0,0.0,0.0,0.0,0.0,3.0,0.0,19,5,12,41.87570198,-87.63211872299999,POINT (-87.632118723414 41.87570197997),2021,1140
O1137466,DRIVER,1b1778d51801e2065423e112df16e570164ed575ebc1e784ce02cbf93715f7961d97d4d38a457dee85681c7319d6a1a506cddee10d58d5c4f4960c88e0730fb4,JE297403,1078908.0,07/10/2021 10:28:00 PM,CHICAGO,IL,60636,F,61.0,SAFETY BELT USED,DID NOT DEPLOY,NONE,NO INDICATION OF INJURY,OTHER,NOT OBSCURED,NORMAL,TEST NOT OFFERED,2021,JE297403,07/10/2021 10:28:00 PM,30,TRAFFIC SIGNAL,FUNCTIONING PROPERLY,RAIN,"DARKNESS, LIGHTED ROAD",SIDESWIPE SAME DIRECTION,NOT DIVIDED,STRAIGHT AND LEVEL,WET,NO DEFECTS,NOT ON SCENE (DESK REPORT),NO INJURY / DRIVE AWAY,N,Y,"OVER $1,500",07/10/2021 11:00:00 PM,IMPROPER OVERTAKING/PASSING,NOT APPLICABLE,1158,S,HALSTED ST,1232.0,2,NO INDICATION OF INJURY,0.0,0.0,0.0,0.0,0.0,2.0,0.0,22,7,7,41.867239973000004,-87.64706549600001,POINT (-87.647065496446 41.86723997334),2021,1348
O1082065,DRIVER,692fa00dcd5349f01849f32ac0ca3c0e88d96fb708d6f1a00e55e8fd019e28a90089ad7644338e611fec82ac7cb0c0932a75aa56153aea69b920a9d0c6c93a58,JE208747,1026252.0,04/24/2021 01:30:00 PM,CICERO,IL,60804,M,30.0,USAGE UNKNOWN,DID NOT DEPLOY,NONE,NO INDICATION OF INJURY,NONE,NOT OBSCURED,NORMAL,TEST NOT OFFERED,2021,JE208747,04/24/2021 01:30:00 PM,30,NO CONTROLS,NO CONTROLS,CLEAR,DAYLIGHT,SIDESWIPE SAME DIRECTION,NOT DIVIDED,STRAIGHT AND LEVEL,DRY,NO DEFECTS,ON SCENE,INJURY AND / OR TOW DUE TO CRASH,Y,Y,"OVER $1,500",04/24/2021 01:30:00 PM,IMPROPER LANE USAGE,FAILING TO YIELD RIGHT-OF-WAY,6804,N,WESTERN AVE,2411.0,3,NO INDICATION OF INJURY,0.0,0.0,0.0,0.0,0.0,4.0,0.0,13,7,4,42.005210321999996,-87.690222269,POINT (-87.690222269494 42.005210322397),2021,810
O1094201,DRIVER,a70917e018b414d49986d7f95de68d1c7d7a502e2916f44b8c67b7678e7fd76cdec47e4f1c69cc7229f1e73f702220e81b6776ea7d545c2c8d031e55822eb17c,JE227973,1037821.0,05/12/2021 04:05:00 PM,DOLTON,IL,60419,M,72.0,SAFETY BELT USED,"DEPLOYED, COMBINATION",NONE,"REPORTED, NOT EVIDENT",NONE,NOT OBSCURED,NORMAL,TEST NOT OFFERED,2021,JE227973,05/12/2021 04:05:00 PM,30,TRAFFIC SIGNAL,FUNCTIONING PROPERLY,CLEAR,DAYLIGHT,ANGLE,NOT DIVIDED,STRAIGHT AND LEVEL,DRY,NO DEFECTS,ON SCENE,INJURY AND / OR TOW DUE TO CRASH,Y,Y,"OVER $1,500",05/12/2021 04:55:00 PM,DISREGARDING TRAFFIC SIGNALS,FAILING TO YIELD RIGHT-OF-WAY,8700,S,VINCENNES AVE,2222.0,3,"REPORTED, NOT EVIDENT",1.0,0.0,0.0,0.0,1.0,6.0,0.0,16,4,5,41.736006565,-87.645341819,POINT (-87.64534181898 41.736006564585),2021,965
O1246659,DRIVER,2eb095d06b21d53cdc67261be12db988e25927d9a6b0dd11a9d9ed9b34502af5d14737c5cc195e2c7efa8b65d5665781cfd3281c99b8013320e671e59c6fa2ec,JE478305,1183259.0,12/15/2021 12:40:00 PM,CHICAGO,IL,60629,F,76.0,SAFETY BELT USED,NOT APPLICABLE,NONE,NO INDICATION OF INJURY,NONE,NOT OBSCURED,NORMAL,TEST NOT OFFERED,2021,JE478305,12/15/2021 12:40:00 PM,30,TRAFFIC SIGNAL,FUNCTIONING PROPERLY,CLOUDY/OVERCAST,DAYLIGHT,ANGLE,NOT DIVIDED,STRAIGHT AND LEVEL,WET,UNKNOWN,NOT ON SCENE (DESK REPORT),INJURY AND / OR TOW DUE TO CRASH,Y,Y,"OVER $1,500",12/15/2021 12:43:00 PM,UNABLE TO DETERMINE,UNABLE TO DETERMINE,7900,S,KEDZIE AVE,834.0,2,NO INDICATION OF INJURY,0.0,0.0,0.0,0.0,0.0,2.0,0.0,12,4,12,41.749723972,-87.702539572,POINT (-87.702539571674 41.749723971726),2021,760
O1112637,DRIVER,3b4ed607ce62c703b8189bb265c53aecc6a9b13646ac1704e21c205b0ad5643bf988fd1e256e5fa924b29902541c5230a8d3f7c7fd9088556f55cd995b087f00,JE257791,1055479.0,06/08/2021 01:22:00 AM,CHICAGO,IL,60620,M,30.0,USAGE UNKNOWN,"DEPLOYED, COMBINATION",UNKNOWN,"REPORTED, NOT EVIDENT",NONE,UNKNOWN,UNKNOWN,TEST NOT OFFERED,2021,JE257791,06/08/2021 01:22:00 AM,30,NO CONTROLS,NO CONTROLS,CLEAR,"DARKNESS, LIGHTED ROAD",TURNING,NOT DIVIDED,STRAIGHT AND LEVEL,DRY,NO DEFECTS,ON SCENE,INJURY AND / OR TOW DUE TO CRASH,Y,Y,"OVER $1,500",06/08/2021 01:22:00 AM,IMPROPER TURNING/NO SIGNAL,UNABLE TO DETERMINE,6800,S,ASHLAND AVE,725.0,2,"REPORTED, NOT EVIDENT",1.0,0.0,0.0,0.0,1.0,1.0,0.0,1,3,6,41.770278755999996,-87.66411243299999,POINT (-87.664112432605 41.770278756122),2021,82
O1029595,DRIVER,4ba0a98a2570c392095bb1fe50c1506d8e1b74172f49af29bab7c83cb5d220daa651904801898ec41200f58bc2ceb217dd639ffa336a5416e1a2030ff8953098,JE121765,975852.0,01/24/2021 09:06:00 AM,CHICAGO,IL,60652,M,33.0,USAGE UNKNOWN,NOT APPLICABLE,NONE,NO INDICATION OF INJURY,UNKNOWN,UNKNOWN,NORMAL,TEST NOT OFFERED,2021,JE121765,01/24/2021 09:06:00 AM,30,FLASHING CONTROL SIGNAL,FUNCTIONING PROPERLY,SNOW,DAYLIGHT,REAR END,DIVIDED - W/MEDIAN (NOT RAISED),STRAIGHT AND LEVEL,WET,NO DEFECTS,ON SCENE,NO INJURY / DRIVE AWAY,Y,Y,"$501 - $1,500",01/24/2021 09:14:00 AM,UNABLE TO DETERMINE,NOT APPLICABLE,2348,W,PERSHING RD,911.0,3,NO INDICATION OF INJURY,0.0,0.0,0.0,0.0,0.0,3.0,0.0,9,1,1,41.823115382,-87.684718731,POINT (-87.684718730674 41.823115381875),2021,546
O1032697,DRIVER,08abe0759e42750818270545719de8b89f16c64d789edcac7f1d2357f60310b9ef6df082d88c10c0a615000b1230fd853bf664d01b1b8c8f751c7b50a696bf04,JE127509,978844.0,01/30/2021 11:35:00 AM,PLAINFIELD,IL,60586,F,49.0,USAGE UNKNOWN,"DEPLOYED, COMBINATION",NONE,NO INDICATION OF INJURY,NONE,UNKNOWN,NORMAL,TEST NOT OFFERED,2021,JE127509,01/30/2021 11:35:00 AM,30,STOP SIGN/FLASHER,FUNCTIONING PROPERLY,CLEAR,DAYLIGHT,ANGLE,T-INTERSECTION,STRAIGHT AND LEVEL,DRY,NO DEFECTS,ON SCENE,INJURY AND / OR TOW DUE TO CRASH,Y,Y,"OVER $1,500",01/30/2021 11:41:00 AM,FAILING TO YIELD RIGHT-OF-WAY,DISREGARDING STOP SIGN,2100,S,KEDZIE AVE,1022.0,2,NO INDICATION OF INJURY,0.0,0.0,0.0,0.0,0.0,3.0,0.0,11,7,1,41.853559689,-87.705452594,POINT (-87.705452593901 41.853559688557),2021,695
O1133234,DRIVER,12b6af539c70fd705f33a4122676d71b66823af9919d049b66d658459d12353654cdd2a709d3ef117f51c4529f906a515b9e8687bcc31672f4c8fb79299b903c,JE290429,1074930.0,07/05/2021 02:30:00 AM,CHICAGO,IL,60619,M,27.0,USAGE UNKNOWN,"DEPLOYED, COMBINATION",NONE,INCAPACITATING INJURY,UNKNOWN,UNKNOWN,REMOVED BY EMS,TEST NOT OFFERED,2021,JE290429,07/05/2021 02:30:00 AM,25,STOP SIGN/FLASHER,FUNCTIONING PROPERLY,CLEAR,"DARKNESS, LIGHTED ROAD",SIDESWIPE SAME DIRECTION,NOT DIVIDED,STRAIGHT AND LEVEL,DRY,NO DEFECTS,ON SCENE,INJURY AND / OR TOW DUE TO CRASH,Y,Y,"OVER $1,500",07/05/2021 02:31:00 AM,UNABLE TO DETERMINE,FAILING TO REDUCE SPEED TO AVOID CRASH,2245,E,102ND ST,431.0,4,INCAPACITATING INJURY,2.0,0.0,2.0,0.0,0.0,1.0,0.0,2,2,7,41.709715806999995,-87.56889463899999,POINT (-87.568894639321 41.709715806856),2021,150
O1064514,DRIVER,09ebf7345994d949bba381f4abf6e144a53e3657bc0679425d44af51b49ec29109cf1945eef7b8213662ae2941bb5c33b023653191c7e6d5db0e9ff050da36f2,JE179311,1009516.0,03/25/2021 12:30:00 PM,CHICAGO,IL,60620,F,58.0,SAFETY BELT USED,DID NOT DEPLOY,NONE,NO INDICATION OF INJURY,NONE,NOT OBSCURED,NORMAL,TEST NOT OFFERED,2021,JE179311,03/25/2021 12:30:00 PM,30,TRAFFIC SIGNAL,FUNCTIONING PROPERLY,CLEAR,DAYLIGHT,TURNING,DIVIDED - W/MEDIAN (NOT RAISED),STRAIGHT AND LEVEL,DRY,NO DEFECTS,ON SCENE,NO INJURY / DRIVE AWAY,Y,Y,"OVER $1,500",03/25/2021 12:37:00 PM,IMPROPER TURNING/NO SIGNAL,NOT APPLICABLE,7900,S,ASHLAND AVE,611.0,2,NO INDICATION OF INJURY,0.0,0.0,0.0,0.0,0.0,2.0,0.0,12,5,3,41.75026224,-87.66358011700001,POINT (-87.663580117092 41.750262240415),2021,750
O1080010,DRIVER,3e6dafdcf8310c0c7d4ebc093cc039bd495da1cf3b7774159d73ff06a1aae96b519d6b45c097cc4e6c0743a952b4432b2338d15458421e838676071ad6ab212b,JE205196,1024278.0,04/20/2021 08:24:00 PM,HAMMOND,IN,46323,M,24.0,USAGE UNKNOWN,NOT APPLICABLE,NONE,NO INDICATION OF INJURY,NONE,NOT OBSCURED,NORMAL,TEST NOT OFFERED,2021,JE205196,04/20/2021 08:24:00 PM,30,TRAFFIC SIGNAL,FUNCTIONING PROPERLY,CLEAR,DARKNESS,SIDESWIPE SAME DIRECTION,NOT DIVIDED,STRAIGHT AND LEVEL,DRY,UNKNOWN,ON SCENE,NO INJURY / DRIVE AWAY,Y,Y,"OVER $1,500",04/20/2021 08:27:00 PM,UNABLE TO DETERMINE,NOT APPLICABLE,4701,W,GRAND AVE,2533.0,3,NO INDICATION OF INJURY,0.0,0.0,0.0,0.0,0.0,3.0,0.0,20,3,4,41.912885521,-87.743699619,POINT (-87.743699618945 41.912885521124),2021,1224
O1109125,DRIVER,198dd463df4b2ddf97c65b2b16f6ed2fa950eff0251a8f8527670a4ccc0b6813fb20340105f61de246203e959e75c20305c1e4a46ec24fbdf1c032880826e331,JE252484,1052120.0,06/03/2021 03:41:00 PM,CHICAGO,IL,60659,M,68.0,SAFETY BELT USED,DID NOT DEPLOY,NONE,NO INDICATION OF INJURY,NONE,NOT OBSCURED,NORMAL,TEST NOT OFFERED,2021,JE252484,06/03/2021 03:41:00 PM,30,TRAFFIC SIGNAL,FUNCTIONING PROPERLY,CLEAR,DAYLIGHT,REAR END,NOT DIVIDED,STRAIGHT AND LEVEL,DRY,NO DEFECTS,NOT ON SCENE (DESK REPORT),NO INJURY / DRIVE AWAY,Y,Y,"$501 - $1,500",06/03/2021 04:40:00 PM,FOLLOWING TOO CLOSELY,UNABLE TO DETERMINE,2398,W,GRANVILLE AVE,2413.0,2,NO INDICATION OF INJURY,0.0,0.0,0.0,0.0,0.0,2.0,0.0,15,5,6,41.994203449000004,-87.68970598,POINT (-87.689705979921 41.994203448984),2021,941
O1217071,DRIVER,8b23eae74ebed43ff686c7a03d084b0485a3057880ba2a7e648ac0a0e51e69d681ff659ffab1348c83f4702ce12d21657e7ad9e39a306da312adff2d8c028119,JE428249,1154854.0,10/30/2021 07:25:00 PM,CHICAGO,IL,60645,M,34.0,SAFETY BELT USED,NOT APPLICABLE,NONE,NO INDICATION OF INJURY,NONE,NOT OBSCURED,NORMAL,TEST NOT OFFERED,2021,JE428249,10/30/2021 07:25:00 PM,30,TRAFFIC SIGNAL,FUNCTIONING PROPERLY,CLEAR,"DARKNESS, LIGHTED ROAD",TURNING,FOUR WAY,STRAIGHT AND LEVEL,DRY,NO DEFECTS,ON SCENE,NO INJURY / DRIVE AWAY,Y,Y,"OVER $1,500",10/30/2021 07:30:00 PM,FAILING TO YIELD RIGHT-OF-WAY,NOT APPLICABLE,1957,W,ADDISON ST,1922.0,2,NO INDICATION OF INJURY,0.0,0.0,0.0,0.0,0.0,2.0,0.0,19,7,10,41.946757368,-87.67835370700001,POINT (-87.678353706509 41.946757368344),2021,1165
O1026885,DRIVER,44934cace2de5b6ad5f6c18b8432ac31f98b1417879440b7ec6f308a74c8c1e1a82f9fededa839ebd797555f1fe7e6d8bf3c86f73f27e737deec4acc6f095905,JE117058,973279.0,01/19/2021 07:40:00 AM,CHICAGO,IL,60651,M,57.0,SAFETY BELT USED,NOT APPLICABLE,NONE,NO INDICATION OF INJURY,NONE,NOT OBSCURED,NORMAL,TEST NOT OFFERED,2021,JE117058,01/19/2021 07:40:00 AM,35,TRAFFIC SIGNAL,FUNCTIONING PROPERLY,CLEAR,DAYLIGHT,TURNING,NOT DIVIDED,STRAIGHT AND LEVEL,DRY,NO DEFECTS,NOT ON SCENE (DESK REPORT),NO INJURY / DRIVE AWAY,Y,Y,"$501 - $1,500",01/19/2021 12:45:00 PM,FAILING TO YIELD RIGHT-OF-WAY,NOT APPLICABLE,4759,W,NORTH AVE,2533.0,2,NO INDICATION OF INJURY,0.0,0.0,0.0,0.0,0.0,2.0,0.0,7,3,1,41.909516846,-87.7460484,POINT (-87.74604839974 41.90951684617),2021,460
O1095119,DRIVER,71d198e85da8a2f25cb5b8003c3b4d29cbf2c57857528cb3d6d942487baf7425f980aa961fe89872d8beac56d387f06ee7bb227a8a54482f4e6e151fa9cd9b54,JE229672,1038725.0,05/14/2021 10:15:00 AM,CHICAGO,IL,60623,M,20.0,SAFETY BELT USED,NOT APPLICABLE,NONE,NO INDICATION OF INJURY,NONE,NOT OBSCURED,NORMAL,TEST NOT OFFERED,2021,JE229672,05/14/2021 10:15:00 AM,30,TRAFFIC SIGNAL,FUNCTIONING PROPERLY,CLEAR,DAYLIGHT,ANGLE,DIVIDED - W/MEDIAN (NOT RAISED),STRAIGHT AND LEVEL,DRY,NO DEFECTS,ON SCENE,INJURY AND / OR TOW DUE TO CRASH,Y,Y,"$501 - $1,500",05/14/2021 10:21:00 AM,DISREGARDING TRAFFIC SIGNALS,NOT APPLICABLE,2401,S,CALIFORNIA AVE,1034.0,2,NO INDICATION OF INJURY,0.0,0.0,0.0,0.0,0.0,2.0,0.0,10,6,5,41.848247293,-87.695197312,POINT (-87.69519731187 41.848247292532),2021,615
O1091068,DRIVER,4822f817e4513a072c3e7e12b49a4d0c003971d61cd66e1ae8534516579bb7c7c96847ab34fb990c495e60c1f616a05d5a9e491167a573d9c6d3585afc0219a0,JE223201,1034835.0,05/08/2021 01:27:00 AM,CHICAGO,IL,60619,M,26.0,SAFETY BELT USED,NOT APPLICABLE,NONE,NO INDICATION OF INJURY,NONE,NOT OBSCURED,NORMAL,TEST NOT OFFERED,2021,JE223201,05/08/2021 01:27:00 AM,30,TRAFFIC SIGNAL,FUNCTIONING PROPERLY,UNKNOWN,"DARKNESS, LIGHTED ROAD",ANGLE,FOUR WAY,STRAIGHT AND LEVEL,UNKNOWN,UNKNOWN,NOT ON SCENE (DESK REPORT),NO INJURY / DRIVE AWAY,Y,Y,"OVER $1,500",05/08/2021 01:43:00 AM,DISREGARDING TRAFFIC SIGNALS,FAILING TO YIELD RIGHT-OF-WAY,5900,S,MICHIGAN AVE,232.0,2,NO INDICATION OF INJURY,0.0,0.0,0.0,0.0,0.0,2.0,0.0,1,7,5,41.787325482,-87.622422845,POINT (-87.62242284517 41.787325482496),2021,87
O1139891,DRIVER,bc7302e10cbd75919f9a17d0a21fed28a37ceb26f5d2baf52e75d79fca31fcff7dfc87e8488beafb4987896fc1533dadc9ac7a9d945fdff370e23d40e7af098d,JE301605,1081247.0,07/06/2021 09:00:00 AM,CHICAGO,IL,60085,M,22.0,USAGE UNKNOWN,DID NOT DEPLOY,NONE,NO INDICATION OF INJURY,OTHER,NOT OBSCURED,NORMAL,TEST NOT OFFERED,2021,JE301605,07/06/2021 09:00:00 AM,30,NO CONTROLS,NO CONTROLS,CLEAR,DAYLIGHT,REAR END,DIVIDED - W/MEDIAN BARRIER,STRAIGHT AND LEVEL,DRY,NO DEFECTS,NOT ON SCENE (DESK REPORT),NO INJURY / DRIVE AWAY,N,N,"OVER $1,500",07/14/2021 07:10:00 PM,FOLLOWING TOO CLOSELY,UNABLE TO DETERMINE,4401,N,CICERO AVE,1722.0,2,NO INDICATION OF INJURY,0.0,0.0,0.0,0.0,0.0,3.0,0.0,9,3,7,41.960805894,-87.74739599700001,POINT (-87.747395997129 41.960805893505),2021,540
O1098813,DRIVER,cd4a2d31190bbab4e15709dc939dc31ea41444a89629911460cebdd7290f215ba99f9322cd8ad64d529d1a4d70a8a4dbd25e02ac0762e3b098b24e5de51cd99a,JE235915,1042249.0,05/20/2021 01:25:00 AM,CHICAGO,IL,60608,M,35.0,SAFETY BELT USED,"DEPLOYED, COMBINATION",NONE,NO INDICATION OF INJURY,NONE,NOT OBSCURED,NORMAL,TEST NOT OFFERED,2021,JE235915,05/20/2021 01:25:00 AM,30,TRAFFIC SIGNAL,FUNCTIONING PROPERLY,RAIN,"DARKNESS, LIGHTED ROAD",TURNING,DIVIDED - W/MEDIAN (NOT RAISED),STRAIGHT AND LEVEL,WET,NO DEFECTS,ON SCENE,INJURY AND / OR TOW DUE TO CRASH,Y,N,"OVER $1,500",05/20/2021 01:25:00 AM,DISREGARDING TRAFFIC SIGNALS,NOT APPLICABLE,3601,S,KEDZIE AVE,911.0,3,"REPORTED, NOT EVIDENT",1.0,0.0,0.0,0.0,1.0,4.0,0.0,1,5,5,41.828030835,-87.704404267,POINT (-87.704404266656 41.828030834763),2021,85