PERSON_ID,PERSON_TYPE,CRASH_RECORD_ID,RD_NO_x,VEHICLE_ID,CRASH_DATE_x,CITY,STATE,ZIPCODE,SEX,AGE,SAFETY_EQUIPMENT,AIRBAG_DEPLOYED,EJECTION,INJURY_CLASSIFICATION,DRIVER_ACTION,DRIVER_VISION,PHYSICAL_CONDITION,BAC_RESULT,CRASH_YEAR_x,RD_NO_y,CRASH_DATE_y,POSTED_SPEED_LIMIT,TRAFFIC_CONTROL_DEVICE,DEVICE_CONDITION,WEATHER_CONDITION,LIGHTING_CONDITION,FIRST_CRASH_TYPE,TRAFFICWAY_TYPE,ALIGNMENT,ROADWAY_SURFACE_COND,ROAD_DEFECT,REPORT_TYPE,CRASH_TYPE,INTERSECTION_RELATED_I,HIT_AND_RUN_I,DAMAGE,DATE_POLICE_NOTIFIED,PRIM_CONTRIBUTORY_CAUSE,SEC_CONTRIBUTORY_CAUSE,STREET_NO,STREET_DIRECTION,STREET_NAME,BEAT_OF_OCCURRENCE,NUM_UNITS,MOST_SEVERE_INJURY,INJURIES_TOTAL,INJURIES_FATAL,INJURIES_INCAPACITATING,INJURIES_NON_INCAPACITATING,INJURIES_REPORTED_NOT_EVIDENT,INJURIES_NO_INDICATION,INJURIES_UNKNOWN,CRASH_HOUR,CRASH_DAY_OF_WEEK,CRASH_MONTH,LATITUDE,LONGITUDE,LOCATION,CRASH_YEAR_y,TIME
O1124104,DRIVER,66587993512a83382aa200ab4fe44c14d4760f0c9db0b1a49b3ba083f2c52db8fb05ed30ccdf8fba867819d3cba5dbdb9651ff35fb74c36416f576a0cfd19f09,JE275749,1066245.0,06/22/2021 03:45:00 PM,CHICAGO,IL,60618,M,35.0,USAGE UNKNOWN,NOT APPLICABLE,NONE,NO INDICATION OF INJURY,UNKNOWN,UNKNOWN,NORMAL,TEST NOT OFFERED,2021,JE275749,06/22/2021 03:45:00 PM,30,TRAFFIC SIGNAL,FUNCTIONING PROPERLY,CLEAR,DAYLIGHT,SIDESWIPE SAME DIRECTION,NOT DIVIDED,STRAIGHT AND LEVEL,DRY,UNKNOWN,NOT ON SCENE (DESK REPORT),NO INJURY / DRIVE AWAY,Y,Y,"OVER $1,500",06/22/2021 04:10:00 PM,IMPROPER OVERTAKING/PASSING,UNABLE TO DETERMINE,3000,W,TOUHY AVE,2411.0,2,NO INDICATION OF INJURY,0.0,0.0,0.0,0.0,0.0,2.0,0.0,15,3,6,42.012071408000004,-87.704575845,POINT (-87.70457584485 42.012071408002),2021,945
O1061623,DRIVER,21e731041677ad4d87216582eff1756894698ef2c6ae8f1eb8cf78beb03b62c74a72a8a65a876ba072b084b0ed3721145097bd1ec20cca01e45848afa0d04d45,JE174190,1006743.0,03/20/2021 06:10:00 AM,CHICAGO,IL,60656,M,34.0,SAFETY BELT USED,DID NOT DEPLOY,NONE,NO INDICATION OF INJURY,FAILED TO YIELD,NOT OBSCURED,NORMAL,TEST NOT OFFERED,2021,JE174190,03/20/2021 06:10:00 AM,30,TRAFFIC SIGNAL,FUNCTIONING PROPERLY,CLEAR,"DARKNESS, LIGHTED ROAD",TURNING,FOUR WAY,STRAIGHT AND LEVEL,DRY,NO DEFECTS,NOT ON SCENE (DESK REPORT),NO INJURY / DRIVE AWAY,Y,Y,"$501 - $1,500",03/20/2021 11:10:00 AM,FAILING TO YIELD RIGHT-OF-WAY,FOLLOWING TOO CLOSELY,799,N,FRANKLIN ST,1831.0,2,NO INDICATION OF INJURY,0.0,0.0,0.0,0.0,0.0,2.0,0.0,6,7,3,41.896528569000004,-87.635547636,POINT (-87.63554763605 41.896528569202),2021,370
O1204924,DRIVER,e33bdb702b41d95b82569d5f788cc13c67e00529c4d83231cc541f2a845dc1fbdce8c6c9aefc01ccd1458b2f2c0ca7475a50c7906ab2a9604cdbe54e5b171f5c,JE409144,1143282.0,10/14/2021 07:50:00 AM,CHICAGO,IL,60639,F,51.0,SAFETY BELT USED,DID NOT DEPLOY,NONE,NO INDICATION OF INJURY,NONE,NOT OBSCURED,NORMAL,TEST NOT OFFERED,2021,JE409144,10/14/2021 07:50:00 AM,30,NO CONTROLS,NO CONTROLS,UNKNOWN,DAYLIGHT,SIDESWIPE SAME DIRECTION,NOT DIVIDED,STRAIGHT AND LEVEL,WET,NO DEFECTS,ON SCENE,NO INJURY / DRIVE AWAY,N,Y,"$501 - $1,500",10/14/2021 07:54:00 AM,UNABLE TO DETERMINE,UNABLE TO DETERMINE,4501,W,AUGUSTA BLVD,1111.0,2,NO INDICATION OF INJURY,0.0,0.0,0.0,0.0,0.0,3.0,0.0,7,5,10,41.898708903,-87.73856727200001,POINT (-87.738567271721 41.898708903297),2021,470
O1191462,DRIVER,1fc6b92e3ffce3b1abcbb9dd9cf2124d9b58133bf6970dbcb748b3dcbbc553db6c347455e8890a162d152ea994cad256036f5189631b656d36169623ab42c2a0,JE386396,1130427.0,09/25/2021 01:27:00 AM,CHICAGO,IL,60612,F,34.0,USAGE UNKNOWN,NOT APPLICABLE,NONE,NO INDICATION OF INJURY,FAILED TO YIELD,UNKNOWN,UNKNOWN,TEST NOT OFFERED,2021,JE386396,09/25/2021 01:27:00 AM,30,TRAFFIC SIGNAL,FUNCTIONING PROPERLY,CLEAR,"DARKNESS, LIGHTED ROAD",TURNING,FOUR WAY,STRAIGHT AND LEVEL,WET,NO DEFECTS,ON SCENE,NO INJURY / DRIVE AWAY,Y,Y,"OVER $1,500",09/25/2021 01:27:00 AM,FAILING TO YIELD RIGHT-OF-WAY,UNABLE TO DETERMINE,1601,N,ASHLAND AVE,1433.0,2,NO INDICATION OF INJURY,0.0,0.0,0.0,0.0,0.0,4.0,0.0,1,7,9,41.910723323,-87.66754695899999,POINT (-87.667546959206 41.91072332316),2021,87
O1139504,DRIVER,490326f980dd5d2f2f3edfb24f6be33194afaa0258cafa118326aecb2ff82070566d3d4814036b5bb6fe87cf22ed803eab735e6f8b9a38774da545d561d1cd4d,JE301016,1080865.0,07/14/2021 10:20:00 AM,RIVERSIDE,IL,60546,M,19.0,SAFETY BELT USED,NOT APPLICABLE,NONE,NO INDICATION OF INJURY,NONE,NOT OBSCURED,NORMAL,TEST NOT OFFERED,2021,JE301016,07/14/2021 10:20:00 AM,30,TRAFFIC SIGNAL,UNKNOWN,CLEAR,DAYLIGHT,TURNING,NOT DIVIDED,STRAIGHT AND LEVEL,UNKNOWN,UNKNOWN,NOT ON SCENE (DESK REPORT),NO INJURY / DRIVE AWAY,Y,Y,"$501 - $1,500",07/14/2021 11:08:00 AM,UNABLE TO DETERMINE,NOT APPLICABLE,4500,W,63RD ST,813.0,2,NO INDICATION OF INJURY,0.0,0.0,0.0,0.0,0.0,2.0,0.0,10,4,7,41.778624993,-87.735029364,POINT (-87.735029364106 41.778624993141),2021,620
O1020289,DRIVER,4fec458938ee2eb4b5fb0b5d02f1d43d34fc48d6a4a6c0e205a920b4813984fa3504fe89118c4afa78b24283f3c183bd03c1ae18c19c3b86060a4443972a9271,JE104458,967042.0,01/05/2021 08:04:00 PM,CHICAGO,IL,60619,F,40.0,SAFETY BELT USED,NOT APPLICABLE,NONE,NONINCAPACITATING INJURY,NONE,NOT OBSCURED,NORMAL,TEST NOT OFFERED,2021,JE104458,01/05/2021 08:04:00 PM,30,TRAFFIC SIGNAL,FUNCTIONING PROPERLY,CLEAR,"DARKNESS, LIGHTED ROAD",TURNING,NOT DIVIDED,STRAIGHT AND LEVEL,WET,UNKNOWN,NOT ON SCENE (DESK REPORT),INJURY AND / OR TOW DUE TO CRASH,Y,Y,"OVER $1,500",01/05/2021 08:04:00 PM,FAILING TO REDUCE SPEED TO AVOID CRASH,NOT APPLICABLE,9458,S,WOODLAWN AVE,413.0,2,NONINCAPACITATING INJURY,1.0,0.0,0.0,1.0,0.0,1.0,0.0,20,3,1,41.722241861,-87.59494149700001,POINT (-87.594941497261 41.722241861225),2021,1204
O1227103,DRIVER,f4baffc8c469dca664e4acb598ca73d1c4ea599c46cef4d5d572ee2ca0716a655640a45ba25e5fa45a3c31da964a2da17eb3ff029cd4e1f09e47182ef8b8434f,JE445281,1164495.0,11/14/2021 05:50:00 PM,CHICAGO,IL,60621,F,21.0,SAFETY BELT USED,DID NOT DEPLOY,NONE,NO INDICATION OF INJURY,NONE,NOT OBSCURED,NORMAL,TEST NOT OFFERED,2021,JE445281,11/14/2021 05:50:00 PM,30,TRAFFIC SIGNAL,FUNCTIONING PROPERLY,CLEAR,"DARKNESS, LIGHTED ROAD",REAR END,ONE-WAY,STRAIGHT AND LEVEL,DRY,NO DEFECTS,NOT ON SCENE (DESK REPORT),NO INJURY / DRIVE AWAY,Y,Y,"OVER $1,500",11/14/2021 07:26:00 PM,UNABLE TO DETERMINE,NOT APPLICABLE,8700,S,LAFAYETTE AVE,634.0,2,NO INDICATION OF INJURY,0.0,0.0,0.0,0.0,0.0,2.0,0.0,17,1,11,41.73616511,-87.62558756899999,POINT (-87.625587568999 41.736165110086),2021,1070
O1131117,DRIVER,a45a0a36fdddcf3823925775b626aa84edb88b3d83f4078079f8a356150519a1eab7b1ca62e08aee68922cc8d91635b5287c078f721567ac167a0cada63eee1e,JE287132,1072988.0,07/01/2021 10:30:00 AM,PARK FOREST,IL,60466,M,75.0,SAFETY BELT USED,NOT APPLICABLE,NONE,NO INDICATION OF INJURY,NONE,NOT OBSCURED,NORMAL,TEST NOT OFFERED,2021,JE287132,07/01/2021 10:30:00 AM,30,TRAFFIC SIGNAL,FUNCTIONING PROPERLY,CLEAR,DAYLIGHT,TURNING,FOUR WAY,STRAIGHT AND LEVEL,DRY,NO DEFECTS,NOT ON SCENE (DESK REPORT),NO INJURY / DRIVE AWAY,Y,Y,$500 OR LESS,07/02/2021 12:00:00 PM,UNABLE TO DETERMINE,UNABLE TO DETERMINE,1600,W,ROOSEVELT RD,1231.0,2,NO INDICATION OF INJURY,0.0,0.0,0.0,0.0,0.0,2.0,0.0,10,5,7,41.866971116,-87.666509744,POINT (-87.666509743796 41.86697111645),2021,630
O1070225,DRIVER,226887e3f5b595c2f0d0a26531d9478e992ad3a4ae771f48ffa04b64dc0323c919c67e883291aaccd44ded8396ba0aef02b2af2e6bc0200e1d5573d84e9ac02e,JE188637,1014922.0,04/03/2021 08:21:00 PM,CHICAGO,IL,60632,M,21.0,SAFETY BELT USED,NOT APPLICABLE,NONE,NO INDICATION OF INJURY,NONE,NOT OBSCURED,NORMAL,TEST NOT OFFERED,2021,JE188637,04/03/2021 08:21:00 PM,15,STOP SIGN/FLASHER,FUNCTIONING PROPERLY,CLEAR,"DARKNESS, LIGHTED ROAD",REAR END,NOT DIVIDED,STRAIGHT AND LEVEL,DRY,NO DEFECTS,ON SCENE,INJURY AND / OR TOW DUE TO CRASH,Y,Y,"OVER $1,500",04/03/2021 09:22:00 PM,UNABLE TO DETERMINE,UNABLE TO DETERMINE,5701,S,KOSTNER AVE,813.0,2,NO INDICATION OF INJURY,0.0,0.0,0.0,0.0,0.0,2.0,0.0,20,7,4,41.78938984,-87.73270675399999,POINT (-87.732706753966 41.789389839903),2021,1221
O1103200,DRIVER,121fff043ba24459a95b3d5e102f5a81bf001771ad663fd7c678f5a3f119aafac92daf55d5275cd8a8e86978d9b920b43cb59171169cb82de7c59fd4cb2a4aa1,JE243017,1046465.0,05/25/2021 11:50:00 PM,CHICAGO,IL,60637,M,44.0,USAGE UNKNOWN,NOT APPLICABLE,NONE,NO INDICATION OF INJURY,UNKNOWN,UNKNOWN,NORMAL,TEST NOT OFFERED,2021,JE243017,05/25/2021 11:50:00 PM,25,NO CONTROLS,NO CONTROLS,CLEAR,"DARKNESS, LIGHTED ROAD",REAR END,NOT DIVIDED,STRAIGHT AND LEVEL,DRY,NO DEFECTS,ON SCENE,NO INJURY / DRIVE AWAY,N,Y,"OVER $1,500",05/25/2021 11:50:00 PM,IMPROPER TURNING/NO SIGNAL,NOT APPLICABLE,300,E,47TH ST,215.0,2,NO INDICATION OF INJURY,0.0,0.0,0.0,0.0,0.0,2.0,0.0,23,3,5,41.809446854,-87.619524087,POINT (-87.619524087226 41.809446853655),2021,1430
O1142776,DRIVER,9f470d5931dbb3f466c2b813eac3714afff8fcf6436058b03545f40d90a4f1ba46bfa1fe2433bfeae098ef48ab0338c9ee2a9f056f2a8ae7bbb21b1c809984e8,JE306217,1083990.0,07/19/2021 02:00:00 AM,CHICAGO,IL,60628,M,44.0,USAGE UNKNOWN,DID NOT DEPLOY,NONE,NO INDICATION OF INJURY,UNKNOWN,NOT OBSCURED,NORMAL,TEST NOT OFFERED,2021,JE306217,07/19/2021 02:00:00 AM,30,TRAFFIC SIGNAL,FUNCTIONING PROPERLY,OTHER,"DARKNESS, LIGHTED ROAD",REAR END,NOT DIVIDED,STRAIGHT AND LEVEL,DRY,NO DEFECTS,ON SCENE,NO INJURY / DRIVE AWAY,Y,Y,"OVER $1,500",07/19/2021 03:17:00 AM,UNABLE TO DETERMINE,UNABLE TO DETERMINE,6300,S,KIMBARK AVE,314.0,2,NO INDICATION OF INJURY,0.0,0.0,0.0,0.0,0.0,2.0,0.0,2,2,7,41.780445141,-87.594792002,POINT (-87.594792002172 41.780445140664),2021,120
O1104414,DRIVER,8b567afea61005a10f6bc4d967b186560473212384f909015b72eec6446edac9d9e263c349ca6e1c11d87d3fe92d4ffea06e9ec11778a206974ecfe0923c6259,JE244920,1047631.0,05/27/2021 03:35:00 PM,SKOKIE,IL,60077,F,49.0,SAFETY BELT USED,DID NOT DEPLOY,NONE,NO INDICATION OF INJURY,NONE,NOT OBSCURED,NORMAL,TEST NOT OFFERED,2021,JE244920,05/27/2021 03:35:00 PM,30,TRAFFIC SIGNAL,FUNCTIONING PROPERLY,RAIN,DAYLIGHT,REAR END,FOUR WAY,STRAIGHT AND LEVEL,WET,NO DEFECTS,ON SCENE,NO INJURY / DRIVE AWAY,Y,Y,$500 OR LESS,05/27/2021 03:41:00 PM,DISTRACTION - FROM INSIDE VEHICLE,NOT APPLICABLE,5717,N,CALIFORNIA AVE,2011.0,2,NO INDICATION OF INJURY,0.0,0.0,0.0,0.0,0.0,2.0,0.0,15,5,5,41.985517562,-87.699089469,POINT (-87.699089469394 41.985517562273),2021,935
O1178507,DRIVER,1295a86acd16edb53d02c4b5c8090775c8d6812108fc2013cfb21c2c691c7f25f9974f4a2e6d782bfb98ece088774271f9418ea15d2ba275fdfdd36ace60bd00,JE364903,1118072.0,09/07/2021 02:52:00 PM,CHICAGO,IL,60644,M,18.0,SAFETY BELT USED,DID NOT DEPLOY,NONE,NO INDICATION OF INJURY,NONE,UNKNOWN,NORMAL,TEST NOT OFFERED,2021,JE364903,09/07/2021 02:52:00 PM,30,STOP SIGN/FLASHER,FUNCTIONING PROPERLY,CLEAR,DAYLIGHT,ANGLE,FOUR WAY,STRAIGHT AND LEVEL,DRY,UNKNOWN,NOT ON SCENE (DESK REPORT),NO INJURY / DRIVE AWAY,Y,Y,"$501 - $1,500",09/07/2021 04:10:00 PM,FAILING TO YIELD RIGHT-OF-WAY,FAILING TO YIELD RIGHT-OF-WAY,100,N,KENTON AVE,1113.0,2,NO INDICATION OF INJURY,0.0,0.0,0.0,0.0,0.0,2.0,0.0,14,3,9,41.881934320999996,-87.74029872,POINT (-87.74029872021 41.881934320779),2021,892
O1196519,DRIVER,0a07514dab91c55f53039be5cf89600293b6859975bba3299acd1cb6aa9c0c311be55e52ff4b9bd9f4709a2117a48d0f9681871e19f785dcc836ae450695632e,JE394826,1135267.0,10/02/2021 12:45:00 AM,CHICAGO,IL,60636,F,24.0,SAFETY BELT USED,DID NOT DEPLOY,NONE,NO INDICATION OF INJURY,NONE,NOT OBSCURED,NORMAL,TEST NOT OFFERED,2021,JE394826,10/02/2021 12:45:00 AM,30,TRAFFIC SIGNAL,FUNCTIONING PROPERLY,CLEAR,"DARKNESS, LIGHTED ROAD",SIDESWIPE SAME DIRECTION,NOT DIVIDED,STRAIGHT AND LEVEL,DRY,NO DEFECTS,NOT ON SCENE (DESK REPORT),NO INJURY / DRIVE AWAY,Y,Y,"OVER $1,500",10/02/2021 01:05:00 AM,IMPROPER LANE USAGE,UNABLE TO DETERMINE,7100,S,HALSTED ST,733.0,2,NO INDICATION OF INJURY,0.0,0.0,0.0,0.0,0.0,2.0,0.0,0,7,10,41.765109431999996,-87.644556952,POINT (-87.644556951763 41.765109431911),2021,45
O1243411,DRIVER,d4f860280a51a1e16728185b44004b357bb7c48a0adf2e1216567e6d453591ce07dc860c37d07cb3defaf4a10d3086660b20e75ff46d8de1ef3b9e22d2875cb2,JE472923,1180129.0,12/10/2021 04:30:00 PM,CHICAGO,IL,60651,F,43.0,SAFETY BELT USED,DID NOT DEPLOY,NONE,NO INDICATION OF INJURY,NONE,NOT OBSCURED,NORMAL,TEST NOT OFFERED,2021,JE472923,12/10/2021 04:30:00 PM,30,TRAFFIC SIGNAL,FUNCTIONING PROPERLY,RAIN,DUSK,TURNING,TRAFFIC ROUTE,STRAIGHT AND LEVEL,WET,NO DEFECTS,NOT ON SCENE (DESK REPORT),NO INJURY / DRIVE AWAY,Y,Y,"OVER $1,500",12/10/2021 05:20:00 PM,FOLLOWING TOO CLOSELY,UNABLE TO DETERMINE,5401,W,AUGUSTA BLVD,1524.0,2,NO INDICATION OF INJURY,0.0,0.0,0.0,0.0,0.0,3.0,0.0,16,6,12,41.898429330999996,-87.760911195,POINT (-87.760911195489 41.898429330989),2021,990
O1094646,DRIVER,cd28c56975297d3e05271d7188fb1cdc9964b717cf221691f67e3ad8e9cfb619c10fbc7f43aac5ca43f89fad91f47a5e40196199370c6e3c692a5263d53b82f0,JE228877,1038251.0,05/13/2021 01:57:00 PM,ISLAND LAKE,IL,60042,F,41.0,SAFETY BELT USED,DID NOT DEPLOY,NONE,NO INDICATION OF INJURY,NONE,NOT OBSCURED,NORMAL,TEST NOT OFFERED,2021,JE228877,05/13/2021 01:57:00 PM,30,STOP SIGN/FLASHER,FUNCTIONING PROPERLY,CLEAR,DAYLIGHT,REAR END,FOUR WAY,STRAIGHT AND LEVEL,DRY,NO DEFECTS,ON SCENE,NO INJURY / DRIVE AWAY,Y,Y,"OVER $1,500",05/13/2021 02:45:00 PM,FOLLOWING TOO CLOSELY,NOT APPLICABLE,6500,S,CALIFORNIA AVE,831.0,2,NO INDICATION OF INJURY,0.0,0.0,0.0,0.0,0.0,3.0,0.0,13,5,5,41.775355946,-87.69344232200001,POINT (-87.693442322035 41.775355946163),2021,837
O1223357,DRIVER,83167dfed104cecff3cbf1537f139c089646e42461caa0f84e86bf051ef7f79ce8eaa620ea98ed4c634ace673c29f1f020bbdc01c0fa9fe127ba22658a8ae37e,JE438755,1161185.0,11/08/2021 09:39:00 PM,CHICAGO,IL,60656,M,22.0,SAFETY BELT USED,"DEPLOYED, COMBINATION",NONE,NO INDICATION OF INJURY,NONE,NOT OBSCURED,NORMAL,TEST NOT OFFERED,2021,JE438755,11/08/2021 09:39:00 PM,35,TRAFFIC SIGNAL,FUNCTIONING PROPERLY,CLEAR,"DARKNESS, LIGHTED ROAD",ANGLE,FOUR WAY,STRAIGHT AND LEVEL,DRY,NO DEFECTS,ON SCENE,INJURY AND / OR TOW DUE TO CRASH,Y,Y,"OVER $1,500",11/08/2021 09:41:00 PM,DISREGARDING TRAFFIC SIGNALS,NOT APPLICABLE,4800,N,EAST RIVER RD,1614.0,4,INCAPACITATING INJURY,1.0,0.0,1.0,0.0,0.0,3.0,0.0,21,2,11,41.967601639,-87.846693781,POINT (-87.846693781023 41.967601638829),2021,1299
O1109232,DRIVER,016954c4d1d08c9cd571bc5a7a2067d3b8e37d1fc7bb19e06d2b4379b3a4ce6775a9d7eee4cc58e31cf4b9af62de04d1c339fb7145c443bffae31c6965d49d11,JE252634,1052218.0,06/02/2021 09:00:00 PM,CHICAGO,IL,60616,F,40.0,USAGE UNKNOWN,DID NOT DEPLOY,NONE,NO INDICATION OF INJURY,UNKNOWN,UNKNOWN,UNKNOWN,TEST NOT OFFERED,2021,JE252634,06/02/2021 09:00:00 PM,30,TRAFFIC SIGNAL,FUNCTIONING PROPERLY,UNKNOWN,UNKNOWN,TURNING,DIVIDED - W/MEDIAN BARRIER,STRAIGHT AND LEVEL,UNKNOWN,UNKNOWN,NOT ON SCENE (DESK REPORT),NO INJURY / DRIVE AWAY,Y,Y,$500 OR LESS,06/03/2021 06:11:00 PM,UNABLE TO DETERMINE,UNABLE TO DETERMINE,7900,S,ASHLAND AVE,611.0,2,NO INDICATION OF INJURY,0.0,0.0,0.0,0.0,0.0,4.0,0.0,21,4,6,41.75026224,-87.66358011700001,POINT (-87.663580117092 41.750262240415),2021,1260
O1189952,DRIVER,dafeb305fc15ff2bc7e144093fba7306b7e37b28af48f7700fe15bf0144444d502606d738351099905bd1b8f75c7d8a9f4cd3781e8a9aecb679dd2c6eefc2729,JE383903,1128989.0,09/23/2021 02:20:00 AM,CHICAGO,IL,60649,M,51.0,SAFETY BELT USED,NOT APPLICABLE,NONE,NONINCAPACITATING INJURY,NONE,NOT OBSCURED,NORMAL,TEST NOT OFFERED,2021,JE383903,09/23/2021 02:20:00 AM,40,TRAFFIC SIGNAL,FUNCTIONING PROPERLY,CLEAR,"DARKNESS, LIGHTED ROAD",REAR END,DIVIDED - W/MEDIAN BARRIER,STRAIGHT AND LEVEL,DRY,NO DEFECTS,ON SCENE,INJURY AND / OR TOW DUE TO CRASH,Y,Y,"OVER $1,500",09/23/2021 02:25:00 AM,FAILING TO REDUCE SPEED TO AVOID CRASH,DISREGARDING TRAFFIC SIGNALS,637,S,LAKE SHORE DR NB,114.0,2,NONINCAPACITATING INJURY,2.0,0.0,0.0,2.0,0.0,1.0,0.0,2,5,9,41.873761122,-87.616945031,POINT (-87.616945031054 41.873761122484),2021,140
O1202758,DRIVER,e41b1c13b6e1a51673c749454704b4bed78f7ea653b2828233a2736216343f1b27fe4ef8bc4017231cc61ba9e9c5b6cac8323b2a4a15f30fb7c980f6a5594b57,JE405274,1141205.0,10/10/2021 07:00:00 PM,CHICAGO,IL,60625,M,63.0,USAGE UNKNOWN,"DEPLOYED, FRONT",NONE,NONINCAPACITATING INJURY,NONE,UNKNOWN,NORMAL,TEST NOT OFFERED,2021,JE405274,10/10/2021 07:00:00 PM,30,TRAFFIC SIGNAL,FUNCTIONING PROPERLY,CLEAR,DARKNESS,TURNING,OTHER,STRAIGHT AND LEVEL,DRY,UNKNOWN,ON SCENE,INJURY AND / OR TOW DUE TO CRASH,Y,Y,"OVER $1,500",10/10/2021 07:30:00 PM,FAILING TO YIELD RIGHT-OF-WAY,FAILING TO YIELD RIGHT-OF-WAY,6200,N,LINCOLN AVE,1711.0,2,NONINCAPACITATING INJURY,1.0,0.0,0.0,1.0,0.0,1.0,0.0,19,1,10,41.994450004,-87.71420843899999,POINT (-87.714208439209 41.994450004117),2021,1140
O1220611,DRIVER,20a829383b41dc6e740d5ee37ea75fafc2f06301e877dfcde239cb0c0e54fcb0cbd8414c50ee82fd8e1c889be3be9ad758b69dc4c33ef556438d34fb0ff76038,JE434072,1158269.0,11/04/2021 04:55:00 PM,CHICAGO,IL,60623,F,28.0,SAFETY BELT USED,DID NOT DEPLOY,NONE,NO INDICATION OF INJURY,NONE,NOT OBSCURED,NORMAL,TEST NOT OFFERED,2021,JE434072,11/04/2021 04:55:00 PM,30,TRAFFIC SIGNAL,FUNCTIONING PROPERLY,CLEAR,DUSK,SIDESWIPE SAME DIRECTION,ONE-WAY,STRAIGHT AND LEVEL,DRY,NO DEFECTS,ON SCENE,NO INJURY / DRIVE AWAY,Y,Y,"OVER $1,500",11/04/2021 04:57:00 PM,IMPROPER OVERTAKING/PASSING,FAILING TO REDUCE SPEED TO AVOID CRASH,1704,W,WARREN BLVD,1224.0,2,NO INDICATION OF INJURY,0.0,0.0,0.0,0.0,0.0,2.0,0.0,16,5,11,41.882454677,-87.669536094,POINT (-87.669536093773 41.882454676769),2021,1015
O1066402,DRIVER,ce65815c97cab40909986dab2e59f5f66d6fac203d29a38970eb584001421c080b8708ac96f744e7b463e1cf28191165f3868d7b06b16b0d3b84176b1a95ce9d,JE182387,1011345.0,03/28/2021 03:45:00 PM,CHICAGO,IL,60620,M,39.0,SAFETY BELT USED,NOT APPLICABLE,NONE,NO INDICATION OF INJURY,NONE,NOT OBSCURED,NORMAL,TEST NOT OFFERED,2021,JE182387,03/28/2021 03:45:00 PM,30,TRAFFIC SIGNAL,FUNCTIONING PROPERLY,CLEAR,DAYLIGHT,TURNING,DIVIDED - W/MEDIAN (NOT RAISED),STRAIGHT AND LEVEL,DRY,NO DEFECTS,ON SCENE,INJURY AND / OR TOW DUE TO CRASH,N,Y,"OVER $1,500",03/28/2021 03:46:00 PM,IMPROPER TURNING/NO SIGNAL,UNABLE TO DETERMINE,8100,S,ASHLAND AVE,614.0,2,NO INDICATION OF INJURY,0.0,0.0,0.0,0.0,0.0,2.0,0.0,15,1,3,41.746622063000004,-87.66348933299999,POINT (-87.663489333293 41.746622062843),2021,945
O1120786,DRIVER,8fde189bdcd195feb50ce016f3f51f45c84b741cd951a6f1c73c2453c02efaad1458581e6bfaf37f3963d58b597a0789ffd8a33b5076c4ae7a4936ac591b4d85,JE270645,1063089.0,06/17/2021 10:45:00 AM,CHICAGO,IL,60601,F,64.0,SAFETY BELT USED,DID NOT DEPLOY,NONE,NO INDICATION OF INJURY,NONE,NOT OBSCURED,NORMAL,TEST NOT OFFERED,2021,JE270645,06/17/2021 10:45:00 AM,30,TRAFFIC SIGNAL,FUNCTIONING PROPERLY,CLEAR,DAYLIGHT,REAR END,ONE-WAY,STRAIGHT ON GRADE,DRY,NO DEFECTS,NOT ON SCENE (DESK REPORT),NO INJURY / DRIVE AWAY,Y,Y,"$501 - $1,500",06/18/2021 02:35:00 PM,IMPROPER BACKING,DRIVING SKILLS/KNOWLEDGE/EXPERIENCE,801,W,99TH ST,2232.0,2,NO INDICATION OF INJURY,0.0,0.0,0.0,0.0,0.0,2.0,0.0,10,5,6,41.714103826,-87.64306208,POINT (-87.643062079768 41.714103825758),2021,645
O1127285,DRIVER,8e420c827caef1cf407190c549c9176379ec2e0a4b4c3230a9df4c2a557bea481dee95983095a90d8365679ee87e2a3ac78d611ea1f6ad1d63abc8e080942d26,JE280810,1069291.0,06/27/2021 12:56:00 AM,ROWLETT,TX,75089,F,53.0,SAFETY BELT USED,DID NOT DEPLOY,NONE,NO INDICATION OF INJURY,NONE,NOT OBSCURED,NORMAL,TEST NOT OFFERED,2021,JE280810,06/27/2021 12:56:00 AM,45,TRAFFIC SIGNAL,FUNCTIONING PROPERLY,CLOUDY/OVERCAST,"DARKNESS, LIGHTED ROAD",REAR END,DIVIDED - W/MEDIAN BARRIER,STRAIGHT AND LEVEL,DRY,NO DEFECTS,ON SCENE,NO INJURY / DRIVE AWAY,Y,Y,"OVER $1,500",06/27/2021 12:57:00 AM,UNABLE TO DETERMINE,UNABLE TO DETERMINE,1201,S,LAKE SHORE DR E,132.0,2,NO INDICATION OF INJURY,0.0,0.0,0.0,0.0,0.0,2.0,0.0,0,1,6,41.867330716,-87.618654638,POINT (-87.61865463769 41.867330715666),2021,56
O1235464,DRIVER,27646f71ac59dad0d2111f183de8150ded1df78d2a40f3b857174e4a060eb8a28df18e253ca8fdd97fdc31088db0bdda5df5cad32337b62cbe69e8a959e7d1e8,JE458829,1172554.0,11/27/2021 11:23:00 PM,CHICAGO,IL,60827,F,29.0,SAFETY BELT USED,NOT APPLICABLE,NONE,"REPORTED, NOT EVIDENT",OTHER,NOT OBSCURED,NORMAL,TEST NOT OFFERED,2021,JE458829,11/27/2021 11:23:00 PM,30,TRAFFIC SIGNAL,FUNCTIONING PROPERLY,CLEAR,"DARKNESS, LIGHTED ROAD",ANGLE,FOUR WAY,STRAIGHT AND LEVEL,DRY,NO DEFECTS,ON SCENE,INJURY AND / OR TOW DUE TO CRASH,Y,Y,"OVER $1,500",11/27/2021 11:52:00 PM,DISREGARDING TRAFFIC SIGNALS,FAILING TO YIELD RIGHT-OF-WAY,12700,S,HALSTED ST,523.0,3,"REPORTED, NOT EVIDENT",2.0,0.0,0.0,0.0,2.0,1.0,0.0,23,7,11,41.663182101,-87.641565265,POINT (-87.641565265157 41.663182101231),2021,1403