PERSON_ID,PERSON_TYPE,CRASH_RECORD_ID,RD_NO_x,VEHICLE_ID,CRASH_DATE_x,CITY,STATE,ZIPCODE,SEX,AGE,SAFETY_EQUIPMENT,AIRBAG_DEPLOYED,EJECTION,INJURY_CLASSIFICATION,DRIVER_ACTION,DRIVER_VISION,PHYSICAL_CONDITION,BAC_RESULT,CRASH_YEAR_x,RD_NO_y,CRASH_DATE_y,POSTED_SPEED_LIMIT,TRAFFIC_CONTROL_DEVICE,DEVICE_CONDITION,WEATHER_CONDITION,LIGHTING_CONDITION,FIRST_CRASH_TYPE,TRAFFICWAY_TYPE,ALIGNMENT,ROADWAY_SURFACE_COND,ROAD_DEFECT,REPORT_TYPE,CRASH_TYPE,INTERSECTION_RELATED_I,HIT_AND_RUN_I,DAMAGE,DATE_POLICE_NOTIFIED,PRIM_CONTRIBUTORY_CAUSE,SEC_CONTRIBUTORY_CAUSE,STREET_NO,STREET_DIRECTION,STREET_NAME,BEAT_OF_OCCURRENCE,NUM_UNITS,MOST_SEVERE_INJURY,INJURIES_TOTAL,INJURIES_FATAL,INJURIES_INCAPACITATING,INJURIES_NON_INCAPACITATING,INJURIES_REPORTED_NOT_EVIDENT,INJURIES_NO_INDICATION,INJURIES_UNKNOWN,CRASH_HOUR,CRASH_DAY_OF_WEEK,CRASH_MONTH,LATITUDE,LONGITUDE,LOCATION,CRASH_YEAR_y,TIME
O1114720,DRIVER,81681be69edd2594c795f6ac92968560ed6129c2e447b17f3677dfb7767a530b94c39b1a17d81797403d3cb2d96c8cf847d9188acd71c5e72e59e06c6dd8b7cb,JE261047,1057396.0,06/10/2021 02:45:00 PM,CHICAGO,IL,60653,F,39.0,SAFETY BELT USED,NOT APPLICABLE,NONE,NO INDICATION OF INJURY,UNKNOWN,UNKNOWN,NORMAL,TEST NOT OFFERED,2021,JE261047,06/10/2021 02:45:00 PM,30,UNKNOWN,UNKNOWN,CLEAR,DAYLIGHT,REAR END,UNKNOWN,STRAIGHT AND LEVEL,DRY,UNKNOWN,NOT ON SCENE (DESK REPORT),NO INJURY / DRIVE AWAY,Y,Y,"OVER $1,500",06/10/2021 04:25:00 PM,UNABLE TO DETERMINE,UNABLE TO DETERMINE,4500,S,DREXEL BLVD,221.0,2,NO INDICATION OF INJURY,0.0,0.0,0.0,0.0,0.0,2.0,0.0,14,5,6,41.813107279,-87.60459402299999,POINT (-87.604594022707 41.813107278592),2021,885
O1244731,DRIVER,f6d622e1f7a24871a8b24eca65a845c6212c00e16ad85e4c22a2f14c9fc5875e010dcf29902ee1358b744e8eb85142c74d834f6d649a34eeb2761bed6d4581a3,JE473775,1181389.0,12/11/2021 11:58:00 AM,PORTAGE,IN,46368,M,40.0,SAFETY BELT USED,DID NOT DEPLOY,NONE,NO INDICATION OF INJURY,NONE,NOT OBSCURED,NORMAL,TEST NOT OFFERED,2021,JE473775,12/11/2021 11:58:00 AM,35,TRAFFIC SIGNAL,FUNCTIONING PROPERLY,CLEAR,DAYLIGHT,REAR END,UNKNOWN,STRAIGHT AND LEVEL,DRY,UNKNOWN,NOT ON SCENE (DESK REPORT),NO INJURY / DRIVE AWAY,N,Y,"OVER $1,500",12/11/2021 12:30:00 PM,UNABLE TO DETERMINE,UNABLE TO DETERMINE,200,W,GARFIELD BLVD,225.0,3,NO INDICATION OF INJURY,0.0,0.0,0.0,0.0,0.0,3.0,0.0,11,7,12,41.794670385,-87.630547476,POINT (-87.630547476056 41.794670384689),2021,718
O1081729,DRIVER,5442e64bbd140795db6256baa8ad2c4c7a519a3e173349349a32dc95a252d1b17400c0f5afdf988d9b203619c377d402639433bdf52a57536e9734d5a3b9a3c3,JE208129,1025910.0,04/23/2021 07:10:00 PM,MAYWOOD,IL,60153,M,41.0,USAGE UNKNOWN,DEPLOYMENT UNKNOWN,UNKNOWN,NO INDICATION OF INJURY,FOLLOWED TOO CLOSELY,UNKNOWN,UNKNOWN,TEST NOT OFFERED,2021,JE208129,04/23/2021 07:10:00 PM,30,TRAFFIC SIGNAL,FUNCTIONING PROPERLY,CLEAR,DAYLIGHT,REAR END,DIVIDED - W/MEDIAN (NOT RAISED),STRAIGHT AND LEVEL,DRY,NO DEFECTS,ON SCENE,NO INJURY / DRIVE AWAY,Y,Y,"OVER $1,500",04/23/2021 07:25:00 PM,IMPROPER OVERTAKING/PASSING,FOLLOWING TOO CLOSELY,501,S,CALIFORNIA AVE,1135.0,2,NO INDICATION OF INJURY,0.0,0.0,0.0,0.0,0.0,3.0,0.0,19,6,4,41.874843999,-87.695977885,POINT (-87.695977884566 41.874843999344),2021,1150
O1060395,DRIVER,3658ddba330750031b26fc5d98d9b0953f1d8cad9b91160a70fb2324e969f79a70abd013f2c8649a1abee9341b22a9d28002a6dcc7bd2d46d475b70c5cd56b37,JE172265,1005593.0,03/10/2021 09:00:00 PM,ALGONQUIN,IL,60102,M,55.0,SAFETY BELT USED,DID NOT DEPLOY,NONE,NO INDICATION OF INJURY,NONE,NOT OBSCURED,NORMAL,TEST NOT OFFERED,2021,JE172265,03/10/2021 09:00:00 PM,30,NO CONTROLS,NO CONTROLS,CLEAR,DAYLIGHT,SIDESWIPE SAME DIRECTION,NOT DIVIDED,STRAIGHT AND LEVEL,DRY,NO DEFECTS,NOT ON SCENE (DESK REPORT),NO INJURY / DRIVE AWAY,Y,Y,"$501 - $1,500",03/18/2021 10:15:00 AM,IMPROPER OVERTAKING/PASSING,NOT APPLICABLE,6734,W,HIGGINS AVE,1613.0,2,NO INDICATION OF INJURY,0.0,0.0,0.0,0.0,0.0,2.0,0.0,21,4,3,41.978944455,-87.79632908200001,POINT (-87.796329082421 41.97894445465),2021,1260
O1222854,DRIVER,bdb24a2cba312c4f683c1fc34c9bc410f20ac98d17a60c761e0aa63566907e5289d0ca642a0bf0bae197082b6b61cbc65e74a20861f65cad8fe8708d921ce2e3,JE437928,1160394.0,11/08/2021 09:00:00 AM,CHICAGO,IL,60615,M,47.0,SAFETY BELT USED,DID NOT DEPLOY,NONE,NO INDICATION OF INJURY,NONE,NOT OBSCURED,NORMAL,TEST NOT OFFERED,2021,JE437928,11/08/2021 09:00:00 AM,30,TRAFFIC SIGNAL,FUNCTIONING PROPERLY,CLEAR,DAYLIGHT,TURNING,FOUR WAY,STRAIGHT AND LEVEL,DRY,NO DEFECTS,NOT ON SCENE (DESK REPORT),NO INJURY / DRIVE AWAY,Y,Y,$500 OR LESS,11/08/2021 09:25:00 AM,IMPROPER TURNING/NO SIGNAL,NOT APPLICABLE,5500,S,WELLS ST,711.0,2,NO INDICATION OF INJURY,0.0,0.0,0.0,0.0,0.0,2.0,0.0,9,2,11,41.794199485,-87.63192548200001,POINT (-87.631925482492 41.794199485414),2021,540
O1157586,DRIVER,1375aef0eae6e5b2d9920e4a31c6e74737bd7b28efad559d6e51d48668116d74c52e9b6808914d5ef8f5848677f544032cfe9a6df328829f12b1ed1d3f6f3abd,JE330621,1098068.0,08/08/2021 02:40:00 PM,CHICAGO,IL,60611,F,88.0,USAGE UNKNOWN,NOT APPLICABLE,NONE,NO INDICATION OF INJURY,NONE,NOT OBSCURED,NORMAL,TEST NOT OFFERED,2021,JE330621,08/08/2021 02:40:00 PM,30,TRAFFIC SIGNAL,FUNCTIONING PROPERLY,CLEAR,DAYLIGHT,SIDESWIPE SAME DIRECTION,ONE-WAY,STRAIGHT AND LEVEL,DRY,NO DEFECTS,NOT ON SCENE (DESK REPORT),NO INJURY / DRIVE AWAY,Y,Y,"$501 - $1,500",08/08/2021 03:30:00 PM,IMPROPER LANE USAGE,DRIVING SKILLS/KNOWLEDGE/EXPERIENCE,120,W,HURON ST,1832.0,2,NO INDICATION OF INJURY,0.0,0.0,0.0,0.0,0.0,3.0,0.0,14,1,8,41.894929714,-87.63216309100001,POINT (-87.632163090803 41.894929714445),2021,880
O1160952,DRIVER,a95a270b88af87006a0b1d60c026a534c9e9a421cb02d766c75be2cfd6b67ed63a337572983f2e619e0766615dba80c25c8cdeee71fda284d2cdd1115c6eafb9,JE336160,1101262.0,08/13/2021 01:50:00 PM,CHICAGO,IL,60680,M,56.0,SAFETY BELT USED,DID NOT DEPLOY,NONE,NO INDICATION OF INJURY,NONE,NOT OBSCURED,NORMAL,TEST NOT OFFERED,2021,JE336160,08/13/2021 01:50:00 PM,30,TRAFFIC SIGNAL,FUNCTIONING PROPERLY,CLEAR,DAYLIGHT,TURNING,NOT DIVIDED,STRAIGHT AND LEVEL,DRY,NO DEFECTS,ON SCENE,NO INJURY / DRIVE AWAY,Y,Y,"OVER $1,500",08/13/2021 02:53:00 PM,UNABLE TO DETERMINE,NOT APPLICABLE,39,W,OAK ST,1832.0,2,NO INDICATION OF INJURY,0.0,0.0,0.0,0.0,0.0,2.0,0.0,13,6,8,41.900463981,-87.62980706399999,POINT (-87.629807063629 41.900463980796),2021,830
O1151898,DRIVER,67cf77c16085479f848c28e1d3509409640c529323d88cd170a0c769184cbd1c937f7f467d0c68e671d335e5c7c0279d8f88e5156bccdb78af75cf2e3fb8a0c1,JE321205,1092660.0,07/31/2021 02:00:00 PM,SKOKIE,IL,60076,F,51.0,USAGE UNKNOWN,NOT APPLICABLE,NONE,NO INDICATION OF INJURY,UNKNOWN,UNKNOWN,NORMAL,TEST NOT OFFERED,2021,JE321205,07/31/2021 02:00:00 PM,25,UNKNOWN,UNKNOWN,UNKNOWN,DAYLIGHT,ANGLE,NOT DIVIDED,STRAIGHT AND LEVEL,UNKNOWN,UNKNOWN,NOT ON SCENE (DESK REPORT),NO INJURY / DRIVE AWAY,Y,Y,"OVER $1,500",07/31/2021 04:00:00 PM,DISREGARDING STOP SIGN,UNABLE TO DETERMINE,2632,W,DEVON AVE,2412.0,2,NO INDICATION OF INJURY,0.0,0.0,0.0,0.0,0.0,2.0,0.0,14,7,7,41.997733843,-87.69605084700001,POINT (-87.696050847195 41.997733842713),2021,840
O1218799,DRIVER,38b1b213bd730ae8964ea026e6bfec7f2c96051d4405e348146b22661ddfb13dd2a71842de343b86aa8e1b2e932e0ae5230f1ec7d04fe1c135a7e1779c816195,JE431108,1156516.0,11/02/2021 09:29:00 AM,CHICAGO,IL,60619,F,38.0,SAFETY BELT USED,DID NOT DEPLOY,NONE,NO INDICATION OF INJURY,NONE,NOT OBSCURED,NORMAL,TEST NOT OFFERED,2021,JE431108,11/02/2021 09:29:00 AM,30,OTHER,UNKNOWN,CLEAR,DAYLIGHT,SIDESWIPE SAME DIRECTION,T-INTERSECTION,STRAIGHT AND LEVEL,UNKNOWN,UNKNOWN,ON SCENE,INJURY AND / OR TOW DUE TO CRASH,Y,Y,"OVER $1,500",11/02/2021 09:29:00 AM,IMPROPER OVERTAKING/PASSING,FOLLOWING TOO CLOSELY,6201,S,STEWART AVE,711.0,5,NO INDICATION OF INJURY,0.0,0.0,0.0,0.0,0.0,2.0,0.0,9,3,11,41.781492703000005,-87.634941634,POINT (-87.634941633966 41.781492702564),2021,569
O1108044,DRIVER,d124f26a4344d0b0d5bd18b3e3f5bc2e7e137ee940d4cd20e9588ece363e0113fa675ebeefcc33b0a2fe3fbf2d1fe342b5234e240aa678a0fb6d84feb5ff9257,JE250585,1051095.0,06/01/2021 11:00:00 PM,CHICAGO,IL,60621,M,61.0,USAGE UNKNOWN,DID NOT DEPLOY,NONE,NO INDICATION OF INJURY,NONE,NOT OBSCURED,NORMAL,TEST NOT OFFERED,2021,JE250585,06/01/2021 11:00:00 PM,30,TRAFFIC SIGNAL,FUNCTIONING PROPERLY,CLEAR,"DARKNESS, LIGHTED ROAD",ANGLE,NOT DIVIDED,STRAIGHT AND LEVEL,DRY,NO DEFECTS,ON SCENE,NO INJURY / DRIVE AWAY,Y,Y,"OVER $1,500",06/01/2021 11:20:00 PM,UNABLE TO DETERMINE,UNABLE TO DETERMINE,1,E,111TH ST,531.0,2,NO INDICATION OF INJURY,0.0,0.0,0.0,0.0,0.0,2.0,0.0,23,3,6,41.692475140999996,-87.623052859,POINT (-87.623052859336 41.692475140595),2021,1380
O1107899,DRIVER,84bd7a4cb7446aba81e27231f42a8d6bf035a36ce20d3cb4686a6992acb9f11deadcf3cc3c5cea51fc31c22d04ce6e011df379dfab65063f2d6754d655ba7ffd,JE250385,1050949.0,06/01/2021 05:07:00 PM,CHICAGO,IL,60609,M,18.0,SAFETY BELT USED,NOT APPLICABLE,NONE,NO INDICATION OF INJURY,FOLLOWED TOO CLOSELY,NOT OBSCURED,NORMAL,TEST NOT OFFERED,2021,JE250385,06/01/2021 05:07:00 PM,30,STOP SIGN/FLASHER,FUNCTIONING PROPERLY,CLEAR,DAYLIGHT,REAR END,FOUR WAY,STRAIGHT AND LEVEL,DRY,NO DEFECTS,NOT ON SCENE (DESK REPORT),NO INJURY / DRIVE AWAY,Y,Y,"OVER $1,500",06/01/2021 06:45:00 PM,UNABLE TO DETERMINE,UNABLE TO DETERMINE,1900,S,THROOP ST,1235.0,2,NO INDICATION OF INJURY,0.0,0.0,0.0,0.0,0.0,2.0,0.0,17,3,6,41.856045483,-87.65895739,POINT (-87.658957389686 41.856045482633),2021,1027
O1066524,DRIVER,272d326155424a02a3f2514adf5ddccf8d7fba720127802859956a2cf27a1a020a1b4b56f2307a25493d846d68962e9a1ebe0b74f86531dfc07e7a5d0a061f0b,JE182583,1011461.0,03/28/2021 07:45:00 PM,CHICAGO,IL,60629,F,60.0,USAGE UNKNOWN,"DEPLOYED, FRONT",NONE,NO INDICATION OF INJURY,UNKNOWN,UNKNOWN,NORMAL,TEST NOT OFFERED,2021,JE182583,03/28/2021 07:45:00 PM,25,STOP SIGN/FLASHER,NO CONTROLS,CLEAR,"DARKNESS, LIGHTED ROAD",ANGLE,DIVIDED - W/MEDIAN (NOT RAISED),STRAIGHT ON GRADE,DRY,NO DEFECTS,ON SCENE,INJURY AND / OR TOW DUE TO CRASH,Y,Y,"OVER $1,500",03/28/2021 07:50:00 PM,UNABLE TO DETERMINE,UNABLE TO DETERMINE,1221,S,CALIFORNIA BLVD,1023.0,2,NO INDICATION OF INJURY,0.0,0.0,0.0,0.0,0.0,2.0,0.0,19,1,3,41.865813814,-87.695737605,POINT (-87.695737604889 41.865813813621),2021,1185
O1039115,DRIVER,b7538c63bec8b7835d82426cecf5a339dbcbc2de4eb7075cda3896b2ebf8193c9431858e09bd62569e4b65ae512a136073c86ffef1b54171d8c6b03e080d1893,JE136870,984972.0,02/09/2021 12:50:00 PM,BROADVIEW,IL,60155,M,59.0,SAFETY BELT USED,DID NOT DEPLOY,NONE,NO INDICATION OF INJURY,IMPROPER LANE CHANGE,NOT OBSCURED,NORMAL,TEST NOT OFFERED,2021,JE136870,02/09/2021 12:50:00 PM,30,TRAFFIC SIGNAL,FUNCTIONING PROPERLY,CLEAR,DAYLIGHT,SIDESWIPE SAME DIRECTION,DIVIDED - W/MEDIAN (NOT RAISED),STRAIGHT AND LEVEL,WET,NO DEFECTS,NOT ON SCENE (DESK REPORT),NO INJURY / DRIVE AWAY,Y,Y,"OVER $1,500",02/09/2021 01:09:00 PM,IMPROPER TURNING/NO SIGNAL,UNABLE TO DETERMINE,7900,S,ASHLAND AVE,611.0,2,NO INDICATION OF INJURY,0.0,0.0,0.0,0.0,0.0,2.0,0.0,12,3,2,41.75026224,-87.66358011700001,POINT (-87.663580117092 41.750262240415),2021,770
O1081829,DRIVER,cd0249b84454818091adbe4e7c45c6d0992aee6c87023939a8c8819ce593c1e9e14e33e8b8e528ceb9b86e719f397012500396826b8f4f59ad283eae446fddfa,JE208336,1026025.0,04/23/2021 09:50:00 AM,OAK LAWN,IL,60453,M,47.0,USAGE UNKNOWN,DID NOT DEPLOY,NONE,NO INDICATION OF INJURY,NONE,NOT OBSCURED,NORMAL,TEST NOT OFFERED,2021,JE208336,04/23/2021 09:50:00 AM,30,STOP SIGN/FLASHER,FUNCTIONING PROPERLY,CLEAR,"DARKNESS, LIGHTED ROAD",SIDESWIPE SAME DIRECTION,NOT DIVIDED,STRAIGHT AND LEVEL,DRY,NO DEFECTS,NOT ON SCENE (DESK REPORT),NO INJURY / DRIVE AWAY,Y,Y,"OVER $1,500",04/24/2021 12:30:00 AM,IMPROPER OVERTAKING/PASSING,FAILING TO YIELD RIGHT-OF-WAY,3401,W,OHIO ST,1121.0,2,NO INDICATION OF INJURY,0.0,0.0,0.0,0.0,0.0,2.0,0.0,9,6,4,41.891733335,-87.71138645299999,POINT (-87.711386452849 41.891733334764),2021,590
O1209720,DRIVER,f727d9ad18f49dc78a8a1150c8d109856eb86b58e8fe4c810bb560769c28e845291c1fca5d98b2d86ffd5a347d784dcd771870d3f238eb1a762fb86a547c0d43,JE417204,1147814.0,10/21/2021 08:40:00 AM,CHICAGO,IL,60634,M,46.0,SAFETY BELT USED,DID NOT DEPLOY,NONE,NO INDICATION OF INJURY,NONE,NOT OBSCURED,NORMAL,TEST NOT OFFERED,2021,JE417204,10/21/2021 08:40:00 AM,35,NO CONTROLS,NO CONTROLS,CLOUDY/OVERCAST,DAYLIGHT,REAR END,NOT DIVIDED,STRAIGHT AND LEVEL,DRY,NO DEFECTS,ON SCENE,NO INJURY / DRIVE AWAY,N,Y,"OVER $1,500",10/21/2021 08:44:00 AM,FOLLOWING TOO CLOSELY,FAILING TO REDUCE SPEED TO AVOID CRASH,7134,W,HIGGINS AVE,1613.0,2,NO INDICATION OF INJURY,0.0,0.0,0.0,0.0,0.0,3.0,0.0,8,5,10,41.981000342,-87.805905466,POINT (-87.805905466005 41.981000341611),2021,520
O1158203,DRIVER,3bad9786b9ad30aefecc249ef03ea8f81295a78c783b001a79a35e581635161455b3f7b87bb7f44441d89c2336859c5694a1f81c3d9172b806051f1dfddf5f74,JE331718,1098657.0,08/08/2021 04:48:00 AM,WHEELING,IL,60090,M,41.0,USAGE UNKNOWN,DID NOT DEPLOY,NONE,NO INDICATION OF INJURY,NONE,UNKNOWN,NORMAL,TEST NOT OFFERED,2021,JE331718,08/08/2021 04:48:00 AM,30,TRAFFIC SIGNAL,FUNCTIONING PROPERLY,CLEAR,"DARKNESS, LIGHTED ROAD",REAR END,NOT DIVIDED,STRAIGHT AND LEVEL,WET,NO DEFECTS,NOT ON SCENE (DESK REPORT),NO INJURY / DRIVE AWAY,Y,Y,"OVER $1,500",08/09/2021 03:34:00 PM,UNABLE TO DETERMINE,UNABLE TO DETERMINE,831,N,MICHIGAN AVE,1833.0,2,NO INDICATION OF INJURY,0.0,0.0,0.0,0.0,0.0,2.0,0.0,4,1,8,41.897609219,-87.62397745700001,POINT (-87.623977456771 41.897609219336),2021,288
O1084290,DRIVER,a5eb79104b2c0c32124685b8707a4779e88415db39099ed6d324150d069c5442e5a5b3b4f66aa086367a7e879c63fadf67e6e2a1903679afd8e231f0be4370ac,JE212402,1028360.0,04/26/2021 08:30:00 PM,CHICAGO,IL,60652,M,25.0,SAFETY BELT USED,DID NOT DEPLOY,NONE,NO INDICATION OF INJURY,NONE,NOT OBSCURED,NORMAL,TEST NOT OFFERED,2021,JE212402,04/26/2021 08:30:00 PM,30,TRAFFIC SIGNAL,FUNCTIONING PROPERLY,CLEAR,"DARKNESS, LIGHTED ROAD",TURNING,FOUR WAY,STRAIGHT AND LEVEL,DRY,NO DEFECTS,NOT ON SCENE (DESK REPORT),NO INJURY / DRIVE AWAY,Y,Y,$500 OR LESS,04/27/2021 11:50:00 PM,IMPROPER TURNING/NO SIGNAL,NOT APPLICABLE,400,W,79TH ST,621.0,2,NO INDICATION OF INJURY,0.0,0.0,0.0,0.0,0.0,2.0,0.0,20,2,4,41.750889069,-87.634299107,POINT (-87.634299107033 41.750889068612),2021,1230
O1215246,DRIVER,d3a85a4ea19bba2ac571c5e8934941edc6df072105a4a5d65cd79d26c36eaba5f5759f606c40634e113df26f545dc8fadbfc5d449072dd1a300735b4b9fd2c3e,JE425916,1153130.0,10/28/2021 07:00:00 PM,CICERO,IL,60804,M,0.0,SAFETY BELT USED,DID NOT DEPLOY,NONE,NO INDICATION OF INJURY,NONE,NOT OBSCURED,NORMAL,TEST NOT OFFERED,2021,JE425916,10/28/2021 07:00:00 PM,30,TRAFFIC SIGNAL,FUNCTIONING PROPERLY,RAIN,"DARKNESS, LIGHTED ROAD",TURNING,Y-INTERSECTION,STRAIGHT AND LEVEL,WET,NO DEFECTS,NOT ON SCENE (DESK REPORT),NO INJURY / DRIVE AWAY,Y,Y,"OVER $1,500",10/28/2021 07:45:00 PM,UNABLE TO DETERMINE,UNABLE TO DETERMINE,3100,S,PRINCETON AVE,915.0,2,NO INDICATION OF INJURY,0.0,0.0,0.0,0.0,0.0,2.0,0.0,19,5,10,41.838110930999996,-87.634248294,POINT (-87.634248293925 41.838110931294),2021,1140
O1066102,DRIVER,a508b0f132475e3def37ce9e35b66500240e1e668c50e08fb8e3271d8b2ba66c8b7e3885bcc72bf3eb3475a4242ead6ef046e3a0f4b92808f593291e104e37e6,JE181849,1011049.0,03/27/2021 11:42:00 PM,CHICAGO,IL,60641,M,28.0,USAGE UNKNOWN,DID NOT DEPLOY,NONE,NO INDICATION OF INJURY,DISREGARDED CONTROL DEVICES,NOT OBSCURED,IMPAIRED - ALCOHOL,TEST REFUSED,2021,JE181849,03/27/2021 11:42:00 PM,30,TRAFFIC SIGNAL,FUNCTIONING PROPERLY,CLEAR,"DARKNESS, LIGHTED ROAD",REAR END,FOUR WAY,STRAIGHT AND LEVEL,DRY,NO DEFECTS,ON SCENE,INJURY AND / OR TOW DUE TO CRASH,Y,N,"$501 - $1,500",03/27/2021 11:42:00 PM,UNDER THE INFLUENCE OF ALCOHOL/DRUGS (USE WHEN ARREST IS EFFECTED),FAILING TO REDUCE SPEED TO AVOID CRASH,2632,N,CICERO AVE,2521.0,3,NO INDICATION OF INJURY,0.0,0.0,0.0,0.0,0.0,5.0,0.0,23,7,3,41.928849439000004,-87.74663133700001,POINT (-87.746631336608 41.928849439177),2021,1422
O1206294,DRIVER,420715cc546afccfcdad25e2735355a5d6f0924899505ea5a8f20ac175959f9b95ce0230145716018f217e6a5a1dee3a180a7ab03155d1332a5d898bd7f3c5dc,JE411359,1144595.0,10/16/2021 04:30:00 AM,CHICAGO,IL,60652,M,22.0,USAGE UNKNOWN,"DEPLOYED, SIDE",NONE,NO INDICATION OF INJURY,DISREGARDED CONTROL DEVICES,NOT OBSCURED,NORMAL,TEST NOT OFFERED,2021,JE411359,10/16/2021 04:30:00 AM,30,TRAFFIC SIGNAL,FUNCTIONING PROPERLY,CLEAR,UNKNOWN,ANGLE,FOUR WAY,STRAIGHT AND LEVEL,DRY,UNKNOWN,ON SCENE,INJURY AND / OR TOW DUE TO CRASH,Y,N,"$501 - $1,500",10/16/2021 04:30:00 AM,DISREGARDING TRAFFIC SIGNALS,NOT APPLICABLE,300,S,STATE ST,113.0,2,NO INDICATION OF INJURY,0.0,0.0,0.0,0.0,0.0,2.0,0.0,4,7,10,41.87811121,-87.627822076,POINT (-87.627822076086 41.878111209675),2021,270
O1211561,DRIVER,c716fbdf719689b8fa6e76b3ae5cb83aa1e417b2a76f498dc9dc18bf751442afd62b8fc09a34fe339a56c5f687ff8e8fb509c169689ba6a990dd27d0b6e0707e,JE420214,1149601.0,10/23/2021 08:29:00 PM,CHICAGO,IL,60624,M,29.0,USAGE UNKNOWN,NOT APPLICABLE,NONE,NO INDICATION OF INJURY,NONE,UNKNOWN,UNKNOWN,TEST NOT OFFERED,2021,JE420214,10/23/2021 08:29:00 PM,30,TRAFFIC SIGNAL,UNKNOWN,CLEAR,DARKNESS,ANGLE,NOT DIVIDED,STRAIGHT AND LEVEL,UNKNOWN,UNKNOWN,ON SCENE,INJURY AND / OR TOW DUE TO CRASH,Y,Y,"OVER $1,500",10/23/2021 09:12:00 PM,DISREGARDING TRAFFIC SIGNALS,DISREGARDING TRAFFIC SIGNALS,4,S,CICERO AVE,1533.0,2,NO INDICATION OF INJURY,0.0,0.0,0.0,0.0,0.0,3.0,0.0,20,7,10,41.880370245,-87.745419737,POINT (-87.745419737082 41.880370245344),2021,1229
O1196450,DRIVER,0dce70dc8ed54bbcfdbdf5db4952c3ed23a5e0f387e8343f75b8295898604dc08e165c44f4051a758c26c2bb34c9277007cae10be5bd67c8c997223111b01d93,JE394682,1135201.0,10/01/2021 05:15:00 PM,ORLAND PARK,IL,60467,M,60.0,USAGE UNKNOWN,DID NOT DEPLOY,NONE,NO INDICATION OF INJURY,OTHER,NOT OBSCURED,NORMAL,TEST NOT OFFERED,2021,JE394682,10/01/2021 05:15:00 PM,30,TRAFFIC SIGNAL,FUNCTIONING PROPERLY,CLEAR,DAYLIGHT,TURNING,NOT DIVIDED,STRAIGHT AND LEVEL,DRY,UNKNOWN,NOT ON SCENE (DESK REPORT),NO INJURY / DRIVE AWAY,Y,Y,$500 OR LESS,10/01/2021 09:40:00 PM,IMPROPER LANE USAGE,IMPROPER LANE USAGE,138,W,CHICAGO AVE,1832.0,2,NO INDICATION OF INJURY,0.0,0.0,0.0,0.0,0.0,3.0,0.0,17,6,10,41.896724014,-87.63263956799999,POINT (-87.632639568349 41.896724014347),2021,1035
O1149600,DRIVER,146bef540d0415769d0404fa885227633452d42139a30d093002a34ef81b2495242bddb4019ba0dccbb0bcc2b777af6f9307cf0ebaabaaafad5329f44a1035fa,JE317483,1090482.0,07/28/2021 04:15:00 PM,CHICAGO,IL,60637,F,33.0,SAFETY BELT USED,"DEPLOYED, FRONT",NONE,NO INDICATION OF INJURY,NONE,NOT OBSCURED,NORMAL,TEST NOT OFFERED,2021,JE317483,07/28/2021 04:15:00 PM,35,STOP SIGN/FLASHER,FUNCTIONING PROPERLY,CLEAR,DAYLIGHT,ANGLE,NOT DIVIDED,STRAIGHT AND LEVEL,DRY,NO DEFECTS,ON SCENE,INJURY AND / OR TOW DUE TO CRASH,Y,Y,"OVER $1,500",07/28/2021 04:25:00 PM,UNABLE TO DETERMINE,DISREGARDING STOP SIGN,300,E,50TH ST,224.0,4,NO INDICATION OF INJURY,0.0,0.0,0.0,0.0,0.0,2.0,0.0,16,4,7,41.803985026,-87.619383069,POINT (-87.61938306891 41.803985025902),2021,975
O1029130,DRIVER,915c88cb3e80d9c80edab30fec0ebcfa51fbd09efb16cfcd4ac3cc5a314cb4327b3dfa7ea7cba16f6cc0a952e0c65a31c31a27582c5d05a7f1620c5a4c13a9ab,JE120990,975394.0,01/23/2021 11:55:00 AM,CHICAGO,IL,60623,M,61.0,USAGE UNKNOWN,NOT APPLICABLE,NONE,NO INDICATION OF INJURY,UNKNOWN,UNKNOWN,NORMAL,TEST NOT OFFERED,2021,JE120990,01/23/2021 11:55:00 AM,30,TRAFFIC SIGNAL,FUNCTIONING PROPERLY,CLEAR,DAYLIGHT,TURNING,FOUR WAY,STRAIGHT AND LEVEL,DRY,NO DEFECTS,ON SCENE,INJURY AND / OR TOW DUE TO CRASH,Y,Y,"OVER $1,500",01/23/2021 11:58:00 AM,UNABLE TO DETERMINE,NOT APPLICABLE,4400,W,OGDEN AVE,1013.0,2,NO INDICATION OF INJURY,0.0,0.0,0.0,0.0,0.0,4.0,0.0,11,7,1,41.847777523000005,-87.734505969,POINT (-87.734505968748 41.847777522805),2021,715