PERSON_ID,PERSON_TYPE,CRASH_RECORD_ID,RD_NO_x,VEHICLE_ID,CRASH_DATE_x,CITY,STATE,ZIPCODE,SEX,AGE,SAFETY_EQUIPMENT,AIRBAG_DEPLOYED,EJECTION,INJURY_CLASSIFICATION,DRIVER_ACTION,DRIVER_VISION,PHYSICAL_CONDITION,BAC_RESULT,CRASH_YEAR_x,RD_NO_y,CRASH_DATE_y,POSTED_SPEED_LIMIT,TRAFFIC_CONTROL_DEVICE,DEVICE_CONDITION,WEATHER_CONDITION,LIGHTING_CONDITION,FIRST_CRASH_TYPE,TRAFFICWAY_TYPE,ALIGNMENT,ROADWAY_SURFACE_COND,ROAD_DEFECT,REPORT_TYPE,CRASH_TYPE,INTERSECTION_RELATED_I,HIT_AND_RUN_I,DAMAGE,DATE_POLICE_NOTIFIED,PRIM_CONTRIBUTORY_CAUSE,SEC_CONTRIBUTORY_CAUSE,STREET_NO,STREET_DIRECTION,STREET_NAME,BEAT_OF_OCCURRENCE,NUM_UNITS,MOST_SEVERE_INJURY,INJURIES_TOTAL,INJURIES_FATAL,INJURIES_INCAPACITATING,INJURIES_NON_INCAPACITATING,INJURIES_REPORTED_NOT_EVIDENT,INJURIES_NO_INDICATION,INJURIES_UNKNOWN,CRASH_HOUR,CRASH_DAY_OF_WEEK,CRASH_MONTH,LATITUDE,LONGITUDE,LOCATION,CRASH_YEAR_y,TIME
O1193025,DRIVER,2bb37b3bbc02925608d151ed9915d5006b5e5bd2cbd13da465382c2f823a37e2001cb91ad52d348f6689e8e2bca112de3f010d290f6dff5f3caaad34a07e8b2c,JE389043,1131951.0,09/27/2021 12:00:00 PM,CHICAGO,IL,60659,M,42.0,SAFETY BELT USED,NOT APPLICABLE,NONE,NO INDICATION OF INJURY,NONE,NOT OBSCURED,NORMAL,TEST NOT OFFERED,2021,JE389043,09/27/2021 12:00:00 PM,30,NO CONTROLS,NO CONTROLS,CLEAR,DAYLIGHT,SIDESWIPE SAME DIRECTION,NOT DIVIDED,STRAIGHT AND LEVEL,DRY,NO DEFECTS,NOT ON SCENE (DESK REPORT),NO INJURY / DRIVE AWAY,Y,Y,"OVER $1,500",09/27/2021 01:00:00 PM,DRIVING ON WRONG SIDE/WRONG WAY,NOT APPLICABLE,2632,W,DEVON AVE,2412.0,2,NO INDICATION OF INJURY,0.0,0.0,0.0,0.0,0.0,3.0,0.0,12,2,9,41.997733843,-87.69605084700001,POINT (-87.696050847195 41.997733842713),2021,720
O1209346,DRIVER,bf882227ede4b31186bce33d030bcff88c148793ea74c9fbf96ef46ab4cdda139b659a4dc3aa618e9326f984e3525fea49bf6c29b657a287ad5a3dd388b464f9,JE416551,1147453.0,10/20/2021 03:38:00 PM,DOLTON,IL,60419,F,68.0,USAGE UNKNOWN,NOT APPLICABLE,NONE,NO INDICATION OF INJURY,NONE,NOT OBSCURED,NORMAL,TEST NOT OFFERED,2021,JE416551,10/20/2021 03:38:00 PM,30,TRAFFIC SIGNAL,FUNCTIONING PROPERLY,CLEAR,DAYLIGHT,SIDESWIPE SAME DIRECTION,FOUR WAY,STRAIGHT AND LEVEL,DRY,NO DEFECTS,ON SCENE,NO INJURY / DRIVE AWAY,Y,Y,"OVER $1,500",10/20/2021 03:39:00 PM,IMPROPER OVERTAKING/PASSING,UNABLE TO DETERMINE,9847,S,HALSTED ST,2223.0,2,NO INDICATION OF INJURY,0.0,0.0,0.0,0.0,0.0,2.0,0.0,15,4,10,41.714604365,-87.642872291,POINT (-87.642872290895 41.714604365489),2021,938
O1248456,DRIVER,98f533c60dd1258c62bb314ebc3fe3c67abb8fe8348799c13317c7e569ba9562a69494ece1d19776b626c0feef2f7c9e25e853bd24b8e208a5df8ccaccac13e8,JE480335,1184969.0,12/14/2021 05:00:00 PM,CHICAGO,IL,60617,F,42.0,USAGE UNKNOWN,"DEPLOYED, COMBINATION",NONE,NONINCAPACITATING INJURY,NONE,NOT OBSCURED,UNKNOWN,TEST NOT OFFERED,2021,JE480335,12/14/2021 05:00:00 PM,30,TRAFFIC SIGNAL,UNKNOWN,UNKNOWN,DUSK,ANGLE,FOUR WAY,STRAIGHT AND LEVEL,UNKNOWN,UNKNOWN,NOT ON SCENE (DESK REPORT),INJURY AND / OR TOW DUE TO CRASH,Y,Y,"OVER $1,500",12/17/2021 08:30:00 AM,DISREGARDING TRAFFIC SIGNALS,UNABLE TO DETERMINE,7900,S,COLFAX AVE,422.0,2,NONINCAPACITATING INJURY,1.0,0.0,0.0,1.0,0.0,1.0,0.0,17,3,12,41.751702707,-87.561531218,POINT (-87.561531217551 41.751702706966),2021,1020
O1075811,DRIVER,dc317d0ab6f7db2d6555276f03b67287c141d720ee672a532ffe808bc9e271b6ee55c54dae2227c2bb53621c1889817bad04e6b4ee873d962e8b0ebb968a333e,JE198223,1020270.0,04/13/2021 01:11:00 PM,SAINT CHARLES,IL,60175,F,29.0,SAFETY BELT USED,DID NOT DEPLOY,NONE,NO INDICATION OF INJURY,NONE,NOT OBSCURED,NORMAL,TEST NOT OFFERED,2021,JE198223,04/13/2021 01:11:00 PM,30,NO CONTROLS,NO CONTROLS,CLEAR,DAYLIGHT,ANGLE,FOUR WAY,STRAIGHT AND LEVEL,DRY,NO DEFECTS,ON SCENE,NO INJURY / DRIVE AWAY,Y,Y,"OVER $1,500",04/13/2021 01:11:00 PM,DISREGARDING STOP SIGN,FAILING TO REDUCE SPEED TO AVOID CRASH,700,S,SACRAMENTO BLVD,1134.0,2,NO INDICATION OF INJURY,0.0,0.0,0.0,0.0,0.0,2.0,0.0,13,3,4,41.872778661999995,-87.701130146,POINT (-87.70113014552 41.872778661894),2021,791
O1160921,DRIVER,aa6b7e942b8b944253eeb3f9a41def704156ecd870c8be25f72b83ea0a32c5a79c2906cbb9d57ab1e77c10a823c22a7f2e93a67ecfc82ee4c636c1a53715c395,JE336121,1101234.0,08/13/2021 01:30:00 PM,INDIAN HEAD PARK,IL,60525,M,47.0,SAFETY BELT USED,NOT APPLICABLE,NONE,NO INDICATION OF INJURY,NONE,NOT OBSCURED,NORMAL,TEST NOT OFFERED,2021,JE336121,08/13/2021 01:30:00 PM,30,TRAFFIC SIGNAL,FUNCTIONING PROPERLY,CLEAR,DAYLIGHT,REAR END,NOT DIVIDED,STRAIGHT AND LEVEL,DRY,NO DEFECTS,NOT ON SCENE (DESK REPORT),NO INJURY / DRIVE AWAY,Y,Y,"OVER $1,500",08/13/2021 02:15:00 PM,UNABLE TO DETERMINE,NOT APPLICABLE,4132,W,BELMONT AVE,1731.0,2,NO INDICATION OF INJURY,0.0,0.0,0.0,0.0,0.0,2.0,0.0,13,6,8,41.939155979,-87.73095412100001,POINT (-87.730954121301 41.939155979416),2021,810
O1236004,DRIVER,6ee2be4553d60fae4825f92cd3a223d3a5eaf053aff6814b1fba164c68ffbf62cfa4b746aef05c93469fa1c0d09b3bc77986d11c99875dbfc595ae8d7a1ba2fc,JE459782,1173067.0,11/29/2021 12:00:00 AM,CHICAGO,IL,60630,M,21.0,SAFETY BELT USED,DID NOT DEPLOY,NONE,NO INDICATION OF INJURY,NONE,NOT OBSCURED,NORMAL,TEST NOT OFFERED,2021,JE459782,11/29/2021 12:00:00 AM,35,TRAFFIC SIGNAL,FUNCTIONING PROPERLY,CLEAR,"DARKNESS, LIGHTED ROAD",ANGLE,FOUR WAY,STRAIGHT AND LEVEL,DRY,NO DEFECTS,ON SCENE,NO INJURY / DRIVE AWAY,Y,Y,"$501 - $1,500",11/29/2021 12:22:00 AM,DISREGARDING TRAFFIC SIGNALS,UNABLE TO DETERMINE,4600,W,WILSON AVE,1722.0,2,NO INDICATION OF INJURY,0.0,0.0,0.0,0.0,0.0,3.0,0.0,0,2,11,41.964539373,-87.74278719600001,POINT (-87.742787195995 41.964539372844),2021,0
O1224673,DRIVER,eb8918aa4d241966472761f6413913262a32d7cbaedd01906224e87bb96139886f322a3ed6b2630d80567e794d6daa59efae2ac06df6f40513feeb1529e2db80,JE441425,1162155.0,11/11/2021 08:48:00 AM,CHICAGO,IL,60619,M,34.0,SAFETY BELT USED,DID NOT DEPLOY,NONE,NO INDICATION OF INJURY,NONE,NOT OBSCURED,NORMAL,TEST NOT OFFERED,2021,JE441425,11/11/2021 08:48:00 AM,30,TRAFFIC SIGNAL,FUNCTIONING PROPERLY,RAIN,DAYLIGHT,REAR END,FOUR WAY,STRAIGHT AND LEVEL,WET,NO DEFECTS,NOT ON SCENE (DESK REPORT),NO INJURY / DRIVE AWAY,Y,Y,"OVER $1,500",11/11/2021 10:15:00 AM,FOLLOWING TOO CLOSELY,FAILING TO REDUCE SPEED TO AVOID CRASH,2,E,75TH ST,323.0,2,NO INDICATION OF INJURY,0.0,0.0,0.0,0.0,0.0,2.0,0.0,8,5,11,41.758293486999996,-87.624682868,POINT (-87.624682868086 41.758293487033),2021,528
O1072189,DRIVER,9244a4a7ae958149e9752d9542f7e96ed35f984f6df2044cbe5e481fe4f9184c1b9761cf095f9609d536c85fa61e02704bbd644345ce137c6cb080da2b447463,JE191964,1016813.0,04/07/2021 07:25:00 AM,CHICAGO,IL,60643,F,32.0,USAGE UNKNOWN,DID NOT DEPLOY,NONE,NO INDICATION OF INJURY,UNKNOWN,UNKNOWN,NORMAL,TEST NOT OFFERED,2021,JE191964,04/07/2021 07:25:00 AM,30,TRAFFIC SIGNAL,NOT FUNCTIONING,CLEAR,DAYLIGHT,TURNING,DIVIDED - W/MEDIAN (NOT RAISED),STRAIGHT AND LEVEL,DRY,NO DEFECTS,ON SCENE,NO INJURY / DRIVE AWAY,Y,Y,"OVER $1,500",04/07/2021 07:26:00 AM,UNABLE TO DETERMINE,UNABLE TO DETERMINE,200,W,71ST ST,731.0,2,NO INDICATION OF INJURY,0.0,0.0,0.0,0.0,0.0,2.0,0.0,7,4,4,41.765543643,-87.629835905,POINT (-87.629835905218 41.765543643386),2021,445
O1038649,DRIVER,f0ba9d39f2c766314e2fbea55ef1036c5c5599958181b81c2baf0965f89cc64c2a438ebf5dfdc249a23fa06915bbb0cc01654a74ea9284df8aa7eece99f2267a,JE136170,984541.0,02/08/2021 04:42:00 PM,CHICAGO,IL,60620,M,49.0,USAGE UNKNOWN,DID NOT DEPLOY,NONE,NO INDICATION OF INJURY,NONE,NOT OBSCURED,NORMAL,TEST NOT OFFERED,2021,JE136170,02/08/2021 04:42:00 PM,30,TRAFFIC SIGNAL,FUNCTIONING PROPERLY,SNOW,DUSK,ANGLE,FOUR WAY,STRAIGHT AND LEVEL,SNOW OR SLUSH,NO DEFECTS,ON SCENE,NO INJURY / DRIVE AWAY,Y,Y,"OVER $1,500",02/08/2021 04:48:00 PM,FAILING TO YIELD RIGHT-OF-WAY,WEATHER,7400,S,RACINE AVE,734.0,2,NO INDICATION OF INJURY,0.0,0.0,0.0,0.0,0.0,2.0,0.0,16,2,2,41.759546908000004,-87.65411774799999,POINT (-87.654117747793 41.759546908416),2021,1002
O1126266,DRIVER,6cde8d0382644c8267b5b97a757f243b96765732be34b4ac5375cf0f662ed293c8f4c65c75032cde3ec792e96cf91e3176a4f9fc0529ed0130a649094161be2e,JE279402,1068344.0,06/10/2021 06:30:00 PM,CHICAGO,IL,60632,F,48.0,SAFETY BELT USED,DID NOT DEPLOY,NONE,NO INDICATION OF INJURY,NONE,NOT OBSCURED,NORMAL,TEST NOT OFFERED,2021,JE279402,06/10/2021 06:30:00 PM,30,STOP SIGN/FLASHER,FUNCTIONING PROPERLY,CLEAR,DAYLIGHT,TURNING,NOT DIVIDED,STRAIGHT AND LEVEL,DRY,NO DEFECTS,NOT ON SCENE (DESK REPORT),NO INJURY / DRIVE AWAY,Y,Y,"OVER $1,500",06/25/2021 06:05:00 PM,UNABLE TO DETERMINE,NOT APPLICABLE,1000,W,TAYLOR ST,1232.0,2,NO INDICATION OF INJURY,0.0,0.0,0.0,0.0,0.0,2.0,0.0,18,5,6,41.869615798000005,-87.651162183,POINT (-87.651162183323 41.869615797854),2021,1110
O1169139,DRIVER,b98d157032e4fa7976788564ce6bb869a684bdc5f92cb663ca2fe37a82adb20847794ab88a36db5e88368e03bbaa3244ecab681914883653049d8615b7168cc8,JE349536,1109078.0,08/25/2021 12:43:00 PM,CHICAGO,IL,60644,F,39.0,USAGE UNKNOWN,"DEPLOYED, FRONT",NONE,NO INDICATION OF INJURY,NONE,NOT OBSCURED,NORMAL,TEST NOT OFFERED,2021,JE349536,08/25/2021 12:43:00 PM,30,STOP SIGN/FLASHER,FUNCTIONING PROPERLY,CLEAR,DAYLIGHT,ANGLE,NOT DIVIDED,STRAIGHT AND LEVEL,DRY,NO DEFECTS,ON SCENE,INJURY AND / OR TOW DUE TO CRASH,Y,Y,"OVER $1,500",08/25/2021 12:43:00 PM,FAILING TO YIELD RIGHT-OF-WAY,NOT APPLICABLE,5131,W,WEST END AVE,1532.0,3,NO INDICATION OF INJURY,0.0,0.0,0.0,0.0,0.0,3.0,0.0,12,4,8,41.882909999999995,-87.75399826200001,POINT (-87.753998261538 41.88290999977),2021,763
O1083162,DRIVER,c423c4fea2a6cd54868c2a143d8d5e51b86ce468ffa83a7811220b22c9ee3c93c8eb5d7d472a6f70e9b0577b3c926992afd89d1844e5bdd494dd88cca5fc7e43,JE210712,1027297.0,04/26/2021 03:25:00 PM,CHICAGO,IL,60617,F,50.0,SAFETY BELT USED,DID NOT DEPLOY,NONE,NO INDICATION OF INJURY,NONE,NOT OBSCURED,NORMAL,TEST NOT OFFERED,2021,JE210712,04/26/2021 03:25:00 PM,30,TRAFFIC SIGNAL,FUNCTIONING PROPERLY,CLEAR,DAYLIGHT,REAR END,FOUR WAY,STRAIGHT AND LEVEL,DRY,NO DEFECTS,ON SCENE,NO INJURY / DRIVE AWAY,Y,Y,"$501 - $1,500",04/26/2021 03:29:00 PM,IMPROPER OVERTAKING/PASSING,IMPROPER LANE USAGE,1199,W,69TH ST,733.0,2,NO INDICATION OF INJURY,0.0,0.0,0.0,0.0,0.0,2.0,0.0,15,2,4,41.768584578,-87.654145662,POINT (-87.654145662027 41.768584577904),2021,925
O1217708,DRIVER,c12239c0bed9588f07c8f7f38900cafe956d030c6e8d3d93f452a74cead4840a6302176f6b2b5d2f6a4e545d147ce3224dfeb9ce0edfe0ecf7ad2b2071bce120,JE429277,1155462.0,10/31/2021 04:47:00 PM,CHICAGO,IL,60643,M,21.0,SAFETY BELT USED,DID NOT DEPLOY,NONE,NO INDICATION OF INJURY,OTHER,UNKNOWN,UNKNOWN,TEST NOT OFFERED,2021,JE429277,10/31/2021 04:47:00 PM,20,STOP SIGN/FLASHER,FUNCTIONING PROPERLY,CLEAR,DAYLIGHT,SIDESWIPE SAME DIRECTION,FOUR WAY,STRAIGHT AND LEVEL,DRY,NO DEFECTS,NOT ON SCENE (DESK REPORT),NO INJURY / DRIVE AWAY,Y,Y,"$501 - $1,500",10/31/2021 05:30:00 PM,UNABLE TO DETERMINE,NOT APPLICABLE,5832,N,GLENWOOD AVE,2013.0,2,NO INDICATION OF INJURY,0.0,0.0,0.0,0.0,0.0,2.0,0.0,16,1,10,41.987567249,-87.66521714299999,POINT (-87.665217143271 41.987567248638),2021,1007
O1136253,DRIVER,db31327d28803316b8f44f0ec86d6e76a248934f3d1bfc7947bf3f6ce1ce7d4d859926163130e2a1fb09fc8beb485a1d3500166426a8a4bf1a897dfe5936db0b,JE295652,1077764.0,07/07/2021 09:25:00 PM,CHICAGO,IL,60619,F,32.0,SAFETY BELT USED,NOT APPLICABLE,NONE,NO INDICATION OF INJURY,NONE,UNKNOWN,UNKNOWN,TEST NOT OFFERED,2021,JE295652,07/07/2021 09:25:00 PM,30,TRAFFIC SIGNAL,FUNCTIONING PROPERLY,UNKNOWN,UNKNOWN,SIDESWIPE SAME DIRECTION,NOT DIVIDED,STRAIGHT AND LEVEL,UNKNOWN,UNKNOWN,NOT ON SCENE (DESK REPORT),NO INJURY / DRIVE AWAY,Y,Y,$500 OR LESS,07/09/2021 12:38:00 PM,DISREGARDING TRAFFIC SIGNALS,NOT APPLICABLE,8101,S,COTTAGE GROVE AVE,631.0,2,NO INDICATION OF INJURY,0.0,0.0,0.0,0.0,0.0,2.0,0.0,21,4,7,41.747538448,-87.604985731,POINT (-87.604985730802 41.747538448447),2021,1285
O1112566,DRIVER,7d33b630b135ec10a81c2f8fc9edc72716836a877fdf93ea54d5aee678415c55860e802fd03553377d2e31799e8b91a297f856d64c40172d4bce0d76e6f6d6f2,JE257699,1055413.0,06/07/2021 09:35:00 PM,CHICAGO,IL,60612,M,37.0,USAGE UNKNOWN,DID NOT DEPLOY,NONE,"REPORTED, NOT EVIDENT",NONE,NOT OBSCURED,NORMAL,TEST NOT OFFERED,2021,JE257699,06/07/2021 09:35:00 PM,35,STOP SIGN/FLASHER,FUNCTIONING PROPERLY,CLEAR,DAWN,TURNING,T-INTERSECTION,STRAIGHT AND LEVEL,DRY,UNKNOWN,NOT ON SCENE (DESK REPORT),INJURY AND / OR TOW DUE TO CRASH,Y,Y,"OVER $1,500",06/07/2021 10:30:00 PM,DISREGARDING STOP SIGN,FAILING TO REDUCE SPEED TO AVOID CRASH,328,S,CENTRAL PARK BLVD,1133.0,2,"REPORTED, NOT EVIDENT",3.0,0.0,0.0,0.0,3.0,1.0,0.0,21,2,6,41.876254341999996,-87.715888135,POINT (-87.715888135075 41.876254342427),2021,1295
O1244241,DRIVER,e78612b7004bfd929ed2155e960359b25396a7fa268754d4c9287da63998ba3fc6364697492b3965e0e592d2716488a56f80331571cf4d05403b778e93a855a4,JE473953,1180920.0,12/11/2021 03:30:00 AM,CHICAGO,IL,60632,M,26.0,SAFETY BELT USED,NOT APPLICABLE,NONE,NO INDICATION OF INJURY,NONE,NOT OBSCURED,NORMAL,TEST NOT OFFERED,2021,JE473953,12/11/2021 03:30:00 AM,10,NO CONTROLS,NO CONTROLS,CLEAR,DAYLIGHT,ANGLE,PARKING LOT,STRAIGHT AND LEVEL,DRY,NO DEFECTS,NOT ON SCENE (DESK REPORT),NO INJURY / DRIVE AWAY,Y,Y,"$501 - $1,500",12/11/2021 03:06:00 PM,DISREGARDING TRAFFIC SIGNALS,DISREGARDING TRAFFIC SIGNALS,6001,S,PULASKI RD,823.0,2,NO INDICATION OF INJURY,0.0,0.0,0.0,0.0,0.0,2.0,0.0,3,7,12,41.78407115,-87.722765841,POINT (-87.722765841283 41.784071149576),2021,210
O1084296,DRIVER,8b83acc78ee3aed635c962c8d6592594ca377d150bbee8f089e3d3ce90a24f62bb226cf3b7fafb7603f1964f3295e596e35d8264bd7ec79d5a35e2d41ec92ff2,JE212442,1028367.0,04/27/2021 11:51:00 PM,CHICAGO,IL,60651,M,34.0,SAFETY BELT USED,DID NOT DEPLOY,NONE,"REPORTED, NOT EVIDENT",NONE,NOT OBSCURED,NORMAL,TEST NOT OFFERED,2021,JE212442,04/27/2021 11:51:00 PM,30,TRAFFIC SIGNAL,FUNCTIONING PROPERLY,CLEAR,"DARKNESS, LIGHTED ROAD",REAR END,NOT DIVIDED,STRAIGHT AND LEVEL,DRY,NO DEFECTS,NOT ON SCENE (DESK REPORT),INJURY AND / OR TOW DUE TO CRASH,Y,Y,"$501 - $1,500",04/28/2021 01:00:00 AM,FAILING TO REDUCE SPEED TO AVOID CRASH,UNABLE TO DETERMINE,180,W,ONTARIO ST,1832.0,2,"REPORTED, NOT EVIDENT",1.0,0.0,0.0,0.0,1.0,1.0,0.0,23,3,4,41.893299346999996,-87.63403945799999,POINT (-87.634039457919 41.893299346846),2021,1431
O1182999,DRIVER,704a54d93d97288c07717f7d3111f8a30abee90c77b159dd013c0b71c39ed783de55912dd9d70786208ee3b5e2c79a9cd6143e5f6e4139407a115a59b9404178,JE372320,1122342.0,09/13/2021 05:34:00 PM,CHICAGO,IL,60631,F,72.0,USAGE UNKNOWN,"DEPLOYED, SIDE",NONE,NO INDICATION OF INJURY,OTHER,NOT OBSCURED,NORMAL,TEST NOT OFFERED,2021,JE372320,09/13/2021 05:34:00 PM,30,TRAFFIC SIGNAL,FUNCTIONING PROPERLY,CLEAR,DAYLIGHT,ANGLE,FOUR WAY,STRAIGHT AND LEVEL,DRY,NO DEFECTS,ON SCENE,INJURY AND / OR TOW DUE TO CRASH,Y,Y,"OVER $1,500",09/13/2021 05:37:00 PM,UNABLE TO DETERMINE,UNABLE TO DETERMINE,7600,W,DEVON AVE,1612.0,2,NO INDICATION OF INJURY,0.0,0.0,0.0,0.0,0.0,2.0,0.0,17,2,9,41.997083640999996,-87.81681487600001,POINT (-87.816814875528 41.997083641265),2021,1054
O1132510,DRIVER,2ffb154ec084176301ab793ebc77a9bf2463721842364a1e4b74c4cd51c9025b153351b2e11519251e1eb9b36373cf8bdcf4b5836ab4d908c23a402e1ef271ac,JE289304,1074258.0,07/04/2021 02:40:00 AM,CHICAGO,IL,60651,M,20.0,USAGE UNKNOWN,"DEPLOYED, COMBINATION",NONE,NO INDICATION OF INJURY,NONE,NOT OBSCURED,NORMAL,TEST NOT OFFERED,2021,JE289304,07/04/2021 02:40:00 AM,30,STOP SIGN/FLASHER,FUNCTIONING PROPERLY,CLEAR,"DARKNESS, LIGHTED ROAD",ANGLE,FOUR WAY,STRAIGHT AND LEVEL,DRY,NO DEFECTS,ON SCENE,INJURY AND / OR TOW DUE TO CRASH,Y,Y,"OVER $1,500",07/04/2021 02:47:00 AM,DISREGARDING STOP SIGN,NOT APPLICABLE,4200,W,WILCOX ST,1115.0,3,NO INDICATION OF INJURY,0.0,0.0,0.0,0.0,0.0,3.0,0.0,2,1,7,41.878918801,-87.730638107,POINT (-87.730638106929 41.878918801263),2021,160
O1064037,DRIVER,6ce7b5a317adef23ccae28c545f2fc32b5267b1d3b88f7562263617a49cb7471afd8f149f5ee4d390c291cd178d6aff45a279a1db6585ef6c1047401ebc167be,JE178448,1009045.0,03/19/2021 03:35:00 PM,CHICAGO,IL,60652,M,46.0,USAGE UNKNOWN,DID NOT DEPLOY,NONE,NO INDICATION OF INJURY,UNKNOWN,UNKNOWN,UNKNOWN,TEST NOT OFFERED,2021,JE178448,03/19/2021 03:35:00 PM,30,TRAFFIC SIGNAL,FUNCTIONING PROPERLY,CLEAR,DAYLIGHT,REAR END,NOT DIVIDED,STRAIGHT AND LEVEL,DRY,UNKNOWN,NOT ON SCENE (DESK REPORT),NO INJURY / DRIVE AWAY,Y,Y,$500 OR LESS,03/24/2021 02:44:00 PM,UNABLE TO DETERMINE,UNABLE TO DETERMINE,4000,W,47TH ST,815.0,3,NO INDICATION OF INJURY,0.0,0.0,0.0,0.0,0.0,3.0,0.0,15,6,3,41.807992933,-87.72364912,POINT (-87.72364912042 41.807992932693),2021,935
O1168226,DRIVER,d66d9eb89083c6e1a25cb9c5268deea1573c0ad56844e152300f32d02c645018d888b279d4ec1c434bc161e965e2c17e241bce9cbac44e817200b5f3b9ab4e79,JE347950,1108185.0,08/24/2021 06:35:00 AM,CHICAGO,IL,60617,F,48.0,SAFETY BELT USED,NOT APPLICABLE,NONE,NO INDICATION OF INJURY,NONE,NOT OBSCURED,NORMAL,TEST NOT OFFERED,2021,JE347950,08/24/2021 06:35:00 AM,30,TRAFFIC SIGNAL,FUNCTIONING PROPERLY,CLEAR,DAWN,SIDESWIPE SAME DIRECTION,CENTER TURN LANE,"CURVE, LEVEL",DRY,NO DEFECTS,ON SCENE,NO INJURY / DRIVE AWAY,Y,Y,"OVER $1,500",08/24/2021 06:37:00 AM,UNABLE TO DETERMINE,UNABLE TO DETERMINE,6700,S,SOUTH SHORE DR,331.0,2,NO INDICATION OF INJURY,0.0,0.0,0.0,0.0,0.0,2.0,0.0,6,3,8,41.773438565999996,-87.56689930600001,POINT (-87.566899305833 41.773438566009),2021,395
O1027206,DRIVER,7c5db0e555ad18596acc3913c179649297519680efbcede689ece335addd0f7644953c105d89d642e2cabb99c81f50fdd0ef95bc720da694199c7ab25f9357bf,JE117549,973582.0,01/19/2021 09:15:00 PM,CHICAGO,IL,60642,M,37.0,USAGE UNKNOWN,DEPLOYMENT UNKNOWN,NONE,NO INDICATION OF INJURY,UNKNOWN,NOT OBSCURED,NORMAL,TEST NOT OFFERED,2021,JE117549,01/19/2021 09:15:00 PM,30,TRAFFIC SIGNAL,FUNCTIONING PROPERLY,SNOW,"DARKNESS, LIGHTED ROAD",ANGLE,NOT DIVIDED,STRAIGHT AND LEVEL,SNOW OR SLUSH,UNKNOWN,ON SCENE,INJURY AND / OR TOW DUE TO CRASH,Y,Y,"OVER $1,500",01/19/2021 09:18:00 PM,UNABLE TO DETERMINE,UNABLE TO DETERMINE,2000,W,BELMONT AVE,1921.0,5,"REPORTED, NOT EVIDENT",2.0,0.0,0.0,0.0,2.0,2.0,0.0,21,3,1,41.939681194,-87.678478773,POINT (-87.678478772739 41.939681194318),2021,1275
O1090063,DRIVER,996fcd1a380fb1a9f46195a4af5ce515b2772ff6eb9725ea4823c8a0ea7b7a61814ca4ee2e025e213fcc78e456f8bf66d5afc3076a89e444c6115e0498bcb01e,JE221745,1033868.0,05/06/2021 04:11:00 PM,SEYMOUR,IN,47274,M,36.0,SAFETY BELT USED,NOT APPLICABLE,NONE,NO INDICATION OF INJURY,NONE,NOT OBSCURED,NORMAL,TEST NOT OFFERED,2021,JE221745,05/06/2021 04:11:00 PM,30,STOP SIGN/FLASHER,FUNCTIONING PROPERLY,CLEAR,DAYLIGHT,ANGLE,FOUR WAY,STRAIGHT AND LEVEL,DRY,NO DEFECTS,ON SCENE,NO INJURY / DRIVE AWAY,Y,Y,"OVER $1,500",05/06/2021 04:11:00 PM,UNABLE TO DETERMINE,UNABLE TO DETERMINE,4600,W,WASHINGTON BLVD,1113.0,2,NO INDICATION OF INJURY,0.0,0.0,0.0,0.0,0.0,3.0,0.0,16,5,5,41.881984435,-87.740163011,POINT (-87.740163011434 41.881984434835),2021,971
O1047623,DRIVER,2cce027233d213e2aa792be8644038ce6f59baebcf43f2f8ed11433dfde4e34a244cf4c8cf0912ac5df3abbfa54bd3b9906ac7f055ac1319b36ddce6b014256d,JE148737,993268.0,02/22/2021 12:14:00 PM,WILLOWBROOK,IL,60527,M,74.0,USAGE UNKNOWN,DID NOT DEPLOY,NONE,NO INDICATION OF INJURY,NONE,NOT OBSCURED,NORMAL,TEST NOT OFFERED,2021,JE148737,02/22/2021 12:14:00 PM,35,TRAFFIC SIGNAL,FUNCTIONING PROPERLY,CLEAR,DAYLIGHT,REAR END,DIVIDED - W/MEDIAN BARRIER,STRAIGHT AND LEVEL,DRY,NO DEFECTS,ON SCENE,NO INJURY / DRIVE AWAY,Y,Y,"OVER $1,500",02/22/2021 12:18:00 PM,FAILING TO REDUCE SPEED TO AVOID CRASH,NOT APPLICABLE,799,N,LAKE SHORE DR,1833.0,2,NO INDICATION OF INJURY,0.0,0.0,0.0,0.0,0.0,3.0,0.0,12,2,2,41.896839272,-87.61688429799999,POINT (-87.616884297948 41.896839271517),2021,734
O1103401,DRIVER,0faf1599467ea63ec21509682a0ce3209df5abf285e2e597a810121ea42bcf6941d41a2fba0321b1e2da31373ffd554d29a7af0942602054bb734841d1b88c17,JE243400,1046657.0,05/25/2021 10:30:00 PM,AURORA,IL,60502,M,45.0,SAFETY BELT USED,DID NOT DEPLOY,NONE,NO INDICATION OF INJURY,NONE,NOT OBSCURED,NORMAL,TEST NOT OFFERED,2021,JE243400,05/25/2021 10:30:00 PM,30,TRAFFIC SIGNAL,FUNCTIONING PROPERLY,UNKNOWN,"DARKNESS, LIGHTED ROAD",ANGLE,FOUR WAY,STRAIGHT AND LEVEL,UNKNOWN,NO DEFECTS,NOT ON SCENE (DESK REPORT),NO INJURY / DRIVE AWAY,Y,Y,"$501 - $1,500",05/26/2021 11:35:00 AM,DISREGARDING TRAFFIC SIGNALS,UNABLE TO DETERMINE,156,N,FRANKLIN ST,122.0,2,NO INDICATION OF INJURY,0.0,0.0,0.0,0.0,0.0,2.0,0.0,22,3,5,41.88468316,-87.635532945,POINT (-87.635532944744 41.884683159815),2021,1350