PERSON_ID,PERSON_TYPE,CRASH_RECORD_ID,RD_NO_x,VEHICLE_ID,CRASH_DATE_x,CITY,STATE,ZIPCODE,SEX,AGE,SAFETY_EQUIPMENT,AIRBAG_DEPLOYED,EJECTION,INJURY_CLASSIFICATION,DRIVER_ACTION,DRIVER_VISION,PHYSICAL_CONDITION,BAC_RESULT,CRASH_YEAR_x,RD_NO_y,CRASH_DATE_y,POSTED_SPEED_LIMIT,TRAFFIC_CONTROL_DEVICE,DEVICE_CONDITION,WEATHER_CONDITION,LIGHTING_CONDITION,FIRST_CRASH_TYPE,TRAFFICWAY_TYPE,ALIGNMENT,ROADWAY_SURFACE_COND,ROAD_DEFECT,REPORT_TYPE,CRASH_TYPE,INTERSECTION_RELATED_I,HIT_AND_RUN_I,DAMAGE,DATE_POLICE_NOTIFIED,PRIM_CONTRIBUTORY_CAUSE,SEC_CONTRIBUTORY_CAUSE,STREET_NO,STREET_DIRECTION,STREET_NAME,BEAT_OF_OCCURRENCE,NUM_UNITS,MOST_SEVERE_INJURY,INJURIES_TOTAL,INJURIES_FATAL,INJURIES_INCAPACITATING,INJURIES_NON_INCAPACITATING,INJURIES_REPORTED_NOT_EVIDENT,INJURIES_NO_INDICATION,INJURIES_UNKNOWN,CRASH_HOUR,CRASH_DAY_OF_WEEK,CRASH_MONTH,LATITUDE,LONGITUDE,LOCATION,CRASH_YEAR_y,TIME
O1151454,DRIVER,eb20de7f2ecf8b12dfcbd99ad1713ef0c65339db3c42edae67140e61b5a71dc4765e8bf9be2cfb0b1b02b5edf201b6f0b43843a0710b6513e642ebd1e02ef4eb,JE320373,1092231.0,07/30/2021 08:00:00 PM,CHICAGO,IL,60647,M,36.0,USAGE UNKNOWN,NOT APPLICABLE,NONE,NO INDICATION OF INJURY,NONE,UNKNOWN,NORMAL,TEST NOT OFFERED,2021,JE320373,07/30/2021 08:00:00 PM,30,STOP SIGN/FLASHER,FUNCTIONING PROPERLY,CLEAR,DARKNESS,TURNING,T-INTERSECTION,STRAIGHT AND LEVEL,DRY,NO DEFECTS,NOT ON SCENE (DESK REPORT),INJURY AND / OR TOW DUE TO CRASH,Y,Y,"OVER $1,500",07/30/2021 09:45:00 PM,IMPROPER TURNING/NO SIGNAL,IMPROPER OVERTAKING/PASSING,2699,N,SAWYER AVE,1412.0,2,NO INDICATION OF INJURY,0.0,0.0,0.0,0.0,0.0,2.0,0.0,20,6,7,41.930144571999996,-87.709265801,POINT (-87.70926580075 41.93014457214),2021,1200
O1143773,DRIVER,b12f726882edcaa1f1510feb49f59a06d220fa71f735d3c7719bc8f3c2b2645060c88ac72076b573ff3cead4503fe2a5954294adff144c9d2fac2a9d95d8d698,JE308005,1084934.0,07/20/2021 02:44:00 PM,CHICAGO,IL,60646,F,42.0,SAFETY BELT USED,NOT APPLICABLE,NONE,NO INDICATION OF INJURY,NONE,NOT OBSCURED,NORMAL,TEST NOT OFFERED,2021,JE308005,07/20/2021 02:44:00 PM,30,NO CONTROLS,NO CONTROLS,CLEAR,DAYLIGHT,SIDESWIPE SAME DIRECTION,T-INTERSECTION,STRAIGHT AND LEVEL,DRY,NO DEFECTS,NOT ON SCENE (DESK REPORT),NO INJURY / DRIVE AWAY,N,Y,"OVER $1,500",07/20/2021 03:30:00 PM,IMPROPER LANE USAGE,NOT APPLICABLE,1000,W,HOLLYWOOD AVE,2022.0,2,NO INDICATION OF INJURY,0.0,0.0,0.0,0.0,0.0,2.0,0.0,14,3,7,41.985649799,-87.65533580700001,POINT (-87.655335806551 41.985649798593),2021,884
O1019833,DRIVER,eef44f2a1665d0ca65186aa35577aabe782a24c9c7f7098f55a5ae22490ecce94193a30057ae4222e5eca064eea51b6046d5c2eb5d4e11332218c4f89fe1db98,JE103720,966619.0,01/04/2021 03:10:00 PM,CHICAGO,IL,60613,F,43.0,SAFETY BELT USED,DID NOT DEPLOY,NONE,NO INDICATION OF INJURY,NONE,NOT OBSCURED,UNKNOWN,TEST NOT OFFERED,2021,JE103720,01/04/2021 03:10:00 PM,30,TRAFFIC SIGNAL,FUNCTIONING PROPERLY,CLEAR,DAYLIGHT,SIDESWIPE OPPOSITE DIRECTION,NOT DIVIDED,STRAIGHT AND LEVEL,DRY,NO DEFECTS,NOT ON SCENE (DESK REPORT),NO INJURY / DRIVE AWAY,Y,Y,$500 OR LESS,01/05/2021 09:00:00 AM,DRIVING ON WRONG SIDE/WRONG WAY,NOT APPLICABLE,2800,N,CLYBOURN AVE,1931.0,2,NO INDICATION OF INJURY,0.0,0.0,0.0,0.0,0.0,4.0,0.0,15,2,1,41.932297010999996,-87.67836108700001,POINT (-87.678361087495 41.932297011088),2021,910
O1029107,DRIVER,4f0b3ffcf2213ec58a959873e173f0f7f88288d8b1e154dc7e2ddb3ea9db0d66748951dd0dbf799145d0a824757f3ff83343dd3fc4fd7dfef5eacc57d686b3e6,JE120105,975369.0,01/22/2021 01:30:00 PM,CHICAGO,IL,60620,M,28.0,USAGE UNKNOWN,DEPLOYMENT UNKNOWN,NONE,NO INDICATION OF INJURY,OTHER,UNKNOWN,UNKNOWN,TEST NOT OFFERED,2021,JE120105,01/22/2021 01:30:00 PM,30,UNKNOWN,UNKNOWN,CLEAR,DAYLIGHT,REAR END,NOT DIVIDED,STRAIGHT AND LEVEL,UNKNOWN,UNKNOWN,ON SCENE,INJURY AND / OR TOW DUE TO CRASH,Y,N,"OVER $1,500",01/22/2021 01:33:00 PM,UNABLE TO DETERMINE,NOT APPLICABLE,1701,W,79TH ST,611.0,3,NO INDICATION OF INJURY,0.0,0.0,0.0,0.0,0.0,3.0,0.0,13,6,1,41.750215123000004,-87.665924102,POINT (-87.665924102473 41.750215122857),2021,810
O1217073,DRIVER,8f2756c714dd76e9c40af490e9d38bcca85fbf8bc0d6926e8f71dc0458e2dbe5eac2192def0dd3bc8ba71f36476ca27b43460a57d706338ad5b912ca5d696729,JE428289,1154855.0,10/30/2021 08:20:00 PM,DES PLAINES,IL,60016,M,49.0,SAFETY BELT USED,NOT APPLICABLE,NONE,NO INDICATION OF INJURY,NONE,NOT OBSCURED,NORMAL,TEST NOT OFFERED,2021,JE428289,10/30/2021 08:20:00 PM,30,TRAFFIC SIGNAL,FUNCTIONING PROPERLY,CLEAR,DARKNESS,REAR END,NOT DIVIDED,STRAIGHT AND LEVEL,DRY,NO DEFECTS,ON SCENE,NO INJURY / DRIVE AWAY,Y,Y,$500 OR LESS,10/30/2021 08:31:00 PM,FOLLOWING TOO CLOSELY,UNABLE TO DETERMINE,6399,N,NORTHWEST HWY,1611.0,2,NO INDICATION OF INJURY,0.0,0.0,0.0,0.0,0.0,2.0,0.0,20,7,10,41.997020878,-87.806636025,POINT (-87.806636025195 41.997020877964),2021,1220
O1082882,DRIVER,2e7a86b2ff204739566aac1539d2bc799f33dacfa21246041de0ac4f40cdf6739c96615b6f69fe23036088a032387c4f8739805a24714bd0e3dfc059d7c321e1,JE210214,1027026.0,04/26/2021 06:15:00 AM,CHICAGO,IL,60639,M,48.0,SAFETY BELT USED,"DEPLOYED, FRONT",NONE,NO INDICATION OF INJURY,NONE,NOT OBSCURED,NORMAL,TEST NOT OFFERED,2021,JE210214,04/26/2021 06:15:00 AM,30,TRAFFIC SIGNAL,FUNCTIONING PROPERLY,CLEAR,DAYLIGHT,ANGLE,NOT DIVIDED,STRAIGHT AND LEVEL,DRY,NO DEFECTS,NOT ON SCENE (DESK REPORT),NO INJURY / DRIVE AWAY,Y,Y,"OVER $1,500",04/26/2021 06:40:00 AM,UNABLE TO DETERMINE,NOT APPLICABLE,2100,N,CENTRAL AVE,2515.0,2,NO INDICATION OF INJURY,0.0,0.0,0.0,0.0,0.0,2.0,0.0,6,2,4,41.918211215,-87.765922165,POINT (-87.765922165139 41.918211215443),2021,375
O1039843,DRIVER,bee219eb5b77558f0737b51758498698cba0385e61fd9d870fed11dc9a74f30d9dba0f42c9c3d7cc3ae458caea5b1ba06daebfd4daec2d681319e9f5d2f1c5bd,JE137893,985691.0,02/10/2021 01:00:00 PM,LEMONT,IL,60439,F,66.0,SAFETY BELT USED,NOT APPLICABLE,NONE,NO INDICATION OF INJURY,NONE,NOT OBSCURED,NORMAL,TEST NOT OFFERED,2021,JE137893,02/10/2021 01:00:00 PM,30,STOP SIGN/FLASHER,NO CONTROLS,CLEAR,DAYLIGHT,TURNING,DIVIDED - W/MEDIAN (NOT RAISED),STRAIGHT AND LEVEL,WET,NO DEFECTS,ON SCENE,NO INJURY / DRIVE AWAY,Y,Y,"$501 - $1,500",02/10/2021 01:09:00 PM,FAILING TO YIELD RIGHT-OF-WAY,NOT APPLICABLE,3100,N,DAMEN AVE,1931.0,2,NO INDICATION OF INJURY,0.0,0.0,0.0,0.0,0.0,2.0,0.0,13,4,2,41.937793837,-87.678445634,POINT (-87.678445633513 41.937793837213),2021,780
O1204675,DRIVER,54408dde2e25031d3f7bbdcdf2808667357ad4f90ccc47b04982fea761991d631da8346a8363ea0496114b8ebfd8dec6af1c564f596e8413b6ffd5ee96e67ccd,JE408676,1143045.0,10/13/2021 04:50:00 PM,CHICAGO,IL,60632,F,51.0,SAFETY BELT USED,DID NOT DEPLOY,NONE,NO INDICATION OF INJURY,NONE,NOT OBSCURED,NORMAL,TEST NOT OFFERED,2021,JE408676,10/13/2021 04:50:00 PM,30,STOP SIGN/FLASHER,FUNCTIONING PROPERLY,CLEAR,DAYLIGHT,REAR END,DIVIDED - W/MEDIAN (NOT RAISED),STRAIGHT AND LEVEL,WET,NO DEFECTS,ON SCENE,NO INJURY / DRIVE AWAY,Y,Y,"OVER $1,500",10/13/2021 05:15:00 PM,"OPERATING VEHICLE IN ERRATIC, RECKLESS, CARELESS, NEGLIGENT OR AGGRESSIVE MANNER",UNABLE TO DETERMINE,4225,W,CHICAGO AVE,1111.0,3,NO INDICATION OF INJURY,0.0,0.0,0.0,0.0,0.0,3.0,0.0,16,4,10,41.895146519,-87.73215335399999,POINT (-87.732153353875 41.89514651855),2021,1010
O1122917,DRIVER,9310b177a82f033a82be96187272cf7dd9dcd4f91fb3d30b7fcd90611646005f606c7cc4d5f0f4f4a390f7ef174b31c7a921a35c83fddd7251a76754cbf889f2,JE273716,1065104.0,06/20/2021 11:00:00 PM,CHUCAGO,IL,60617,M,18.0,USAGE UNKNOWN,"DEPLOYED, FRONT",NONE,NO INDICATION OF INJURY,NONE,NOT OBSCURED,NORMAL,TEST NOT OFFERED,2021,JE273716,06/20/2021 11:00:00 PM,30,STOP SIGN/FLASHER,FUNCTIONING PROPERLY,CLOUDY/OVERCAST,"DARKNESS, LIGHTED ROAD",ANGLE,NOT DIVIDED,STRAIGHT AND LEVEL,WET,UNKNOWN,ON SCENE,NO INJURY / DRIVE AWAY,Y,Y,"OVER $1,500",06/20/2021 11:03:00 PM,DISREGARDING STOP SIGN,UNABLE TO DETERMINE,7000,S,DR MARTIN LUTHER KING JR DR,322.0,2,NO INDICATION OF INJURY,0.0,0.0,0.0,0.0,0.0,2.0,0.0,23,1,6,41.767477176,-87.61545181,POINT (-87.615451810109 41.767477176487),2021,1380
O1185713,DRIVER,0330c20ee7d6ebbff82297d6faf7b23962a1f008166e1b67d5d0a9a2a6b9c5f2b1e1b3a9250ff5620be4aa15c8473d97c486a09022dafa762a1c81c566a2a086,JE376912,1124956.0,09/17/2021 10:30:00 AM,CHICAGO,IL,60639,M,47.0,USAGE UNKNOWN,"DEPLOYED, SIDE",NONE,NO INDICATION OF INJURY,UNKNOWN,NOT OBSCURED,NORMAL,TEST NOT OFFERED,2021,JE376912,09/17/2021 10:30:00 AM,30,TRAFFIC SIGNAL,FUNCTIONING PROPERLY,CLEAR,DAYLIGHT,ANGLE,NOT DIVIDED,STRAIGHT ON GRADE,DRY,NO DEFECTS,ON SCENE,NO INJURY / DRIVE AWAY,Y,N,"OVER $1,500",09/17/2021 10:35:00 AM,DRIVING SKILLS/KNOWLEDGE/EXPERIENCE,UNABLE TO DETERMINE,4160,N,LINCOLN AVE,1911.0,2,NO INDICATION OF INJURY,0.0,0.0,0.0,0.0,0.0,2.0,0.0,10,6,9,41.957557926999996,-87.681308129,POINT (-87.681308128955 41.957557926874),2021,630
O1036336,DRIVER,98df0595afcb3a2eee32add3954025e44c76997850ee4c3d16223e2dc8a8b126b94d4038fb4926ca00736db98f42166578cd491e017783505acec7ad9ae94f6c,JE133349,982304.0,02/05/2021 12:05:00 PM,SOUTH HOLLAND,IL,60473,M,55.0,SAFETY BELT USED,DID NOT DEPLOY,NONE,"REPORTED, NOT EVIDENT",NONE,NOT OBSCURED,NORMAL,TEST NOT OFFERED,2021,JE133349,02/05/2021 12:05:00 PM,30,TRAFFIC SIGNAL,FUNCTIONING PROPERLY,SNOW,"DARKNESS, LIGHTED ROAD",ANGLE,NOT DIVIDED,STRAIGHT AND LEVEL,SNOW OR SLUSH,NO DEFECTS,NOT ON SCENE (DESK REPORT),INJURY AND / OR TOW DUE TO CRASH,Y,Y,"OVER $1,500",02/05/2021 02:31:00 PM,UNABLE TO DETERMINE,NOT APPLICABLE,7100,S,HALSTED ST,733.0,2,"REPORTED, NOT EVIDENT",1.0,0.0,0.0,0.0,1.0,1.0,0.0,12,6,2,41.765109431999996,-87.644556952,POINT (-87.644556951763 41.765109431911),2021,725
O1051968,DRIVER,a9cc99a5653cbf27aa6127ef3045eede43e7c6aa632eacd61a569419ecc658067bcf20491c9f876c7820476d187bce21442af892376503563d44ccf50501f9b5,JE156214,997452.0,03/01/2021 05:19:00 PM,CHICAGO,IL,60680,M,28.0,SAFETY BELT USED,NOT APPLICABLE,NONE,NO INDICATION OF INJURY,NONE,NOT OBSCURED,NORMAL,TEST NOT OFFERED,2021,JE156214,03/01/2021 05:19:00 PM,30,TRAFFIC SIGNAL,FUNCTIONING PROPERLY,CLEAR,DAYLIGHT,SIDESWIPE SAME DIRECTION,FOUR WAY,STRAIGHT AND LEVEL,WET,NO DEFECTS,ON SCENE,NO INJURY / DRIVE AWAY,Y,Y,"OVER $1,500",03/01/2021 05:19:00 PM,IMPROPER OVERTAKING/PASSING,NOT APPLICABLE,2800,W,DIVISION ST,1423.0,2,NO INDICATION OF INJURY,0.0,0.0,0.0,0.0,0.0,2.0,0.0,17,2,3,41.903034768000005,-87.696945343,POINT (-87.696945343144 41.903034768092),2021,1039
O1235867,DRIVER,881b914e58ffa9077495496559d03158b2d0a492ddfe16beb56903835eeb66438ce62a930e355a64abd8ad457677153ff80df6a7233c199affe706d74b9b8d7c,JE459557,1172932.0,11/28/2021 05:13:00 PM,CHICAGO,IL,60613,M,27.0,USAGE UNKNOWN,NOT APPLICABLE,NONE,NO INDICATION OF INJURY,NONE,UNKNOWN,UNKNOWN,TEST NOT OFFERED,2021,JE459557,11/28/2021 05:13:00 PM,30,NO CONTROLS,UNKNOWN,CLEAR,"DARKNESS, LIGHTED ROAD",SIDESWIPE SAME DIRECTION,FOUR WAY,STRAIGHT AND LEVEL,DRY,UNKNOWN,NOT ON SCENE (DESK REPORT),NO INJURY / DRIVE AWAY,Y,Y,"OVER $1,500",11/28/2021 06:00:00 PM,IMPROPER BACKING,UNABLE TO DETERMINE,7100,S,STONY ISLAND AVE,324.0,2,NO INDICATION OF INJURY,0.0,0.0,0.0,0.0,0.0,2.0,0.0,17,1,11,41.765928192,-87.58647007799999,POINT (-87.586470077922 41.76592819222),2021,1033
O1165739,DRIVER,1f699ead1ee6498dbce45ab8f9d51ffc72d31d445dbd790244c1e68a08321ff36b33c249c943b14be785d5efca3e2f36fbbe3732b3bdc2b04cf30303a57a2f8c,JE343950,1105808.0,08/20/2021 03:40:00 PM,CHICAGO,IL,60655,F,21.0,SAFETY BELT USED,DID NOT DEPLOY,NONE,NO INDICATION OF INJURY,NONE,NOT OBSCURED,NORMAL,TEST NOT OFFERED,2021,JE343950,08/20/2021 03:40:00 PM,30,TRAFFIC SIGNAL,FUNCTIONING PROPERLY,CLEAR,DAYLIGHT,SIDESWIPE SAME DIRECTION,CENTER TURN LANE,STRAIGHT AND LEVEL,DRY,NO DEFECTS,ON SCENE,NO INJURY / DRIVE AWAY,Y,Y,"OVER $1,500",08/20/2021 03:41:00 PM,IMPROPER OVERTAKING/PASSING,UNABLE TO DETERMINE,4702,S,CICERO AVE,814.0,2,NO INDICATION OF INJURY,0.0,0.0,0.0,0.0,0.0,2.0,0.0,15,6,8,41.807473785,-87.74329575799999,POINT (-87.743295758386 41.807473785141),2021,940
O1144337,DRIVER,9a1480674748318755f20c90ed0529aa70f5b439be6189111f3086148b2744dfe7fd87886791526c83c91a7485278eb15392c2d4487819b25f9a6b27ba1e754a,JE308960,1085476.0,07/21/2021 12:00:00 PM,CHICAGO,IL,60643,F,48.0,SAFETY BELT USED,DID NOT DEPLOY,NONE,NO INDICATION OF INJURY,NONE,NOT OBSCURED,NORMAL,TEST NOT OFFERED,2021,JE308960,07/21/2021 12:00:00 PM,30,TRAFFIC SIGNAL,FUNCTIONING PROPERLY,CLEAR,DAYLIGHT,TURNING,FOUR WAY,STRAIGHT ON GRADE,DRY,NO DEFECTS,ON SCENE,NO INJURY / DRIVE AWAY,Y,Y,"$501 - $1,500",07/21/2021 12:01:00 PM,FAILING TO REDUCE SPEED TO AVOID CRASH,IMPROPER OVERTAKING/PASSING,1148,W,112TH PL,2234.0,2,NO INDICATION OF INJURY,0.0,0.0,0.0,0.0,0.0,2.0,0.0,12,4,7,41.689511898,-87.651568682,POINT (-87.651568681891 41.689511897882),2021,720
O1070913,DRIVER,cbd40840a869faaa583dab2536200ea8c99c2587fdf0aad341ad56fbc86f4c412c9f736bedbe8e75df4cec56168b496ed5892945d75aaea0c461af77857acdd3,JE189707,1015570.0,04/05/2021 12:00:00 AM,CHICAGO,IL,60644,F,28.0,SAFETY BELT USED,"DEPLOYED, FRONT",NONE,NO INDICATION OF INJURY,NONE,NOT OBSCURED,NORMAL,TEST NOT OFFERED,2021,JE189707,04/05/2021 12:00:00 AM,30,TRAFFIC SIGNAL,FUNCTIONING PROPERLY,CLEAR,"DARKNESS, LIGHTED ROAD",ANGLE,FOUR WAY,STRAIGHT AND LEVEL,DRY,NO DEFECTS,ON SCENE,INJURY AND / OR TOW DUE TO CRASH,Y,Y,"OVER $1,500",04/05/2021 12:01:00 AM,DISREGARDING TRAFFIC SIGNALS,NOT APPLICABLE,2399,W,HARRISON ST,1225.0,2,NO INDICATION OF INJURY,0.0,0.0,0.0,0.0,0.0,2.0,0.0,0,2,4,41.873782239,-87.686170526,POINT (-87.686170525918 41.873782239164),2021,0
O1057449,DRIVER,46d4f09896beb2962e7f1601b9f17061942c39aa906144e9154fe562b7fdc70fd7e9b6ffc023f52753f47c38b5ff9bdd78e3bf560ac62cda3cee99968fd7cb52,JE167078,1002729.0,03/12/2021 02:00:00 PM,CHICAGO,IL,60621,M,54.0,SAFETY BELT USED,DID NOT DEPLOY,NONE,"REPORTED, NOT EVIDENT",NONE,NOT OBSCURED,NORMAL,TEST NOT OFFERED,2021,JE167078,03/12/2021 02:00:00 PM,30,TRAFFIC SIGNAL,FUNCTIONING PROPERLY,CLOUDY/OVERCAST,DAYLIGHT,SIDESWIPE SAME DIRECTION,DIVIDED - W/MEDIAN (NOT RAISED),STRAIGHT AND LEVEL,DRY,NO DEFECTS,NOT ON SCENE (DESK REPORT),INJURY AND / OR TOW DUE TO CRASH,Y,Y,"$501 - $1,500",03/12/2021 04:05:00 PM,IMPROPER LANE USAGE,NOT APPLICABLE,50,W,79TH ST,623.0,2,"REPORTED, NOT EVIDENT",1.0,0.0,0.0,0.0,1.0,1.0,0.0,14,6,3,41.751037934,-87.62665176799999,POINT (-87.626651767901 41.751037934152),2021,840
O1097549,DRIVER,daed9be2a71eaa2e79d84eef26006269cc3fe768e5fd0f18a01478b7998ba25959543fdf8a12d3132b752701e317870195a27f790adc23ef6038bd264607a371,JE233623,1041044.0,05/17/2021 09:50:00 PM,NORTHBROOK,IL,60062,M,56.0,SAFETY BELT USED,DID NOT DEPLOY,NONE,NO INDICATION OF INJURY,NONE,NOT OBSCURED,NORMAL,TEST NOT OFFERED,2021,JE233623,05/17/2021 09:50:00 PM,30,STOP SIGN/FLASHER,FUNCTIONING PROPERLY,CLEAR,"DARKNESS, LIGHTED ROAD",ANGLE,T-INTERSECTION,STRAIGHT AND LEVEL,DRY,NO DEFECTS,ON SCENE,NO INJURY / DRIVE AWAY,Y,Y,$500 OR LESS,05/17/2021 09:58:00 PM,DISREGARDING STOP SIGN,FAILING TO REDUCE SPEED TO AVOID CRASH,2363,W,MONROE ST,1223.0,2,NO INDICATION OF INJURY,0.0,0.0,0.0,0.0,0.0,2.0,0.0,21,2,5,41.879742375999996,-87.68602765899999,POINT (-87.686027658557 41.879742376273),2021,1310
O1045675,DRIVER,052a91315e7983d30b8a1eb46b00d9c6a5d956e6c634d3ec3dd09329377b29bb0451d9290550bdedc00a2bfd88df31819ffecaee165103d167a3f6eab71d6691,JE146137,991368.0,02/19/2021 03:25:00 PM,CHICAGO,IL,60609,M,51.0,SAFETY BELT USED,DID NOT DEPLOY,NONE,NO INDICATION OF INJURY,NONE,NOT OBSCURED,NORMAL,TEST NOT OFFERED,2021,JE146137,02/19/2021 03:25:00 PM,30,STOP SIGN/FLASHER,FUNCTIONING PROPERLY,CLEAR,DAYLIGHT,TURNING,T-INTERSECTION,STRAIGHT AND LEVEL,DRY,NO DEFECTS,NOT ON SCENE (DESK REPORT),NO INJURY / DRIVE AWAY,Y,Y,"$501 - $1,500",02/19/2021 04:35:00 PM,DISREGARDING STOP SIGN,UNABLE TO DETERMINE,3430,S,HALSTED ST,913.0,2,NO INDICATION OF INJURY,0.0,0.0,0.0,0.0,0.0,2.0,0.0,15,6,2,41.831815845,-87.646277929,POINT (-87.646277928607 41.831815845388),2021,925
O1067483,DRIVER,76d97a3c3b5ab2b18260ab35264750dcbf050faaf398442bc54c5518ede775d0204255f888a95ea9b2c3450a3b9cf7d4fa7b8881e2dd01d3bfe12c2aba04816c,JE184383,1012412.0,03/29/2021 12:48:00 AM,CHICAGO,IL,60620,M,50.0,SAFETY BELT USED,DID NOT DEPLOY,NONE,NO INDICATION OF INJURY,NONE,NOT OBSCURED,NORMAL,TEST NOT OFFERED,2021,JE184383,03/29/2021 12:48:00 AM,35,TRAFFIC SIGNAL,FUNCTIONING PROPERLY,CLEAR,"DARKNESS, LIGHTED ROAD",REAR TO FRONT,FOUR WAY,STRAIGHT AND LEVEL,DRY,NO DEFECTS,NOT ON SCENE (DESK REPORT),NO INJURY / DRIVE AWAY,Y,Y,"OVER $1,500",03/29/2021 12:48:00 AM,IMPROPER BACKING,UNABLE TO DETERMINE,954,W,87TH ST,613.0,2,NO INDICATION OF INJURY,0.0,0.0,0.0,0.0,0.0,3.0,0.0,0,2,3,41.736116605,-87.648267169,POINT (-87.648267169122 41.736116605306),2021,48
O1244750,DRIVER,a9ad30f67ce6a41a61f494959a71a70e24b990b7a4e38f3336a61af7002c044cf29ca2eda74acc0b8de27e03b15c2c28570312aee3ddf6fea02fe69434cf8b4e,JE473891,1181412.0,12/11/2021 02:00:00 PM,CHICAGO,IL,60649,M,33.0,SAFETY BELT USED,DID NOT DEPLOY,NONE,NO INDICATION OF INJURY,NONE,NOT OBSCURED,NORMAL,TEST NOT OFFERED,2021,JE473891,12/11/2021 02:00:00 PM,30,NO CONTROLS,NO CONTROLS,CLEAR,DAYLIGHT,TURNING,T-INTERSECTION,STRAIGHT AND LEVEL,DRY,NO DEFECTS,ON SCENE,NO INJURY / DRIVE AWAY,Y,Y,"OVER $1,500",12/11/2021 02:00:00 PM,UNABLE TO DETERMINE,UNABLE TO DETERMINE,549,W,66TH ST,722.0,2,NO INDICATION OF INJURY,0.0,0.0,0.0,0.0,0.0,2.0,0.0,14,7,12,41.77426254,-87.63868708,POINT (-87.638687079568 41.774262540121),2021,840
O1186023,DRIVER,136c1906486bde34483b20609b1f25213af500767672ac7639001aa46bcc5e41828a8ed478427cfbca1d85837f8fa9497a3ff8c2ac2d1307ed8240dbfb245f7d,JE377370,1125248.0,09/17/2021 03:27:00 PM,CHICAGO,IL,60641,M,33.0,SAFETY BELT USED,NOT APPLICABLE,NONE,NO INDICATION OF INJURY,NONE,NOT OBSCURED,NORMAL,TEST NOT OFFERED,2021,JE377370,09/17/2021 03:27:00 PM,30,NO CONTROLS,NO CONTROLS,CLEAR,DAYLIGHT,REAR END,ONE-WAY,STRAIGHT AND LEVEL,DRY,NO DEFECTS,NOT ON SCENE (DESK REPORT),NO INJURY / DRIVE AWAY,Y,Y,$500 OR LESS,09/17/2021 04:50:00 PM,FOLLOWING TOO CLOSELY,NOT APPLICABLE,2217,N,CLIFTON AVE,1811.0,2,NO INDICATION OF INJURY,0.0,0.0,0.0,0.0,0.0,2.0,0.0,15,6,9,41.922224264,-87.656998319,POINT (-87.65699831865 41.922224264436),2021,927
O1051481,DRIVER,46eb87f00ceb15da3605a740a5efa3384728031eac1eb6889a2410a73fdf8c087eb1c5eb7c3ed2e134ac79c14498f55c364e4592de7094a440996e84f75de001,JE155366,996987.0,02/28/2021 07:38:00 PM,CHICAGO,IL,60637,F,23.0,USAGE UNKNOWN,"DEPLOYED, FRONT",NONE,NO INDICATION OF INJURY,UNKNOWN,UNKNOWN,UNKNOWN,TEST REFUSED,2021,JE155366,02/28/2021 07:38:00 PM,30,TRAFFIC SIGNAL,FUNCTIONING PROPERLY,CLEAR,"DARKNESS, LIGHTED ROAD",ANGLE,UNKNOWN INTERSECTION TYPE,STRAIGHT AND LEVEL,DRY,NO DEFECTS,ON SCENE,INJURY AND / OR TOW DUE TO CRASH,Y,Y,"OVER $1,500",02/28/2021 07:38:00 PM,DISREGARDING TRAFFIC SIGNALS,NOT APPLICABLE,39,W,75TH ST,623.0,2,INCAPACITATING INJURY,1.0,0.0,1.0,0.0,0.0,2.0,0.0,19,1,2,41.758051433,-87.626341584,POINT (-87.626341583898 41.758051432973),2021,1178
O1208484,DRIVER,40445a8d4142a68f5eba486dfb0f1462ff4bbf834889da41a6dc674e089e87b67eb6971a82a29e53ed373b9ca86df57603312ebc884605dff90b780045e29861,JE415060,1146646.0,10/19/2021 12:00:00 PM,CHICAGO,IL,60621,F,22.0,USAGE UNKNOWN,DEPLOYMENT UNKNOWN,NONE,NO INDICATION OF INJURY,FOLLOWED TOO CLOSELY,UNKNOWN,UNKNOWN,TEST NOT OFFERED,2021,JE415060,10/19/2021 12:00:00 PM,35,TRAFFIC SIGNAL,FUNCTIONING PROPERLY,CLEAR,DAYLIGHT,REAR END,DIVIDED - W/MEDIAN BARRIER,STRAIGHT AND LEVEL,DRY,NO DEFECTS,ON SCENE,NO INJURY / DRIVE AWAY,Y,Y,"$501 - $1,500",10/19/2021 12:00:00 PM,UNABLE TO DETERMINE,NOT APPLICABLE,9158,S,MACKINAW AVE,424.0,2,NO INDICATION OF INJURY,0.0,0.0,0.0,0.0,0.0,2.0,0.0,12,3,10,41.728631332,-87.54301492100001,POINT (-87.543014921258 41.728631332041),2021,720
O1201791,DRIVER,77dfa89e1ad850456b778b7782d57496b4140ef513e992a7d5529daffe83bc69a03c28116d7758a015fa706724c401411127b3a360bf0b87f74802dab2b40abf,JE403805,1140310.0,10/09/2021 11:33:00 AM,CHICAGO,IL,60659,M,54.0,SAFETY BELT USED,NOT APPLICABLE,NONE,NO INDICATION OF INJURY,OTHER,NOT OBSCURED,NORMAL,TEST NOT OFFERED,2021,JE403805,10/09/2021 11:33:00 AM,30,NO CONTROLS,NO CONTROLS,CLEAR,DAYLIGHT,ANGLE,ALLEY,STRAIGHT AND LEVEL,DRY,NO DEFECTS,NOT ON SCENE (DESK REPORT),NO INJURY / DRIVE AWAY,Y,Y,"OVER $1,500",10/09/2021 11:33:00 AM,FAILING TO YIELD RIGHT-OF-WAY,DRIVING SKILLS/KNOWLEDGE/EXPERIENCE,3323,W,HOLLYWOOD AVE,1711.0,2,NO INDICATION OF INJURY,0.0,0.0,0.0,0.0,0.0,2.0,0.0,11,7,10,41.984733135999996,-87.71235626200001,POINT (-87.712356262395 41.984733136374),2021,693