PERSON_ID,PERSON_TYPE,CRASH_RECORD_ID,RD_NO_x,VEHICLE_ID,CRASH_DATE_x,CITY,STATE,ZIPCODE,SEX,AGE,SAFETY_EQUIPMENT,AIRBAG_DEPLOYED,EJECTION,INJURY_CLASSIFICATION,DRIVER_ACTION,DRIVER_VISION,PHYSICAL_CONDITION,BAC_RESULT,CRASH_YEAR_x,RD_NO_y,CRASH_DATE_y,POSTED_SPEED_LIMIT,TRAFFIC_CONTROL_DEVICE,DEVICE_CONDITION,WEATHER_CONDITION,LIGHTING_CONDITION,FIRST_CRASH_TYPE,TRAFFICWAY_TYPE,ALIGNMENT,ROADWAY_SURFACE_COND,ROAD_DEFECT,REPORT_TYPE,CRASH_TYPE,INTERSECTION_RELATED_I,HIT_AND_RUN_I,DAMAGE,DATE_POLICE_NOTIFIED,PRIM_CONTRIBUTORY_CAUSE,SEC_CONTRIBUTORY_CAUSE,STREET_NO,STREET_DIRECTION,STREET_NAME,BEAT_OF_OCCURRENCE,NUM_UNITS,MOST_SEVERE_INJURY,INJURIES_TOTAL,INJURIES_FATAL,INJURIES_INCAPACITATING,INJURIES_NON_INCAPACITATING,INJURIES_REPORTED_NOT_EVIDENT,INJURIES_NO_INDICATION,INJURIES_UNKNOWN,CRASH_HOUR,CRASH_DAY_OF_WEEK,CRASH_MONTH,LATITUDE,LONGITUDE,LOCATION,CRASH_YEAR_y,TIME
O1042541,DRIVER,3481560b3346d9567dbf83a358513d2cc55d9067329fa5b4de0e172a28647caa817df1a91307d5cf038dedff22b0c6e42eb75c476aec9295fb5838e175f97d04,JE141840,988319.0,02/14/2021 08:00:00 PM,PARK FOREST,IL,60466,F,41.0,SAFETY BELT USED,DID NOT DEPLOY,NONE,NO INDICATION OF INJURY,NONE,UNKNOWN,NORMAL,TEST NOT OFFERED,2021,JE141840,02/14/2021 08:00:00 PM,30,UNKNOWN,UNKNOWN,SNOW,"DARKNESS, LIGHTED ROAD",REAR END,FOUR WAY,STRAIGHT AND LEVEL,SNOW OR SLUSH,NO DEFECTS,NOT ON SCENE (DESK REPORT),NO INJURY / DRIVE AWAY,Y,Y,"OVER $1,500",02/14/2021 08:15:00 PM,NOT APPLICABLE,UNABLE TO DETERMINE,11500,S,COTTAGE GROVE AVE,532.0,2,NO INDICATION OF INJURY,0.0,0.0,0.0,0.0,0.0,2.0,0.0,20,1,2,41.68539921,-87.61124747299999,POINT (-87.611247473326 41.685399210486),2021,1200
O1086238,DRIVER,b1c97bda66ebbad792a83a19166bf8ee06276837f647697f68f7804c5acf0d0373e9028a27598671233da5b57440ced73762f2c60135380ff937fe92efb69d30,JE215580,1030198.0,04/30/2021 11:35:00 PM,CHICAGO,IL,60654,F,28.0,USAGE UNKNOWN,DID NOT DEPLOY,UNKNOWN,NO INDICATION OF INJURY,UNKNOWN,NOT OBSCURED,NORMAL,TEST NOT OFFERED,2021,JE215580,04/30/2021 11:35:00 PM,30,STOP SIGN/FLASHER,NO CONTROLS,CLEAR,"DARKNESS, LIGHTED ROAD",ANGLE,NOT DIVIDED,STRAIGHT AND LEVEL,DRY,NO DEFECTS,ON SCENE,NO INJURY / DRIVE AWAY,Y,Y,$500 OR LESS,04/30/2021 11:44:00 PM,FAILING TO YIELD RIGHT-OF-WAY,UNDER THE INFLUENCE OF ALCOHOL/DRUGS (USE WHEN ARREST IS EFFECTED),400,N,HALSTED ST,1214.0,2,NO INDICATION OF INJURY,0.0,0.0,0.0,0.0,0.0,2.0,0.0,23,6,4,41.889088351999995,-87.64773092200001,POINT (-87.647730922457 41.889088352382),2021,1415
O1126666,DRIVER,b660c3297711eb3f61b3798368a588f74a97d046e99bdc469cdd8cf9743603e3cfe18e84428c4a6d69f9eda13e2618296afef70c0bf2eb01593d89820ee9aac2,JE279916,1068721.0,06/26/2021 08:25:00 AM,ELLENWOOD,GA,30294,F,47.0,USAGE UNKNOWN,"DEPLOYED, FRONT",NONE,NONINCAPACITATING INJURY,NONE,NOT OBSCURED,NORMAL,TEST NOT OFFERED,2021,JE279916,06/26/2021 08:25:00 AM,30,TRAFFIC SIGNAL,FUNCTIONING PROPERLY,RAIN,DAYLIGHT,TURNING,FOUR WAY,STRAIGHT AND LEVEL,WET,NO DEFECTS,ON SCENE,INJURY AND / OR TOW DUE TO CRASH,Y,Y,"OVER $1,500",06/26/2021 08:28:00 AM,IMPROPER TURNING/NO SIGNAL,UNABLE TO DETERMINE,6900,S,STATE ST,322.0,3,NONINCAPACITATING INJURY,2.0,0.0,0.0,2.0,0.0,4.0,0.0,8,7,6,41.769103975,-87.62509228299999,POINT (-87.625092282754 41.769103975226),2021,505
O1075681,DRIVER,77f401cfaf45a8404b57bf482cbb05af759f671e8afbfe5c15cc8bbbf48144102d5b297585c3681c12198a232226bf67fdd2a93654f4bdee15ba3dcca2e18c5c,JE197950,1020170.0,04/13/2021 07:55:00 AM,CHICAGO,IL,60620,F,68.0,SAFETY BELT USED,DID NOT DEPLOY,NONE,NO INDICATION OF INJURY,NONE,NOT OBSCURED,NORMAL,TEST NOT OFFERED,2021,JE197950,04/13/2021 07:55:00 AM,30,TRAFFIC SIGNAL,FUNCTIONING PROPERLY,CLEAR,DAYLIGHT,REAR END,ONE-WAY,STRAIGHT AND LEVEL,DRY,NO DEFECTS,NOT ON SCENE (DESK REPORT),NO INJURY / DRIVE AWAY,N,Y,"OVER $1,500",04/13/2021 08:20:00 AM,FOLLOWING TOO CLOSELY,UNABLE TO DETERMINE,758,W,99TH ST,2232.0,2,NO INDICATION OF INJURY,0.0,0.0,0.0,0.0,0.0,2.0,0.0,7,3,4,41.714324368,-87.64294402799999,POINT (-87.642944027873 41.714324368329),2021,475
O1021356,DRIVER,0fc3a990b87e4de80cf908a285a0967620f5a01079568313fa67d63982d7545ddfbf5e89eb53520375b51ac2cdb66e0e22f95adbc4145b77d287ddf0daf93e79,JE106698,968072.0,01/08/2021 09:30:00 AM,CRETE,IL,60417,M,77.0,SAFETY BELT USED,DID NOT DEPLOY,NONE,NO INDICATION OF INJURY,UNKNOWN,NOT OBSCURED,NORMAL,TEST NOT OFFERED,2021,JE106698,01/08/2021 09:30:00 AM,30,TRAFFIC SIGNAL,FUNCTIONING PROPERLY,CLEAR,DAYLIGHT,REAR END,ONE-WAY,STRAIGHT AND LEVEL,DRY,NO DEFECTS,NOT ON SCENE (DESK REPORT),NO INJURY / DRIVE AWAY,Y,Y,"$501 - $1,500",01/08/2021 10:20:00 AM,UNABLE TO DETERMINE,UNABLE TO DETERMINE,8705,S,STONY ISLAND AVE,412.0,2,NO INDICATION OF INJURY,0.0,0.0,0.0,0.0,0.0,3.0,0.0,9,6,1,41.736714706,-87.58506135100001,POINT (-87.58506135104 41.736714706069),2021,570
O1136047,DRIVER,b2db9e8356d6fc8904df6e7e78bc2856d73aadda0544922a87eeecdb38d8ffe0a5b093a595e1abb1bf38afe44d8579a41a9a50ec1bc54212c440e9f47bf77978,JE295241,1077587.0,07/08/2021 11:45:00 PM,CHICAGO,IL,60628,F,48.0,USAGE UNKNOWN,DID NOT DEPLOY,NONE,NO INDICATION OF INJURY,NONE,NOT OBSCURED,NORMAL,TEST NOT OFFERED,2021,JE295241,07/08/2021 11:45:00 PM,30,TRAFFIC SIGNAL,FUNCTIONING PROPERLY,CLEAR,"DARKNESS, LIGHTED ROAD",REAR END,DIVIDED - W/MEDIAN (NOT RAISED),STRAIGHT AND LEVEL,UNKNOWN,UNKNOWN,NOT ON SCENE (DESK REPORT),NO INJURY / DRIVE AWAY,Y,Y,"OVER $1,500",07/08/2021 11:47:00 PM,"OPERATING VEHICLE IN ERRATIC, RECKLESS, CARELESS, NEGLIGENT OR AGGRESSIVE MANNER",NOT APPLICABLE,148,E,130TH ST,533.0,2,NO INDICATION OF INJURY,0.0,0.0,0.0,0.0,0.0,3.0,0.0,23,5,7,41.659214123000005,-87.617525717,POINT (-87.617525716725 41.659214123082),2021,1425
O1050313,DRIVER,7f3183d136245bf024cc466a42b10882d11b78446c6f8482e7139ca8c5739cf8a3af704e41da39a191aecd0925707750a770591b2ed6313ff7ab8670f03e66ce,JE153500,995877.0,02/26/2021 09:50:00 PM,MAYWOOD,IL,60153,M,43.0,SAFETY BELT USED,NOT APPLICABLE,NONE,NO INDICATION OF INJURY,NONE,NOT OBSCURED,NORMAL,TEST NOT OFFERED,2021,JE153500,02/26/2021 09:50:00 PM,30,STOP SIGN/FLASHER,FUNCTIONING PROPERLY,CLEAR,"DARKNESS, LIGHTED ROAD",ANGLE,TRAFFIC ROUTE,STRAIGHT AND LEVEL,DRY,NO DEFECTS,ON SCENE,INJURY AND / OR TOW DUE TO CRASH,Y,Y,"OVER $1,500",02/26/2021 09:53:00 PM,DISREGARDING STOP SIGN,FAILING TO REDUCE SPEED TO AVOID CRASH,900,N,HERMITAGE AVE,1213.0,2,NO INDICATION OF INJURY,0.0,0.0,0.0,0.0,0.0,3.0,0.0,21,6,2,41.8985644,-87.67117825700001,POINT (-87.671178257377 41.898564400345),2021,1310
O1054681,DRIVER,63a33137eee07112370a3d10843c2d534a7e6d92c621b6b88a4e93d0d82559308fe0b29d5fb4d7580b113eaef85c93d35e22224f29d68dd618fe49ee9108f438,JE161292,1000051.0,03/06/2021 07:44:00 PM,CHICAGO,IL,60636,M,40.0,SAFETY BELT USED,DID NOT DEPLOY,NONE,NO INDICATION OF INJURY,OTHER,NOT OBSCURED,NORMAL,TEST NOT OFFERED,2021,JE161292,03/06/2021 07:44:00 PM,30,TRAFFIC SIGNAL,FUNCTIONING PROPERLY,CLEAR,"DARKNESS, LIGHTED ROAD",HEAD ON,NOT DIVIDED,STRAIGHT AND LEVEL,DRY,NO DEFECTS,ON SCENE,INJURY AND / OR TOW DUE TO CRASH,Y,Y,"OVER $1,500",03/06/2021 07:48:00 PM,DISREGARDING TRAFFIC SIGNALS,FAILING TO REDUCE SPEED TO AVOID CRASH,7100,S,ASHLAND AVE,735.0,2,NO INDICATION OF INJURY,0.0,0.0,0.0,0.0,0.0,2.0,0.0,19,7,3,41.764859382,-87.663940176,POINT (-87.663940176305 41.764859382425),2021,1184
O1021756,DRIVER,6cec21087e1f0ef4d0675e03f89e1643fbf3d54a683cfeeba6b3c6e5829a35761c829842ad6b3b1188f2577297d30213035b33b26702e36b212c5e26217ebba3,JE107379,968451.0,01/08/2021 08:15:00 PM,CHICAGO,IL,60620,M,38.0,USAGE UNKNOWN,DID NOT DEPLOY,NONE,NO INDICATION OF INJURY,OTHER,NOT OBSCURED,NORMAL,TEST NOT OFFERED,2021,JE107379,01/08/2021 08:15:00 PM,35,TRAFFIC SIGNAL,FUNCTIONING IMPROPERLY,CLEAR,"DARKNESS, LIGHTED ROAD",ANGLE,FOUR WAY,STRAIGHT AND LEVEL,DRY,NO DEFECTS,ON SCENE,INJURY AND / OR TOW DUE TO CRASH,Y,Y,"OVER $1,500",01/08/2021 08:20:00 PM,DISREGARDING OTHER TRAFFIC SIGNS,NOT APPLICABLE,7900,S,DAMEN AVE,611.0,3,NO INDICATION OF INJURY,0.0,0.0,0.0,0.0,0.0,3.0,0.0,20,6,1,41.750182355,-87.67327885700001,POINT (-87.673278856776 41.750182355465),2021,1215
O1072924,DRIVER,4b24f9a6f72a814e41c8fd41d52ffb0c9f891a4fa6de3d65d66d2351a327bd616c39dca71542f978d74877a2237e64e9faab2cc6a86d144e3329c599c94c1c4c,JE193460,1017523.0,04/08/2021 02:00:00 PM,COUNTRY CLUB HILLS,IL,60478,F,49.0,SAFETY BELT USED,DID NOT DEPLOY,NONE,NO INDICATION OF INJURY,IMPROPER TURN,UNKNOWN,UNKNOWN,TEST NOT OFFERED,2021,JE193460,04/08/2021 02:00:00 PM,30,TRAFFIC SIGNAL,FUNCTIONING PROPERLY,RAIN,DAYLIGHT,TURNING,NOT DIVIDED,STRAIGHT ON GRADE,WET,NO DEFECTS,NOT ON SCENE (DESK REPORT),NO INJURY / DRIVE AWAY,Y,Y,"OVER $1,500",04/08/2021 02:50:00 PM,DRIVING SKILLS/KNOWLEDGE/EXPERIENCE,NOT APPLICABLE,1683,W,MONTEREY AVE,2234.0,2,NO INDICATION OF INJURY,0.0,0.0,0.0,0.0,0.0,2.0,0.0,14,5,4,41.689957569,-87.664652719,POINT (-87.664652718566 41.689957568701),2021,840
O1220317,DRIVER,403e2584fe267721d576fa13c5285c2ae892ad9364d5f4d360b9bd570f12efdf2d46040ffddcdb2befd0c284fcc86d8f08c02485485e602815f82bbd7ec4136b,JE433720,1157985.0,11/04/2021 12:40:00 PM,CHICAGO,IL,60619,M,85.0,USAGE UNKNOWN,NOT APPLICABLE,NONE,NO INDICATION OF INJURY,NONE,NOT OBSCURED,NORMAL,TEST NOT OFFERED,2021,JE433720,11/04/2021 12:40:00 PM,30,TRAFFIC SIGNAL,FUNCTIONING PROPERLY,CLEAR,DAYLIGHT,REAR END,DIVIDED - W/MEDIAN (NOT RAISED),STRAIGHT AND LEVEL,DRY,NO DEFECTS,ON SCENE,NO INJURY / DRIVE AWAY,Y,Y,"OVER $1,500",11/04/2021 12:40:00 PM,FOLLOWING TOO CLOSELY,FOLLOWING TOO CLOSELY,2398,W,95TH ST,2221.0,2,NO INDICATION OF INJURY,0.0,0.0,0.0,0.0,0.0,3.0,0.0,12,5,11,41.721047709000004,-87.682004831,POINT (-87.682004830585 41.721047708948),2021,760
O1215836,DRIVER,a79ed4be6678d6558b26af75ae0a17d4c44f45c91d2729382162fbef9683d510eb467f156c14c400650cea8f761e40094998326a009c0fba7e635c75b18664dc,JE426685,1153669.0,10/29/2021 01:23:00 PM,CHICAGO,IL,60614,F,48.0,SAFETY BELT USED,NOT APPLICABLE,NONE,NO INDICATION OF INJURY,NONE,NOT OBSCURED,NORMAL,TEST NOT OFFERED,2021,JE426685,10/29/2021 01:23:00 PM,20,STOP SIGN/FLASHER,FUNCTIONING PROPERLY,RAIN,DAYLIGHT,ANGLE,NOT DIVIDED,STRAIGHT AND LEVEL,WET,NO DEFECTS,NOT ON SCENE (DESK REPORT),NO INJURY / DRIVE AWAY,Y,Y,"OVER $1,500",10/29/2021 02:00:00 PM,UNABLE TO DETERMINE,NOT APPLICABLE,800,W,WILLOW ST,1813.0,2,NO INDICATION OF INJURY,0.0,0.0,0.0,0.0,0.0,2.0,0.0,13,6,10,41.913936125999996,-87.648424586,POINT (-87.648424585772 41.913936126213),2021,803
O1078954,DRIVER,2b00dbeac09ec5490399eb52bf2cf5e18fb21dcd63a86a0c9fb2183a2d21e72402977ad53d341aa6049f1b5e87f123835ddcd7234fd6b165f6143770931ba72d,JE203513,1023246.0,04/19/2021 04:33:00 AM,CHICAGO,IL,60608,M,28.0,SAFETY BELT USED,DID NOT DEPLOY,NONE,NO INDICATION OF INJURY,NONE,NOT OBSCURED,NORMAL,TEST NOT OFFERED,2021,JE203513,04/19/2021 04:33:00 AM,30,TRAFFIC SIGNAL,FUNCTIONING PROPERLY,CLEAR,"DARKNESS, LIGHTED ROAD",REAR END,DIVIDED - W/MEDIAN (NOT RAISED),STRAIGHT AND LEVEL,DRY,UNKNOWN,ON SCENE,NO INJURY / DRIVE AWAY,Y,Y,"OVER $1,500",04/19/2021 04:43:00 AM,UNABLE TO DETERMINE,UNABLE TO DETERMINE,3160,S,ASHLAND AVE,912.0,2,NO INDICATION OF INJURY,0.0,0.0,0.0,0.0,0.0,2.0,0.0,4,2,4,41.836097814,-87.665850811,POINT (-87.665850811458 41.836097813898),2021,273
O1197436,DRIVER,e81b613141c33f3499d09bf3ec6fbadabf14ffe809bfeff5dcc9c41e2d09b655ecf52f4476455c610d62e88203cbf9d02268f7de2e14239aa86b9836180dba2c,JE396272,1136143.0,10/02/2021 09:00:00 PM,SCHILLER PK,IL,60176,F,53.0,SAFETY BELT USED,"DEPLOYED, FRONT",NONE,"REPORTED, NOT EVIDENT",NONE,NOT OBSCURED,NORMAL,TEST NOT OFFERED,2021,JE396272,10/02/2021 09:00:00 PM,30,NO CONTROLS,NO CONTROLS,CLEAR,DARKNESS,ANGLE,NOT DIVIDED,STRAIGHT AND LEVEL,WET,NO DEFECTS,NOT ON SCENE (DESK REPORT),INJURY AND / OR TOW DUE TO CRASH,Y,Y,"OVER $1,500",10/03/2021 08:44:00 AM,UNABLE TO DETERMINE,UNABLE TO DETERMINE,4001,W,47TH ST,815.0,2,"REPORTED, NOT EVIDENT",1.0,0.0,0.0,0.0,1.0,1.0,0.0,21,7,10,41.807773406,-87.72364619700001,POINT (-87.723646196989 41.807773406483),2021,1260
O1093820,DRIVER,7238b94192026f51d197a3f2743d82d3b444c95ea3ff7f9c73ccfd92e74c6b98569153856e1c710d3b2466e63b93ff705a672e584f60fda541d82fa7aeb78b5d,JE227506,1037555.0,05/12/2021 10:20:00 AM,CHICAGO,IL,60637,M,23.0,USAGE UNKNOWN,DID NOT DEPLOY,NONE,NONINCAPACITATING INJURY,UNKNOWN,UNKNOWN,NORMAL,TEST NOT OFFERED,2021,JE227506,05/12/2021 10:20:00 AM,30,TRAFFIC SIGNAL,FUNCTIONING PROPERLY,CLEAR,DAYLIGHT,REAR END,FOUR WAY,STRAIGHT AND LEVEL,DRY,NO DEFECTS,ON SCENE,INJURY AND / OR TOW DUE TO CRASH,Y,Y,"$501 - $1,500",05/12/2021 10:25:00 AM,UNABLE TO DETERMINE,UNABLE TO DETERMINE,8701,S,STONY ISLAND AVE,412.0,2,NONINCAPACITATING INJURY,1.0,0.0,0.0,1.0,0.0,1.0,0.0,10,4,5,41.736827829,-87.58506058,POINT (-87.585060580126 41.73682782899),2021,620
O1247526,DRIVER,44070e59c9cfa5c5f48cccea5fa80fe4d7469cd77d88405f6d57c13df952ca76b2fd5ef78b16aaea04b677e089555e54a37ad4af6adeb1d4d21012eec19dbd83,JE479999,1184073.0,12/16/2021 08:15:00 PM,CHICAGO,IL,60641,M,42.0,USAGE UNKNOWN,DID NOT DEPLOY,NONE,NO INDICATION OF INJURY,OTHER,NOT OBSCURED,NORMAL,TEST NOT OFFERED,2021,JE479999,12/16/2021 08:15:00 PM,30,TRAFFIC SIGNAL,FUNCTIONING PROPERLY,CLEAR,"DARKNESS, LIGHTED ROAD",TURNING,DIVIDED - W/MEDIAN (NOT RAISED),STRAIGHT AND LEVEL,DRY,NO DEFECTS,NOT ON SCENE (DESK REPORT),NO INJURY / DRIVE AWAY,Y,Y,"OVER $1,500",12/16/2021 08:30:00 PM,IMPROPER TURNING/NO SIGNAL,UNABLE TO DETERMINE,4100,W,MONTROSE AVE,1722.0,2,NO INDICATION OF INJURY,0.0,0.0,0.0,0.0,0.0,2.0,0.0,20,5,12,41.961035756,-87.729763894,POINT (-87.729763894094 41.961035756069),2021,1215
O1190529,DRIVER,fd0bed7def38a3924742ab79237fb828cbba1f0031528e4b7e57a70da689fbb5fe281b597b047afde93657f49d82d2896b2d1fc45953e57dd88ec375c1088f5b,JE384661,1129541.0,09/23/2021 04:35:00 PM,BELLWOOD,IL,60104,F,57.0,USAGE UNKNOWN,DID NOT DEPLOY,NONE,"REPORTED, NOT EVIDENT",NONE,NOT OBSCURED,NORMAL,TEST NOT OFFERED,2021,JE384661,09/23/2021 04:35:00 PM,30,STOP SIGN/FLASHER,FUNCTIONING IMPROPERLY,CLEAR,DAYLIGHT,TURNING,T-INTERSECTION,STRAIGHT AND LEVEL,DRY,NO DEFECTS,ON SCENE,INJURY AND / OR TOW DUE TO CRASH,Y,Y,"OVER $1,500",09/23/2021 04:36:00 PM,UNABLE TO DETERMINE,UNABLE TO DETERMINE,5933,W,CORCORAN PL,1512.0,2,"REPORTED, NOT EVIDENT",1.0,0.0,0.0,0.0,1.0,2.0,0.0,16,5,9,41.887012035,-87.773380096,POINT (-87.773380096034 41.887012034503),2021,995
O1039246,DRIVER,eb3b3593d9326e3262ccf12e2384a0b454967d4938cb4f1a0a4335022e99ed44a00f2af275f39904c357f4125b11371ec7782326e85d24bf341075e30fbf2ee3,JE137021,985107.0,02/09/2021 03:12:00 PM,SOUTH HOLLAND,IL,60473,M,67.0,USAGE UNKNOWN,DID NOT DEPLOY,NONE,NO INDICATION OF INJURY,NONE,UNKNOWN,NORMAL,TEST NOT OFFERED,2021,JE137021,02/09/2021 03:12:00 PM,30,STOP SIGN/FLASHER,FUNCTIONING PROPERLY,CLEAR,DAYLIGHT,TURNING,ONE-WAY,STRAIGHT AND LEVEL,WET,NO DEFECTS,ON SCENE,INJURY AND / OR TOW DUE TO CRASH,Y,Y,"OVER $1,500",02/09/2021 03:16:00 PM,DISREGARDING STOP SIGN,UNABLE TO DETERMINE,239,N,KILBOURN AVE,1113.0,2,NO INDICATION OF INJURY,0.0,0.0,0.0,0.0,0.0,2.0,0.0,15,3,2,41.884473756999995,-87.73790803799999,POINT (-87.737908038306 41.884473757262),2021,912
O1221104,DRIVER,0fa5b1db3eff6e452039ccc7b78ac840f267b1d7275077bcb012eced7e91e20f0de3cdda9b07e659b4400f5c91c84122a7f8cbacf6f7fa458798d957001e4487,JE435056,1158741.0,11/05/2021 04:00:00 PM,CHICAGO,IL,60624,F,57.0,USAGE UNKNOWN,DEPLOYMENT UNKNOWN,UNKNOWN,NONINCAPACITATING INJURY,NONE,NOT OBSCURED,NORMAL,TEST NOT OFFERED,2021,JE435056,11/05/2021 04:00:00 PM,30,TRAFFIC SIGNAL,FUNCTIONING PROPERLY,CLEAR,DAYLIGHT,ANGLE,FOUR WAY,STRAIGHT AND LEVEL,DRY,UNKNOWN,NOT ON SCENE (DESK REPORT),INJURY AND / OR TOW DUE TO CRASH,Y,Y,"OVER $1,500",11/05/2021 04:15:00 PM,UNABLE TO DETERMINE,UNABLE TO DETERMINE,3800,W,HARRISON ST,1133.0,2,NONINCAPACITATING INJURY,1.0,0.0,0.0,1.0,0.0,1.0,0.0,16,6,11,41.873624119,-87.720406557,POINT (-87.720406557306 41.873624118782),2021,960
O1178448,DRIVER,e742131e26edca1a1e7d51dd9a04e98c470040186aab805092b85d002a23d59ebe7e09a05e9bc14a0112dd2229c9adf7f9d2631c228650ad65ee1fdc2856b567,JE364827,1117979.0,09/07/2021 02:00:00 PM,CHICAGO,IL,60651,F,33.0,USAGE UNKNOWN,DID NOT DEPLOY,NONE,NO INDICATION OF INJURY,NONE,NOT OBSCURED,NORMAL,TEST NOT OFFERED,2021,JE364827,09/07/2021 02:00:00 PM,30,TRAFFIC SIGNAL,FUNCTIONING PROPERLY,CLEAR,DAYLIGHT,REAR END,T-INTERSECTION,STRAIGHT AND LEVEL,DRY,NO DEFECTS,NOT ON SCENE (DESK REPORT),NO INJURY / DRIVE AWAY,Y,Y,"OVER $1,500",09/07/2021 02:45:00 PM,FOLLOWING TOO CLOSELY,FOLLOWING TOO CLOSELY,5134,W,GRAND AVE,2522.0,2,NO INDICATION OF INJURY,0.0,0.0,0.0,0.0,0.0,2.0,0.0,14,3,9,41.916978893,-87.75474306299999,POINT (-87.754743062749 41.916978892503),2021,840
O1226916,DRIVER,ca7a0f5f97135c73fc9568dfbf1848f6e2afe97fda821ec7502a0f018816d457244ac9ed986af1da43fdac220ff1ce7cc7a9762c07dd5a64ce32c31c5a999d8c,JE444953,1164324.0,11/14/2021 01:45:00 PM,CHICAGO,IL,60641,F,36.0,SAFETY BELT USED,NOT APPLICABLE,NONE,NO INDICATION OF INJURY,NONE,NOT OBSCURED,NORMAL,TEST NOT OFFERED,2021,JE444953,11/14/2021 01:45:00 PM,30,TRAFFIC SIGNAL,FUNCTIONING PROPERLY,RAIN,DAYLIGHT,SIDESWIPE SAME DIRECTION,DIVIDED - W/MEDIAN (NOT RAISED),STRAIGHT AND LEVEL,WET,NO DEFECTS,ON SCENE,NO INJURY / DRIVE AWAY,Y,Y,"$501 - $1,500",11/14/2021 01:45:00 PM,UNABLE TO DETERMINE,UNABLE TO DETERMINE,3559,N,CICERO AVE,1731.0,2,NO INDICATION OF INJURY,0.0,0.0,0.0,0.0,0.0,3.0,0.0,13,1,11,41.946087541,-87.74691498,POINT (-87.746914979618 41.946087541368),2021,825
O1214461,DRIVER,f639e26e64f0151e31f5ade765514025e7d05f9bdedc55a69068e18a084082fbe7f454935dbaf6b209cd0dfdd423a5c30bfbb2e7059dfd71d54cd495e10cdc75,JE424671,1152377.0,10/27/2021 02:30:00 AM,CHICAGO,IL,60622,M,34.0,SAFETY BELT USED,DID NOT DEPLOY,NONE,NO INDICATION OF INJURY,NONE,NOT OBSCURED,NORMAL,TEST NOT OFFERED,2021,JE424671,10/27/2021 02:30:00 AM,30,STOP SIGN/FLASHER,FUNCTIONING PROPERLY,CLEAR,"DARKNESS, LIGHTED ROAD",ANGLE,NOT DIVIDED,STRAIGHT AND LEVEL,DRY,NO DEFECTS,NOT ON SCENE (DESK REPORT),NO INJURY / DRIVE AWAY,Y,Y,"OVER $1,500",10/27/2021 07:05:00 PM,UNABLE TO DETERMINE,NOT APPLICABLE,600,N,WOOD ST,1221.0,2,NO INDICATION OF INJURY,0.0,0.0,0.0,0.0,0.0,2.0,0.0,2,4,10,41.892393631,-87.67221114200001,POINT (-87.672211141573 41.892393630797),2021,150
O1133666,DRIVER,041bc37f511b2fb4fd0b40c0b1920c2164be87cae301cd238eb8014ca499b21e171d6814fb743effcaa7ea017f0e9239ec1ca2769b448c1d9653a36800eb5238,JE291251,1075315.0,07/05/2021 05:15:00 PM,ARLINGTON HEIGHTS,IL,60004,M,24.0,USAGE UNKNOWN,DEPLOYMENT UNKNOWN,UNKNOWN,NO INDICATION OF INJURY,FOLLOWED TOO CLOSELY,UNKNOWN,NORMAL,TEST NOT OFFERED,2021,JE291251,07/05/2021 05:15:00 PM,30,TRAFFIC SIGNAL,UNKNOWN,CLEAR,DAYLIGHT,REAR END,DIVIDED - W/MEDIAN BARRIER,STRAIGHT AND LEVEL,DRY,UNKNOWN,NOT ON SCENE (DESK REPORT),NO INJURY / DRIVE AWAY,Y,N,"OVER $1,500",07/05/2021 06:20:00 PM,FOLLOWING TOO CLOSELY,UNABLE TO DETERMINE,800,N,LAKE SHORE DR NB,1833.0,2,NO INDICATION OF INJURY,0.0,0.0,0.0,0.0,0.0,3.0,0.0,17,2,7,41.896804972,-87.617027423,POINT (-87.617027423234 41.896804972416),2021,1035
O1253003,DRIVER,c3c8e4b58f5a4d74de2b388bb646d9eb5da85f2976d4ad51b8b864740ff847b7459c392fafc244feac177067032a9742b7768a69a3587a0256fb90d45be77812,JE489585,1189362.0,12/26/2021 08:45:00 PM,CHICAGO,IL,60620,F,28.0,SAFETY BELT USED,"DEPLOYED, FRONT",NONE,NONINCAPACITATING INJURY,NONE,NOT OBSCURED,NORMAL,TEST NOT OFFERED,2021,JE489585,12/26/2021 08:45:00 PM,30,TRAFFIC SIGNAL,FUNCTIONING PROPERLY,RAIN,"DARKNESS, LIGHTED ROAD",ANGLE,UNKNOWN INTERSECTION TYPE,STRAIGHT AND LEVEL,WET,NO DEFECTS,ON SCENE,INJURY AND / OR TOW DUE TO CRASH,Y,Y,"OVER $1,500",12/26/2021 08:50:00 PM,FAILING TO REDUCE SPEED TO AVOID CRASH,DISREGARDING TRAFFIC SIGNALS,300,W,GARFIELD BLVD,935.0,2,NONINCAPACITATING INJURY,2.0,0.0,0.0,2.0,0.0,3.0,0.0,20,1,12,41.794622829,-87.633063763,POINT (-87.633063763202 41.794622829011),2021,1245